strategy,label,day,cover,flowers,biomass,n_plants
wild,S1 natural,1,0.0001,0.998,0.998,0.998
wild,S1 natural,2,0.0001,0.0,0.996004,0.996004
wild,S1 natural,3,0.0001,0.0,0.994011992,0.994011992
wild,S1 natural,4,0.0001,0.0,0.992023968016,0.992023968016
wild,S1 natural,5,0.0001,0.0,0.990039920079968,0.990039920079968
wild,S1 natural,6,0.0001,0.0,0.9880598402398081,0.9880598402398081
wild,S1 natural,7,0.0001,0.0,0.9860837205593285,0.9860837205593285
wild,S1 natural,8,0.0001,0.0,0.9841115531182099,0.9841115531182099
wild,S1 natural,9,0.0001,0.0,0.9821433300119734,0.9821433300119734
wild,S1 natural,10,0.0001,0.0,0.9801790433519495,0.9801790433519495
wild,S1 natural,11,0.0001,0.0,0.9782186852652456,0.9782186852652456
wild,S1 natural,12,0.0001,0.0,0.976262247894715,0.976262247894715
wild,S1 natural,13,0.0001,0.0,0.9743097233989256,0.9743097233989256
wild,S1 natural,14,0.0001,0.0,0.9723611039521278,1.072370171512643
wild,S1 natural,15,0.0001,0.0,0.9704163817442236,1.0690023439798029
wild,S1 natural,16,0.0001,0.0,0.9684755489807352,1.0663792889904662
wild,S1 natural,17,0.0001,0.0,0.9665385978827737,1.0624755626682623
wild,S1 natural,18,0.0001,0.0,0.9646055206870082,1.058615289234335
wild,S1 natural,19,0.0001,0.0,0.9626763096456342,1.0547976624098145
wild,S1 natural,20,0.0001,0.0,0.9607509570263429,1.0510218921047056
wild,S1 natural,21,0.0001,0.0,0.9588294551122902,1.0472872040883419
wild,S1 natural,22,0.0001,0.0,0.9569117962020657,1.04359283966661
wild,S1 natural,23,0.0001,0.0,0.9549979726096616,1.039938055365812
wild,S1 natural,24,0.0001,0.0,0.9530879766644422,1.0363221226230193
wild,S1 natural,25,0.0001,0.0,0.9511818007111134,1.0327443274827914
wild,S1 natural,26,0.0001,0.0,0.9492794371096911,1.0319565789728409
wild,S1 natural,27,0.0001,0.0,0.9473808782354717,1.0319104777385122
wild,S1 natural,28,0.0001,0.0,0.9454861164790007,1.0473716671527342
wild,S1 natural,29,0.0001,0.0,0.9435951442460427,1.0444809837948221
wild,S1 natural,30,0.0001,0.0,0.9417079539575507,1.0407400037110104
wild,S1 natural,31,0.0001,0.0,0.9398245380496356,1.037099029118545
wild,S1 natural,32,0.0001,0.0,0.9379448889735363,1.0346559727080322
wild,S1 natural,33,0.0001,0.0,0.9360689991955893,1.03083817915686
wild,S1 natural,34,0.0001,0.0,0.9341968611971981,1.0270631885047163
wild,S1 natural,35,0.0001,0.0,0.9323284674748037,1.0233302062034964
wild,S1 natural,36,0.0001,0.0,0.930463810539854,1.0196384536347614
wild,S1 natural,37,0.0001,0.0,0.9286028829187744,1.0159871677862875
wild,S1 natural,38,0.0001,0.0,0.9267456771529368,1.0123756009352423
wild,S1 natural,39,0.0001,0.0,0.9851177414003286,1.0088030203378457
wild,S1 natural,40,0.0001,0.0,0.9834402378294854,1.0062970026309974
wild,S1 natural,41,0.0001,0.0,0.9821948265968926,1.003810815118922
wild,S1 natural,42,0.0005,0.0,0.9801694384337262,1.6253895331772843
wild,S1 natural,43,0.002,0.0,0.9781484793804902,4.033010022978304
wild,S1 natural,44,0.002,0.0,0.9761325047752739,4.015693437617543
wild,S1 natural,45,0.002,0.0,0.974120755699761,3.9540517204824783
wild,S1 natural,46,0.002,0.0,0.9721132090189936,3.8948867953557698
wild,S1 natural,47,0.002,0.0,0.9701098561963951,3.889839739908748
wild,S1 natural,48,0.0019,0.0,0.9681107051470045,3.829218449208846
wild,S1 natural,49,0.0019,0.0,0.9661157291937242,3.76978003612613
wild,S1 natural,50,0.0018,0.0,0.9641249194559789,3.711500742345066
wild,S1 natural,51,0.0018,0.0,0.9637960463946094,3.6543572895701586
wild,S1 natural,52,0.0017,0.0,0.9639241912516376,3.5983551695896114
wild,S1 natural,53,0.0016,0.0,0.9734097793442062,3.543479196589028
wild,S1 natural,54,0.0016,0.0,0.9720200289587583,3.489866425967649
wild,S1 natural,55,0.0016,0.0,0.9701061329889535,3.437305779156274
wild,S1 natural,56,0.0016,0.0,0.9682316822275305,3.38576712202707
wild,S1 natural,57,0.0016,0.0,0.9670589890325899,3.335230548797644
wild,S1 natural,58,0.0016,0.0,0.9650509301547631,3.285687861039858
wild,S1 natural,59,0.0016,0.0,0.9630471092173916,3.2371047893345506
wild,S1 natural,60,0.0016,0.0,0.9610475170791257,3.1894620864414467
wild,S1 natural,61,0.0016,0.0,0.959052144618896,3.1427408936098393
wild,S1 natural,62,0.0016,0.0,0.9570609827358649,3.0969227327016777
wild,S1 natural,63,0.0016,0.0,0.955074022349381,3.0601800833153194
wild,S1 natural,64,0.0016,0.0,0.9530912578758087,3.088004600578121
wild,S1 natural,65,0.0022,0.0,0.951112707429533,6.331124868832517
wild,S1 natural,66,0.0027,0.0,0.9491397327457017,10.032818320485308
wild,S1 natural,67,0.0028,0.0,1.3230489375206202,10.222213199028058
wild,S1 natural,68,0.0027,0.0,2.7791704339208203,10.040500923583428
wild,S1 natural,69,0.0027,0.0,2.7994426465692506,9.887289874702084
wild,S1 natural,70,0.0027,0.0,2.792764867342657,9.73750202147074
wild,S1 natural,71,0.0027,0.0,2.7868724209116857,9.590608522413332
wild,S1 natural,72,0.0027,0.0,2.812898972365787,9.446564511125908
wild,S1 natural,73,0.0027,0.0,2.805330167490643,9.305857345590281
wild,S1 natural,74,0.003,0.0,2.79778232924604,11.32449763843029
wild,S1 natural,75,0.0032,0.0,2.7902827581997665,13.692867631087926
wild,S1 natural,76,0.0032,0.0,2.7828364311515927,15.08996123250938
wild,S1 natural,77,0.0032,0.0,2.7754314922790693,14.83555796469929
wild,S1 natural,78,0.0036,0.0,2.7680468810823227,17.779644564990342
wild,S1 natural,79,0.0038,0.0,2.7607239743570986,19.531165965533418
wild,S1 natural,80,0.0039,0.0,2.7534480651078628,20.728018780940324
wild,S1 natural,81,0.0039,0.0,2.7462123017947433,21.667416799520606
wild,S1 natural,82,0.0039,0.0,2.7390135510341858,21.54581857617374
wild,S1 natural,83,0.0039,0.0,2.731837857844507,21.161223552598898
wild,S1 natural,84,0.0039,0.0,2.7246816090394694,20.78423106162005
wild,S1 natural,85,0.0039,0.0,2.7175447504513124,20.414688433188424
wild,S1 natural,86,0.0039,0.0,2.71042722806644,20.052446076439043
wild,S1 natural,87,0.0038,0.0,2.70332898802499,19.701756659966204
wild,S1 natural,88,0.0038,0.0,2.7011841272510018,19.363750453912314
wild,S1 natural,89,0.0038,0.0,2.737516575536235,19.067002978338632
wild,S1 natural,90,0.0039,0.0,4.711044324948853,21.316752586991534
wild,S1 natural,91,0.0039,1.0595836938438832,6.994187653144416,20.970478140087096
wild,S1 natural,92,0.0039,1.0574645264561955,7.199383982343539,20.670113780664344
wild,S1 natural,93,0.0039,1.055349597403283,7.178843294922963,20.37928164028532
wild,S1 natural,94,0.0039,1.0532388982084764,7.158362114635598,20.09393843577694
wild,S1 natural,95,0.0038,1.0511324204120596,7.137940267189898,19.81397475879587
wild,S1 natural,96,0.0038,1.0490301555712356,7.117577578808744,19.539283404162234
wild,S1 natural,97,0.0038,1.046932095260093,7.097273876227886,19.269759325295293
wild,S1 natural,98,0.0038,1.044838231069573,7.077028986694464,19.005299590555182
wild,S1 natural,99,0.0038,1.0427485546074335,8.35610485612892,18.745803340472097
wild,S1 natural,100,0.0038,1.040663057498219,9.866511520252487,18.5133382641134
wild,S1 natural,101,0.0037,1.0385817313832224,10.815941758722547,18.31130766279663
wild,S1 natural,102,0.0209,1.2234247799878164,10.78453251517776,76.40507945980067
wild,S1 natural,103,0.0309,1.4378963490935779,12.677347562386352,148.7591277427794
wild,S1 natural,104,0.0373,1.6930697091943816,13.881879463269446,225.86037847652517
wild,S1 natural,105,0.0411,1.9338934494646696,14.770119544797268,296.91386274863123
wild,S1 natural,106,0.0458,2.2011901714318687,15.515351968005412,377.9250841037936
wild,S1 natural,107,0.0466,2.253017151807636,15.630844633120041,389.60372169114316
wild,S1 natural,108,0.0471,2.2740365231388617,15.586205116372488,391.57984115692534
wild,S1 natural,109,0.0464,2.2694884500925836,15.541720537546507,383.99881313442404
wild,S1 natural,110,0.0485,2.346037337085719,15.497364864383961,413.2937686248655
wild,S1 natural,111,0.0516,2.5136111282424616,15.453218807127897,490.33954538885104
wild,S1 natural,112,0.0559,2.765094317935577,15.412022523820827,618.560004845476
wild,S1 natural,113,0.0584,2.9565123214135447,15.374671151158289,721.5827329036401
wild,S1 natural,114,0.0601,3.152857389697091,15.358404538255881,836.2588559568718
wild,S1 natural,115,0.0616,3.3106694016376816,16.871896081273803,933.4716198832114
wild,S1 natural,116,0.0638,3.5658404493216733,16.82459106243162,1089.8735005762812
wild,S1 natural,117,0.0644,3.6789275840467095,16.77768312969365,1155.6513652576414
wild,S1 natural,118,0.0645,3.7255213158672342,16.731029007888615,1175.398024610779
wild,S1 natural,119,0.0654,3.8226693516366836,16.684561442180815,1241.659908761368
wild,S1 natural,120,0.0667,3.9783895024073033,16.638330427205908,1367.8670143510462
wild,S1 natural,121,0.0684,4.173874104608826,16.592393825426697,1542.6671447607669
wild,S1 natural,122,0.0696,4.377676784957421,16.546790518055026,1738.1117872503914
wild,S1 natural,123,0.0706,4.575098737089362,16.50152782328582,1939.3166008040007
wild,S1 natural,124,0.0715,4.798504079977524,16.456598338553047,2185.9507968943576
wild,S1 natural,125,0.0725,5.040676378758257,16.41202704761737,2473.3483872399174
wild,S1 natural,126,0.0732,5.223838388320819,16.367831642853275,2696.168431659469
wild,S1 natural,127,0.0729,5.213390711544179,51.4411396065761,2642.3401005280602
wild,S1 natural,128,0.0729,5.202963930121091,95.69690213826694,2590.192047551097
wild,S1 natural,129,0.0724,5.192558002260848,143.53800564323,2539.8479118758205
wild,S1 natural,130,0.0751,7.933655548365682,188.51389760709972,2894.937472939428
wild,S1 natural,131,0.0777,11.665271376836497,240.21082952688064,3287.352567888262
wild,S1 natural,132,0.0793,16.49802295466337,250.9445491767372,3727.81072600852
wild,S1 natural,133,0.0816,21.514608217692718,255.9433562608247,4234.505715009587
wild,S1 natural,134,0.0833,26.69802883373398,255.19704080025986,4845.9301076947
wild,S1 natural,135,0.0864,31.851183503715554,276.58181974399736,5581.160488557272
wild,S1 natural,136,0.0927,37.4267906902,327.01393399266146,6457.054080575797
wild,S1 natural,137,0.1015,44.02852264228322,409.00758313171326,7487.66150734304
wild,S1 natural,138,0.107,51.8924856289084,477.09225083258434,8625.210911354636
wild,S1 natural,139,0.1068,51.78870065765058,553.1741389413024,8455.92324308869
wild,S1 natural,140,0.1145,63.4222220400747,619.8628080964634,10197.130465654805
wild,S1 natural,141,0.1206,76.2956983403336,722.9247986896345,12184.179532933465
wild,S1 natural,142,0.1247,90.94647789362506,773.1460548977359,14425.919275607055
wild,S1 natural,143,0.1326,106.08842995572,796.4073391756237,16973.287188588274
wild,S1 natural,144,0.1382,120.72089696342277,847.5279053795555,19791.279538514416
wild,S1 natural,145,0.1429,135.63345841296066,934.7287011341693,22944.454079920557
wild,S1 natural,146,0.1474,152.2736863147545,1051.6865690135335,26641.457989808398
wild,S1 natural,147,0.1593,171.69220599807417,1182.0604682993999,31050.23525850744
wild,S1 natural,148,0.1662,194.83672398801855,1317.1128444954388,36415.411147181454
wild,S1 natural,149,0.1712,220.40272813323793,1479.4718974663915,42454.399175646795
wild,S1 natural,150,0.1745,248.45355404000452,1666.1956629074145,49105.18771785048
wild,S1 natural,151,0.1784,279.16001088996387,1817.1025021645548,56361.26368240536
wild,S1 natural,152,0.181,311.665140768002,1811.9303546689507,64287.56349983629
wild,S1 natural,153,0.1829,344.44146788683395,1806.8062287457124,73533.97038019728
wild,S1 natural,154,0.1867,376.85618757066345,1801.730251527362,84002.41495057211
wild,S1 natural,155,0.1896,407.6755091380246,2016.9510773343814,95230.32486265678
wild,S1 natural,156,0.1921,441.3403320158551,2251.6267970291874,107026.1163946192
wild,S1 natural,157,0.1943,478.3796891744082,2509.398188869517,119520.84265671048
wild,S1 natural,158,0.1964,519.374791868777,2797.8800348972895,132840.72997107267
wild,S1 natural,159,0.1981,565.7302740120065,3133.384645125222,147408.5148815799
wild,S1 natural,160,0.2018,624.237304826238,3527.254620776357,165717.31096407305
wild,S1 natural,161,0.2047,689.2590818407284,3991.105625584564,184656.4460074627
wild,S1 natural,162,0.2065,761.3502069728157,4528.022760566464,203900.85870148396
wild,S1 natural,163,0.2088,845.8562962750678,5093.988187079064,224997.55955574661
wild,S1 natural,164,0.2102,941.3487482887634,5079.5520788141,247119.7909389063
wild,S1 natural,165,0.212,1031.284047081166,5868.464525590882,268806.282008155
wild,S1 natural,166,0.2171,1134.098382367629,6751.171805117057,290563.4711987489
wild,S1 natural,167,0.2221,1255.262890380897,7726.788928699995,313982.5161687713
wild,S1 natural,168,0.2287,1391.4817534867748,8796.552818259199,337009.43889240554
wild,S1 natural,169,0.2434,1544.2972921494916,9873.514751542467,359816.99959699204
wild,S1 natural,170,0.2526,1712.5085009233894,10964.41640040832,382379.6962795865
wild,S1 natural,171,0.259,1899.004592182218,12185.804741582091,405964.69724577945
wild,S1 natural,172,0.2674,2104.0935310458617,13661.19256907294,429490.67670509533
wild,S1 natural,173,0.2759,2333.368230350383,15300.627823172592,453053.4725150452
wild,S1 natural,174,0.2839,2605.1709767311436,16981.36338544563,481673.61225292174
wild,S1 natural,175,0.2931,2910.7874313279817,18687.135561943105,509556.14297008794
wild,S1 natural,176,0.3024,3240.382093918521,20342.45527087695,532746.1455247749
wild,S1 natural,177,0.3132,3588.991087419131,21909.625341943316,551451.1389925312
wild,S1 natural,178,0.3261,3980.058151368139,23507.39835085515,578812.3626095429
wild,S1 natural,179,0.3374,4372.276903589576,25175.196377719687,598264.8705318413
wild,S1 natural,180,0.3473,4760.841851708041,26841.199047714512,618108.7568666275
wild,S1 natural,181,0.3572,5147.7474764134095,28360.461954041966,638520.5827376787
wild,S1 natural,182,0.3646,0.0,29754.965708995394,634823.852863554
wild,S1 natural,183,0.3717,0.0,31194.636844157438,629230.0989899355
wild,S1 natural,184,0.3798,0.0,32557.079983309457,608662.2713174584
wild,S1 natural,185,0.3856,0.0,34080.271596705425,584038.9255390337
wild,S1 natural,186,0.3907,0.0,35450.61990997466,559098.8011664988
wild,S1 natural,187,0.3948,0.0,36617.70789987433,536823.1685888299
wild,S1 natural,188,0.3978,0.0,37803.74554492302,513321.4657610383
wild,S1 natural,189,0.4024,0.0,38853.05090521161,495802.7412417772
wild,S1 natural,190,0.4059,0.0,39902.286713220565,473973.7871335872
wild,S1 natural,191,0.4091,0.0,41131.551974830836,448406.24304407265
wild,S1 natural,192,0.4123,0.0,42428.31621661942,421290.58671108505
wild,S1 natural,193,0.4149,0.0,43735.65506256613,396293.3421456085
wild,S1 natural,194,0.4176,0.0,45438.774154685816,373105.7688850116
wild,S1 natural,195,0.4199,0.0,47300.90169214798,351101.8654164513
wild,S1 natural,196,0.422,0.0,49090.432130570036,330872.3395872819
wild,S1 natural,197,0.4239,0.0,50714.44436713461,312365.6751154753
wild,S1 natural,198,0.4257,0.0,52327.311523886296,298482.09468110255
wild,S1 natural,199,0.4276,0.0,53918.805523313786,285503.23961621965
wild,S1 natural,200,0.4294,0.0,55374.065996270394,266701.2541756029
wild,S1 natural,201,0.4306,0.0,56684.39188301165,248113.90249942735
wild,S1 natural,202,0.4314,0.0,58233.851766405176,235446.38881386665
wild,S1 natural,203,0.4322,0.0,60013.875274718,219673.72473857139
wild,S1 natural,204,0.4333,0.0,61734.31576491247,206284.48625145416
wild,S1 natural,205,0.4339,0.0,63334.080772583795,197224.52750226523
wild,S1 natural,206,0.4355,0.0,64782.61146730856,197120.985247116
wild,S1 natural,207,0.4363,0.0,65855.11120300375,191637.5665557162
wild,S1 natural,208,0.4374,0.0,66702.1649217065,182010.35424525215
wild,S1 natural,209,0.4382,0.0,67260.20892059353,173575.66258936212
wild,S1 natural,210,0.4391,0.0,67575.01119246586,166939.69193512932
wild,S1 natural,211,0.4401,0.0,67708.25165256466,159542.92784509083
wild,S1 natural,212,0.4404,0.0,67719.46551550638,152518.81303875174
wild,S1 natural,213,0.4411,0.0,67562.89454266742,152111.87864503093
wild,S1 natural,214,0.4422,0.0,67330.40718487224,146993.34826912972
wild,S1 natural,215,0.4425,0.0,67033.62492482467,141038.76282736714
wild,S1 natural,216,0.4427,0.0,66675.97798655911,135513.69802639706
wild,S1 natural,217,0.4431,0.0,66251.9448402246,132079.67093750622
wild,S1 natural,218,0.4434,0.0,65774.570519336,128741.43076157254
wild,S1 natural,219,0.4435,0.0,65267.69113667889,124880.52023513167
wild,S1 natural,220,0.4439,0.0,64735.86587292368,121054.7655988849
wild,S1 natural,221,0.4444,0.0,64191.02488313327,117523.12558989375
wild,S1 natural,222,0.4447,0.0,63615.12547476896,115918.48137143982
wild,S1 natural,223,0.4451,0.0,63024.82148584523,113964.59530207113
wild,S1 natural,224,0.4453,0.0,62438.39754119744,110966.22690173793
wild,S1 natural,225,0.4458,0.0,61850.33723889313,107918.38939395804
wild,S1 natural,226,0.4459,0.0,61259.08160700151,105174.63466339707
wild,S1 natural,227,0.4461,0.0,60669.38950511439,102804.82430027111
wild,S1 natural,228,0.4463,0.0,60076.4560939107,100616.45545973409
wild,S1 natural,229,0.4464,0.0,59482.53945211629,98655.29007824117
wild,S1 natural,230,0.4465,0.0,58892.10332280487,96691.21969377318
wild,S1 natural,231,0.4468,0.0,58313.38219603514,94899.4380051618
wild,S1 natural,232,0.4469,0.0,57743.896107818626,92899.81188031824
wild,S1 natural,233,0.447,0.0,57182.59295476544,90879.33974733988
wild,S1 natural,234,0.4475,0.0,56543.493211718975,94200.9088504014
wild,S1 natural,235,0.4478,0.0,55911.55024278091,92252.37955050875
wild,S1 natural,236,0.448,0.0,55304.482943541036,89327.7967949555
wild,S1 natural,237,0.4481,0.0,54720.67045968835,86617.46691512855
wild,S1 natural,238,0.4481,0.0,54158.081639233234,84445.92374782443
wild,S1 natural,239,0.4481,0.0,53615.18942335935,82220.28431991009
wild,S1 natural,240,0.4481,0.0,53079.19560301433,80706.9440771926
wild,S1 natural,241,0.4482,0.0,52544.45863386055,79585.38679003493
wild,S1 natural,242,0.4482,0.0,52023.247342948176,77926.33810554483
wild,S1 natural,243,0.4482,0.0,51505.49942505179,76791.92497075167
wild,S1 natural,244,0.6148,25480.7432589969,51005.654735552016,202493.7108834717
wild,S1 natural,245,0.7657,25573.879183753117,50522.613975673165,343072.12299344194
wild,S1 natural,246,0.8381,25664.124814430754,50048.78521549229,498295.13265453425
wild,S1 natural,247,0.8803,25751.038854435592,49584.792431247304,665876.3805664456
wild,S1 natural,248,0.9022,25834.313039289496,49131.377393284565,837447.1337612829
wild,S1 natural,249,0.9185,25927.337343459596,48629.85964409604,1121193.7645412534
wild,S1 natural,250,0.9342,26015.476425673885,48144.78665885099,1322098.7938055343
wild,S1 natural,251,0.947,26098.20779363929,47678.90267807915,1515006.390580419
wild,S1 natural,252,0.9575,26175.774080077725,47231.8897169094,1703325.4414967936
wild,S1 natural,253,0.9635,26248.58841636483,46801.18221527415,1888881.3839459838
wild,S1 natural,254,0.9677,26322.800840352946,46363.63719996448,2148979.0157944295
wild,S1 natural,255,0.9673,26270.15523867224,46264.480716579536,951601.9150726063
wild,S1 natural,256,0.9671,26217.614928194896,46164.882922177276,854870.8604042508
wild,S1 natural,257,0.9724,26375.602508385782,45815.733303630914,2502916.215781291
wild,S1 natural,258,0.9764,26445.20009944135,45403.0869709942,2758100.924225322
wild,S1 natural,259,0.9795,26509.706753497157,45010.872974144084,2977185.33363886
wild,S1 natural,260,0.982,26572.097740236277,44627.906857822,3221032.468184544
wild,S1 natural,261,0.9842,26631.95350757443,44256.099740545855,3441127.856249842
wild,S1 natural,262,0.9855,26689.460124037956,43894.88898607161,3656693.3097801004
wild,S1 natural,263,0.9867,26744.38590067286,43543.28981397294,3870957.429637266
wild,S1 natural,264,0.9879,26796.978424076908,43201.744133901084,4078929.1068170653
wild,S1 natural,265,0.989,26850.900084566012,42854.49039948198,4399231.13142583
wild,S1 natural,266,0.9898,26894.35581193886,42555.02122807634,4320194.591773741
wild,S1 natural,267,0.9905,26937.297720218296,42257.19895173791,4543960.707630834
wild,S1 natural,268,0.9915,26985.82057239807,41933.69723269089,5024431.197281584
wild,S1 natural,269,0.9921,27033.812492888334,46808.78275195592,5327702.186978258
wild,S1 natural,270,0.9926,27192.319850193948,55635.65722735335,5538656.555824742
wild,S1 natural,271,0.9929,27528.702935355017,70119.79195843576,5657638.867852795
wild,S1 natural,272,0.9936,28151.856505779724,87222.70865672095,5810138.5113365725
wild,S1 natural,273,0.9942,29033.726389889453,107561.011753954,5757039.612620523
wild,S1 natural,274,0.9954,30418.551424398123,133598.46921767044,6079726.578492476
wild,S1 natural,275,0.9954,30357.714321549327,161566.7588651599,3367296.398999999
wild,S1 natural,276,0.995,30296.99889290623,190213.5908244055,2890479.5320005626
wild,S1 natural,277,0.9948,30236.40489512042,217868.55212721962,2531259.899880228
wild,S1 natural,278,0.9947,30175.932085330176,244655.82399050915,2251021.4985031555
wild,S1 natural,279,0.9946,30115.580221159515,273518.9189299607,2028111.8660144778
wild,S1 natural,280,0.9973,35631.710436198686,272695.99253875646,5617878.949114697
wild,S1 natural,281,0.9982,38728.712757790105,271260.78674022615,4716660.242766355
wild,S1 natural,282,0.999,40471.363655642424,287742.4681323841,3879377.951313597
wild,S1 natural,283,0.9994,42657.166322173245,300350.14350777987,4844160.28732517
wild,S1 natural,284,1.0,44817.32470361611,309163.82842589694,5366107.895062327
wild,S1 natural,285,1.0,46788.80885811109,315581.4572040314,5525029.010091558
wild,S1 natural,286,1.0,48766.16809143701,320539.3768526811,5920705.173835344
wild,S1 natural,287,1.0,50564.53769565091,324821.65601697227,5880402.495402176
wild,S1 natural,288,1.0,52291.22898553754,328412.2734329859,5937745.046179259
wild,S1 natural,289,1.0,53922.467182699795,331222.82362273,5925935.083597444
wild,S1 natural,290,1.0,55654.2564484143,333736.55007034994,6353957.235382194
wild,S1 natural,291,1.0,56454.18853940362,337678.4183626754,4145275.806931817
wild,S1 natural,292,1.0,56842.46290092198,342045.3283495025,2994599.6587762404
wild,S1 natural,293,1.0,57551.34907646313,346570.92544774443,3639864.805753993
wild,S1 natural,294,1.0,58659.8884729743,350433.38420250907,4668849.689034943
wild,S1 natural,295,1.0,60219.603172171766,352913.3197462335,5978232.807204829
wild,S1 natural,296,1.0,61975.96686172992,354283.42951127794,6780704.026494409
wild,S1 natural,297,1.0,64054.15398776719,354596.90469978715,8008849.479619223
wild,S1 natural,298,1.0,63926.04567979166,358112.9843138358,2594072.014903488
wild,S1 natural,299,1.0,66400.28352343895,359496.45247307816,8971707.999447243
wild,S1 natural,300,1.0,68422.53224030069,354750.5771916861,8718212.668853605
wild,S1 natural,301,1.0,69237.42974570693,352142.96279434045,5652846.688289126
wild,S1 natural,302,1.0,69798.91180887405,349988.77011649124,4829176.818364125
wild,S1 natural,303,1.0,70644.4165541735,347210.4512152621,5869137.043118997
wild,S1 natural,304,1.0,72201.03910201865,342687.0926125753,9136572.823117672
wild,S1 natural,305,1.0,0.0,348676.6653880132,10436020.42004259
wild,S1 natural,306,1.0,0.0,351426.6675070933,10202244.943232726
wild,S1 natural,307,1.0,0.0,352937.6277806513,8941769.817509599
wild,S1 natural,308,1.0,0.0,356781.0420593176,9549912.662679939
wild,S1 natural,309,1.0,0.0,361257.64423531824,10006396.88855946
wild,S1 natural,310,1.0,0.0,366448.33639143634,9829803.3028122
wild,S1 natural,311,1.0,0.0,373425.2304450053,9439205.259837769
wild,S1 natural,312,1.0,0.0,382234.9068777715,6398918.482176427
wild,S1 natural,313,1.0,0.0,393496.9389099466,4116560.2814763873
wild,S1 natural,314,1.0,0.0,402658.15358921303,6343192.759924105
wild,S1 natural,315,1.0,0.0,412960.8627593431,7944560.760281114
wild,S1 natural,316,1.0,0.0,414841.79636236076,8052746.745861889
wild,S1 natural,317,1.0,0.0,415640.4085044134,4927902.895696402
wild,S1 natural,318,1.0,0.0,421074.0793885273,2294890.923442506
wild,S1 natural,319,1.0,0.0,429619.98613814986,1884801.7752849357
wild,S1 natural,320,1.0,0.0,441528.45647693414,1525747.0847103545
wild,S1 natural,321,1.0,0.0,455533.42548891326,1573203.71778224
wild,S1 natural,322,1.0,0.0,473402.06638896925,1385413.6784044527
wild,S1 natural,323,1.0,0.0,472076.7285667987,1221913.200419862
wild,S1 natural,324,1.0,0.0,493845.06491922983,1132998.866402045
wild,S1 natural,325,1.0,0.0,514204.3109730494,1070604.5163596666
wild,S1 natural,326,1.0,0.0,523072.6562000532,1267733.692137071
wild,S1 natural,327,1.0,0.0,529442.4820383962,1461099.4766810099
wild,S1 natural,328,1.0,0.0,540682.3070899703,1382916.4778276389
wild,S1 natural,329,1.0,0.0,563655.3761802018,2048437.3394398678
wild,S1 natural,330,1.0,0.0,588234.7746016001,1921828.1217303318
wild,S1 natural,331,1.0,0.0,608097.0103593658,2836783.1119445916
wild,S1 natural,332,1.0,0.0,622920.6697876989,1020585.1433081015
wild,S1 natural,333,1.0,0.0,638111.0736312326,1056431.3794213037
wild,S1 natural,334,1.0,0.0,653045.6699063086,847751.0430452803
wild,S1 natural,335,1.0,0.0,666274.6596578476,805662.909251158
wild,S1 natural,336,1.0,0.0,677746.936393742,823005.1856862477
wild,S1 natural,337,1.0,0.0,682290.8683468066,767741.5871647161
wild,S1 natural,338,1.0,0.0,682613.3600016697,752656.3865842998
wild,S1 natural,339,1.0,0.0,687615.9235261569,792782.757563255
wild,S1 natural,340,1.0,0.0,695218.1289021163,739198.0585052576
wild,S1 natural,341,1.0,0.0,702596.3661993821,729611.2203098477
wild,S1 natural,342,1.0,0.0,704722.3007064522,724083.2949670847
wild,S1 natural,343,1.0,0.0,703059.3255826767,719767.45016357
wild,S1 natural,344,1.0,0.0,701268.2152068662,765427.9062186615
wild,S1 natural,345,1.0,0.0,699263.7962397698,718502.0814029869
wild,S1 natural,346,1.0,0.0,697555.611228246,711339.1358683617
wild,S1 natural,347,1.0,0.0,695724.415500356,725535.1401439358
wild,S1 natural,348,1.0,0.0,693791.580618376,731923.8310386833
wild,S1 natural,349,1.0,0.0,691844.7874406044,705503.9026225396
wild,S1 natural,350,1.0,0.0,689898.9933689637,700131.0983252785
wild,S1 natural,351,1.0,0.0,688257.4108749295,696884.9921556809
wild,S1 natural,352,1.0,0.0,686867.1552813407,694096.5464313613
wild,S1 natural,353,1.0,0.0,685387.4949814589,711857.830085356
wild,S1 natural,354,1.0,0.0,684684.7150412181,692152.0373041646
wild,S1 natural,355,1.0,0.0,683783.5858124552,701947.262003461
wild,S1 natural,356,1.0,0.0,683891.4175362375,687375.4129367884
wild,S1 natural,357,1.0,0.0,681937.0168568629,683644.0179257698
wild,S1 natural,358,1.0,0.0,680172.4250454765,681215.7729461713
wild,S1 natural,359,1.0,0.0,678228.7926383757,679047.9620674208
wild,S1 natural,360,1.0,0.0,676290.79735876,676969.1535340184
wild,S1 natural,361,1.0,0.0,674404.9586949735,674938.3972732667
wild,S1 natural,362,1.0,0.0,672478.0485395592,672941.2408541646
wild,S1 natural,363,1.0,0.0,670556.7265051699,796516.0859180002
wild,S1 natural,364,1.0,0.0,668697.4263029724,1172477.4097352815
wild,S1 natural,365,1.0,0.0,666306.9918062533,2762362.1602385575
weekly_mow,S2 weekly mow,1,0.0001,0.998,0.998,0.998
weekly_mow,S2 weekly mow,2,0.0001,0.0,0.996004,0.996004
weekly_mow,S2 weekly mow,3,0.0001,0.0,0.994011992,0.994011992
weekly_mow,S2 weekly mow,4,0.0001,0.0,0.992023968016,0.992023968016
weekly_mow,S2 weekly mow,5,0.0001,0.0,0.990039920079968,0.990039920079968
weekly_mow,S2 weekly mow,6,0.0001,0.0,0.9880598402398081,0.9880598402398081
weekly_mow,S2 weekly mow,7,0.0001,0.0,0.9860837205593285,0.9860837205593285
weekly_mow,S2 weekly mow,8,0.0001,0.0,0.1476167329677315,0.1476167329677315
weekly_mow,S2 weekly mow,9,0.0001,0.0,0.14732149950179604,0.14732149950179604
weekly_mow,S2 weekly mow,10,0.0001,0.0,0.14702685650279246,0.14702685650279246
weekly_mow,S2 weekly mow,11,0.0001,0.0,0.14673280278978687,0.14673280278978687
weekly_mow,S2 weekly mow,12,0.0001,0.0,0.1464393371842073,0.1464393371842073
weekly_mow,S2 weekly mow,13,0.0001,0.0,0.14614645850983887,0.14614645850983887
weekly_mow,S2 weekly mow,14,0.0001,0.0,0.1458541655928192,0.24586323315333428
weekly_mow,S2 weekly mow,15,0.0,0.0,0.021834368589245035,0.10376784810300434
weekly_mow,S2 weekly mow,16,0.0,0.0,0.021790699852066546,0.10338383446296723
weekly_mow,S2 weekly mow,17,0.0,0.0,0.021747118452362414,0.10170838667045858
weekly_mow,S2 weekly mow,18,0.0,0.0,0.021703624215457688,0.10006566345711657
weekly_mow,S2 weekly mow,19,0.0,0.0,0.02166021696702677,0.09845501189817123
weekly_mow,S2 weekly mow,20,0.0,0.0,0.021616896533092716,0.09687579212426072
weekly_mow,S2 weekly mow,21,0.0,0.0,0.02157366274002653,0.09532737706032826
weekly_mow,S2 weekly mow,22,0.0,0.0,0.003229577312181972,0.06322084847908566
weekly_mow,S2 weekly mow,23,0.0,0.0,0.003223118157557608,0.06201456384135786
weekly_mow,S2 weekly mow,24,0.0,0.0,0.003216671921242493,0.06083228863303073
weekly_mow,S2 weekly mow,25,0.0,0.0,0.003210238577400008,0.05967354289801165
weekly_mow,S2 weekly mow,26,0.0,0.0,0.0032038181002452077,0.06129046495158774
weekly_mow,S2 weekly mow,27,0.0,0.0,0.0031974104640447175,0.06363511703514435
weekly_mow,S2 weekly mow,28,0.0,0.0,0.0031910156431166283,0.08147341557162413
weekly_mow,S2 weekly mow,29,0.0,0.0,0.00047769504177455933,0.06519893830652025
weekly_mow,S2 weekly mow,30,0.0,0.0,0.0004767396516910102,0.06407568152385668
weekly_mow,S2 weekly mow,31,0.0,0.0,0.00047578617238762817,0.06303381488734643
weekly_mow,S2 weekly mow,32,0.0,0.0,0.0004748346000428529,0.0631715664475843
weekly_mow,S2 weekly mow,33,0.0,0.0,0.0004738849308427672,0.06191668214008316
weekly_mow,S2 weekly mow,34,0.0,0.0,0.0004729371609810817,0.060686878424718746
weekly_mow,S2 weekly mow,35,0.0,0.0,0.0004719912866591195,0.05948165372383564
weekly_mow,S2 weekly mow,36,0.0,0.0,7.06570956128702e-05,0.0480691165219888
weekly_mow,S2 weekly mow,37,0.0,0.0,7.051578142164446e-05,0.04710900601924717
weekly_mow,S2 weekly mow,38,0.0,0.0,7.037474985880117e-05,0.04616809518290546
weekly_mow,S2 weekly mow,39,0.0,0.0,0.02871224430669435,0.045246000024722996
weekly_mow,S2 weekly mow,40,0.0,0.0,0.028828416158172672,0.04482925841143493
weekly_mow,S2 weekly mow,41,0.0,0.0,0.02918999338609598,0.044422826411420015
weekly_mow,S2 weekly mow,42,0.0002,0.0,0.029102493359282985,0.6680687631507947
weekly_mow,S2 weekly mow,43,0.002,0.0,0.017840897198022735,2.9601739130450597
weekly_mow,S2 weekly mow,44,0.0019,0.0,0.017787623153528755,2.947315973365945
weekly_mow,S2 weekly mow,45,0.0019,0.0,0.017734512722317318,2.8900758442395924
weekly_mow,S2 weekly mow,46,0.0019,0.0,0.017681561248525757,2.8352530404790897
weekly_mow,S2 weekly mow,47,0.0019,0.0,0.017628768375389965,2.83449004142707
weekly_mow,S2 weekly mow,48,0.0018,0.0,0.017576138591564313,2.778100186179542
weekly_mow,S2 weekly mow,49,0.0018,0.0,0.017523666184047538,2.7228372328176604
weekly_mow,S2 weekly mow,50,0.0015,0.0,0.010669353442102927,2.211171408541836
weekly_mow,S2 weekly mow,51,0.0015,0.0,0.011425714865268432,2.1671293976272565
weekly_mow,S2 weekly mow,52,0.0014,0.0,0.012397519450209143,2.1239810849986673
weekly_mow,S2 weekly mow,53,0.0014,0.0,0.017817162398174984,2.081712259224252
weekly_mow,S2 weekly mow,54,0.0014,0.0,0.0181247916981208,2.0403809438192524
weekly_mow,S2 weekly mow,55,0.0014,0.0,0.018129847036334783,1.999881484344415
weekly_mow,S2 weekly mow,56,0.0014,0.0,0.01815522533511232,1.9601920999239404
weekly_mow,S2 weekly mow,57,0.0014,0.0,0.011557659364219866,1.5908124042102498
weekly_mow,S2 weekly mow,58,0.0013,0.0,0.011522992043455275,1.5591926419925637
weekly_mow,S2 weekly mow,59,0.0013,0.0,0.011488428713338317,1.528204685663464
weekly_mow,S2 weekly mow,60,0.0012,0.0,0.011453969061919686,1.497835900873042
weekly_mow,S2 weekly mow,61,0.0012,0.0,0.011419612778185867,1.468073905953085
weekly_mow,S2 weekly mow,62,0.0012,0.0,0.011385359552056346,1.438906566863457
weekly_mow,S2 weekly mow,63,0.0012,0.0,0.011351209074380805,1.4185125770795053
weekly_mow,S2 weekly mow,64,0.0009,0.0,0.00698548584145782,1.2236255234674167
weekly_mow,S2 weekly mow,65,0.002,0.0,0.006964533258872969,4.487215788241304
weekly_mow,S2 weekly mow,66,0.0026,0.0,0.006943778739920953,8.20924172581008
weekly_mow,S2 weekly mow,67,0.0027,0.0,0.18564415268642398,8.418865017249757
weekly_mow,S2 weekly mow,68,0.0026,0.0,1.0210128851876021,8.253643979462973
weekly_mow,S2 weekly mow,69,0.0026,0.0,1.033837099509341,8.10592863026203
weekly_mow,S2 weekly mow,70,0.0026,0.0,1.031220197898022,7.96138559906615
weekly_mow,S2 weekly mow,71,0.0023,0.0,0.6354903133537942,6.2717201806609415
weekly_mow,S2 weekly mow,72,0.0022,0.0,0.6495192140918505,6.157089158797521
weekly_mow,S2 weekly mow,73,0.0022,0.0,0.6475707027796997,6.044989248591077
weekly_mow,S2 weekly mow,74,0.0026,0.0,0.6456280369088252,8.091749301708798
weekly_mow,S2 weekly mow,75,0.003,0.0,0.6437003443404136,10.48789725795205
weekly_mow,S2 weekly mow,76,0.0032,0.0,0.6417892909493828,11.912454058062028
weekly_mow,S2 weekly mow,77,0.0032,0.0,0.6398909161043611,11.685142262317154
weekly_mow,S2 weekly mow,78,0.0032,0.0,0.38139506360683645,12.559108866845998
weekly_mow,S2 weekly mow,79,0.0032,0.0,0.38026346344366047,14.374537716675487
weekly_mow,S2 weekly mow,80,0.0035,0.0,0.37914080407833806,15.63422556463568
weekly_mow,S2 weekly mow,81,0.0036,0.0,0.37802567282722316,16.635372072033086
weekly_mow,S2 weekly mow,82,0.0036,0.0,0.3769174244557324,16.5744405672448
weekly_mow,S2 weekly mow,83,0.0035,0.0,0.3758131800766864,16.249385685993865
weekly_mow,S2 weekly mow,84,0.0035,0.0,0.37471219541498907,15.930813081359503
weekly_mow,S2 weekly mow,85,0.0032,0.0,0.21838869498066754,12.871721152511766
weekly_mow,S2 weekly mow,86,0.0032,0.0,0.21773748127045128,12.61800328662881
weekly_mow,S2 weekly mow,87,0.0032,0.0,0.2170882132966162,12.373747942217044
weekly_mow,S2 weekly mow,88,0.0032,0.0,0.21878662886968356,12.140128034190734
weekly_mow,S2 weekly mow,89,0.0032,0.0,0.24299702908635012,11.945716605294422
weekly_mow,S2 weekly mow,90,0.0032,0.0,1.3767878766877155,14.295522005934604
weekly_mow,S2 weekly mow,91,0.0032,0.009043568569144062,2.687889438812853,14.033026005192374
weekly_mow,S2 weekly mow,92,0.003,0.0013538222148008663,1.757601175313609,10.878712667943832
weekly_mow,S2 weekly mow,93,0.003,0.0013511145703712646,1.7523297256098824,10.6910189881319
weekly_mow,S2 weekly mow,94,0.003,0.001348412341230522,1.7470740875476234,10.506989564569714
weekly_mow,S2 weekly mow,95,0.003,0.001345715516548061,1.741834213697322,10.326551380935447
weekly_mow,S2 weekly mow,96,0.003,0.0013430240855149649,1.7366100567717468,10.149632880427415
weekly_mow,S2 weekly mow,97,0.003,0.0013403380373439347,1.7314015696255167,9.97616393657606
weekly_mow,S2 weekly mow,98,0.0029,0.0013376573612692473,1.7262087052546777,9.806075824639743
weekly_mow,S2 weekly mow,99,0.0026,0.0002002473069820063,1.6797651778611569,7.634276710668624
weekly_mow,S2 weekly mow,100,0.0026,0.00019984681236804233,2.404171584002596,7.510147384722547
weekly_mow,S2 weekly mow,101,0.0026,0.00019944711874330623,2.8618778416159762,7.400815553799835
weekly_mow,S2 weekly mow,102,0.0029,0.05490763324871605,2.8532924075382473,9.527356839756985
weekly_mow,S2 weekly mow,103,0.0032,0.11828640286898859,3.946717198544436,12.244895841119195
weekly_mow,S2 weekly mow,104,0.0037,0.20594765573335178,4.645844479454315,15.509618788104417
weekly_mow,S2 weekly mow,105,0.004,0.29449167088627914,5.163734619373281,19.16417996939328
weekly_mow,S2 weekly mow,106,0.0053,0.10760297600101797,3.416243626225526,18.62042544955775
weekly_mow,S2 weekly mow,107,0.0058,0.12136106791427675,3.482089625685371,19.225093850338638
weekly_mow,S2 weekly mow,108,0.0059,0.1275307441880955,3.471764717876229,19.366109509821424
weekly_mow,S2 weekly mow,109,0.0058,0.1272756826997193,3.4614769544667894,19.03793212147485
weekly_mow,S2 weekly mow,110,0.0067,0.14739172590624208,3.4512197992860876,20.562216165867305
weekly_mow,S2 weekly mow,111,0.0089,0.1903729389221553,3.4410135316141353,24.578161160497675
weekly_mow,S2 weekly mow,112,0.012,0.25443179416854944,3.432398832864776,31.51201477175865
weekly_mow,S2 weekly mow,113,0.0122,0.06864843577974397,1.997505833930067,30.582381889584447
weekly_mow,S2 weekly mow,114,0.0143,0.09992698921462084,2.0043745305303258,36.129470614099546
weekly_mow,S2 weekly mow,115,0.0161,0.12533463954009347,2.73866924862865,40.68433900342558
weekly_mow,S2 weekly mow,116,0.0187,0.17553302772204674,2.7305785755223035,47.85224245357584
weekly_mow,S2 weekly mow,117,0.0196,0.19834889183854407,2.7225623728234587,50.935579093702714
weekly_mow,S2 weekly mow,118,0.02,0.2083490079142154,2.7145930345968265,51.94227726466505
weekly_mow,S2 weekly mow,119,0.0211,0.22808921739076407,2.70665760450095,55.1748257875238
weekly_mow,S2 weekly mow,120,0.021,0.053584824433757616,1.5600693869468156,50.909462806359954
weekly_mow,S2 weekly mow,121,0.0228,0.07768640125410461,1.5554427636104085,58.38023210416072
weekly_mow,S2 weekly mow,122,0.0247,0.10277611825504335,1.5508541217208316,66.31587551416676
weekly_mow,S2 weekly mow,123,0.0269,0.12710487704141996,1.546304335473924,74.1854152940153
weekly_mow,S2 weekly mow,124,0.0277,0.15452388737294528,1.5417925273445439,83.58404351950368
weekly_mow,S2 weekly mow,125,0.0296,0.1841744244393736,1.5373216736498831,94.38929684110414
weekly_mow,S2 weekly mow,126,0.0307,0.20680129680618545,1.532893883053373,102.7442475689258
weekly_mow,S2 weekly mow,127,0.0282,0.030958154131885966,1.4848461978765541,83.17267849355322
weekly_mow,S2 weekly mow,128,0.028,0.03089623782362219,2.299369477447035,81.53449795004889
weekly_mow,S2 weekly mow,129,0.0275,0.030834445347974946,3.2783840766102967,79.94292786950889
weekly_mow,S2 weekly mow,130,0.0297,0.09536164914608118,4.381382318613955,90.43766731034955
weekly_mow,S2 weekly mow,131,0.0309,0.18411637199158562,5.81432347908724,101.34303340987873
weekly_mow,S2 weekly mow,132,0.0324,0.3033774520605123,6.114131491585683,112.87135059584385
weekly_mow,S2 weekly mow,133,0.033,0.4279245028520782,6.256956935115495,125.46951860263997
weekly_mow,S2 weekly mow,134,0.0327,0.1443073989642396,3.652689542418847,115.71820385096474
weekly_mow,S2 weekly mow,135,0.0335,0.22396035347406149,4.170579214908232,129.14957119643168
weekly_mow,S2 weekly mow,136,0.0348,0.31445407289518185,5.409366136326303,143.17400137685857
weekly_mow,S2 weekly mow,137,0.0366,0.4312910708288081,7.503238898292722,158.09457109665067
weekly_mow,S2 weekly mow,138,0.0382,0.5845093028390687,9.464462157925308,173.4336695622554
weekly_mow,S2 weekly mow,139,0.038,0.5833402842333907,11.549998695758203,170.12640956320098
weekly_mow,S2 weekly mow,140,0.0403,0.838895764452477,13.32513879228321,192.42670051753927
weekly_mow,S2 weekly mow,141,0.0402,0.3057201471567683,10.085211931135756,178.7337106237872
weekly_mow,S2 weekly mow,142,0.0421,0.5289919878688976,11.19905805267399,200.84641860779783
weekly_mow,S2 weekly mow,143,0.0444,0.7676093778147888,11.732744836414152,224.0141663278577
weekly_mow,S2 weekly mow,144,0.0463,1.0018688456439413,12.908340476737681,248.62817048425822
weekly_mow,S2 weekly mow,145,0.0477,1.2481163047992723,15.172730702437018,275.9529996103068
weekly_mow,S2 weekly mow,146,0.0504,1.5403109070831644,18.048421360510375,308.5124267722656
weekly_mow,S2 weekly mow,147,0.0545,1.8992337385250737,21.127754110489825,348.62845290136136
weekly_mow,S2 weekly mow,148,0.0548,0.5603396220579849,14.748352518063669,327.17336411190536
weekly_mow,S2 weekly mow,149,0.0582,0.8873552024095196,17.81372527375556,370.65807824440805
weekly_mow,S2 weekly mow,150,0.0608,1.268609405851022,21.326924490259596,415.31956427788145
weekly_mow,S2 weekly mow,151,0.0638,1.7075395752541143,24.19012157636133,462.6492267012926
weekly_mow,S2 weekly mow,152,0.0661,2.18746618659562,24.1192587512075,514.7402205612857
weekly_mow,S2 weekly mow,153,0.0686,2.6713478311574566,24.049088441140473,577.4975103407307
weekly_mow,S2 weekly mow,154,0.0728,3.149933802951675,23.97961252364821,652.1473378837726
weekly_mow,S2 weekly mow,155,0.0716,0.7565546114312884,16.74281492793712,607.7805754282581
weekly_mow,S2 weekly mow,156,0.0741,1.0975614823503816,20.31319744944104,677.7793964229753
weekly_mow,S2 weekly mow,157,0.0765,1.4978971676374369,24.107081159015102,747.4381328003252
weekly_mow,S2 weekly mow,158,0.0786,1.9619071482497348,28.2609209870231,819.3357674072126
weekly_mow,S2 weekly mow,159,0.0803,2.505018088373566,33.387660320342704,897.4199444428195
weekly_mow,S2 weekly mow,160,0.0839,3.217314171242898,38.701574307792754,995.4993998449081
weekly_mow,S2 weekly mow,161,0.0864,4.020916339796359,44.29451185471336,1103.2422576184952
weekly_mow,S2 weekly mow,162,0.0848,1.155292003416052,30.463029600860775,1009.3631489104612
weekly_mow,S2 weekly mow,163,0.0877,1.822354495766119,35.63465749542759,1117.5201007904539
weekly_mow,S2 weekly mow,164,0.0895,2.5922310673988207,35.529575877437075,1229.2659602267295
weekly_mow,S2 weekly mow,165,0.0912,3.3178567569133444,42.73023959761158,1343.9424413763945
weekly_mow,S2 weekly mow,166,0.0937,4.165737157807056,51.31431212655779,1465.8348972285764
weekly_mow,S2 weekly mow,167,0.0971,5.193474770865553,59.96864058827907,1604.2831855277618
weekly_mow,S2 weekly mow,168,0.0999,6.3572970008928245,69.10803061332294,1757.1167780812916
weekly_mow,S2 weekly mow,169,0.0993,1.7658889596612357,47.85895861992274,1591.6243011376341
weekly_mow,S2 weekly mow,170,0.1024,2.710313434231674,56.90364087957689,1738.7423183657588
weekly_mow,S2 weekly mow,171,0.1049,3.8173613836367197,67.56670253991253,1890.310898340674
weekly_mow,S2 weekly mow,172,0.1067,5.10424051559643,80.53545560012002,2049.670048853229
weekly_mow,S2 weekly mow,173,0.1099,6.61793502805225,97.08957571887126,2223.514389973013
weekly_mow,S2 weekly mow,174,0.1121,8.53360692255224,113.98016960625515,2432.587914137921
weekly_mow,S2 weekly mow,175,0.1141,10.796393536091085,131.50993362754267,2676.979698339889
weekly_mow,S2 weekly mow,176,0.1123,3.2010058355288145,91.7623858223533,2431.258581834053
weekly_mow,S2 weekly mow,177,0.115,5.033693917900462,108.94009030190949,2669.0708324768275
weekly_mow,S2 weekly mow,178,0.1171,7.294369380830466,129.4213638353615,2933.900844774368
weekly_mow,S2 weekly mow,179,0.1196,9.858386290056211,153.60897431477494,3209.544981974627
weekly_mow,S2 weekly mow,180,0.1232,12.825338892296536,181.98030167345996,3513.0161274401285
weekly_mow,S2 weekly mow,181,0.1253,16.25810728827088,209.69477317215672,3856.1404505154323
weekly_mow,S2 weekly mow,182,0.1276,0.0,237.67362578781774,4174.324617464239
weekly_mow,S2 weekly mow,183,0.1254,0.0,161.6974842136024,3732.5307037106636
weekly_mow,S2 weekly mow,184,0.1276,0.0,188.1340582086679,4032.685572403676
weekly_mow,S2 weekly mow,185,0.1286,0.0,220.64272835921378,4309.673129063396
weekly_mow,S2 weekly mow,186,0.1302,0.0,256.3603173722025,4568.5609930280825
weekly_mow,S2 weekly mow,187,0.1317,0.0,297.9134914061728,4817.735929174836
weekly_mow,S2 weekly mow,188,0.1332,0.0,341.14182979948424,5054.749646282005
weekly_mow,S2 weekly mow,189,0.1339,0.0,386.197854461144,5293.397316643492
weekly_mow,S2 weekly mow,190,0.1309,0.0,261.6439375668121,4542.213297341229
weekly_mow,S2 weekly mow,191,0.132,0.0,303.25981549228743,4771.072232094629
weekly_mow,S2 weekly mow,192,0.133,0.0,350.1528417727522,4978.822833278395
weekly_mow,S2 weekly mow,193,0.1337,0.0,401.78033143450546,5169.339058725661
weekly_mow,S2 weekly mow,194,0.1345,0.0,462.35693782473436,5344.417588593828
weekly_mow,S2 weekly mow,195,0.1348,0.0,522.4523283513851,5504.626897523003
weekly_mow,S2 weekly mow,196,0.1352,0.0,584.8662227279085,5651.676422089027
weekly_mow,S2 weekly mow,197,0.132,0.0,390.7895974743506,4695.887699689698
weekly_mow,S2 weekly mow,198,0.1327,0.0,450.7411074290138,4848.038873896166
weekly_mow,S2 weekly mow,199,0.1331,0.0,521.5190786411231,4997.666047509449
weekly_mow,S2 weekly mow,200,0.1337,0.0,603.3147165975774,5130.539634385381
weekly_mow,S2 weekly mow,201,0.1341,0.0,699.7707333636372,5246.325274953558
weekly_mow,S2 weekly mow,202,0.1345,0.0,795.9478812991201,5356.553910370321
weekly_mow,S2 weekly mow,203,0.1347,0.0,902.6823604394292,5451.659496757473
weekly_mow,S2 weekly mow,204,0.1302,0.0,613.1706319421083,4396.6659162666465
weekly_mow,S2 weekly mow,205,0.1311,0.0,715.8006424370386,4493.6047841566315
weekly_mow,S2 weekly mow,206,0.1319,0.0,831.0753252541331,4604.322285125481
weekly_mow,S2 weekly mow,207,0.1324,0.0,940.7084257313485,4715.097891604426
weekly_mow,S2 weekly mow,208,0.1325,0.0,1073.5533652304405,4815.573998761193
weekly_mow,S2 weekly mow,209,0.1327,0.0,1198.5815749925682,4907.835976555095
weekly_mow,S2 weekly mow,210,0.1332,0.0,1317.1271896256524,4994.450903185805
weekly_mow,S2 weekly mow,211,0.1272,0.0,848.4534275655399,3899.951902582825
weekly_mow,S2 weekly mow,212,0.128,0.0,942.024910269746,3985.5829823724357
weekly_mow,S2 weekly mow,213,0.1286,0.0,1033.0841239434083,4076.0372240878614
weekly_mow,S2 weekly mow,214,0.1291,0.0,1125.50371939468,4159.739947033106
weekly_mow,S2 weekly mow,215,0.1296,0.0,1235.3247015046043,4234.238268106872
weekly_mow,S2 weekly mow,216,0.13,0.0,1340.1282010972373,4300.303939493729
weekly_mow,S2 weekly mow,217,0.1303,0.0,1438.6316797964705,4362.0721895662755
weekly_mow,S2 weekly mow,218,0.1225,0.0,890.5194189795949,3310.7555654889425
weekly_mow,S2 weekly mow,219,0.1232,0.0,965.3852509573845,3377.3873384853773
weekly_mow,S2 weekly mow,220,0.124,0.0,1036.540143561581,3438.0724987031062
weekly_mow,S2 weekly mow,221,0.1243,0.0,1104.4118846993817,3493.230931009625
weekly_mow,S2 weekly mow,222,0.1247,0.0,1183.5343520624644,3546.9679381823066
weekly_mow,S2 weekly mow,223,0.1251,0.0,1262.241679726834,3598.495608450948
weekly_mow,S2 weekly mow,224,0.1257,0.0,1340.5093052368543,3645.284606306051
weekly_mow,S2 weekly mow,225,0.1187,0.0,813.2578458444013,2718.772666554754
weekly_mow,S2 weekly mow,226,0.1192,0.0,870.1677007209016,2768.6545549203474
weekly_mow,S2 weekly mow,227,0.1196,0.0,925.5988945198301,2815.04216744136
weekly_mow,S2 weekly mow,228,0.1202,0.0,976.8344796343954,2858.2608738356785
weekly_mow,S2 weekly mow,229,0.1204,0.0,1035.1146690587884,2898.6877931064505
weekly_mow,S2 weekly mow,230,0.1206,0.0,1091.871216425884,2936.381243561854
weekly_mow,S2 weekly mow,231,0.1207,0.0,1153.2500838497094,2971.6375466118725
weekly_mow,S2 weekly mow,232,0.1133,0.0,696.7735447362038,2195.9287269406886
weekly_mow,S2 weekly mow,233,0.1136,0.0,745.7011342399505,2234.705900269185
weekly_mow,S2 weekly mow,234,0.114,0.0,792.2363650569009,2282.504346680091
weekly_mow,S2 weekly mow,235,0.1144,0.0,837.1695620271172,2327.3316111079
weekly_mow,S2 weekly mow,236,0.1149,0.0,888.8179422328408,2366.9532180545157
weekly_mow,S2 weekly mow,237,0.1151,0.0,937.358132791619,2401.9653796809275
weekly_mow,S2 weekly mow,238,0.1153,0.0,987.5020668929973,2433.509268434886
weekly_mow,S2 weekly mow,239,0.108,0.0,588.7747948390423,1783.7005636708075
weekly_mow,S2 weekly mow,240,0.1085,0.0,626.7234965730506,1816.8969365474213
weekly_mow,S2 weekly mow,241,0.1088,0.0,662.2624521889492,1848.8833256850871
weekly_mow,S2 weekly mow,242,0.1095,0.0,696.6043696633951,1878.3923670798686
weekly_mow,S2 weekly mow,243,0.1101,0.0,736.8703240262082,1906.5774933347016
weekly_mow,S2 weekly mow,244,0.1194,94.61678932727845,775.1152158489153,2339.084933394081
weekly_mow,S2 weekly mow,245,0.1322,108.42888997592523,811.2950114335537,3205.9126821998607
weekly_mow,S2 weekly mow,246,0.1376,25.153127999587593,479.344425617109,3347.724700840471
weekly_mow,S2 weekly mow,247,0.1466,34.422967044249496,508.021515384761,4331.185174556251
weekly_mow,S2 weekly mow,248,0.1545,44.02576769818144,536.0657028800642,5425.214883415905
weekly_mow,S2 weekly mow,249,0.1619,55.4412967345976,562.7900686419989,6870.7828172284435
weekly_mow,S2 weekly mow,250,0.1694,67.03278941468946,593.6303877258464,8518.026579224788
weekly_mow,S2 weekly mow,251,0.1758,78.78482124884493,622.9793349438297,10394.54960640991
weekly_mow,S2 weekly mow,252,0.1824,90.63112844514575,651.0983802962489,12533.182670314898
weekly_mow,S2 weekly mow,253,0.1821,21.05576002231979,382.5886622993247,12308.684188482957
weekly_mow,S2 weekly mow,254,0.1862,29.18462467403983,404.70716631390803,14489.217694132394
weekly_mow,S2 weekly mow,255,0.1859,29.126255424691752,426.0269495655793,14205.874305852129
weekly_mow,S2 weekly mow,256,0.1854,29.068002913842374,446.640329418519,13928.572293410605
weekly_mow,S2 weekly mow,257,0.1903,38.62883937374587,470.6995377843526,16493.527405811546
weekly_mow,S2 weekly mow,258,0.1957,48.228869129314916,493.6914795462665,19037.464215212607
weekly_mow,S2 weekly mow,259,0.1991,57.82623529538169,519.7258414812544,21603.188436761593
weekly_mow,S2 weekly mow,260,0.1979,14.85244063164369,315.0563220104816,20322.266278643343
weekly_mow,S2 weekly mow,261,0.201,21.28327338027583,334.76052861806727,22754.018011995355
weekly_mow,S2 weekly mow,262,0.2051,27.92941619136884,353.13396431849384,25127.406982284552
weekly_mow,S2 weekly mow,263,0.2079,34.76199373698045,370.50836313520176,27480.85834275071
weekly_mow,S2 weekly mow,264,0.2098,41.73969597959644,390.3862604245662,29842.185075534053
weekly_mow,S2 weekly mow,265,0.2136,49.315660703568156,409.52203653644966,32410.97591182747
weekly_mow,S2 weekly mow,266,0.2163,56.03822282675361,428.209854407859,34621.838270217064
weekly_mow,S2 weekly mow,267,0.2139,12.81297735640697,253.325511370125,30903.99072419778
weekly_mow,S2 weekly mow,268,0.2169,18.022725877189153,268.03627216346706,33484.624026142315
weekly_mow,S2 weekly mow,269,0.2205,23.537519605798824,398.3195781753072,36062.62928019215
weekly_mow,S2 weekly mow,270,0.2232,31.655926747637032,654.8404016859448,38543.22527089256
weekly_mow,S2 weekly mow,271,0.2256,44.53810072874229,980.6235622400876,40883.103183034
weekly_mow,S2 weekly mow,272,0.2283,63.529280155454174,1336.8832932821147,43240.24408736882
weekly_mow,S2 weekly mow,273,0.2304,87.1970469387186,1736.8014403562408,45481.66879210338
weekly_mow,S2 weekly mow,274,0.2275,34.14865154291705,1470.5694813153398,39996.58169294993
weekly_mow,S2 weekly mow,275,0.2266,34.080354239831216,1974.111626452659,39220.35611650643
weekly_mow,S2 weekly mow,276,0.2255,34.012193531351556,2551.2594982527394,38468.26485106804
weekly_mow,S2 weekly mow,277,0.225,33.94416914428885,3212.6519044577167,37741.07778417322
weekly_mow,S2 weekly mow,278,0.2249,33.87628080600028,3990.798815194651,37039.73103827876
weekly_mow,S2 weekly mow,279,0.2243,33.80852824438827,4813.18176992767,36365.6954560421
weekly_mow,S2 weekly mow,280,0.2329,143.874040222676,4798.776033146131,40385.20690753702
weekly_mow,S2 weekly mow,281,0.2312,67.86771469047774,2887.3167185096772,35063.59048674643
weekly_mow,S2 weekly mow,282,0.2337,101.99850256295736,3690.1508338902067,36976.708123617005
weekly_mow,S2 weekly mow,283,0.2396,167.0855870288816,4499.104097713188,40500.54695792153
weekly_mow,S2 weekly mow,284,0.2445,255.7338395163846,5325.979191088283,45176.28117635049
weekly_mow,S2 weekly mow,285,0.2515,360.0382334480813,6300.141936840304,50856.12778680477
weekly_mow,S2 weekly mow,286,0.2629,490.02551396122465,7251.785560404531,58452.70155671044
weekly_mow,S2 weekly mow,287,0.2714,630.4353227785142,8190.909599130739,67496.90802191559
weekly_mow,S2 weekly mow,288,0.2723,189.46858659585453,5553.759818013811,63232.25596439556
weekly_mow,S2 weekly mow,289,0.2793,293.36485860382453,6356.887241066363,72367.16545869794
weekly_mow,S2 weekly mow,290,0.2856,417.63104571250875,7227.774974599605,82970.57252463329
weekly_mow,S2 weekly mow,291,0.2883,482.0051967023335,8006.806427390781,87518.98224804291
weekly_mow,S2 weekly mow,292,0.2891,516.6211301189369,8941.085476528593,89125.8164221324
weekly_mow,S2 weekly mow,293,0.293,581.4355362453207,9979.90869348478,93934.43771422587
weekly_mow,S2 weekly mow,294,0.2966,688.9860174873214,11023.027653148885,103291.99942165407
weekly_mow,S2 weekly mow,295,0.2963,203.28602282156885,7342.227411223688,97441.79385960662
weekly_mow,S2 weekly mow,296,0.3027,327.0361085380658,8170.471215691523,113594.95757481879
weekly_mow,S2 weekly mow,297,0.3102,487.90651030853553,9010.646363525007,133615.609964087
weekly_mow,S2 weekly mow,298,0.3091,486.9306972879186,9824.424346716976,130472.76165953738
weekly_mow,S2 weekly mow,299,0.3162,701.0385174462663,10899.44568190693,156912.19902671577
weekly_mow,S2 weekly mow,300,0.3236,904.5410022181604,10867.448383378654,180650.30946085672
weekly_mow,S2 weekly mow,301,0.3266,991.9309706418254,10835.750579230735,188504.48338898158
weekly_mow,S2 weekly mow,302,0.321,188.6058610489186,6208.8149987838215,161108.10479691828
weekly_mow,S2 weekly mow,303,0.3245,248.0301414140987,6190.3771596485185,173842.06602765448
weekly_mow,S2 weekly mow,304,0.3308,360.3425966265952,6172.054058310989,201339.4576544978
weekly_mow,S2 weekly mow,305,0.3373,0.0,7378.0800988321935,232184.3328121979
weekly_mow,S2 weekly mow,306,0.3426,0.0,8372.782163323289,259106.18270771153
weekly_mow,S2 weekly mow,307,0.3453,0.0,9149.774009501343,277871.93822903803
weekly_mow,S2 weekly mow,308,0.3474,0.0,10420.830719919366,298355.12180526974
weekly_mow,S2 weekly mow,309,0.3449,0.0,7370.334165018279,271110.733358023
weekly_mow,S2 weekly mow,310,0.3473,0.0,9031.611134464049,295654.35132406536
weekly_mow,S2 weekly mow,311,0.3521,0.0,11235.42001973371,317685.7009623642
weekly_mow,S2 weekly mow,312,0.3539,0.0,13878.5308319226,324376.5051876522
weekly_mow,S2 weekly mow,313,0.3538,0.0,16992.297672284614,320797.9487964682
weekly_mow,S2 weekly mow,314,0.3549,0.0,20092.79256120952,329386.03958041524
weekly_mow,S2 weekly mow,315,0.3575,0.0,23660.658189837734,343856.74540942366
weekly_mow,S2 weekly mow,316,0.3507,0.0,15485.091251231363,300766.502582206
weekly_mow,S2 weekly mow,317,0.3519,0.0,16351.88052133812,306078.51196226163
weekly_mow,S2 weekly mow,318,0.3507,0.0,18038.333652285157,299328.0457382329
weekly_mow,S2 weekly mow,319,0.35,0.0,20912.411342879153,292348.0459561811
weekly_mow,S2 weekly mow,320,0.3481,0.0,25620.94534734417,284892.6425332306
weekly_mow,S2 weekly mow,321,0.3476,0.0,30915.629172817044,278754.1975156598
weekly_mow,S2 weekly mow,322,0.3473,0.0,37450.895682696515,272401.2015119739
weekly_mow,S2 weekly mow,323,0.3384,0.0,22702.571319416522,213976.49853021005
weekly_mow,S2 weekly mow,324,0.3375,0.0,29932.50091976975,210179.9614734811
weekly_mow,S2 weekly mow,325,0.3366,0.0,36894.21687736685,206568.99941257882
weekly_mow,S2 weekly mow,326,0.3362,0.0,40365.76897628422,204321.8422517455
weekly_mow,S2 weekly mow,327,0.336,0.0,43443.89696850102,203177.90185569224
weekly_mow,S2 weekly mow,328,0.3358,0.0,48199.43836462757,201706.23365099158
weekly_mow,S2 weekly mow,329,0.336,0.0,57564.12567690062,203553.6334012825
weekly_mow,S2 weekly mow,330,0.3258,0.0,44140.38560388641,158422.5215182931
weekly_mow,S2 weekly mow,331,0.3271,0.0,52309.95698463645,164875.69892885652
weekly_mow,S2 weekly mow,332,0.3263,0.0,58748.72560100148,161908.27122445853
weekly_mow,S2 weekly mow,333,0.3259,0.0,66013.3140095201,159960.0063557267
weekly_mow,S2 weekly mow,334,0.3258,0.0,75389.16439190434,157349.30749187776
weekly_mow,S2 weekly mow,335,0.3258,0.0,84440.84250386074,155020.3430597501
weekly_mow,S2 weekly mow,336,0.3253,0.0,92989.68376057138,153159.5827547658
weekly_mow,S2 weekly mow,337,0.3099,0.0,60721.076309418786,105856.11295430253
weekly_mow,S2 weekly mow,338,0.3097,0.0,61965.63621701621,104765.34328677214
weekly_mow,S2 weekly mow,339,0.3094,0.0,66450.74175637309,103960.4957283632
weekly_mow,S2 weekly mow,340,0.3094,0.0,73141.55379191949,103004.4623418755
weekly_mow,S2 weekly mow,341,0.309,0.0,81438.72458614314,102182.64386136382
weekly_mow,S2 weekly mow,342,0.3086,0.0,85121.02024722667,101519.90720971586
weekly_mow,S2 weekly mow,343,0.3084,0.0,85214.06751752776,100933.78804125421
weekly_mow,S2 weekly mow,344,0.2907,0.0,52593.19109424293,65428.76436580703
weekly_mow,S2 weekly mow,345,0.2905,0.0,52435.44311476129,65014.1472923273
weekly_mow,S2 weekly mow,346,0.2905,0.0,52547.93586881844,64605.14455445224
weekly_mow,S2 weekly mow,347,0.2905,0.0,52547.25007002289,64292.52789486997
weekly_mow,S2 weekly mow,348,0.2905,0.0,52456.19537492342,64020.73031166427
weekly_mow,S2 weekly mow,349,0.29,0.0,52343.15914090139,63631.84466165156
weekly_mow,S2 weekly mow,350,0.2895,0.0,52225.845745883256,63248.822511025544
weekly_mow,S2 weekly mow,351,0.2728,0.0,32490.301178978,41098.622170338684
weekly_mow,S2 weekly mow,352,0.2726,0.0,33034.860354628356,40828.98686250788
weekly_mow,S2 weekly mow,353,0.2724,0.0,33487.289488370254,40671.23477959298
weekly_mow,S2 weekly mow,354,0.2722,0.0,34855.2007006038,40427.09497809544
weekly_mow,S2 weekly mow,355,0.272,0.0,36264.493807511906,40278.8853426193
weekly_mow,S2 weekly mow,356,0.2718,0.0,39155.037721125824,40089.80861577808
weekly_mow,S2 weekly mow,357,0.2717,0.0,39037.58541556813,39953.658958298765
weekly_mow,S2 weekly mow,358,0.2535,0.0,24252.439704588956,24772.570315029716
weekly_mow,S2 weekly mow,359,0.2535,0.0,24179.68429893916,24689.412273067966
weekly_mow,S2 weekly mow,360,0.2533,0.0,24107.147155679388,24606.68054679894
weekly_mow,S2 weekly mow,361,0.2532,0.0,24092.582044928004,24524.370320363265
weekly_mow,S2 weekly mow,362,0.253,0.0,24020.306200799358,24443.458690954052
weekly_mow,S2 weekly mow,363,0.2538,0.0,23948.247180399077,24963.476732038915
weekly_mow,S2 weekly mow,364,0.2562,0.0,23960.066870285358,27171.56070859012
weekly_mow,S2 weekly mow,365,0.2551,0.0,14710.875827647267,26915.933940333765
chemical,S3 herbicide,1,0.0001,0.998,0.998,0.998
chemical,S3 herbicide,2,0.0001,0.0,0.996004,0.996004
chemical,S3 herbicide,3,0.0001,0.0,0.994011992,0.994011992
chemical,S3 herbicide,4,0.0001,0.0,0.992023968016,0.992023968016
chemical,S3 herbicide,5,0.0001,0.0,0.990039920079968,0.990039920079968
chemical,S3 herbicide,6,0.0001,0.0,0.9880598402398081,0.9880598402398081
chemical,S3 herbicide,7,0.0001,0.0,0.9860837205593285,0.9860837205593285
chemical,S3 herbicide,8,0.0001,0.0,0.9841115531182099,0.9841115531182099
chemical,S3 herbicide,9,0.0001,0.0,0.9821433300119734,0.9821433300119734
chemical,S3 herbicide,10,0.0001,0.0,0.9801790433519495,0.9801790433519495
chemical,S3 herbicide,11,0.0001,0.0,0.9782186852652456,0.9782186852652456
chemical,S3 herbicide,12,0.0001,0.0,0.976262247894715,0.976262247894715
chemical,S3 herbicide,13,0.0001,0.0,0.9743097233989256,0.9743097233989256
chemical,S3 herbicide,14,0.0001,0.0,0.9723611039521278,1.072370171512643
chemical,S3 herbicide,15,0.0001,0.0,0.9704163817442236,1.0690023439798029
chemical,S3 herbicide,16,0.0001,0.0,0.9684755489807352,1.0663792889904662
chemical,S3 herbicide,17,0.0001,0.0,0.9665385978827737,1.0624755626682623
chemical,S3 herbicide,18,0.0001,0.0,0.9646055206870082,1.058615289234335
chemical,S3 herbicide,19,0.0001,0.0,0.9626763096456342,1.0547976624098145
chemical,S3 herbicide,20,0.0001,0.0,0.9607509570263429,1.0510218921047056
chemical,S3 herbicide,21,0.0001,0.0,0.9588294551122902,1.0472872040883419
chemical,S3 herbicide,22,0.0001,0.0,0.9569117962020657,1.04359283966661
chemical,S3 herbicide,23,0.0001,0.0,0.9549979726096616,1.039938055365812
chemical,S3 herbicide,24,0.0001,0.0,0.9530879766644422,1.0363221226230193
chemical,S3 herbicide,25,0.0001,0.0,0.9511818007111134,1.0327443274827914
chemical,S3 herbicide,26,0.0001,0.0,0.9492794371096911,1.0319565789728409
chemical,S3 herbicide,27,0.0001,0.0,0.9473808782354717,1.0319104777385122
chemical,S3 herbicide,28,0.0001,0.0,0.9454861164790007,1.0473716671527342
chemical,S3 herbicide,29,0.0001,0.0,0.9435951442460427,1.0444809837948221
chemical,S3 herbicide,30,0.0001,0.0,0.9417079539575507,1.0407400037110104
chemical,S3 herbicide,31,0.0001,0.0,0.9398245380496356,1.037099029118545
chemical,S3 herbicide,32,0.0001,0.0,0.9379448889735363,1.0346559727080322
chemical,S3 herbicide,33,0.0001,0.0,0.9360689991955893,1.03083817915686
chemical,S3 herbicide,34,0.0001,0.0,0.9341968611971981,1.0270631885047163
chemical,S3 herbicide,35,0.0001,0.0,0.9323284674748037,1.0233302062034964
chemical,S3 herbicide,36,0.0001,0.0,0.930463810539854,1.0196384536347614
chemical,S3 herbicide,37,0.0001,0.0,0.9286028829187744,1.0159871677862875
chemical,S3 herbicide,38,0.0001,0.0,0.9267456771529368,1.0123756009352423
chemical,S3 herbicide,39,0.0001,0.0,0.9851177414003286,1.0088030203378457
chemical,S3 herbicide,40,0.0001,0.0,0.9834402378294854,1.0062970026309974
chemical,S3 herbicide,41,0.0001,0.0,0.9821948265968926,1.003810815118922
chemical,S3 herbicide,42,0.0005,0.0,0.9801694384337262,1.6253895331772843
chemical,S3 herbicide,43,0.002,0.0,0.9781484793804902,4.033010022978304
chemical,S3 herbicide,44,0.002,0.0,0.9761325047752739,4.015693437617543
chemical,S3 herbicide,45,0.002,0.0,0.974120755699761,3.9540517204824783
chemical,S3 herbicide,46,0.002,0.0,0.9721132090189936,3.8948867953557698
chemical,S3 herbicide,47,0.002,0.0,0.9701098561963951,3.889839739908748
chemical,S3 herbicide,48,0.0019,0.0,0.9681107051470045,3.829218449208846
chemical,S3 herbicide,49,0.0019,0.0,0.9661157291937242,3.76978003612613
chemical,S3 herbicide,50,0.0018,0.0,0.9641249194559789,3.711500742345066
chemical,S3 herbicide,51,0.0018,0.0,0.9637960463946094,3.6543572895701586
chemical,S3 herbicide,52,0.0017,0.0,0.9639241912516376,3.5983551695896114
chemical,S3 herbicide,53,0.0016,0.0,0.9734097793442062,3.543479196589028
chemical,S3 herbicide,54,0.0016,0.0,0.9720200289587583,3.489866425967649
chemical,S3 herbicide,55,0.0016,0.0,0.9701061329889535,3.437305779156274
chemical,S3 herbicide,56,0.0016,0.0,0.9682316822275305,3.38576712202707
chemical,S3 herbicide,57,0.0016,0.0,0.9670589890325899,3.335230548797644
chemical,S3 herbicide,58,0.0016,0.0,0.9650509301547631,3.285687861039858
chemical,S3 herbicide,59,0.0016,0.0,0.9630471092173916,3.2371047893345506
chemical,S3 herbicide,60,0.0016,0.0,0.9610475170791257,3.1894620864414467
chemical,S3 herbicide,61,0.0016,0.0,0.959052144618896,3.1427408936098393
chemical,S3 herbicide,62,0.0016,0.0,0.9570609827358649,3.0969227327016777
chemical,S3 herbicide,63,0.0016,0.0,0.955074022349381,3.0601800833153194
chemical,S3 herbicide,64,0.0016,0.0,0.9530912578758087,3.088004600578121
chemical,S3 herbicide,65,0.0022,0.0,0.951112707429533,6.331124868832517
chemical,S3 herbicide,66,0.0027,0.0,0.9491397327457017,10.032818320485308
chemical,S3 herbicide,67,0.0028,0.0,1.3230489375206202,10.222213199028058
chemical,S3 herbicide,68,0.0027,0.0,2.7791704339208203,10.040500923583428
chemical,S3 herbicide,69,0.0027,0.0,2.7994426465692506,9.887289874702084
chemical,S3 herbicide,70,0.0027,0.0,2.792764867342657,9.73750202147074
chemical,S3 herbicide,71,0.0027,0.0,2.7868724209116857,9.590608522413332
chemical,S3 herbicide,72,0.0027,0.0,2.812898972365787,9.446564511125908
chemical,S3 herbicide,73,0.0027,0.0,2.805330167490643,9.305857345590281
chemical,S3 herbicide,74,0.003,0.0,2.79778232924604,11.32449763843029
chemical,S3 herbicide,75,0.0032,0.0,2.7902827581997665,13.692867631087926
chemical,S3 herbicide,76,0.0032,0.0,2.7828364311515927,15.08996123250938
chemical,S3 herbicide,77,0.0032,0.0,2.7754314922790693,14.83555796469929
chemical,S3 herbicide,78,0.0036,0.0,2.7680468810823227,17.779644564990342
chemical,S3 herbicide,79,0.0038,0.0,2.7607239743570986,19.531165965533418
chemical,S3 herbicide,80,0.0039,0.0,2.7534480651078628,20.728018780940324
chemical,S3 herbicide,81,0.0039,0.0,2.7462123017947433,21.667416799520606
chemical,S3 herbicide,82,0.0039,0.0,2.7390135510341858,21.54581857617374
chemical,S3 herbicide,83,0.0039,0.0,2.731837857844507,21.161223552598898
chemical,S3 herbicide,84,0.0039,0.0,2.7246816090394694,20.78423106162005
chemical,S3 herbicide,85,0.0039,0.0,2.7175447504513124,20.414688433188424
chemical,S3 herbicide,86,0.0039,0.0,2.71042722806644,20.052446076439043
chemical,S3 herbicide,87,0.0038,0.0,2.70332898802499,19.701756659966204
chemical,S3 herbicide,88,0.0038,0.0,2.7011841272510018,19.363750453912314
chemical,S3 herbicide,89,0.0038,0.0,2.737516575536235,19.067002978338632
chemical,S3 herbicide,90,0.0039,0.0,4.711044324948853,21.316752586991534
chemical,S3 herbicide,91,0.0039,1.0595836938438832,6.994187653144416,20.970478140087096
chemical,S3 herbicide,92,0.0039,1.0574645264561955,7.199383982343539,20.670113780664344
chemical,S3 herbicide,93,0.0039,1.055349597403283,7.178843294922963,20.37928164028532
chemical,S3 herbicide,94,0.0039,1.0532388982084764,7.158362114635598,20.09393843577694
chemical,S3 herbicide,95,0.0038,1.0511324204120596,7.137940267189898,19.81397475879587
chemical,S3 herbicide,96,0.0038,1.0490301555712356,7.117577578808744,19.539283404162234
chemical,S3 herbicide,97,0.0038,1.046932095260093,7.097273876227886,19.269759325295293
chemical,S3 herbicide,98,0.0038,1.044838231069573,7.077028986694464,19.005299590555182
chemical,S3 herbicide,99,0.0038,1.0427485546074335,8.35610485612892,18.745803340472097
chemical,S3 herbicide,100,0.0038,1.040663057498219,9.866511520252487,18.5133382641134
chemical,S3 herbicide,101,0.0037,1.0385817313832224,10.815941758722547,18.31130766279663
chemical,S3 herbicide,102,0.0209,1.2234247799878164,10.78453251517776,76.40507945980067
chemical,S3 herbicide,103,0.0309,1.4378963490935779,12.677347562386352,148.7591277427794
chemical,S3 herbicide,104,0.0373,1.6930697091943816,13.881879463269446,225.86037847652517
chemical,S3 herbicide,105,0.0411,1.9338934494646696,14.770119544797268,296.91386274863123
chemical,S3 herbicide,106,0.0355,0.24452382294113834,2.880562700975357,170.38999679599098
chemical,S3 herbicide,107,0.0368,0.25516749121128657,2.924121810504033,182.33723630476686
chemical,S3 herbicide,108,0.0369,0.259749622977742,2.915604612563732,185.69862215955283
chemical,S3 herbicide,109,0.0368,0.2592301237317866,2.907117548349018,182.03438813680467
chemical,S3 herbicide,110,0.0381,0.2748891635218003,2.898655425827703,201.2028119612577
chemical,S3 herbicide,111,0.0415,0.3087074264419908,2.890234348713742,246.24558298025252
chemical,S3 herbicide,112,0.0439,0.3592653293208379,2.882734104168317,315.3548322625111
chemical,S3 herbicide,113,0.0462,0.3978442948582021,2.876435619443768,366.7332845594325
chemical,S3 herbicide,114,0.0483,0.4374181297483876,2.876955092839413,419.72988270709334
chemical,S3 herbicide,115,0.0494,0.4693456951968018,3.3751436998393083,461.23235535750666
chemical,S3 herbicide,116,0.0507,0.5245019141162264,3.3654876144349877,524.1632034829591
chemical,S3 herbicide,117,0.0512,0.5492124969988583,3.355915653505799,547.7008804957237
chemical,S3 herbicide,118,0.0513,0.5596744136702818,3.346397119042279,552.5108411668689
chemical,S3 herbicide,119,0.0518,0.5809677713396196,3.336917602098823,572.9443887714419
chemical,S3 herbicide,120,0.0528,0.6148105683742311,3.3274878170638664,612.1616488154007
chemical,S3 herbicide,121,0.054,0.6571728415060737,3.318120164181049,664.9813549877041
chemical,S3 herbicide,122,0.0552,0.7013164994794007,3.3088229765300112,721.710862314731
chemical,S3 herbicide,123,0.0561,0.744091994142791,3.2995978240999007,777.6506408851069
chemical,S3 herbicide,124,0.0572,0.7924340682216603,3.2904431226217437,844.3277819224229
chemical,S3 herbicide,125,0.0581,0.8447964400378573,3.2813642273221006,919.7904952390159
chemical,S3 herbicide,126,0.0586,0.8845135863787472,3.2723649310801726,975.0638734375498
chemical,S3 herbicide,127,0.0447,0.08827445592059893,4.254555591508072,310.05619518680345
chemical,S3 herbicide,128,0.0445,0.08809790700875776,8.939095008143555,303.9274817790087
chemical,S3 herbicide,129,0.0443,0.08792171119474025,14.00277166419136,298.0009798520516
chemical,S3 herbicide,130,0.0465,0.3644912832838428,18.76318875023163,376.47048000590553
chemical,S3 herbicide,131,0.0496,0.7455804208024462,33.9857499718263,456.1566610141864
chemical,S3 herbicide,132,0.0516,1.4503685433928988,36.88637463418351,537.4749309280152
chemical,S3 herbicide,133,0.0537,2.2106993922158122,38.141836816685014,622.8966088394187
chemical,S3 herbicide,134,0.0556,3.0073413815200336,38.02962200562717,718.461458165707
chemical,S3 herbicide,135,0.0582,3.7993401304040724,42.38217785962049,827.0885450386305
chemical,S3 herbicide,136,0.0622,4.6808028637440176,51.8721558948442,951.5956997489345
chemical,S3 herbicide,137,0.0675,5.75946298908811,66.23106315063168,1094.6905957010358
chemical,S3 herbicide,138,0.0723,7.0654754721759545,77.34158178309153,1250.9165348395686
chemical,S3 herbicide,139,0.0718,7.051344521231602,88.93875480805826,1227.2040082748
chemical,S3 herbicide,140,0.0779,8.9541715040424,98.45467381684297,1465.907565554473
chemical,S3 herbicide,141,0.0827,11.027295458106828,112.30699393932505,1740.1381156913012
chemical,S3 herbicide,142,0.0873,13.323851250652957,118.64124101824365,2052.8174504741783
chemical,S3 herbicide,143,0.093,15.66288569291899,121.37851669548508,2412.480547012057
chemical,S3 herbicide,144,0.0982,17.904872838959403,127.19186311007256,2815.2993954667118
chemical,S3 herbicide,145,0.1022,20.14770843634995,136.75201688145464,3271.2300455571476
chemical,S3 herbicide,146,0.1059,22.575145340574448,149.1047714807737,3810.9665209486384
chemical,S3 herbicide,147,0.1147,25.304640987184264,162.39444212407076,4459.681511449764
chemical,S3 herbicide,148,0.1045,3.1309159107899647,32.97357084403988,2151.2484538075782
chemical,S3 herbicide,149,0.1118,3.814846372841839,38.11226629493956,2849.3743472182655
chemical,S3 herbicide,150,0.1171,4.5833372213060635,43.880833659595936,3512.4103370503976
chemical,S3 herbicide,151,0.1213,5.439076848463886,48.44305542077033,4142.167272066276
chemical,S3 herbicide,152,0.124,6.352719539392245,48.30316533135648,4747.762918162822
chemical,S3 herbicide,153,0.1264,7.273935985765388,48.1646085549018,5375.616070632879
chemical,S3 herbicide,154,0.1301,8.185031709569497,48.02738866522286,6017.0641643560475
chemical,S3 herbicide,155,0.1321,9.05150745009249,64.39260628104128,6647.56705195082
chemical,S3 herbicide,156,0.1338,10.21913716425584,81.23954723482994,7262.361106701271
chemical,S3 herbicide,157,0.1357,11.686440597619958,98.61831023959628,7875.274680918074
chemical,S3 herbicide,158,0.1369,13.458695774707362,117.05933599543273,8498.899171172015
chemical,S3 herbicide,159,0.1391,15.586731839906154,137.76488348397473,9157.329768443738
chemical,S3 herbicide,160,0.1406,18.393370475649224,161.3453601112219,9955.829854910575
chemical,S3 herbicide,161,0.1424,21.61990024034568,188.38185652253557,10787.807410576595
chemical,S3 herbicide,162,0.1441,25.28729365102115,219.4395991516628,11657.158555357453
chemical,S3 herbicide,163,0.1454,29.671054043778433,253.49141363595524,12637.88005452518
chemical,S3 herbicide,164,0.1471,34.73203193232792,252.76061044909122,13720.806281553605
chemical,S3 herbicide,165,0.1486,39.500161774367925,303.31989387095786,14880.120581241006
chemical,S3 herbicide,166,0.1508,45.14114578382488,361.59210042551285,16140.594118540905
chemical,S3 herbicide,167,0.1537,52.00473329620321,428.24971717759644,17581.17185905457
chemical,S3 herbicide,168,0.157,59.96624599184358,505.11019245285104,19157.878514174503
chemical,S3 herbicide,169,0.14,7.7618065905128155,118.88957467987245,7885.794497528854
chemical,S3 herbicide,170,0.1464,10.031751559962586,151.00990818675672,9523.680452407878
chemical,S3 herbicide,171,0.1524,12.905656310525602,188.9492804186229,11117.355279947406
chemical,S3 herbicide,172,0.1561,16.454641322240313,234.40376385703047,12666.33636889949
chemical,S3 herbicide,173,0.16,20.824860371632724,381.4164711435991,14199.265031672945
chemical,S3 herbicide,174,0.1625,28.47123258285403,525.3470227065229,15848.885340067813
chemical,S3 herbicide,175,0.1665,39.157211868924776,664.6918956740169,17576.950648738934
chemical,S3 herbicide,176,0.1691,52.37820399580866,799.674161411986,19369.886947491737
chemical,S3 herbicide,177,0.1725,67.7920019825963,931.9586590436928,21269.357354146523
chemical,S3 herbicide,178,0.1765,86.54168709276298,1070.5489773964666,23526.70536466547
chemical,S3 herbicide,179,0.1812,107.14506487502226,1213.7983414632654,25996.6419308083
chemical,S3 herbicide,180,0.1852,129.92342816775732,1356.9134472469127,28804.61012972487
chemical,S3 herbicide,181,0.1885,154.74972490145623,1498.8194037259632,32026.3999115487
chemical,S3 herbicide,182,0.1913,0.0,1642.1053879005226,35001.387789049375
chemical,S3 herbicide,183,0.1947,0.0,1789.1530485899702,37917.242191607176
chemical,S3 herbicide,184,0.1963,0.0,1944.5450080918422,40553.39016993782
chemical,S3 herbicide,185,0.1981,0.0,2128.6038145629454,42944.32980228358
chemical,S3 herbicide,186,0.1996,0.0,2320.8011572720443,45129.20506121346
chemical,S3 herbicide,187,0.2019,0.0,2521.585990445204,47176.0767218268
chemical,S3 herbicide,188,0.2029,0.0,2744.924069577667,49049.35931004636
chemical,S3 herbicide,189,0.2043,0.0,2988.537843889758,50863.368985747264
chemical,S3 herbicide,190,0.1781,0.0,613.8535003047834,18816.336983533423
chemical,S3 herbicide,191,0.1812,0.0,707.6569790556463,21366.687070662923
chemical,S3 herbicide,192,0.1834,0.0,813.8947888130132,23706.576964531934
chemical,S3 herbicide,193,0.1864,0.0,930.0488279499954,25870.980842739886
chemical,S3 herbicide,194,0.1888,0.0,1278.46713685741,27875.50511577889
chemical,S3 herbicide,195,0.1907,0.0,1614.201813405475,29727.41679977398
chemical,S3 herbicide,196,0.1921,0.0,1946.440950961449,31440.12968473688
chemical,S3 herbicide,197,0.1933,0.0,2274.7548213108225,33029.72849959213
chemical,S3 herbicide,198,0.194,0.0,2604.243408458384,34571.08389341382
chemical,S3 herbicide,199,0.195,0.0,2959.0918053065748,36056.27801562757
chemical,S3 herbicide,200,0.1958,0.0,3331.9474274334693,37341.62503994383
chemical,S3 herbicide,201,0.1974,0.0,3719.9059469025033,38412.06868442043
chemical,S3 herbicide,202,0.198,0.0,4131.108107478061,39361.227263449924
chemical,S3 herbicide,203,0.1991,0.0,4610.982001700046,40084.79372565741
chemical,S3 herbicide,204,0.1997,0.0,5131.92432770682,40601.74836797897
chemical,S3 herbicide,205,0.2004,0.0,5713.6822931106335,40968.45770846343
chemical,S3 herbicide,206,0.2011,0.0,6366.770067374487,41333.86629364988
chemical,S3 herbicide,207,0.2018,0.0,6973.413779282395,41526.94327087552
chemical,S3 herbicide,208,0.2025,0.0,7563.161937153798,41415.57747141611
chemical,S3 herbicide,209,0.2028,0.0,8097.554471295877,41005.03044189576
chemical,S3 herbicide,210,0.2032,0.0,8581.361163799304,40320.780691095264
chemical,S3 herbicide,211,0.1717,0.0,1663.2387282326638,13069.883088034137
chemical,S3 herbicide,212,0.1739,0.0,1815.4946089099703,14210.10010717393
chemical,S3 herbicide,213,0.1764,0.0,1964.2084118185553,15372.636854640117
chemical,S3 herbicide,214,0.1781,0.0,2115.8783551624933,16450.059566768414
chemical,S3 herbicide,215,0.1793,0.0,2585.2021309879524,17419.00802839367
chemical,S3 herbicide,216,0.1804,0.0,3032.5054886611233,18289.517089743567
chemical,S3 herbicide,217,0.1812,0.0,3452.295044240675,19098.206524018868
chemical,S3 herbicide,218,0.182,0.0,3849.2703281392796,19839.245103159774
chemical,S3 herbicide,219,0.1825,0.0,4225.183483557818,20493.80682309983
chemical,S3 herbicide,220,0.1833,0.0,4579.938778788581,21055.23334330063
chemical,S3 herbicide,221,0.184,0.0,4915.292306120503,21522.311426652013
chemical,S3 herbicide,222,0.185,0.0,5233.542192676723,21928.07482635269
chemical,S3 herbicide,223,0.1856,0.0,5545.834511388672,22255.90395412462
chemical,S3 herbicide,224,0.1862,0.0,5851.336141240207,22476.11907336766
chemical,S3 herbicide,225,0.1869,0.0,6130.221302628189,22583.22585965445
chemical,S3 herbicide,226,0.1875,0.0,6381.554472222457,22580.790180387034
chemical,S3 herbicide,227,0.188,0.0,6619.490928385423,22475.93776197768
chemical,S3 herbicide,228,0.1885,0.0,6832.083351851636,22274.517176146335
chemical,S3 herbicide,229,0.1891,0.0,7023.475711167192,21985.15370026441
chemical,S3 herbicide,230,0.1895,0.0,7202.5361198024675,21614.23179927379
chemical,S3 herbicide,231,0.1897,0.0,7389.0054479082655,21175.25533827586
chemical,S3 herbicide,232,0.1564,0.0,1315.382168479005,6318.480067397053
chemical,S3 herbicide,233,0.1576,0.0,1377.9514429052028,6866.8953174827275
chemical,S3 herbicide,234,0.1591,0.0,1439.2912958579898,7487.428883175677
chemical,S3 herbicide,235,0.161,0.0,1501.0183158160974,8069.3607218033
chemical,S3 herbicide,236,0.1621,0.0,1689.0154411849219,8592.374243952707
chemical,S3 herbicide,237,0.1637,0.0,1865.8026849019118,9063.401381036847
chemical,S3 herbicide,238,0.165,0.0,2048.1288052124714,9493.209192608783
chemical,S3 herbicide,239,0.1658,0.0,2222.2528831924196,9880.358306013426
chemical,S3 herbicide,240,0.1669,0.0,2385.2263842429693,10239.07766755301
chemical,S3 herbicide,241,0.1674,0.0,2537.627020582408,10576.57577574535
chemical,S3 herbicide,242,0.168,0.0,2684.618062937783,10880.4807151402
chemical,S3 herbicide,243,0.1684,0.0,2826.106156958353,11160.897065853602
chemical,S3 herbicide,244,0.1832,605.6569506164025,2960.4240091341926,14212.187858778021
chemical,S3 herbicide,245,0.2028,652.8952426639623,3087.507699993218,19991.091902627326
chemical,S3 herbicide,246,0.2226,701.6331668310371,3208.0300445144003,28612.005229001246
chemical,S3 herbicide,247,0.2362,751.661936301821,3327.1507668688646,40109.154503922946
chemical,S3 herbicide,248,0.2474,802.7542503337684,3443.970075321652,54459.22426807693
chemical,S3 herbicide,249,0.2582,862.8986870668411,3555.745572543161,74485.13706295154
chemical,S3 herbicide,250,0.2671,923.2853979966312,3662.4291777990575,97481.65416008492
chemical,S3 herbicide,251,0.2772,983.2654095840719,3764.971187568319,123133.71085974667
chemical,S3 herbicide,252,0.2832,1042.65791991726,3864.579543826078,151245.39041725863
chemical,S3 herbicide,253,0.261,115.65820694137534,674.4546060326899,78854.07481749554
chemical,S3 herbicide,254,0.2716,128.0562031933275,708.9427925733505,109470.20237706802
chemical,S3 herbicide,255,0.271,127.80009078694086,744.1865537993019,107263.27147951405
chemical,S3 herbicide,256,0.2703,127.54449060536697,780.7410033700211,105101.81442784079
chemical,S3 herbicide,257,0.2794,142.33608664657586,893.1440258524767,136440.93104073068
chemical,S3 herbicide,258,0.2853,158.86760743056934,1000.741830636902,165814.8567044943
chemical,S3 herbicide,259,0.2905,176.87010892808743,1122.1281393120573,193407.9256327753
chemical,S3 herbicide,260,0.2959,197.05005589477204,1239.063373201684,220235.44527044945
chemical,S3 herbicide,261,0.2997,219.08060338045368,1348.1123277366282,246180.23090486537
chemical,S3 herbicide,262,0.3019,242.73275473651714,1449.9456966050102,271394.3572356084
chemical,S3 herbicide,263,0.3068,267.81830166412044,1546.367435630762,296037.59375122085
chemical,S3 herbicide,264,0.3096,294.11906841341244,1637.12254005682,320169.68390299636
chemical,S3 herbicide,265,0.3127,323.0353804072596,1724.6505965896545,345621.6725187241
chemical,S3 herbicide,266,0.3173,348.9315619937503,1810.3019605714658,366464.6179595403
chemical,S3 herbicide,267,0.3209,376.3657005336707,1892.1702490249181,387943.30774801044
chemical,S3 herbicide,268,0.3241,408.608357400217,1972.0875756357052,413609.0894330875
chemical,S3 herbicide,269,0.3282,442.50374658689475,2545.328913745627,440171.15912351944
chemical,S3 herbicide,270,0.3318,487.43358278670735,3616.4949578777187,466311.1734060886
chemical,S3 herbicide,271,0.3354,551.4590828251571,5226.423770603743,491064.67479337176
chemical,S3 herbicide,272,0.3374,645.6460980716381,7393.893680352909,515581.4066740154
chemical,S3 herbicide,273,0.34,770.4575007586775,10137.713885104477,537373.8923820076
chemical,S3 herbicide,274,0.3081,113.74984756923692,3121.245985225719,208423.59883897548
chemical,S3 herbicide,275,0.3075,113.52234787409844,4618.89232501697,204267.81515144272
chemical,S3 herbicide,276,0.3072,113.29530317835025,6348.686927415043,200221.8798909426
chemical,S3 herbicide,277,0.3068,113.06871257199353,8318.177245889812,196287.55730417045
chemical,S3 herbicide,278,0.3061,112.84257514684954,14190.235391498634,192466.7119474867
chemical,S3 herbicide,279,0.3055,112.61688999655586,20217.60070782846,188824.14689799974
chemical,S3 herbicide,280,0.3162,575.6793437610349,20157.06052259497,229651.33696089213
chemical,S3 herbicide,281,0.3223,890.1417751523165,20097.165020370947,256588.4746752715
chemical,S3 herbicide,282,0.327,1121.7964317978187,26252.828049335752,275535.37046258734
chemical,S3 herbicide,283,0.3331,1576.8445259304847,32047.249381359456,309694.95004247734
chemical,S3 herbicide,284,0.339,2199.5723900848134,37428.83597363383,350527.25575780566
chemical,S3 herbicide,285,0.3489,2923.458635927091,42428.41493854603,390242.489691462
chemical,S3 herbicide,286,0.3616,3786.88752321375,46845.23595218321,430351.61655782454
chemical,S3 herbicide,287,0.3727,4679.673093622149,50519.81667020678,456992.74191233196
chemical,S3 herbicide,288,0.3837,5604.010528280219,53415.296050857294,474137.13969409093
chemical,S3 herbicide,289,0.3978,6471.885538849701,55582.7041451105,485969.46502605174
chemical,S3 herbicide,290,0.4191,7251.883455904315,57236.01159348294,518665.30211416003
chemical,S3 herbicide,291,0.433,7579.346560785041,58441.72622482909,458186.79321758565
chemical,S3 herbicide,292,0.4399,7733.006995709043,59560.724254431,405935.2168068941
chemical,S3 herbicide,293,0.456,7993.388732927699,60699.374027919395,434243.2200413103
chemical,S3 herbicide,294,0.4835,8373.905374523076,61708.349730540554,509487.70144039235
chemical,S3 herbicide,295,0.3902,994.7470823135011,11398.999927548008,380056.45871889126
chemical,S3 herbicide,296,0.4268,1173.702799700146,11818.776115341687,619389.5262340078
chemical,S3 herbicide,297,0.4817,1390.575652109852,12247.51975220342,893890.9141804402
chemical,S3 herbicide,298,0.4778,1387.7945008056322,12658.700436721507,864434.994961848
chemical,S3 herbicide,299,0.5203,1644.635195609455,14119.260243169867,1166326.079532105
chemical,S3 herbicide,300,0.5491,1891.98384718529,14078.547097635968,1408089.5560853917
chemical,S3 herbicide,301,0.5598,1997.3075755011957,14038.20344019024,1475731.2121900124
chemical,S3 herbicide,302,0.5699,2072.7735786270723,13998.086137445174,1505686.1395735352
chemical,S3 herbicide,303,0.5842,2187.0876178908975,13958.164652611467,1583431.7769988321
chemical,S3 herbicide,304,0.607,2406.1735876101766,13918.477246271523,1792397.0054312907
chemical,S3 herbicide,305,0.6281,0.0,15573.418974805363,2020897.2520812673
chemical,S3 herbicide,306,0.6477,0.0,16762.732275430168,2199548.5304509858
chemical,S3 herbicide,307,0.6616,0.0,17709.728365923038,2292026.6157280533
chemical,S3 herbicide,308,0.674,0.0,19280.138636858188,2395174.268231868
chemical,S3 herbicide,309,0.6877,0.0,21251.57623411128,2494767.141766651
chemical,S3 herbicide,310,0.6996,0.0,23616.004116201955,2558899.9997868696
chemical,S3 herbicide,311,0.7088,0.0,26749.065898535504,2580966.9678757144
chemical,S3 herbicide,312,0.7133,0.0,30299.92656300348,2448248.124809924
chemical,S3 herbicide,313,0.7118,0.0,34549.96761105755,2232643.8443671204
chemical,S3 herbicide,314,0.7177,0.0,39170.61888025444,2154118.4248734373
chemical,S3 herbicide,315,0.7256,0.0,45174.85548199758,2139621.793657871
chemical,S3 herbicide,316,0.731,0.0,48276.46827873547,2096288.2820676472
chemical,S3 herbicide,317,0.7326,0.0,50002.26206203041,1880017.2721073127
chemical,S3 herbicide,318,0.7302,0.0,53419.22193629976,1582380.1953106574
chemical,S3 herbicide,319,0.7279,0.0,60825.68645899142,1342722.4770375004
chemical,S3 herbicide,320,0.7253,0.0,88237.86830445121,1145819.3804082172
chemical,S3 herbicide,321,0.7229,0.0,115029.9613298403,1000476.4713263887
chemical,S3 herbicide,322,0.7193,0.0,143337.5669989872,880527.3225630388
chemical,S3 herbicide,323,0.7159,0.0,142915.1334478451,781760.8917691193
chemical,S3 herbicide,324,0.7119,0.0,169357.53227193767,700012.5416812996
chemical,S3 herbicide,325,0.7094,0.0,190507.90002111008,635178.5369613285
chemical,S3 herbicide,326,0.7071,0.0,199001.46362587652,594145.9159816889
chemical,S3 herbicide,327,0.7058,0.0,204767.7595067049,567705.2677322582
chemical,S3 herbicide,328,0.7036,0.0,213310.897949094,538848.8996461711
chemical,S3 herbicide,329,0.7036,0.0,229235.50970792398,542697.4648406443
chemical,S3 herbicide,330,0.7036,0.0,245550.24456808198,529397.1061624982
chemical,S3 herbicide,331,0.706,0.0,258741.25378378812,552156.3047250574
chemical,S3 herbicide,332,0.7036,0.0,267254.83676026494,464275.4282527227
chemical,S3 herbicide,333,0.7017,0.0,275507.94525095297,419092.3615683378
chemical,S3 herbicide,334,0.7006,0.0,283295.32978462265,383003.3822495544
chemical,S3 herbicide,335,0.6984,0.0,290033.55116603896,360665.3433827079
chemical,S3 herbicide,336,0.6974,0.0,295801.7777166674,348255.4489819304
chemical,S3 herbicide,337,0.696,0.0,298113.58958872,338080.83325209667
chemical,S3 herbicide,338,0.6946,0.0,298345.4199022179,331070.86539353506
chemical,S3 herbicide,339,0.6934,0.0,300876.25268407207,328145.53127315064
chemical,S3 herbicide,340,0.6925,0.0,304694.2846798452,323458.1263718055
chemical,S3 herbicide,341,0.6915,0.0,308412.59497869294,320166.3877781587
chemical,S3 herbicide,342,0.6909,0.0,309541.7423907907,317801.3215608303
chemical,S3 herbicide,343,0.6906,0.0,308799.674177903,315936.88616423483
chemical,S3 herbicide,344,0.6896,0.0,307994.3029371789,316490.6307770476
chemical,S3 herbicide,345,0.6893,0.0,307083.13433935493,314196.79635175335
chemical,S3 herbicide,346,0.6884,0.0,306319.37993330153,312366.72197880514
chemical,S3 herbicide,347,0.6882,0.0,305494.4678929902,311610.54251298023
chemical,S3 herbicide,348,0.6874,0.0,304618.63350553444,311040.8298807169
chemical,S3 herbicide,349,0.6867,0.0,303735.6603394019,309172.32858624944
chemical,S3 herbicide,350,0.6861,0.0,302853.0479096712,307626.8385007331
chemical,S3 herbicide,351,0.6854,0.0,302125.5242571736,306273.84823780146
chemical,S3 herbicide,352,0.6846,0.0,301527.59572478983,305046.5945527633
chemical,S3 herbicide,353,0.6838,0.0,300884.7645332152,304799.07790281787
chemical,S3 herbicide,354,0.6834,0.0,300645.3451969529,303383.08818013105
chemical,S3 herbicide,355,0.6829,0.0,300304.8014084683,302786.2107462456
chemical,S3 herbicide,356,0.6817,0.0,300491.13804143167,301456.4542753974
chemical,S3 herbicide,357,0.6812,0.0,299602.2959430221,300323.7014053074
chemical,S3 herbicide,358,0.6807,0.0,298811.9589570993,299282.0134879139
chemical,S3 herbicide,359,0.6803,0.0,297928.1039212052,298299.63022979494
chemical,S3 herbicide,360,0.6799,0.0,297046.8752887368,297352.3259293285
chemical,S3 herbicide,361,0.6797,0.0,296192.42374762474,296428.0284787781
chemical,S3 herbicide,362,0.6795,0.0,295316.35198318266,295520.32212588924
chemical,S3 herbicide,363,0.6794,0.0,294442.88342302025,300131.41455882066
chemical,S3 herbicide,364,0.6797,0.0,293601.2246707014,318296.7856839682
chemical,S3 herbicide,365,0.6841,0.0,292733.2130274791,395685.214143355
prisms,S4 PRISMS window,1,0.0001,0.998,0.998,0.998
prisms,S4 PRISMS window,2,0.0001,0.0,0.996004,0.996004
prisms,S4 PRISMS window,3,0.0001,0.0,0.994011992,0.994011992
prisms,S4 PRISMS window,4,0.0001,0.0,0.992023968016,0.992023968016
prisms,S4 PRISMS window,5,0.0001,0.0,0.990039920079968,0.990039920079968
prisms,S4 PRISMS window,6,0.0001,0.0,0.9880598402398081,0.9880598402398081
prisms,S4 PRISMS window,7,0.0001,0.0,0.9860837205593285,0.9860837205593285
prisms,S4 PRISMS window,8,0.0001,0.0,0.9841115531182099,0.9841115531182099
prisms,S4 PRISMS window,9,0.0001,0.0,0.9821433300119734,0.9821433300119734
prisms,S4 PRISMS window,10,0.0001,0.0,0.9801790433519495,0.9801790433519495
prisms,S4 PRISMS window,11,0.0001,0.0,0.9782186852652456,0.9782186852652456
prisms,S4 PRISMS window,12,0.0001,0.0,0.976262247894715,0.976262247894715
prisms,S4 PRISMS window,13,0.0001,0.0,0.9743097233989256,0.9743097233989256
prisms,S4 PRISMS window,14,0.0001,0.0,0.9723611039521278,1.072370171512643
prisms,S4 PRISMS window,15,0.0001,0.0,0.9704163817442236,1.0690023439798029
prisms,S4 PRISMS window,16,0.0001,0.0,0.9684755489807352,1.0663792889904662
prisms,S4 PRISMS window,17,0.0001,0.0,0.9665385978827737,1.0624755626682623
prisms,S4 PRISMS window,18,0.0001,0.0,0.9646055206870082,1.058615289234335
prisms,S4 PRISMS window,19,0.0001,0.0,0.9626763096456342,1.0547976624098145
prisms,S4 PRISMS window,20,0.0001,0.0,0.9607509570263429,1.0510218921047056
prisms,S4 PRISMS window,21,0.0001,0.0,0.9588294551122902,1.0472872040883419
prisms,S4 PRISMS window,22,0.0001,0.0,0.9569117962020657,1.04359283966661
prisms,S4 PRISMS window,23,0.0001,0.0,0.9549979726096616,1.039938055365812
prisms,S4 PRISMS window,24,0.0001,0.0,0.9530879766644422,1.0363221226230193
prisms,S4 PRISMS window,25,0.0001,0.0,0.9511818007111134,1.0327443274827914
prisms,S4 PRISMS window,26,0.0001,0.0,0.9492794371096911,1.0319565789728409
prisms,S4 PRISMS window,27,0.0001,0.0,0.9473808782354717,1.0319104777385122
prisms,S4 PRISMS window,28,0.0001,0.0,0.9454861164790007,1.0473716671527342
prisms,S4 PRISMS window,29,0.0001,0.0,0.9435951442460427,1.0444809837948221
prisms,S4 PRISMS window,30,0.0001,0.0,0.9417079539575507,1.0407400037110104
prisms,S4 PRISMS window,31,0.0001,0.0,0.9398245380496356,1.037099029118545
prisms,S4 PRISMS window,32,0.0001,0.0,0.9379448889735363,1.0346559727080322
prisms,S4 PRISMS window,33,0.0001,0.0,0.9360689991955893,1.03083817915686
prisms,S4 PRISMS window,34,0.0001,0.0,0.9341968611971981,1.0270631885047163
prisms,S4 PRISMS window,35,0.0001,0.0,0.9323284674748037,1.0233302062034964
prisms,S4 PRISMS window,36,0.0001,0.0,0.930463810539854,1.0196384536347614
prisms,S4 PRISMS window,37,0.0001,0.0,0.9286028829187744,1.0159871677862875
prisms,S4 PRISMS window,38,0.0001,0.0,0.9267456771529368,1.0123756009352423
prisms,S4 PRISMS window,39,0.0001,0.0,0.9851177414003286,1.0088030203378457
prisms,S4 PRISMS window,40,0.0001,0.0,0.9834402378294854,1.0062970026309974
prisms,S4 PRISMS window,41,0.0001,0.0,0.9821948265968926,1.003810815118922
prisms,S4 PRISMS window,42,0.0005,0.0,0.9801694384337262,1.6253895331772843
prisms,S4 PRISMS window,43,0.002,0.0,0.9781484793804902,4.033010022978304
prisms,S4 PRISMS window,44,0.002,0.0,0.9761325047752739,4.015693437617543
prisms,S4 PRISMS window,45,0.002,0.0,0.974120755699761,3.9540517204824783
prisms,S4 PRISMS window,46,0.002,0.0,0.9721132090189936,3.8948867953557698
prisms,S4 PRISMS window,47,0.002,0.0,0.9701098561963951,3.889839739908748
prisms,S4 PRISMS window,48,0.0019,0.0,0.9681107051470045,3.829218449208846
prisms,S4 PRISMS window,49,0.0019,0.0,0.9661157291937242,3.76978003612613
prisms,S4 PRISMS window,50,0.0018,0.0,0.9641249194559789,3.711500742345066
prisms,S4 PRISMS window,51,0.0018,0.0,0.9637960463946094,3.6543572895701586
prisms,S4 PRISMS window,52,0.0017,0.0,0.9639241912516376,3.5983551695896114
prisms,S4 PRISMS window,53,0.0016,0.0,0.9734097793442062,3.543479196589028
prisms,S4 PRISMS window,54,0.0016,0.0,0.9720200289587583,3.489866425967649
prisms,S4 PRISMS window,55,0.0016,0.0,0.9701061329889535,3.437305779156274
prisms,S4 PRISMS window,56,0.0016,0.0,0.9682316822275305,3.38576712202707
prisms,S4 PRISMS window,57,0.0016,0.0,0.9670589890325899,3.335230548797644
prisms,S4 PRISMS window,58,0.0016,0.0,0.9650509301547631,3.285687861039858
prisms,S4 PRISMS window,59,0.0016,0.0,0.9630471092173916,3.2371047893345506
prisms,S4 PRISMS window,60,0.0016,0.0,0.9610475170791257,3.1894620864414467
prisms,S4 PRISMS window,61,0.0016,0.0,0.959052144618896,3.1427408936098393
prisms,S4 PRISMS window,62,0.0016,0.0,0.9570609827358649,3.0969227327016777
prisms,S4 PRISMS window,63,0.0016,0.0,0.955074022349381,3.0601800833153194
prisms,S4 PRISMS window,64,0.0016,0.0,0.9530912578758087,3.088004600578121
prisms,S4 PRISMS window,65,0.0022,0.0,0.951112707429533,6.331124868832517
prisms,S4 PRISMS window,66,0.0027,0.0,0.9491397327457017,10.032818320485308
prisms,S4 PRISMS window,67,0.0028,0.0,1.3230489375206202,10.222213199028058
prisms,S4 PRISMS window,68,0.0027,0.0,2.7791704339208203,10.040500923583428
prisms,S4 PRISMS window,69,0.0027,0.0,2.7994426465692506,9.887289874702084
prisms,S4 PRISMS window,70,0.0027,0.0,2.792764867342657,9.73750202147074
prisms,S4 PRISMS window,71,0.0027,0.0,2.7868724209116857,9.590608522413332
prisms,S4 PRISMS window,72,0.0027,0.0,2.812898972365787,9.446564511125908
prisms,S4 PRISMS window,73,0.0027,0.0,2.805330167490643,9.305857345590281
prisms,S4 PRISMS window,74,0.003,0.0,2.79778232924604,11.32449763843029
prisms,S4 PRISMS window,75,0.0032,0.0,2.7902827581997665,13.692867631087926
prisms,S4 PRISMS window,76,0.0032,0.0,2.7828364311515927,15.08996123250938
prisms,S4 PRISMS window,77,0.0032,0.0,2.7754314922790693,14.83555796469929
prisms,S4 PRISMS window,78,0.0036,0.0,2.7680468810823227,17.779644564990342
prisms,S4 PRISMS window,79,0.0038,0.0,2.7607239743570986,19.531165965533418
prisms,S4 PRISMS window,80,0.0039,0.0,2.7534480651078628,20.728018780940324
prisms,S4 PRISMS window,81,0.0039,0.0,2.7462123017947433,21.667416799520606
prisms,S4 PRISMS window,82,0.0039,0.0,2.7390135510341858,21.54581857617374
prisms,S4 PRISMS window,83,0.0039,0.0,2.731837857844507,21.161223552598898
prisms,S4 PRISMS window,84,0.0039,0.0,2.7246816090394694,20.78423106162005
prisms,S4 PRISMS window,85,0.0039,0.0,2.7175447504513124,20.414688433188424
prisms,S4 PRISMS window,86,0.0039,0.0,2.71042722806644,20.052446076439043
prisms,S4 PRISMS window,87,0.0038,0.0,2.70332898802499,19.701756659966204
prisms,S4 PRISMS window,88,0.0038,0.0,2.7011841272510018,19.363750453912314
prisms,S4 PRISMS window,89,0.0038,0.0,2.737516575536235,19.067002978338632
prisms,S4 PRISMS window,90,0.0039,0.0,4.711044324948853,21.316752586991534
prisms,S4 PRISMS window,91,0.0039,1.0595836938438832,6.994187653144416,20.970478140087096
prisms,S4 PRISMS window,92,0.0039,1.0574645264561955,7.199383982343539,20.670113780664344
prisms,S4 PRISMS window,93,0.0039,1.055349597403283,7.178843294922963,20.37928164028532
prisms,S4 PRISMS window,94,0.0039,1.0532388982084764,7.158362114635598,20.09393843577694
prisms,S4 PRISMS window,95,0.0038,1.0511324204120596,7.137940267189898,19.81397475879587
prisms,S4 PRISMS window,96,0.0038,1.0490301555712356,7.117577578808744,19.539283404162234
prisms,S4 PRISMS window,97,0.0038,1.046932095260093,7.097273876227886,19.269759325295293
prisms,S4 PRISMS window,98,0.0038,1.044838231069573,7.077028986694464,19.005299590555182
prisms,S4 PRISMS window,99,0.0038,1.0427485546074335,8.35610485612892,18.745803340472097
prisms,S4 PRISMS window,100,0.0038,1.040663057498219,9.866511520252487,18.5133382641134
prisms,S4 PRISMS window,101,0.0037,1.0385817313832224,10.815941758722547,18.31130766279663
prisms,S4 PRISMS window,102,0.0205,0.15883704980458696,5.63257122820083,65.3400263524784
prisms,S4 PRISMS window,103,0.0302,0.28270517039111215,7.174423554480942,126.84641106046797
prisms,S4 PRISMS window,104,0.0351,0.44036831201382026,8.158688824182507,187.22115626604227
prisms,S4 PRISMS window,105,0.0388,0.5941286077551711,8.886688496533278,238.57489423812854
prisms,S4 PRISMS window,106,0.0426,0.7681201824297443,9.498804905394199,293.0737429900443
prisms,S4 PRISMS window,107,0.0431,0.80345602069131,9.600600650810758,299.5788675765011
prisms,S4 PRISMS window,108,0.0431,0.8186343965022221,9.572602304879016,299.5735667703666
prisms,S4 PRISMS window,109,0.0428,0.8169971277092176,9.544703132360882,293.7453225134963
prisms,S4 PRISMS window,110,0.0445,0.8686858173808752,9.516886020091508,308.83167454619434
prisms,S4 PRISMS window,111,0.0467,0.9802290018501784,9.489204047848617,349.548517422152
prisms,S4 PRISMS window,112,0.0496,1.1469475910388827,9.463864866860897,416.5103386795779
prisms,S4 PRISMS window,113,0.0514,1.2741714565942512,9.441582002986975,468.7682447176337
prisms,S4 PRISMS window,114,0.0539,1.4046480575482125,9.436345229411184,526.0978579993962
prisms,S4 PRISMS window,115,0.0549,1.5098342380394327,10.67168639106611,573.731130633834
prisms,S4 PRISMS window,116,0.0562,1.6836793323496009,10.641181166130956,650.775204435238
prisms,S4 PRISMS window,117,0.0565,1.761530807406637,10.61094130196491,681.8141007887502
prisms,S4 PRISMS window,118,0.0566,1.7944569900296712,10.580870008866423,689.6848863823924
prisms,S4 PRISMS window,119,0.058,1.8615343449862956,10.55092185582985,720.7363844858047
prisms,S4 PRISMS window,120,0.0586,1.9681796446471127,10.52113062460735,781.5955705370825
prisms,S4 PRISMS window,121,0.0603,2.1016865934339894,10.491535412378175,866.6450264390023
prisms,S4 PRISMS window,122,0.0617,2.2408102884073062,10.462162492734475,962.1125594751891
prisms,S4 PRISMS window,123,0.0631,2.375620343780891,10.433016815544677,1060.7367546550884
prisms,S4 PRISMS window,124,0.0642,2.5279816953757384,10.404093385441822,1182.5092622972638
prisms,S4 PRISMS window,125,0.0652,2.6930189854459248,10.375409086980875,1325.3829735887334
prisms,S4 PRISMS window,126,0.0654,2.8181865586604364,10.34697587870538,1436.4890019105555
prisms,S4 PRISMS window,127,0.0654,2.812550185543115,42.7563212184347,1407.9185233665878
prisms,S4 PRISMS window,128,0.0654,2.8069250851720295,80.47408197215962,1380.471258312466
prisms,S4 PRISMS window,129,0.0652,2.801311235001685,118.12181935687623,1354.215046987261
prisms,S4 PRISMS window,130,0.0664,5.089259893716115,150.93155345193787,1536.3492403078744
prisms,S4 PRISMS window,131,0.0685,8.105666840391473,186.15457405154746,1742.8860519121044
prisms,S4 PRISMS window,132,0.0709,11.872596697008342,192.967980419012,1984.8895040300526
prisms,S4 PRISMS window,133,0.0729,15.749339514733373,195.91386911562617,2277.8905972875027
prisms,S4 PRISMS window,134,0.0753,19.734502117269827,195.341876847794,2649.2057551174767
prisms,S4 PRISMS window,135,0.0787,23.69640142012316,207.32108239982608,3115.1481394792418
prisms,S4 PRISMS window,136,0.0855,27.880258262256024,234.90565807090007,3690.0045594643843
prisms,S4 PRISMS window,137,0.0949,32.597578393093826,278.71875091056194,4385.306113916062
prisms,S4 PRISMS window,138,0.1007,37.894774414342635,314.3351544706967,5169.324071651861
prisms,S4 PRISMS window,139,0.1004,37.81898486551394,353.52088653104323,5069.901826606936
prisms,S4 PRISMS window,140,0.1081,45.133717902063346,387.4253071390589,6292.944455194298
prisms,S4 PRISMS window,141,0.1139,53.040531483853336,439.47540594795794,7693.581426064566
prisms,S4 PRISMS window,142,0.1177,61.78115835841565,464.59678944432073,9272.172526313243
prisms,S4 PRISMS window,143,0.126,70.7058049670814,476.08019609546204,11057.422424144133
prisms,S4 PRISMS window,144,0.1309,79.2815795575832,501.5254684695336,13018.966384764948
prisms,S4 PRISMS window,145,0.1359,87.92684628454599,545.083164980773,15196.510726444718
prisms,S4 PRISMS window,146,0.1399,97.42593032355822,603.6528060494417,17727.533736095833
prisms,S4 PRISMS window,147,0.1512,108.33203866431069,669.175137347457,20719.027591288475
prisms,S4 PRISMS window,148,0.1582,121.15322272234145,737.3959310186644,24325.93064068878
prisms,S4 PRISMS window,149,0.1621,135.16319943914124,820.0906027185313,28353.41365456564
prisms,S4 PRISMS window,150,0.1652,150.3921796391304,916.1230121467917,32757.104274516503
prisms,S4 PRISMS window,151,0.1687,166.9445152592796,994.5166825289091,37531.46311815604
prisms,S4 PRISMS window,152,0.1718,184.40218283522836,991.7000769965816,42722.315011831844
prisms,S4 PRISMS window,153,0.1739,202.00584949347643,988.909378948427,48747.61017680087
prisms,S4 PRISMS window,154,0.1761,219.41500071817788,986.1446566610753,55551.92847907055
prisms,S4 PRISMS window,155,0.1794,235.96572934803962,1103.238316080164,62857.362932856166
prisms,S4 PRISMS window,156,0.1811,254.0758917189077,1235.1113230239237,70554.09835443672
prisms,S4 PRISMS window,157,0.1833,274.1185552071129,1387.6857214897532,78741.75522231829
prisms,S4 PRISMS window,158,0.1853,296.5716921243647,1569.600547887887,87514.74793774671
prisms,S4 PRISMS window,159,0.1879,322.4582879330694,1795.3289588737234,97142.80789120568
prisms,S4 PRISMS window,160,0.1906,356.0234993926719,2075.068544977197,109142.52834588496
prisms,S4 PRISMS window,161,0.1925,394.5539147444212,2418.1130552592394,121754.51108343605
prisms,S4 PRISMS window,162,0.1949,438.7911781505091,2829.3049578155915,134850.05970389643
prisms,S4 PRISMS window,163,0.1963,492.51165398439355,3284.0208325110248,149406.74083964826
prisms,S4 PRISMS window,164,0.198,555.3877570442396,3274.661281667476,165023.69417111378
prisms,S4 PRISMS window,165,0.2002,614.6119207417731,3944.52160354492,180949.75272278395
prisms,S4 PRISMS window,166,0.2054,685.5798410054333,4703.8953347330935,197439.27331944983
prisms,S4 PRISMS window,167,0.2102,772.5093875298561,5549.431170589715,215428.50050783457
prisms,S4 PRISMS window,168,0.2163,873.366713394871,6489.4335717447175,233758.49417681023
prisms,S4 PRISMS window,169,0.2312,989.6271649904079,7465.779513476286,252489.07392137568
prisms,S4 PRISMS window,170,0.2411,1120.8373284204722,8480.94519329795,271515.6384379626
prisms,S4 PRISMS window,171,0.2475,1269.682311542992,9612.66500846995,291539.2699237799
prisms,S4 PRISMS window,172,0.253,1436.5581360815313,10928.636630149967,311979.3020148341
prisms,S4 PRISMS window,173,0.2578,1625.449222670425,12393.958584509839,332900.47555492044
prisms,S4 PRISMS window,174,0.2619,1851.789179018269,13912.038661231427,357493.42639106
prisms,S4 PRISMS window,175,0.2657,2108.839533661393,15451.19098577222,382534.9072529952
prisms,S4 PRISMS window,176,0.2717,2388.2896138114693,16942.881080222985,405198.6519652854
prisms,S4 PRISMS window,177,0.2837,2685.757703678865,18360.078140636237,424983.49928851286
prisms,S4 PRISMS window,178,0.2947,3022.9286333130412,19793.923305028493,450327.34047093906
prisms,S4 PRISMS window,179,0.3039,3370.987794154865,21281.260621160945,471265.72446388856
prisms,S4 PRISMS window,180,0.3141,3732.8408241938223,22755.72700252122,492186.08797005645
prisms,S4 PRISMS window,181,0.3231,4095.0133025956125,24111.396848680288,513120.14640998293
prisms,S4 PRISMS window,182,0.331,0.0,25367.792395669727,515311.3405936748
prisms,S4 PRISMS window,183,0.3364,0.0,26648.048709130155,513792.09839870466
prisms,S4 PRISMS window,184,0.3434,0.0,27849.814796016923,500840.3454657899
prisms,S4 PRISMS window,185,0.3484,0.0,29160.405719390958,484169.24666672456
prisms,S4 PRISMS window,186,0.3521,0.0,30343.00520127336,466524.3992954667
prisms,S4 PRISMS window,187,0.3565,0.0,31359.893920404236,450045.17930883693
prisms,S4 PRISMS window,188,0.3605,0.0,32417.37372165727,432333.51377952157
prisms,S4 PRISMS window,189,0.3647,0.0,33365.06600667679,418408.8597048033
prisms,S4 PRISMS window,190,0.3689,0.0,34305.24410594721,401286.96687423217
prisms,S4 PRISMS window,191,0.3716,0.0,35362.249430021584,381100.16342976596
prisms,S4 PRISMS window,192,0.374,0.0,36518.063066273025,359448.369079043
prisms,S4 PRISMS window,193,0.3764,0.0,37677.774338464835,339052.0310599346
prisms,S4 PRISMS window,194,0.3788,0.0,39138.19488098593,319798.10599445127
prisms,S4 PRISMS window,195,0.3808,0.0,40746.86267110643,301447.2858015471
prisms,S4 PRISMS window,196,0.3818,0.0,42321.60221690829,284372.1235214675
prisms,S4 PRISMS window,197,0.3842,0.0,43800.2826944298,268698.0871287135
prisms,S4 PRISMS window,198,0.386,0.0,45307.94830169954,256370.22979888448
prisms,S4 PRISMS window,199,0.3873,0.0,46835.73742082704,244830.2926866987
prisms,S4 PRISMS window,200,0.3884,0.0,48281.934246007644,229247.21897767833
prisms,S4 PRISMS window,201,0.3895,0.0,49632.15698608146,213710.34887321113
prisms,S4 PRISMS window,202,0.3902,0.0,51235.29253804688,202333.792778289
prisms,S4 PRISMS window,203,0.3911,0.0,53083.37751335897,188858.87486132397
prisms,S4 PRISMS window,204,0.3915,0.0,54922.790379147365,177153.1243538024
prisms,S4 PRISMS window,205,0.392,0.0,56655.38946273424,168661.77061401843
prisms,S4 PRISMS window,206,0.3928,0.0,58252.93523416428,166724.04472549265
prisms,S4 PRISMS window,207,0.3936,0.0,59477.33603260622,161193.06240500935
prisms,S4 PRISMS window,208,0.3946,0.0,60467.62399661289,152836.13282029866
prisms,S4 PRISMS window,209,0.395,0.0,61163.37718285389,145464.51665119088
prisms,S4 PRISMS window,210,0.3955,0.0,61611.1497461869,139541.92161104147
prisms,S4 PRISMS window,211,0.3964,0.0,61867.64995712972,133265.39210676806
prisms,S4 PRISMS window,212,0.3968,0.0,61990.64079915744,127417.00077011515
prisms,S4 PRISMS window,213,0.3972,0.0,61956.05891480822,126396.49500727901
prisms,S4 PRISMS window,214,0.3975,0.0,61835.25794376063,122145.86186698484
prisms,S4 PRISMS window,215,0.3978,0.0,61643.75926923228,117393.9007635878
prisms,S4 PRISMS window,216,0.3985,0.0,61385.50978106733,113013.66879470783
prisms,S4 PRISMS window,217,0.3987,0.0,61054.22027893588,110168.98704249697
prisms,S4 PRISMS window,218,0.3988,0.0,60670.18926058213,107444.60916490699
prisms,S4 PRISMS window,219,0.399,0.0,60248.66813050839,104382.91975849526
prisms,S4 PRISMS window,220,0.3994,0.0,59800.42778026273,101379.43095439558
prisms,S4 PRISMS window,221,0.3996,0.0,59333.907380482124,98607.61160769951
prisms,S4 PRISMS window,222,0.3999,0.0,58837.659491652936,97220.35007307981
prisms,S4 PRISMS window,223,0.4006,0.0,58325.70476531106,95602.5726087711
prisms,S4 PRISMS window,224,0.4009,0.0,57812.06705722767,93258.40232828436
prisms,S4 PRISMS window,225,0.4013,0.0,57292.05281017469,90890.65290375447
prisms,S4 PRISMS window,226,0.4015,0.0,56767.30154987871,88750.01516729026
prisms,S4 PRISMS window,227,0.4018,0.0,56242.90178719802,86883.795907461
prisms,S4 PRISMS window,228,0.4019,0.0,55715.877214186694,85156.44015526384
prisms,S4 PRISMS window,229,0.4024,0.0,55184.65236749219,83595.02598177128
prisms,S4 PRISMS window,230,0.4025,0.0,54654.796703212225,82037.43238464565
prisms,S4 PRISMS window,231,0.4026,0.0,54134.469351652806,80606.7759317363
prisms,S4 PRISMS window,232,0.4028,0.0,53622.05700780082,79035.1346223671
prisms,S4 PRISMS window,233,0.4029,0.0,53116.913551197664,77455.21220572013
prisms,S4 PRISMS window,234,0.4034,0.0,52540.87429323328,79647.74075124675
prisms,S4 PRISMS window,235,0.4035,0.0,51970.7287688131,78116.11102020866
prisms,S4 PRISMS window,236,0.4037,0.0,51421.52109101659,75897.90902870455
prisms,S4 PRISMS window,237,0.4037,0.0,50891.78632048567,73835.80233382105
prisms,S4 PRISMS window,238,0.4038,0.0,50379.68913686041,72158.63974622222
prisms,S4 PRISMS window,239,0.4039,0.0,49884.826140093806,70448.61688388984
prisms,S4 PRISMS window,240,0.4039,0.0,49396.25383058032,69246.57096466616
prisms,S4 PRISMS window,241,0.4039,0.0,48907.74299977801,68323.50194527015
prisms,S4 PRISMS window,242,0.4041,0.0,48431.72615850309,67024.57910345084
prisms,S4 PRISMS window,243,0.4041,0.0,47959.235489983716,66099.53537339963
prisms,S4 PRISMS window,244,0.5477,23784.610971998613,47502.80869245858,183706.29173277342
prisms,S4 PRISMS window,245,0.6982,23877.542279998772,47061.72787432869,316081.59130866075
prisms,S4 PRISMS window,246,0.7906,23967.793522093056,46629.04940454192,462548.3089669746
prisms,S4 PRISMS window,247,0.8434,24055.462278569525,46205.92156900884,621111.8923268087
prisms,S4 PRISMS window,248,0.8741,24139.518977260086,45792.289078325106,783761.2848339183
prisms,S4 PRISMS window,249,0.8948,24234.160425758026,45335.34901550706,1050874.7922286948
prisms,S4 PRISMS window,250,0.9139,24323.35477504546,44892.669027556236,1242202.9012601133
prisms,S4 PRISMS window,251,0.9293,24406.572579831984,44466.772004992,1426143.4730789657
prisms,S4 PRISMS window,252,0.9425,24484.275378587783,44057.61430799046,1605895.5902962447
prisms,S4 PRISMS window,253,0.9511,24557.50418775196,43663.4786989158,1782867.6460169211
prisms,S4 PRISMS window,254,0.9577,24631.6244166986,43262.50972760864,2029160.9563972247
prisms,S4 PRISMS window,255,0.9569,24582.3611678652,43170.606806473064,917834.92736755
prisms,S4 PRISMS window,256,0.9565,24533.196445529476,43078.251303230645,822487.9371492417
prisms,S4 PRISMS window,257,0.9628,24684.7733363402,42758.85679407336,2355794.0636736844
prisms,S4 PRISMS window,258,0.968,24753.53400450996,42379.73711063966,2602509.9799956465
prisms,S4 PRISMS window,259,0.9723,24817.779809945838,42019.860997179894,2813935.2127183676
prisms,S4 PRISMS window,260,0.9755,24879.55854473746,41668.03442727552,3047252.003678591
prisms,S4 PRISMS window,261,0.9781,24938.721780783075,41326.2662139905,3257791.743206631
prisms,S4 PRISMS window,262,0.9799,24995.04908782628,40993.646801370545,3463774.9365066914
prisms,S4 PRISMS window,263,0.9818,25049.07149630106,40670.01735223772,3668213.0968015026
prisms,S4 PRISMS window,264,0.983,25100.910398639582,40355.68213780453,3866454.1368658226
prisms,S4 PRISMS window,265,0.9838,25153.69186594349,40035.715954689,4169295.59766595
prisms,S4 PRISMS window,266,0.9852,25196.17393944382,39759.594571170164,4099502.194292214
prisms,S4 PRISMS window,267,0.9864,25238.320807923745,39485.11964743825,4310720.084083652
prisms,S4 PRISMS window,268,0.9872,25285.93259247321,39187.01824318558,4762347.22043326
prisms,S4 PRISMS window,269,0.9879,25333.212962472713,43749.34186140135,5050451.5412035715
prisms,S4 PRISMS window,270,0.9886,25483.465149785032,52034.298937565065,5252205.210984284
prisms,S4 PRISMS window,271,0.9895,25800.21998216208,65646.9879701567,5367263.723525895
prisms,S4 PRISMS window,272,0.9898,26386.208687870138,81761.23316514678,5512688.063380734
prisms,S4 PRISMS window,273,0.9905,27216.074370507675,101005.13382080499,5465910.981260566
prisms,S4 PRISMS window,274,0.9916,28521.296935844617,125638.5155080051,5770076.002864554
prisms,S4 PRISMS window,275,0.9915,28464.254341972926,152137.4266397841,3238524.734249099
prisms,S4 PRISMS window,276,0.9915,28407.32583328898,179310.5184730481,2779466.5148980543
prisms,S4 PRISMS window,277,0.991,28350.5111816224,205549.21862773487,2433380.8703988786
prisms,S4 PRISMS window,278,0.991,28293.810159259163,231004.41098487185,2162892.6034675515
prisms,S4 PRISMS window,279,0.9909,28237.222538940645,258461.2677618859,1947239.0533678783
prisms,S4 PRISMS window,280,0.994,33460.9023312466,257689.1248899326,5301293.111823956
prisms,S4 PRISMS window,281,0.9956,36440.47544202201,256381.8903803121,4469507.434671311
prisms,S4 PRISMS window,282,0.9965,38110.56170885905,271688.1798954068,3670409.9798755436
prisms,S4 PRISMS window,283,0.9976,40180.38915615776,283189.4862585749,4559799.561981134
prisms,S4 PRISMS window,284,0.9984,42172.73092851131,290904.0484378013,5040366.045959036
prisms,S4 PRISMS window,285,0.999,43970.90678282832,296213.7117483847,5181864.047800941
prisms,S4 PRISMS window,286,0.9994,45748.86708596136,300071.93085881445,5541756.18156933
prisms,S4 PRISMS window,287,1.0,47323.962040487066,303219.410179983,5492351.395794337
prisms,S4 PRISMS window,288,1.0,48809.55748846923,305729.22860882466,5537444.037062375
prisms,S4 PRISMS window,289,1.0,50192.98044750518,307567.6035841132,5520157.496953459
prisms,S4 PRISMS window,290,1.0,51629.34139044257,309163.0345386884,5916933.196025957
prisms,S4 PRISMS window,291,1.0,52294.54678171339,312437.71789892076,3847731.955120678
prisms,S4 PRISMS window,292,1.0,52617.72050123422,316235.3404699423,2774936.7065283433
prisms,S4 PRISMS window,293,1.0,53213.06397852154,320252.7468634404,3385392.6525818035
prisms,S4 PRISMS window,294,1.0,54145.881588662494,323692.56453281746,4351374.756764039
prisms,S4 PRISMS window,295,1.0,55451.61471643199,325869.0639738495,5575961.674418859
prisms,S4 PRISMS window,296,1.0,56924.671172970586,327049.23167758994,6326363.410436614
prisms,S4 PRISMS window,297,1.0,58668.261986376456,327255.55166641483,7478190.39604934
prisms,S4 PRISMS window,298,1.0,58550.9254624037,330606.1486238704,2443462.5525229713
prisms,S4 PRISMS window,299,1.0,60658.118918036635,331843.24735478405,8399415.124192866
prisms,S4 PRISMS window,300,1.0,62412.28738935861,327335.2576330467,8166610.163260439
prisms,S4 PRISMS window,301,1.0,63128.26320404547,324884.5788536111,5334736.586706326
prisms,S4 PRISMS window,302,1.0,63624.08452714282,322867.7415975324,4574477.773656209
prisms,S4 PRISMS window,303,1.0,64374.82884823722,320265.56907724426,5536252.014090874
prisms,S4 PRISMS window,304,1.0,65785.7034710515,316050.984741967,8565008.389126688
prisms,S4 PRISMS window,305,1.0,0.0,321837.10746979783,9786851.333373427
prisms,S4 PRISMS window,306,1.0,0.0,324598.394063065,9588979.251667175
prisms,S4 PRISMS window,307,1.0,0.0,326165.41746690543,8429013.751819786
prisms,S4 PRISMS window,308,1.0,0.0,329983.3625545162,8991629.296023931
prisms,S4 PRISMS window,309,1.0,0.0,334445.1817780584,9418396.496318141
prisms,S4 PRISMS window,310,1.0,0.0,339817.55531318474,9261175.716583021
prisms,S4 PRISMS window,311,1.0,0.0,347362.61207852286,8904598.64512512
prisms,S4 PRISMS window,312,1.0,0.0,356635.36997526395,6090118.320540672
prisms,S4 PRISMS window,313,1.0,0.0,368495.7705794865,3967811.1406291956
prisms,S4 PRISMS window,314,1.0,0.0,378415.02439586807,6025394.666235521
prisms,S4 PRISMS window,315,1.0,0.0,389964.32710758864,7518221.382183973
prisms,S4 PRISMS window,316,1.0,0.0,392685.2813648698,7626139.286861171
prisms,S4 PRISMS window,317,1.0,0.0,393963.57863057236,4729021.983527149
prisms,S4 PRISMS window,318,1.0,0.0,400044.0853614664,2280342.1113528884
prisms,S4 PRISMS window,319,1.0,0.0,409654.78303592076,1892440.9889927048
prisms,S4 PRISMS window,320,1.0,0.0,423164.28659460467,1555607.1088766488
prisms,S4 PRISMS window,321,1.0,0.0,439003.9042962844,1596164.1230428088
prisms,S4 PRISMS window,322,1.0,0.0,459129.0955377772,1419245.9547408186
prisms,S4 PRISMS window,323,1.0,0.0,457839.5392704562,1264301.2719642664
prisms,S4 PRISMS window,324,1.0,0.0,482878.7565967388,1178147.5196027528
prisms,S4 PRISMS window,325,1.0,0.0,506449.1326807344,1116728.0414116103
prisms,S4 PRISMS window,326,1.0,0.0,516803.9230186911,1296084.6070842585
prisms,S4 PRISMS window,327,1.0,0.0,524333.3842465559,1472529.2001478183
prisms,S4 PRISMS window,328,1.0,0.0,537391.6417031938,1397444.4103165655
prisms,S4 PRISMS window,329,1.0,0.0,564354.5345223477,2011332.4391673862
prisms,S4 PRISMS window,330,1.0,0.0,593319.114934954,1892359.8378841975
prisms,S4 PRISMS window,331,1.0,0.0,617122.370253921,2737647.663111488
prisms,S4 PRISMS window,332,1.0,0.0,634760.7737039146,1052231.271819003
prisms,S4 PRISMS window,333,1.0,0.0,652911.1348263243,1079449.7723853341
prisms,S4 PRISMS window,334,1.0,0.0,670823.8410215258,882712.5565415107
prisms,S4 PRISMS window,335,1.0,0.0,686775.6429725973,840914.3739340205
prisms,S4 PRISMS window,336,1.0,0.0,700686.2225744366,854931.3282245396
prisms,S4 PRISMS window,337,1.0,0.0,706384.8768840743,802179.4578952412
prisms,S4 PRISMS window,338,1.0,0.0,707064.1986967383,786784.7665248243
prisms,S4 PRISMS window,339,1.0,0.0,713333.250541067,822736.878137361
prisms,S4 PRISMS window,340,1.0,0.0,722717.4402884278,772134.8162316228
prisms,S4 PRISMS window,341,1.0,0.0,731841.4041710969,762399.8468388517
prisms,S4 PRISMS window,342,1.0,0.0,734685.0524140233,756663.5205423571
prisms,S4 PRISMS window,343,1.0,0.0,732994.9584843428,752157.2524776976
prisms,S4 PRISMS window,344,1.0,0.0,731150.7341931334,794008.8935612843
prisms,S4 PRISMS window,345,1.0,0.0,729050.3396362168,750157.8381883496
prisms,S4 PRISMS window,346,1.0,0.0,727303.7687933334,743038.1095078143
prisms,S4 PRISMS window,347,1.0,0.0,725409.1037525281,755762.7494214623
prisms,S4 PRISMS window,348,1.0,0.0,723391.8910913293,761314.9840013265
prisms,S4 PRISMS window,349,1.0,0.0,721357.1151253041,736470.4013878811
prisms,S4 PRISMS window,350,1.0,0.0,719322.7000795836,731085.6737188925
prisms,S4 PRISMS window,351,1.0,0.0,717651.8621606926,727697.9080157795
prisms,S4 PRISMS window,352,1.0,0.0,716281.2924136936,724755.5199875883
prisms,S4 PRISMS window,353,1.0,0.0,714802.8139061071,740882.8680645786
prisms,S4 PRISMS window,354,1.0,0.0,714254.2814533102,722334.4956275497
prisms,S4 PRISMS window,355,1.0,0.0,713467.3305759698,731103.0965782308
prisms,S4 PRISMS window,356,1.0,0.0,713888.478658257,717337.9432410569
prisms,S4 PRISMS window,357,1.0,0.0,711837.923910213,713619.2754245268
prisms,S4 PRISMS window,358,1.0,0.0,710013.959096205,711115.2929762313
prisms,S4 PRISMS window,359,1.0,0.0,707974.6638285381,708859.4761126551
prisms,S4 PRISMS window,360,1.0,0.0,705941.3049534552,706688.1946660659
prisms,S4 PRISMS window,361,1.0,0.0,703969.6146856009,704562.7751282414
prisms,S4 PRISMS window,362,1.0,0.0,701947.9090597415,702470.241532739
prisms,S4 PRISMS window,363,1.0,0.0,699932.0881443233,816790.0708150548
prisms,S4 PRISMS window,364,1.0,0.0,697989.697273924,1165338.5375488014
prisms,S4 PRISMS window,365,1.0,0.0,695533.7389464979,2639832.054180736
