time,temperature_c,dni_W_m2,dhi_W_m2,ghi_W_m2
2021-01-01T00:00,13.2,0.0,48.0,48.0
2021-01-01T01:00,12.0,16.3,5.0,6.0
2021-01-01T02:00,10.4,0.0,0.0,0.0
2021-01-01T03:00,9.6,0.0,0.0,0.0
2021-01-01T04:00,8.7,0.0,0.0,0.0
2021-01-01T05:00,8.3,0.0,0.0,0.0
2021-01-01T06:00,8.1,0.0,0.0,0.0
2021-01-01T07:00,7.4,0.0,0.0,0.0
2021-01-01T08:00,8.3,0.0,0.0,0.0
2021-01-01T09:00,8.5,0.0,0.0,0.0
2021-01-01T10:00,6.5,0.0,0.0,0.0
2021-01-01T11:00,5.0,0.0,0.0,0.0
2021-01-01T12:00,5.0,0.0,0.0,0.0
2021-01-01T13:00,4.4,0.0,0.0,0.0
2021-01-01T14:00,3.7,0.0,0.0,0.0
2021-01-01T15:00,3.7,53.5,5.0,8.0
2021-01-01T16:00,6.9,514.8,43.0,127.0
2021-01-01T17:00,10.2,724.7,68.0,302.0
2021-01-01T18:00,13.0,829.5,78.0,448.0
2021-01-01T19:00,15.0,877.6,84.0,544.0
2021-01-01T20:00,16.1,893.1,86.0,579.0
2021-01-01T21:00,16.7,883.1,83.0,549.0
2021-01-01T22:00,17.2,839.2,78.0,458.0
2021-01-01T23:00,17.3,743.0,67.0,314.0
2021-01-02T00:00,16.0,549.0,44.0,140.0
2021-01-02T01:00,14.1,80.1,6.0,11.0
2021-01-02T02:00,12.6,0.0,0.0,0.0
2021-01-02T03:00,11.5,0.0,0.0,0.0
2021-01-02T04:00,10.3,0.0,0.0,0.0
2021-01-02T05:00,10.5,0.0,0.0,0.0
2021-01-02T06:00,11.4,0.0,0.0,0.0
2021-01-02T07:00,9.4,0.0,0.0,0.0
2021-01-02T08:00,5.7,0.0,0.0,0.0
2021-01-02T09:00,5.3,0.0,0.0,0.0
2021-01-02T10:00,6.1,0.0,0.0,0.0
2021-01-02T11:00,4.0,0.0,0.0,0.0
2021-01-02T12:00,2.8,0.0,0.0,0.0
2021-01-02T13:00,1.8,0.0,0.0,0.0
2021-01-02T14:00,1.9,0.0,0.0,0.0
2021-01-02T15:00,2.8,17.9,6.0,7.0
2021-01-02T16:00,5.0,221.1,60.0,96.0
2021-01-02T17:00,8.0,740.1,65.0,304.0
2021-01-02T18:00,10.8,831.0,78.0,449.0
2021-01-02T19:00,13.1,876.1,84.0,544.0
2021-01-02T20:00,14.9,890.9,86.0,579.0
2021-01-02T21:00,15.8,527.0,194.0,473.0
2021-01-02T22:00,16.3,408.9,184.0,370.0
2021-01-02T23:00,16.5,615.4,90.0,296.0
2021-01-03T00:00,16.1,558.3,44.0,143.0
2021-01-03T01:00,15.4,78.5,7.0,12.0
2021-01-03T02:00,14.4,0.0,0.0,0.0
2021-01-03T03:00,13.7,0.0,0.0,0.0
2021-01-03T04:00,12.7,0.0,0.0,0.0
2021-01-03T05:00,10.9,0.0,0.0,0.0
2021-01-03T06:00,8.9,0.0,0.0,0.0
2021-01-03T07:00,8.8,0.0,0.0,0.0
2021-01-03T08:00,8.5,0.0,0.0,0.0
2021-01-03T09:00,7.6,0.0,0.0,0.0
2021-01-03T10:00,4.5,0.0,0.0,0.0
2021-01-03T11:00,3.3,0.0,0.0,0.0
2021-01-03T12:00,2.0,0.0,0.0,0.0
2021-01-03T13:00,1.7,0.0,0.0,0.0
2021-01-03T14:00,2.0,0.0,0.0,0.0
2021-01-03T15:00,2.2,53.9,4.0,7.0
2021-01-03T16:00,5.0,510.4,43.0,126.0
2021-01-03T17:00,8.2,711.9,67.0,297.0
2021-01-03T18:00,11.1,809.8,78.0,440.0
2021-01-03T19:00,13.2,840.2,89.0,531.0
2021-01-03T20:00,14.9,767.9,122.0,548.0
2021-01-03T21:00,16.2,803.8,102.0,529.0
2021-01-03T22:00,16.8,744.0,98.0,438.0
2021-01-03T23:00,16.9,622.9,87.0,297.0
2021-01-04T00:00,16.0,489.4,50.0,138.0
2021-01-04T01:00,14.8,76.9,7.0,12.0
2021-01-04T02:00,15.4,0.0,0.0,0.0
2021-01-04T03:00,14.6,0.0,0.0,0.0
2021-01-04T04:00,14.0,0.0,0.0,0.0
2021-01-04T05:00,11.5,0.0,0.0,0.0
2021-01-04T06:00,11.8,0.0,0.0,0.0
2021-01-04T07:00,11.0,0.0,0.0,0.0
2021-01-04T08:00,8.1,0.0,0.0,0.0
2021-01-04T09:00,6.2,0.0,0.0,0.0
2021-01-04T10:00,5.3,0.0,0.0,0.0
2021-01-04T11:00,4.6,0.0,0.0,0.0
2021-01-04T12:00,4.3,0.0,0.0,0.0
2021-01-04T13:00,3.2,0.0,0.0,0.0
2021-01-04T14:00,3.0,0.0,0.0,0.0
2021-01-04T15:00,3.5,54.0,4.0,7.0
2021-01-04T16:00,6.2,516.9,43.0,127.0
2021-01-04T17:00,9.4,723.8,66.0,300.0
2021-01-04T18:00,12.4,824.2,78.0,447.0
2021-01-04T19:00,15.0,870.7,84.0,543.0
2021-01-04T20:00,17.0,884.5,86.0,578.0
2021-01-04T21:00,18.5,872.3,83.0,548.0
2021-01-04T22:00,19.3,805.8,85.0,455.0
2021-01-04T23:00,19.4,633.2,89.0,304.0
2021-01-05T00:00,19.4,356.4,66.0,131.0
2021-01-05T01:00,16.4,60.3,8.0,12.0
2021-01-05T02:00,14.4,0.0,0.0,0.0
2021-01-05T03:00,15.6,0.0,0.0,0.0
2021-01-05T04:00,14.6,0.0,0.0,0.0
2021-01-05T05:00,12.0,0.0,0.0,0.0
2021-01-05T06:00,10.5,0.0,0.0,0.0
2021-01-05T07:00,12.2,0.0,0.0,0.0
2021-01-05T08:00,11.9,0.0,0.0,0.0
2021-01-05T09:00,9.5,0.0,0.0,0.0
2021-01-05T10:00,7.9,0.0,0.0,0.0
2021-01-05T11:00,8.4,0.0,0.0,0.0
2021-01-05T12:00,5.7,0.0,0.0,0.0
2021-01-05T13:00,4.1,0.0,0.0,0.0
2021-01-05T14:00,3.4,0.0,0.0,0.0
2021-01-05T15:00,3.7,54.0,5.0,8.0
2021-01-05T16:00,6.8,541.6,43.0,131.0
2021-01-05T17:00,10.4,747.7,66.0,308.0
2021-01-05T18:00,13.7,845.1,78.0,457.0
2021-01-05T19:00,16.2,891.5,84.0,555.0
2021-01-05T20:00,18.2,907.0,85.0,591.0
2021-01-05T21:00,19.9,895.2,85.0,564.0
2021-01-05T22:00,20.9,856.0,79.0,474.0
2021-01-05T23:00,21.1,760.2,68.0,328.0
2021-01-06T00:00,19.6,567.7,47.0,152.0
2021-01-06T01:00,16.7,103.5,7.0,14.0
2021-01-06T02:00,14.9,0.0,0.0,0.0
2021-01-06T03:00,14.1,0.0,0.0,0.0
2021-01-06T04:00,13.0,0.0,0.0,0.0
2021-01-06T05:00,11.5,0.0,0.0,0.0
2021-01-06T06:00,13.4,0.0,0.0,0.0
2021-01-06T07:00,9.3,0.0,0.0,0.0
2021-01-06T08:00,8.1,0.0,0.0,0.0
2021-01-06T09:00,7.8,0.0,0.0,0.0
2021-01-06T10:00,7.1,0.0,0.0,0.0
2021-01-06T11:00,7.5,0.0,0.0,0.0
2021-01-06T12:00,7.0,0.0,0.0,0.0
2021-01-06T13:00,6.0,0.0,0.0,0.0
2021-01-06T14:00,5.3,0.0,0.0,0.0
2021-01-06T15:00,5.8,54.0,5.0,8.0
2021-01-06T16:00,10.1,553.5,43.0,133.0
2021-01-06T17:00,13.4,762.0,67.0,314.0
2021-01-06T18:00,16.3,861.3,78.0,465.0
2021-01-06T19:00,18.3,910.1,84.0,566.0
2021-01-06T20:00,19.7,922.1,87.0,603.0
2021-01-06T21:00,20.5,901.1,89.0,573.0
2021-01-06T22:00,20.9,864.7,82.0,483.0
2021-01-06T23:00,20.9,731.4,79.0,331.0
2021-01-07T00:00,19.9,458.5,62.0,148.0
2021-01-07T01:00,19.5,14.5,11.0,12.0
2021-01-07T02:00,16.3,0.0,0.0,0.0
2021-01-07T03:00,14.9,0.0,0.0,0.0
2021-01-07T04:00,13.7,0.0,0.0,0.0
2021-01-07T05:00,12.9,0.0,0.0,0.0
2021-01-07T06:00,14.5,0.0,0.0,0.0
2021-01-07T07:00,13.9,0.0,0.0,0.0
2021-01-07T08:00,12.8,0.0,0.0,0.0
2021-01-07T09:00,11.6,0.0,0.0,0.0
2021-01-07T10:00,7.3,0.0,0.0,0.0
2021-01-07T11:00,5.9,0.0,0.0,0.0
2021-01-07T12:00,4.7,0.0,0.0,0.0
2021-01-07T13:00,4.2,0.0,0.0,0.0
2021-01-07T14:00,4.0,0.0,0.0,0.0
2021-01-07T15:00,4.3,54.0,4.0,7.0
2021-01-07T16:00,7.2,528.1,43.0,129.0
2021-01-07T17:00,10.7,739.0,67.0,307.0
2021-01-07T18:00,13.8,839.4,79.0,457.0
2021-01-07T19:00,16.4,868.1,91.0,552.0
2021-01-07T20:00,18.3,872.9,98.0,588.0
2021-01-07T21:00,19.6,886.5,87.0,565.0
2021-01-07T22:00,20.5,845.2,81.0,475.0
2021-01-07T23:00,20.6,622.3,98.0,314.0
2021-01-08T00:00,19.4,536.2,52.0,154.0
2021-01-08T01:00,17.7,99.4,9.0,16.0
2021-01-08T02:00,15.4,0.0,0.0,0.0
2021-01-08T03:00,14.0,0.0,0.0,0.0
2021-01-08T04:00,14.6,0.0,0.0,0.0
2021-01-08T05:00,15.5,0.0,0.0,0.0
2021-01-08T06:00,14.9,0.0,0.0,0.0
2021-01-08T07:00,11.5,0.0,0.0,0.0
2021-01-08T08:00,9.7,0.0,0.0,0.0
2021-01-08T09:00,9.0,0.0,0.0,0.0
2021-01-08T10:00,7.9,0.0,0.0,0.0
2021-01-08T11:00,6.8,0.0,0.0,0.0
2021-01-08T12:00,5.4,0.0,0.0,0.0
2021-01-08T13:00,4.2,0.0,0.0,0.0
2021-01-08T14:00,3.8,0.0,0.0,0.0
2021-01-08T15:00,4.6,53.9,5.0,8.0
2021-01-08T16:00,7.7,533.0,43.0,130.0
2021-01-08T17:00,11.1,737.4,68.0,308.0
2021-01-08T18:00,14.0,835.1,80.0,457.0
2021-01-08T19:00,16.5,854.4,96.0,551.0
2021-01-08T20:00,18.2,862.9,102.0,588.0
2021-01-08T21:00,19.4,646.4,168.0,518.0
2021-01-08T22:00,20.1,465.2,185.0,403.0
2021-01-08T23:00,20.1,217.3,169.0,245.0
2021-01-09T00:00,18.7,67.4,74.0,87.0
2021-01-09T01:00,15.9,55.7,11.0,15.0
2021-01-09T02:00,14.9,0.0,0.0,0.0
2021-01-09T03:00,14.7,0.0,0.0,0.0
2021-01-09T04:00,13.1,0.0,0.0,0.0
2021-01-09T05:00,11.8,0.0,0.0,0.0
2021-01-09T06:00,11.0,0.0,0.0,0.0
2021-01-09T07:00,9.5,0.0,0.0,0.0
2021-01-09T08:00,11.7,0.0,0.0,0.0
2021-01-09T09:00,7.3,0.0,0.0,0.0
2021-01-09T10:00,5.4,0.0,0.0,0.0
2021-01-09T11:00,4.6,0.0,0.0,0.0
2021-01-09T12:00,3.6,0.0,0.0,0.0
2021-01-09T13:00,2.7,0.0,0.0,0.0
2021-01-09T14:00,2.5,0.0,0.0,0.0
2021-01-09T15:00,2.5,53.7,5.0,8.0
2021-01-09T16:00,5.5,531.5,43.0,130.0
2021-01-09T17:00,8.9,741.6,67.0,309.0
2021-01-09T18:00,11.9,841.6,79.0,460.0
2021-01-09T19:00,14.3,896.7,85.0,564.0
2021-01-09T20:00,17.5,918.2,87.0,606.0
2021-01-09T21:00,19.5,908.5,86.0,580.0
2021-01-09T22:00,18.8,870.1,81.0,491.0
2021-01-09T23:00,19.0,780.1,70.0,345.0
2021-01-10T00:00,17.4,592.6,50.0,166.0
2021-01-10T01:00,14.7,122.9,10.0,19.0
2021-01-10T02:00,15.4,0.0,0.0,0.0
2021-01-10T03:00,13.2,0.0,0.0,0.0
2021-01-10T04:00,13.7,0.0,0.0,0.0
2021-01-10T05:00,11.7,0.0,0.0,0.0
2021-01-10T06:00,10.3,0.0,0.0,0.0
2021-01-10T07:00,9.1,0.0,0.0,0.0
2021-01-10T08:00,8.6,0.0,0.0,0.0
2021-01-10T09:00,7.7,0.0,0.0,0.0
2021-01-10T10:00,6.5,0.0,0.0,0.0
2021-01-10T11:00,5.1,0.0,0.0,0.0
2021-01-10T12:00,5.3,0.0,0.0,0.0
2021-01-10T13:00,4.7,0.0,0.0,0.0
2021-01-10T14:00,4.8,0.0,0.0,0.0
2021-01-10T15:00,5.5,53.5,5.0,8.0
2021-01-10T16:00,9.0,535.8,43.0,131.0
2021-01-10T17:00,12.5,742.5,67.0,310.0
2021-01-10T18:00,14.5,841.3,80.0,462.0
2021-01-10T19:00,16.0,888.1,86.0,562.0
2021-01-10T20:00,17.2,904.1,88.0,601.0
2021-01-10T21:00,17.9,893.4,87.0,575.0
2021-01-10T22:00,18.2,854.6,81.0,486.0
2021-01-10T23:00,18.1,762.6,72.0,343.0
2021-01-11T00:00,17.6,584.0,50.0,166.0
2021-01-11T01:00,15.2,120.4,10.0,19.0
2021-01-11T02:00,13.3,0.0,0.0,0.0
2021-01-11T03:00,12.3,0.0,0.0,0.0
2021-01-11T04:00,11.1,0.0,0.0,0.0
2021-01-11T05:00,10.3,0.0,0.0,0.0
2021-01-11T06:00,10.0,0.0,0.0,0.0
2021-01-11T07:00,10.3,0.0,0.0,0.0
2021-01-11T08:00,9.9,0.0,0.0,0.0
2021-01-11T09:00,9.6,0.0,0.0,0.0
2021-01-11T10:00,9.3,0.0,0.0,0.0
2021-01-11T11:00,8.7,0.0,0.0,0.0
2021-01-11T12:00,9.0,0.0,0.0,0.0
2021-01-11T13:00,9.1,0.0,0.0,0.0
2021-01-11T14:00,8.1,0.0,0.0,0.0
2021-01-11T15:00,8.0,35.5,6.0,8.0
2021-01-11T16:00,10.3,533.5,43.0,131.0
2021-01-11T17:00,12.5,740.1,67.0,310.0
2021-01-11T18:00,14.5,843.0,79.0,463.0
2021-01-11T19:00,16.2,892.5,85.0,565.0
2021-01-11T20:00,17.3,907.6,88.0,605.0
2021-01-11T21:00,18.1,898.4,86.0,579.0
2021-01-11T22:00,18.6,860.1,81.0,491.0
2021-01-11T23:00,18.6,775.9,71.0,349.0
2021-01-12T00:00,17.5,595.2,51.0,171.0
2021-01-12T01:00,17.1,144.2,10.0,21.0
2021-01-12T02:00,13.8,0.0,0.0,0.0
2021-01-12T03:00,12.2,0.0,0.0,0.0
2021-01-12T04:00,10.6,0.0,0.0,0.0
2021-01-12T05:00,10.1,0.0,0.0,0.0
2021-01-12T06:00,9.2,0.0,0.0,0.0
2021-01-12T07:00,8.6,0.0,0.0,0.0
2021-01-12T08:00,8.0,0.0,0.0,0.0
2021-01-12T09:00,6.6,0.0,0.0,0.0
2021-01-12T10:00,8.8,0.0,0.0,0.0
2021-01-12T11:00,7.4,0.0,0.0,0.0
2021-01-12T12:00,5.9,0.0,0.0,0.0
2021-01-12T13:00,4.0,0.0,0.0,0.0
2021-01-12T14:00,4.6,0.0,0.0,0.0
2021-01-12T15:00,5.2,52.9,5.0,8.0
2021-01-12T16:00,8.3,549.1,44.0,135.0
2021-01-12T17:00,11.7,758.7,69.0,319.0
2021-01-12T18:00,14.3,862.0,81.0,475.0
2021-01-12T19:00,16.2,913.3,87.0,580.0
2021-01-12T20:00,17.2,931.9,89.0,622.0
2021-01-12T21:00,17.7,921.2,88.0,596.0
2021-01-12T22:00,18.1,884.1,82.0,506.0
2021-01-12T23:00,18.2,799.9,72.0,361.0
2021-01-13T00:00,17.5,620.5,52.0,179.0
2021-01-13T01:00,14.4,141.3,12.0,23.0
2021-01-13T02:00,13.9,0.0,0.0,0.0
2021-01-13T03:00,14.8,0.0,0.0,0.0
2021-01-13T04:00,13.9,0.0,0.0,0.0
2021-01-13T05:00,10.9,0.0,0.0,0.0
2021-01-13T06:00,8.7,0.0,0.0,0.0
2021-01-13T07:00,11.0,0.0,0.0,0.0
2021-01-13T08:00,9.5,0.0,0.0,0.0
2021-01-13T09:00,6.2,0.0,0.0,0.0
2021-01-13T10:00,4.4,0.0,0.0,0.0
2021-01-13T11:00,3.8,0.0,0.0,0.0
2021-01-13T12:00,2.6,0.0,0.0,0.0
2021-01-13T13:00,2.2,0.0,0.0,0.0
2021-01-13T14:00,1.3,0.0,0.0,0.0
2021-01-13T15:00,2.4,52.5,5.0,8.0
2021-01-13T16:00,5.6,510.2,47.0,132.0
2021-01-13T17:00,8.4,653.0,87.0,303.0
2021-01-13T18:00,11.4,823.9,88.0,466.0
2021-01-13T19:00,14.0,882.1,91.0,569.0
2021-01-13T20:00,16.0,900.0,93.0,610.0
2021-01-13T21:00,17.8,857.1,103.0,578.0
2021-01-13T22:00,18.9,857.9,82.0,496.0
2021-01-13T23:00,19.1,754.7,75.0,350.0
2021-01-14T00:00,18.1,577.6,54.0,174.0
2021-01-14T01:00,15.8,100.7,14.0,22.0
2021-01-14T02:00,15.1,0.0,0.0,0.0
2021-01-14T03:00,13.7,0.0,0.0,0.0
2021-01-14T04:00,13.4,0.0,0.0,0.0
2021-01-14T05:00,14.4,0.0,0.0,0.0
2021-01-14T06:00,13.4,0.0,0.0,0.0
2021-01-14T07:00,12.1,0.0,0.0,0.0
2021-01-14T08:00,9.2,0.0,0.0,0.0
2021-01-14T09:00,8.4,0.0,0.0,0.0
2021-01-14T10:00,6.5,0.0,0.0,0.0
2021-01-14T11:00,5.9,0.0,0.0,0.0
2021-01-14T12:00,4.1,0.0,0.0,0.0
2021-01-14T13:00,3.0,0.0,0.0,0.0
2021-01-14T14:00,2.5,0.0,0.0,0.0
2021-01-14T15:00,3.4,52.1,5.0,8.0
2021-01-14T16:00,6.0,459.5,51.0,128.0
2021-01-14T17:00,9.6,695.4,78.0,309.0
2021-01-14T18:00,13.4,801.2,94.0,463.0
2021-01-14T19:00,16.5,862.0,98.0,567.0
2021-01-14T20:00,19.1,882.2,100.0,609.0
2021-01-14T21:00,20.9,874.3,98.0,585.0
2021-01-14T22:00,22.2,852.5,85.0,499.0
2021-01-14T23:00,22.6,759.0,76.0,355.0
2021-01-15T00:00,21.2,535.7,60.0,173.0
2021-01-15T01:00,20.9,148.0,12.0,24.0
2021-01-15T02:00,16.8,0.0,0.0,0.0
2021-01-15T03:00,15.9,0.0,0.0,0.0
2021-01-15T04:00,14.6,0.0,0.0,0.0
2021-01-15T05:00,15.9,0.0,0.0,0.0
2021-01-15T06:00,16.8,0.0,0.0,0.0
2021-01-15T07:00,14.5,0.0,0.0,0.0
2021-01-15T08:00,16.7,0.0,0.0,0.0
2021-01-15T09:00,14.0,0.0,0.0,0.0
2021-01-15T10:00,10.4,0.0,0.0,0.0
2021-01-15T11:00,10.0,0.0,0.0,0.0
2021-01-15T12:00,12.6,0.0,0.0,0.0
2021-01-15T13:00,11.6,0.0,0.0,0.0
2021-01-15T14:00,10.3,0.0,0.0,0.0
2021-01-15T15:00,6.9,51.7,6.0,9.0
2021-01-15T16:00,10.3,551.3,45.0,138.0
2021-01-15T17:00,15.2,761.3,69.0,323.0
2021-01-15T18:00,18.5,860.6,81.0,479.0
2021-01-15T19:00,21.0,909.7,87.0,584.0
2021-01-15T20:00,22.6,924.8,90.0,626.0
2021-01-15T21:00,23.5,914.4,88.0,600.0
2021-01-15T22:00,24.1,875.7,83.0,511.0
2021-01-15T23:00,24.2,787.5,73.0,365.0
2021-01-16T00:00,22.8,611.6,54.0,185.0
2021-01-16T01:00,19.4,169.2,12.0,26.0
2021-01-16T02:00,18.2,0.0,0.0,0.0
2021-01-16T03:00,17.0,0.0,0.0,0.0
2021-01-16T04:00,19.3,0.0,0.0,0.0
2021-01-16T05:00,18.3,0.0,0.0,0.0
2021-01-16T06:00,16.5,0.0,0.0,0.0
2021-01-16T07:00,11.4,0.0,0.0,0.0
2021-01-16T08:00,11.1,0.0,0.0,0.0
2021-01-16T09:00,10.8,0.0,0.0,0.0
2021-01-16T10:00,10.2,0.0,0.0,0.0
2021-01-16T11:00,9.2,0.0,0.0,0.0
2021-01-16T12:00,7.4,0.0,0.0,0.0
2021-01-16T13:00,6.4,0.0,0.0,0.0
2021-01-16T14:00,5.8,0.0,0.0,0.0
2021-01-16T15:00,6.8,34.1,6.0,8.0
2021-01-16T16:00,9.3,518.0,45.0,133.0
2021-01-16T17:00,12.5,727.9,69.0,313.0
2021-01-16T18:00,16.2,831.1,80.0,466.0
2021-01-16T19:00,19.0,876.6,88.0,569.0
2021-01-16T20:00,21.2,893.0,90.0,610.0
2021-01-16T21:00,22.9,882.8,88.0,585.0
2021-01-16T22:00,24.2,853.8,83.0,503.0
2021-01-16T23:00,24.8,777.8,73.0,364.0
2021-01-17T00:00,23.3,602.3,55.0,186.0
2021-01-17T01:00,22.4,165.8,14.0,28.0
2021-01-17T02:00,20.7,0.0,0.0,0.0
2021-01-17T03:00,18.4,0.0,0.0,0.0
2021-01-17T04:00,19.2,0.0,0.0,0.0
2021-01-17T05:00,16.5,0.0,0.0,0.0
2021-01-17T06:00,13.2,0.0,0.0,0.0
2021-01-17T07:00,11.7,0.0,0.0,0.0
2021-01-17T08:00,11.1,0.0,0.0,0.0
2021-01-17T09:00,10.0,0.0,0.0,0.0
2021-01-17T10:00,10.2,0.0,0.0,0.0
2021-01-17T11:00,8.7,0.0,0.0,0.0
2021-01-17T12:00,8.9,0.0,0.0,0.0
2021-01-17T13:00,8.4,0.0,0.0,0.0
2021-01-17T14:00,7.9,0.0,0.0,0.0
2021-01-17T15:00,7.5,67.6,5.0,9.0
2021-01-17T16:00,11.6,555.1,45.0,140.0
2021-01-17T17:00,14.9,762.8,69.0,326.0
2021-01-17T18:00,18.4,861.7,82.0,484.0
2021-01-17T19:00,21.0,910.7,88.0,590.0
2021-01-17T20:00,22.8,928.0,90.0,633.0
2021-01-17T21:00,24.0,920.4,89.0,610.0
2021-01-17T22:00,24.5,884.5,83.0,521.0
2021-01-17T23:00,24.6,802.7,74.0,377.0
2021-01-18T00:00,23.2,629.5,55.0,194.0
2021-01-18T01:00,22.5,185.7,14.0,30.0
2021-01-18T02:00,21.6,0.0,0.0,0.0
2021-01-18T03:00,18.6,0.0,0.0,0.0
2021-01-18T04:00,17.2,0.0,0.0,0.0
2021-01-18T05:00,17.6,0.0,0.0,0.0
2021-01-18T06:00,16.6,0.0,0.0,0.0
2021-01-18T07:00,15.4,0.0,0.0,0.0
2021-01-18T08:00,9.6,0.0,0.0,0.0
2021-01-18T09:00,8.2,0.0,0.0,0.0
2021-01-18T10:00,7.3,0.0,0.0,0.0
2021-01-18T11:00,6.9,0.0,0.0,0.0
2021-01-18T12:00,4.5,0.0,0.0,0.0
2021-01-18T13:00,3.7,0.0,0.0,0.0
2021-01-18T14:00,3.6,0.0,0.0,0.0
2021-01-18T15:00,4.1,66.8,5.0,9.0
2021-01-18T16:00,7.4,539.0,46.0,139.0
2021-01-18T17:00,11.0,732.2,72.0,320.0
2021-01-18T18:00,14.9,810.7,91.0,471.0
2021-01-18T19:00,17.8,794.5,118.0,558.0
2021-01-18T20:00,19.6,758.4,138.0,584.0
2021-01-18T21:00,20.9,794.1,124.0,576.0
2021-01-18T22:00,21.6,736.1,103.0,470.0
2021-01-18T23:00,21.8,695.8,87.0,352.0
2021-01-19T00:00,20.5,535.2,57.0,177.0
2021-01-19T01:00,20.4,102.4,17.0,26.0
2021-01-19T02:00,19.4,0.0,0.0,0.0
2021-01-19T03:00,15.8,0.0,0.0,0.0
2021-01-19T04:00,14.9,0.0,0.0,0.0
2021-01-19T05:00,15.2,0.0,0.0,0.0
2021-01-19T06:00,14.8,0.0,0.0,0.0
2021-01-19T07:00,14.4,0.0,0.0,0.0
2021-01-19T08:00,13.4,0.0,0.0,0.0
2021-01-19T09:00,13.1,0.0,0.0,0.0
2021-01-19T10:00,13.0,0.0,0.0,0.0
2021-01-19T11:00,12.9,0.0,0.0,0.0
2021-01-19T12:00,13.8,0.0,0.0,0.0
2021-01-19T13:00,14.1,0.0,0.0,0.0
2021-01-19T14:00,11.9,0.0,0.0,0.0
2021-01-19T15:00,12.0,0.0,2.0,2.0
2021-01-19T16:00,13.4,74.7,44.0,57.0
2021-01-19T17:00,15.7,105.7,112.0,148.0
2021-01-19T18:00,17.3,261.1,204.0,327.0
2021-01-19T19:00,18.6,332.5,248.0,433.0
2021-01-19T20:00,21.8,267.3,267.0,425.0
2021-01-19T21:00,23.0,414.0,226.0,463.0
2021-01-19T22:00,22.9,330.7,218.0,384.0
2021-01-19T23:00,22.7,291.4,156.0,268.0
2021-01-20T00:00,19.9,158.2,102.0,138.0
2021-01-20T01:00,18.0,66.9,13.0,19.0
2021-01-20T02:00,18.0,0.0,0.0,0.0
2021-01-20T03:00,17.6,0.0,0.0,0.0
2021-01-20T04:00,18.2,0.0,0.0,0.0
2021-01-20T05:00,17.7,0.0,0.0,0.0
2021-01-20T06:00,17.2,0.0,0.0,0.0
2021-01-20T07:00,16.9,0.0,0.0,0.0
2021-01-20T08:00,16.3,0.0,0.0,0.0
2021-01-20T09:00,15.5,0.0,0.0,0.0
2021-01-20T10:00,14.8,0.0,0.0,0.0
2021-01-20T11:00,14.0,0.0,0.0,0.0
2021-01-20T12:00,13.3,0.0,0.0,0.0
2021-01-20T13:00,13.4,0.0,0.0,0.0
2021-01-20T14:00,13.2,0.0,0.0,0.0
2021-01-20T15:00,13.4,32.6,4.0,6.0
2021-01-20T16:00,15.4,347.4,50.0,111.0
2021-01-20T17:00,17.4,505.0,87.0,260.0
2021-01-20T18:00,19.2,606.3,122.0,409.0
2021-01-20T19:00,20.8,647.4,138.0,500.0
2021-01-20T20:00,21.6,569.0,160.0,498.0
2021-01-20T21:00,21.9,550.6,150.0,467.0
2021-01-20T22:00,21.4,411.6,153.0,361.0
2021-01-20T23:00,21.4,353.2,101.0,238.0
2021-01-21T00:00,21.6,489.0,64.0,177.0
2021-01-21T01:00,19.1,142.2,15.0,28.0
2021-01-21T02:00,17.6,0.0,0.0,0.0
2021-01-21T03:00,17.4,0.0,0.0,0.0
2021-01-21T04:00,15.8,0.0,0.0,0.0
2021-01-21T05:00,15.5,0.0,0.0,0.0
2021-01-21T06:00,14.9,0.0,0.0,0.0
2021-01-21T07:00,14.3,0.0,0.0,0.0
2021-01-21T08:00,13.9,0.0,0.0,0.0
2021-01-21T09:00,14.0,0.0,0.0,0.0
2021-01-21T10:00,12.5,0.0,0.0,0.0
2021-01-21T11:00,12.7,0.0,0.0,0.0
2021-01-21T12:00,11.9,0.0,0.0,0.0
2021-01-21T13:00,13.0,0.0,0.0,0.0
2021-01-21T14:00,13.1,0.0,0.0,0.0
2021-01-21T15:00,13.4,0.0,4.0,4.0
2021-01-21T16:00,14.5,112.8,55.0,75.0
2021-01-21T17:00,16.0,203.1,100.0,170.0
2021-01-21T18:00,17.1,344.7,113.0,277.0
2021-01-21T19:00,18.0,434.2,132.0,376.0
2021-01-21T20:00,18.9,581.1,153.0,500.0
2021-01-21T21:00,19.7,766.7,117.0,561.0
2021-01-21T22:00,20.2,772.3,97.0,490.0
2021-01-21T23:00,20.3,669.4,86.0,348.0
2021-01-22T00:00,20.4,545.7,57.0,185.0
2021-01-22T01:00,19.1,139.5,14.0,27.0
2021-01-22T02:00,18.2,0.0,0.0,0.0
2021-01-22T03:00,17.2,0.0,0.0,0.0
2021-01-22T04:00,16.5,0.0,0.0,0.0
2021-01-22T05:00,15.4,0.0,0.0,0.0
2021-01-22T06:00,14.5,0.0,0.0,0.0
2021-01-22T07:00,13.7,0.0,0.0,0.0
2021-01-22T08:00,12.4,0.0,0.0,0.0
2021-01-22T09:00,11.9,0.0,0.0,0.0
2021-01-22T10:00,11.4,0.0,0.0,0.0
2021-01-22T11:00,11.0,0.0,0.0,0.0
2021-01-22T12:00,11.5,0.0,0.0,0.0
2021-01-22T13:00,11.1,0.0,0.0,0.0
2021-01-22T14:00,11.2,0.0,0.0,0.0
2021-01-22T15:00,11.5,15.9,3.0,4.0
2021-01-22T16:00,12.3,89.4,34.0,50.0
2021-01-22T17:00,13.2,54.8,84.0,103.0
2021-01-22T18:00,14.4,129.6,120.0,182.0
2021-01-22T19:00,16.3,361.2,141.0,345.0
2021-01-22T20:00,18.2,516.3,145.0,455.0
2021-01-22T21:00,19.1,539.1,140.0,454.0
2021-01-22T22:00,18.0,425.4,121.0,339.0
2021-01-22T23:00,17.7,407.7,95.0,256.0
2021-01-23T00:00,16.4,407.5,64.0,161.0
2021-01-23T01:00,15.8,105.3,14.0,24.0
2021-01-23T02:00,15.0,0.0,0.0,0.0
2021-01-23T03:00,14.1,0.0,0.0,0.0
2021-01-23T04:00,13.5,0.0,0.0,0.0
2021-01-23T05:00,12.9,0.0,0.0,0.0
2021-01-23T06:00,12.4,0.0,0.0,0.0
2021-01-23T07:00,11.6,0.0,0.0,0.0
2021-01-23T08:00,11.1,0.0,0.0,0.0
2021-01-23T09:00,10.6,0.0,0.0,0.0
2021-01-23T10:00,10.6,0.0,0.0,0.0
2021-01-23T11:00,10.4,0.0,0.0,0.0
2021-01-23T12:00,10.6,0.0,0.0,0.0
2021-01-23T13:00,11.6,0.0,0.0,0.0
2021-01-23T14:00,11.5,0.0,0.0,0.0
2021-01-23T15:00,11.2,0.0,6.0,6.0
2021-01-23T16:00,12.0,71.9,63.0,76.0
2021-01-23T17:00,13.6,88.8,149.0,180.0
2021-01-23T18:00,14.8,174.6,193.0,277.0
2021-01-23T19:00,15.4,174.4,236.0,335.0
2021-01-23T20:00,16.7,589.8,151.0,507.0
2021-01-23T21:00,17.0,459.1,150.0,419.0
2021-01-23T22:00,17.1,345.0,173.0,351.0
2021-01-23T23:00,16.1,509.4,92.0,295.0
2021-01-24T00:00,14.2,215.3,50.0,102.0
2021-01-24T01:00,13.9,103.3,15.0,25.0
2021-01-24T02:00,13.2,0.0,0.0,0.0
2021-01-24T03:00,12.2,0.0,0.0,0.0
2021-01-24T04:00,12.2,0.0,0.0,0.0
2021-01-24T05:00,11.8,0.0,0.0,0.0
2021-01-24T06:00,11.2,0.0,0.0,0.0
2021-01-24T07:00,10.3,0.0,0.0,0.0
2021-01-24T08:00,10.5,0.0,0.0,0.0
2021-01-24T09:00,10.5,0.0,0.0,0.0
2021-01-24T10:00,9.7,0.0,0.0,0.0
2021-01-24T11:00,9.6,0.0,0.0,0.0
2021-01-24T12:00,9.4,0.0,0.0,0.0
2021-01-24T13:00,8.6,0.0,0.0,0.0
2021-01-24T14:00,8.5,0.0,0.0,0.0
2021-01-24T15:00,8.9,15.5,5.0,6.0
2021-01-24T16:00,9.4,10.9,47.0,49.0
2021-01-24T17:00,10.2,350.1,103.0,226.0
2021-01-24T18:00,10.7,417.6,121.0,323.0
2021-01-24T19:00,11.7,485.3,170.0,447.0
2021-01-24T20:00,11.4,415.2,201.0,453.0
2021-01-24T21:00,12.1,341.0,197.0,398.0
2021-01-24T22:00,11.5,284.8,187.0,335.0
2021-01-24T23:00,11.7,263.6,148.0,254.0
2021-01-25T00:00,12.1,391.7,76.0,172.0
2021-01-25T01:00,10.5,101.5,15.0,25.0
2021-01-25T02:00,9.5,0.0,0.0,0.0
2021-01-25T03:00,8.3,0.0,0.0,0.0
2021-01-25T04:00,8.1,0.0,0.0,0.0
2021-01-25T05:00,8.0,0.0,0.0,0.0
2021-01-25T06:00,7.6,0.0,0.0,0.0
2021-01-25T07:00,7.3,0.0,0.0,0.0
2021-01-25T08:00,7.1,0.0,0.0,0.0
2021-01-25T09:00,6.8,0.0,0.0,0.0
2021-01-25T10:00,6.5,0.0,0.0,0.0
2021-01-25T11:00,6.4,0.0,0.0,0.0
2021-01-25T12:00,7.1,0.0,0.0,0.0
2021-01-25T13:00,7.2,0.0,0.0,0.0
2021-01-25T14:00,7.2,0.0,0.0,0.0
2021-01-25T15:00,7.7,0.0,4.0,4.0
2021-01-25T16:00,8.6,108.2,56.0,76.0
2021-01-25T17:00,9.8,183.7,121.0,186.0
2021-01-25T18:00,12.0,470.8,125.0,354.0
2021-01-25T19:00,10.2,5.2,110.0,113.0
2021-01-25T20:00,10.6,26.2,114.0,130.0
2021-01-25T21:00,10.6,97.8,150.0,208.0
2021-01-25T22:00,10.7,250.4,133.0,264.0
2021-01-25T23:00,11.1,295.7,106.0,226.0
2021-01-26T00:00,9.8,374.1,69.0,162.0
2021-01-26T01:00,6.6,139.5,18.0,32.0
2021-01-26T02:00,5.0,0.0,0.0,0.0
2021-01-26T03:00,5.4,0.0,0.0,0.0
2021-01-26T04:00,5.6,0.0,0.0,0.0
2021-01-26T05:00,5.9,0.0,0.0,0.0
2021-01-26T06:00,5.1,0.0,0.0,0.0
2021-01-26T07:00,4.6,0.0,0.0,0.0
2021-01-26T08:00,3.8,0.0,0.0,0.0
2021-01-26T09:00,3.4,0.0,0.0,0.0
2021-01-26T10:00,3.7,0.0,0.0,0.0
2021-01-26T11:00,2.5,0.0,0.0,0.0
2021-01-26T12:00,3.1,0.0,0.0,0.0
2021-01-26T13:00,4.1,0.0,0.0,0.0
2021-01-26T14:00,4.1,0.0,0.0,0.0
2021-01-26T15:00,4.4,15.0,6.0,7.0
2021-01-26T16:00,5.5,155.0,70.0,99.0
2021-01-26T17:00,6.9,353.7,114.0,240.0
2021-01-26T18:00,8.2,506.9,152.0,400.0
2021-01-26T19:00,8.3,130.0,216.0,291.0
2021-01-26T20:00,8.9,498.6,146.0,452.0
2021-01-26T21:00,9.9,531.4,164.0,481.0
2021-01-26T22:00,10.3,345.4,198.0,380.0
2021-01-26T23:00,10.1,168.5,147.0,216.0
2021-01-27T00:00,9.5,142.8,80.0,116.0
2021-01-27T01:00,8.5,48.9,17.0,22.0
2021-01-27T02:00,7.6,0.0,0.0,0.0
2021-01-27T03:00,6.9,0.0,0.0,0.0
2021-01-27T04:00,5.9,0.0,0.0,0.0
2021-01-27T05:00,5.2,0.0,0.0,0.0
2021-01-27T06:00,4.5,0.0,0.0,0.0
2021-01-27T07:00,3.8,0.0,0.0,0.0
2021-01-27T08:00,3.6,0.0,0.0,0.0
2021-01-27T09:00,3.6,0.0,0.0,0.0
2021-01-27T10:00,3.6,0.0,0.0,0.0
2021-01-27T11:00,3.4,0.0,0.0,0.0
2021-01-27T12:00,3.5,0.0,0.0,0.0
2021-01-27T13:00,3.3,0.0,0.0,0.0
2021-01-27T14:00,3.3,0.0,0.0,0.0
2021-01-27T15:00,3.6,73.7,8.0,13.0
2021-01-27T16:00,5.8,528.3,50.0,150.0
2021-01-27T17:00,8.4,730.1,74.0,336.0
2021-01-27T18:00,10.6,828.9,86.0,494.0
2021-01-27T19:00,12.3,878.9,92.0,602.0
2021-01-27T20:00,13.3,896.1,94.0,647.0
2021-01-27T21:00,14.2,886.5,94.0,626.0
2021-01-27T22:00,14.9,850.1,89.0,540.0
2021-01-27T23:00,15.0,774.8,79.0,399.0
2021-01-28T00:00,13.6,629.8,59.0,220.0
2021-01-28T01:00,11.2,259.7,20.0,47.0
2021-01-28T02:00,9.6,0.0,0.0,0.0
2021-01-28T03:00,8.6,0.0,0.0,0.0
2021-01-28T04:00,8.5,0.0,0.0,0.0
2021-01-28T05:00,8.6,0.0,0.0,0.0
2021-01-28T06:00,8.5,0.0,0.0,0.0
2021-01-28T07:00,8.4,0.0,0.0,0.0
2021-01-28T08:00,8.1,0.0,0.0,0.0
2021-01-28T09:00,8.0,0.0,0.0,0.0
2021-01-28T10:00,7.7,0.0,0.0,0.0
2021-01-28T11:00,7.4,0.0,0.0,0.0
2021-01-28T12:00,7.4,0.0,0.0,0.0
2021-01-28T13:00,7.8,0.0,0.0,0.0
2021-01-28T14:00,8.0,0.0,0.0,0.0
2021-01-28T15:00,8.3,14.5,9.0,10.0
2021-01-28T16:00,10.1,57.4,83.0,94.0
2021-01-28T17:00,12.8,199.2,171.0,243.0
2021-01-28T18:00,15.0,284.7,228.0,369.0
2021-01-28T19:00,17.2,481.5,223.0,504.0
2021-01-28T20:00,19.1,523.7,236.0,561.0
2021-01-28T21:00,20.5,395.8,267.0,506.0
2021-01-28T22:00,20.8,578.4,182.0,491.0
2021-01-28T23:00,20.6,619.2,121.0,379.0
2021-01-29T00:00,18.4,447.6,88.0,204.0
2021-01-29T01:00,14.0,245.9,23.0,49.0
2021-01-29T02:00,13.2,0.0,0.0,0.0
2021-01-29T03:00,11.9,0.0,0.0,0.0
2021-01-29T04:00,10.9,0.0,0.0,0.0
2021-01-29T05:00,10.5,0.0,0.0,0.0
2021-01-29T06:00,10.8,0.0,0.0,0.0
2021-01-29T07:00,11.1,0.0,0.0,0.0
2021-01-29T08:00,10.7,0.0,0.0,0.0
2021-01-29T09:00,10.0,0.0,0.0,0.0
2021-01-29T10:00,9.3,0.0,0.0,0.0
2021-01-29T11:00,8.8,0.0,0.0,0.0
2021-01-29T12:00,9.3,0.0,0.0,0.0
2021-01-29T13:00,9.4,0.0,0.0,0.0
2021-01-29T14:00,9.1,0.0,0.0,0.0
2021-01-29T15:00,9.0,85.6,8.0,14.0
2021-01-29T16:00,11.6,463.8,59.0,149.0
2021-01-29T17:00,14.2,678.0,85.0,332.0
2021-01-29T18:00,15.8,447.5,190.0,413.0
2021-01-29T19:00,17.2,684.9,159.0,561.0
2021-01-29T20:00,18.0,560.7,206.0,556.0
2021-01-29T21:00,17.5,248.6,249.0,400.0
2021-01-29T22:00,14.6,26.0,119.0,133.0
2021-01-29T23:00,12.8,11.9,91.0,96.0
2021-01-30T00:00,10.9,0.0,18.0,18.0
2021-01-30T01:00,10.9,0.0,3.0,3.0
2021-01-30T02:00,9.9,0.0,0.0,0.0
2021-01-30T03:00,8.6,0.0,0.0,0.0
2021-01-30T04:00,9.1,0.0,0.0,0.0
2021-01-30T05:00,7.9,0.0,0.0,0.0
2021-01-30T06:00,6.3,0.0,0.0,0.0
2021-01-30T07:00,5.2,0.0,0.0,0.0
2021-01-30T08:00,4.6,0.0,0.0,0.0
2021-01-30T09:00,4.6,0.0,0.0,0.0
2021-01-30T10:00,3.8,0.0,0.0,0.0
2021-01-30T11:00,4.7,0.0,0.0,0.0
2021-01-30T12:00,5.4,0.0,0.0,0.0
2021-01-30T13:00,5.6,0.0,0.0,0.0
2021-01-30T14:00,5.5,0.0,0.0,0.0
2021-01-30T15:00,6.1,42.0,8.0,11.0
2021-01-30T16:00,7.3,274.6,62.0,116.0
2021-01-30T17:00,9.4,394.9,134.0,279.0
2021-01-30T18:00,11.7,660.0,138.0,469.0
2021-01-30T19:00,13.3,875.6,90.0,607.0
2021-01-30T20:00,14.1,879.1,99.0,651.0
2021-01-30T21:00,14.6,847.4,106.0,624.0
2021-01-30T22:00,14.9,790.0,108.0,536.0
2021-01-30T23:00,15.1,780.4,79.0,410.0
2021-01-31T00:00,15.3,634.5,61.0,230.0
2021-01-31T01:00,12.9,283.4,22.0,53.0
2021-01-31T02:00,11.5,0.0,0.0,0.0
2021-01-31T03:00,10.4,0.0,0.0,0.0
2021-01-31T04:00,9.7,0.0,0.0,0.0
2021-01-31T05:00,9.3,0.0,0.0,0.0
2021-01-31T06:00,8.8,0.0,0.0,0.0
2021-01-31T07:00,7.5,0.0,0.0,0.0
2021-01-31T08:00,6.1,0.0,0.0,0.0
2021-01-31T09:00,6.1,0.0,0.0,0.0
2021-01-31T10:00,5.6,0.0,0.0,0.0
2021-01-31T11:00,5.2,0.0,0.0,0.0
2021-01-31T12:00,5.3,0.0,0.0,0.0
2021-01-31T13:00,7.0,0.0,0.0,0.0
2021-01-31T14:00,7.3,0.0,0.0,0.0
2021-01-31T15:00,5.7,55.0,11.0,15.0
2021-01-31T16:00,8.7,471.7,62.0,156.0
2021-01-31T17:00,12.4,688.8,90.0,345.0
2021-01-31T18:00,15.1,620.0,153.0,466.0
2021-01-31T19:00,17.2,636.3,189.0,567.0
2021-01-31T20:00,18.9,747.3,160.0,632.0
2021-01-31T21:00,19.8,692.5,177.0,603.0
2021-01-31T22:00,20.3,483.8,203.0,467.0
2021-01-31T23:00,20.5,588.9,131.0,383.0
2021-02-01T00:00,20.4,174.1,111.0,158.0
2021-02-01T01:00,19.4,287.6,24.0,56.0
2021-02-01T02:00,14.9,0.0,0.0,0.0
2021-02-01T03:00,12.9,0.0,0.0,0.0
2021-02-01T04:00,12.8,0.0,0.0,0.0
2021-02-01T05:00,12.8,0.0,0.0,0.0
2021-02-01T06:00,12.8,0.0,0.0,0.0
2021-02-01T07:00,12.9,0.0,0.0,0.0
2021-02-01T08:00,12.1,0.0,0.0,0.0
2021-02-01T09:00,11.8,0.0,0.0,0.0
2021-02-01T10:00,11.6,0.0,0.0,0.0
2021-02-01T11:00,12.0,0.0,0.0,0.0
2021-02-01T12:00,12.5,0.0,0.0,0.0
2021-02-01T13:00,12.9,0.0,0.0,0.0
2021-02-01T14:00,12.0,0.0,0.0,0.0
2021-02-01T15:00,12.4,81.0,9.0,15.0
2021-02-01T16:00,15.4,485.0,55.0,153.0
2021-02-01T17:00,17.8,383.0,142.0,285.0
2021-02-01T18:00,19.8,552.9,145.0,426.0
2021-02-01T19:00,19.1,13.4,166.0,174.0
2021-02-01T20:00,21.4,442.2,244.0,525.0
2021-02-01T21:00,20.6,42.0,188.0,214.0
2021-02-01T22:00,22.1,638.7,152.0,503.0
2021-02-01T23:00,22.0,340.5,172.0,319.0
2021-02-02T00:00,19.9,51.2,116.0,130.0
2021-02-02T01:00,18.4,88.4,30.0,40.0
2021-02-02T02:00,16.6,0.0,0.0,0.0
2021-02-02T03:00,15.8,0.0,0.0,0.0
2021-02-02T04:00,14.9,0.0,0.0,0.0
2021-02-02T05:00,14.7,0.0,0.0,0.0
2021-02-02T06:00,14.0,0.0,0.0,0.0
2021-02-02T07:00,12.6,0.0,0.0,0.0
2021-02-02T08:00,13.3,0.0,0.0,0.0
2021-02-02T09:00,13.2,0.0,0.0,0.0
2021-02-02T10:00,15.0,0.0,0.0,0.0
2021-02-02T11:00,12.7,0.0,0.0,0.0
2021-02-02T12:00,13.5,0.0,0.0,0.0
2021-02-02T13:00,13.6,0.0,0.0,0.0
2021-02-02T14:00,13.4,0.0,0.0,0.0
2021-02-02T15:00,13.8,13.3,8.0,9.0
2021-02-02T16:00,15.5,209.8,76.0,119.0
2021-02-02T17:00,17.8,557.7,108.0,318.0
2021-02-02T18:00,19.9,681.9,125.0,474.0
2021-02-02T19:00,21.7,764.9,118.0,578.0
2021-02-02T20:00,23.1,824.3,110.0,637.0
2021-02-02T21:00,24.1,828.2,103.0,619.0
2021-02-02T22:00,24.6,738.9,112.0,521.0
2021-02-02T23:00,24.9,750.6,81.0,408.0
2021-02-03T00:00,26.2,587.7,65.0,228.0
2021-02-03T01:00,25.4,139.2,34.0,50.0
2021-02-03T02:00,24.4,0.0,0.0,0.0
2021-02-03T03:00,20.5,0.0,0.0,0.0
2021-02-03T04:00,19.0,0.0,0.0,0.0
2021-02-03T05:00,18.3,0.0,0.0,0.0
2021-02-03T06:00,17.1,0.0,0.0,0.0
2021-02-03T07:00,16.3,0.0,0.0,0.0
2021-02-03T08:00,15.2,0.0,0.0,0.0
2021-02-03T09:00,14.9,0.0,0.0,0.0
2021-02-03T10:00,14.3,0.0,0.0,0.0
2021-02-03T11:00,13.8,0.0,0.0,0.0
2021-02-03T12:00,15.2,0.0,0.0,0.0
2021-02-03T13:00,15.4,0.0,0.0,0.0
2021-02-03T14:00,15.2,0.0,0.0,0.0
2021-02-03T15:00,15.2,0.0,4.0,4.0
2021-02-03T16:00,15.6,43.3,24.0,33.0
2021-02-03T17:00,17.5,105.3,108.0,148.0
2021-02-03T18:00,17.4,5.8,79.0,82.0
2021-02-03T19:00,19.4,36.4,214.0,236.0
2021-02-03T20:00,21.8,767.9,135.0,629.0
2021-02-03T21:00,23.1,740.0,138.0,602.0
2021-02-03T22:00,24.1,774.8,107.0,539.0
2021-02-03T23:00,25.0,732.6,86.0,408.0
2021-02-04T00:00,25.2,601.3,66.0,235.0
2021-02-04T01:00,22.4,205.4,32.0,56.0
2021-02-04T02:00,21.7,0.0,0.0,0.0
2021-02-04T03:00,21.1,0.0,0.0,0.0
2021-02-04T04:00,20.2,0.0,0.0,0.0
2021-02-04T05:00,19.5,0.0,0.0,0.0
2021-02-04T06:00,18.7,0.0,0.0,0.0
2021-02-04T07:00,17.9,0.0,0.0,0.0
2021-02-04T08:00,16.7,0.0,0.0,0.0
2021-02-04T09:00,15.7,0.0,0.0,0.0
2021-02-04T10:00,14.9,0.0,0.0,0.0
2021-02-04T11:00,13.9,0.0,0.0,0.0
2021-02-04T12:00,15.0,0.0,0.0,0.0
2021-02-04T13:00,13.4,0.0,0.0,0.0
2021-02-04T14:00,11.8,0.0,0.0,0.0
2021-02-04T15:00,12.8,114.7,10.0,19.0
2021-02-04T16:00,14.2,568.6,52.0,172.0
2021-02-04T17:00,16.0,756.7,74.0,364.0
2021-02-04T18:00,18.0,849.7,86.0,527.0
2021-02-04T19:00,20.1,894.8,92.0,637.0
2021-02-04T20:00,21.7,914.5,93.0,685.0
2021-02-04T21:00,22.3,911.1,92.0,667.0
2021-02-04T22:00,22.5,883.2,88.0,584.0
2021-02-04T23:00,22.8,818.6,78.0,441.0
2021-02-05T00:00,22.1,677.7,62.0,255.0
2021-02-05T01:00,19.8,353.7,26.0,68.0
2021-02-05T02:00,17.7,0.0,0.0,0.0
2021-02-05T03:00,16.5,0.0,0.0,0.0
2021-02-05T04:00,15.2,0.0,0.0,0.0
2021-02-05T05:00,13.6,0.0,0.0,0.0
2021-02-05T06:00,12.2,0.0,0.0,0.0
2021-02-05T07:00,13.8,0.0,0.0,0.0
2021-02-05T08:00,12.4,0.0,0.0,0.0
2021-02-05T09:00,9.3,0.0,0.0,0.0
2021-02-05T10:00,8.3,0.0,0.0,0.0
2021-02-05T11:00,7.5,0.0,0.0,0.0
2021-02-05T12:00,6.8,0.0,0.0,0.0
2021-02-05T13:00,7.4,0.0,0.0,0.0
2021-02-05T14:00,6.0,0.0,0.0,0.0
2021-02-05T15:00,7.0,137.5,10.0,21.0
2021-02-05T16:00,9.2,588.2,52.0,178.0
2021-02-05T17:00,12.2,773.2,73.0,372.0
2021-02-05T18:00,14.9,862.7,85.0,536.0
2021-02-05T19:00,16.8,908.6,91.0,648.0
2021-02-05T20:00,18.1,925.7,94.0,697.0
2021-02-05T21:00,19.3,919.4,93.0,677.0
2021-02-05T22:00,20.3,889.3,88.0,591.0
2021-02-05T23:00,20.4,822.6,79.0,447.0
2021-02-06T00:00,19.6,689.8,62.0,261.0
2021-02-06T01:00,18.1,373.0,27.0,72.0
2021-02-06T02:00,16.3,0.0,0.0,0.0
2021-02-06T03:00,15.6,0.0,0.0,0.0
2021-02-06T04:00,14.1,0.0,0.0,0.0
2021-02-06T05:00,15.5,0.0,0.0,0.0
2021-02-06T06:00,13.5,0.0,0.0,0.0
2021-02-06T07:00,10.0,0.0,0.0,0.0
2021-02-06T08:00,8.9,0.0,0.0,0.0
2021-02-06T09:00,7.8,0.0,0.0,0.0
2021-02-06T10:00,9.0,0.0,0.0,0.0
2021-02-06T11:00,6.8,0.0,0.0,0.0
2021-02-06T12:00,5.8,0.0,0.0,0.0
2021-02-06T13:00,7.2,0.0,0.0,0.0
2021-02-06T14:00,4.7,0.0,0.0,0.0
2021-02-06T15:00,6.2,147.0,10.0,22.0
2021-02-06T16:00,9.0,602.4,53.0,184.0
2021-02-06T17:00,12.6,789.2,74.0,382.0
2021-02-06T18:00,15.8,877.4,86.0,548.0
2021-02-06T19:00,18.0,923.8,92.0,662.0
2021-02-06T20:00,19.5,942.8,94.0,712.0
2021-02-06T21:00,20.6,936.9,94.0,693.0
2021-02-06T22:00,21.6,909.2,89.0,607.0
2021-02-06T23:00,22.1,841.9,80.0,460.0
2021-02-07T00:00,21.2,708.3,63.0,270.0
2021-02-07T01:00,18.9,383.6,28.0,75.0
2021-02-07T02:00,16.7,0.0,0.0,0.0
2021-02-07T03:00,18.1,0.0,0.0,0.0
2021-02-07T04:00,15.5,0.0,0.0,0.0
2021-02-07T05:00,12.5,0.0,0.0,0.0
2021-02-07T06:00,11.0,0.0,0.0,0.0
2021-02-07T07:00,10.5,0.0,0.0,0.0
2021-02-07T08:00,9.2,0.0,0.0,0.0
2021-02-07T09:00,8.0,0.0,0.0,0.0
2021-02-07T10:00,7.3,0.0,0.0,0.0
2021-02-07T11:00,6.6,0.0,0.0,0.0
2021-02-07T12:00,6.6,0.0,0.0,0.0
2021-02-07T13:00,5.9,0.0,0.0,0.0
2021-02-07T14:00,5.4,0.0,0.0,0.0
2021-02-07T15:00,6.0,144.1,12.0,24.0
2021-02-07T16:00,8.9,602.4,53.0,186.0
2021-02-07T17:00,12.4,784.5,75.0,384.0
2021-02-07T18:00,15.8,874.8,85.0,549.0
2021-02-07T19:00,18.1,919.4,92.0,663.0
2021-02-07T20:00,19.8,924.7,99.0,709.0
2021-02-07T21:00,21.1,912.2,101.0,688.0
2021-02-07T22:00,22.0,881.8,95.0,601.0
2021-02-07T23:00,22.3,722.6,111.0,440.0
2021-02-08T00:00,21.7,327.7,114.0,211.0
2021-02-08T01:00,19.4,297.4,34.0,71.0
2021-02-08T02:00,18.4,0.0,0.0,0.0
2021-02-08T03:00,19.1,0.0,0.0,0.0
2021-02-08T04:00,18.4,0.0,0.0,0.0
2021-02-08T05:00,15.1,0.0,0.0,0.0
2021-02-08T06:00,12.8,0.0,0.0,0.0
2021-02-08T07:00,10.9,0.0,0.0,0.0
2021-02-08T08:00,9.6,0.0,0.0,0.0
2021-02-08T09:00,8.9,0.0,0.0,0.0
2021-02-08T10:00,8.2,0.0,0.0,0.0
2021-02-08T11:00,7.5,0.0,0.0,0.0
2021-02-08T12:00,7.0,0.0,0.0,0.0
2021-02-08T13:00,6.5,0.0,0.0,0.0
2021-02-08T14:00,6.2,0.0,0.0,0.0
2021-02-08T15:00,7.0,153.0,12.0,25.0
2021-02-08T16:00,10.2,606.6,54.0,190.0
2021-02-08T17:00,14.0,787.3,75.0,388.0
2021-02-08T18:00,17.4,875.8,86.0,554.0
2021-02-08T19:00,20.0,919.8,92.0,667.0
2021-02-08T20:00,21.7,935.5,95.0,716.0
2021-02-08T21:00,22.9,929.4,94.0,696.0
2021-02-08T22:00,23.5,899.7,89.0,609.0
2021-02-08T23:00,23.7,836.1,80.0,464.0
2021-02-09T00:00,22.9,703.9,65.0,276.0
2021-02-09T01:00,22.4,403.7,29.0,80.0
2021-02-09T02:00,20.7,0.0,0.0,0.0
2021-02-09T03:00,17.7,0.0,0.0,0.0
2021-02-09T04:00,15.1,0.0,0.0,0.0
2021-02-09T05:00,14.3,0.0,0.0,0.0
2021-02-09T06:00,14.5,0.0,0.0,0.0
2021-02-09T07:00,13.8,0.0,0.0,0.0
2021-02-09T08:00,11.1,0.0,0.0,0.0
2021-02-09T09:00,9.4,0.0,0.0,0.0
2021-02-09T10:00,8.4,0.0,0.0,0.0
2021-02-09T11:00,7.9,0.0,0.0,0.0
2021-02-09T12:00,7.7,0.0,0.0,0.0
2021-02-09T13:00,7.0,0.0,0.0,0.0
2021-02-09T14:00,6.9,0.0,0.0,0.0
2021-02-09T15:00,8.0,126.9,14.0,25.0
2021-02-09T16:00,10.9,575.4,58.0,189.0
2021-02-09T17:00,14.4,722.6,91.0,381.0
2021-02-09T18:00,18.0,824.8,104.0,548.0
2021-02-09T19:00,20.6,634.1,206.0,605.0
2021-02-09T20:00,21.9,434.1,276.0,566.0
2021-02-09T21:00,23.0,550.7,235.0,594.0
2021-02-09T22:00,23.5,556.6,205.0,529.0
2021-02-09T23:00,23.5,336.8,200.0,356.0
2021-02-10T00:00,22.5,145.0,136.0,180.0
2021-02-10T01:00,21.0,23.4,38.0,41.0
2021-02-10T02:00,18.7,0.0,0.0,0.0
2021-02-10T03:00,17.2,0.0,0.0,0.0
2021-02-10T04:00,18.3,0.0,0.0,0.0
2021-02-10T05:00,18.0,0.0,0.0,0.0
2021-02-10T06:00,16.5,0.0,0.0,0.0
2021-02-10T07:00,14.7,0.0,0.0,0.0
2021-02-10T08:00,14.5,0.0,0.0,0.0
2021-02-10T09:00,14.2,0.0,0.0,0.0
2021-02-10T10:00,13.8,0.0,0.0,0.0
2021-02-10T11:00,12.3,0.0,0.0,0.0
2021-02-10T12:00,12.8,0.0,0.0,0.0
2021-02-10T13:00,10.3,0.0,0.0,0.0
2021-02-10T14:00,9.1,0.0,0.0,0.0
2021-02-10T15:00,10.2,113.1,14.0,24.0
2021-02-10T16:00,12.8,506.0,64.0,181.0
2021-02-10T17:00,15.9,693.6,89.0,370.0
2021-02-10T18:00,18.3,709.9,123.0,508.0
2021-02-10T19:00,19.9,863.5,108.0,655.0
2021-02-10T20:00,20.8,727.4,165.0,654.0
2021-02-10T21:00,21.3,519.7,226.0,567.0
2021-02-10T22:00,21.7,399.2,240.0,474.0
2021-02-10T23:00,21.9,524.4,158.0,403.0
2021-02-11T00:00,21.9,615.2,78.0,267.0
2021-02-11T01:00,20.7,153.7,45.0,65.0
2021-02-11T02:00,19.3,0.0,0.0,0.0
2021-02-11T03:00,18.3,0.0,0.0,0.0
2021-02-11T04:00,16.1,0.0,0.0,0.0
2021-02-11T05:00,14.3,0.0,0.0,0.0
2021-02-11T06:00,14.4,0.0,0.0,0.0
2021-02-11T07:00,12.3,0.0,0.0,0.0
2021-02-11T08:00,13.2,0.0,0.0,0.0
2021-02-11T09:00,11.2,0.0,0.0,0.0
2021-02-11T10:00,9.1,0.0,0.0,0.0
2021-02-11T11:00,8.7,0.0,0.0,0.0
2021-02-11T12:00,8.3,0.0,0.0,0.0
2021-02-11T13:00,7.9,0.0,0.0,0.0
2021-02-11T14:00,6.8,0.0,0.0,0.0
2021-02-11T15:00,8.2,166.2,14.0,29.0
2021-02-11T16:00,10.7,600.5,55.0,196.0
2021-02-11T17:00,14.3,775.1,76.0,393.0
2021-02-11T18:00,17.6,863.8,87.0,559.0
2021-02-11T19:00,19.8,908.0,93.0,672.0
2021-02-11T20:00,21.5,923.8,96.0,721.0
2021-02-11T21:00,22.8,919.2,94.0,701.0
2021-02-11T22:00,23.7,889.3,90.0,615.0
2021-02-11T23:00,24.1,825.6,81.0,470.0
2021-02-12T00:00,23.4,697.8,66.0,283.0
2021-02-12T01:00,21.1,416.7,32.0,87.0
2021-02-12T02:00,19.2,0.0,0.0,0.0
2021-02-12T03:00,18.1,0.0,0.0,0.0
2021-02-12T04:00,17.0,0.0,0.0,0.0
2021-02-12T05:00,18.7,0.0,0.0,0.0
2021-02-12T06:00,17.9,0.0,0.0,0.0
2021-02-12T07:00,15.2,0.0,0.0,0.0
2021-02-12T08:00,14.4,0.0,0.0,0.0
2021-02-12T09:00,11.7,0.0,0.0,0.0
2021-02-12T10:00,11.0,0.0,0.0,0.0
2021-02-12T11:00,10.3,0.0,0.0,0.0
2021-02-12T12:00,10.7,0.0,0.0,0.0
2021-02-12T13:00,10.8,0.0,0.0,0.0
2021-02-12T14:00,10.9,0.0,0.0,0.0
2021-02-12T15:00,11.4,97.7,16.0,25.0
2021-02-12T16:00,13.9,528.4,61.0,187.0
2021-02-12T17:00,16.3,675.7,91.0,370.0
2021-02-12T18:00,18.4,666.7,123.0,490.0
2021-02-12T19:00,19.8,507.9,184.0,510.0
2021-02-12T20:00,21.2,737.4,143.0,645.0
2021-02-12T21:00,21.7,827.5,115.0,665.0
2021-02-12T22:00,22.1,849.5,97.0,602.0
2021-02-12T23:00,20.7,646.2,115.0,422.0
2021-02-13T00:00,18.4,368.6,91.0,207.0
2021-02-13T01:00,18.1,134.5,42.0,60.0
2021-02-13T02:00,16.8,0.0,0.0,0.0
2021-02-13T03:00,16.1,0.0,0.0,0.0
2021-02-13T04:00,15.6,0.0,0.0,0.0
2021-02-13T05:00,14.9,0.0,0.0,0.0
2021-02-13T06:00,13.5,0.0,0.0,0.0
2021-02-13T07:00,12.5,0.0,0.0,0.0
2021-02-13T08:00,11.6,0.0,0.0,0.0
2021-02-13T09:00,12.6,0.0,0.0,0.0
2021-02-13T10:00,11.6,0.0,0.0,0.0
2021-02-13T11:00,9.1,0.0,0.0,0.0
2021-02-13T12:00,7.9,0.0,0.0,0.0
2021-02-13T13:00,7.8,0.0,0.0,0.0
2021-02-13T14:00,7.5,0.0,0.0,0.0
2021-02-13T15:00,8.0,117.1,17.0,28.0
2021-02-13T16:00,9.9,82.6,88.0,108.0
2021-02-13T17:00,12.2,88.8,172.0,209.0
2021-02-13T18:00,13.4,7.2,160.0,164.0
2021-02-13T19:00,17.8,677.9,157.0,595.0
2021-02-13T20:00,19.8,743.0,176.0,685.0
2021-02-13T21:00,22.2,886.6,109.0,702.0
2021-02-13T22:00,22.4,736.7,144.0,585.0
2021-02-13T23:00,21.8,812.0,82.0,471.0
2021-02-14T00:00,20.1,675.3,68.0,283.0
2021-02-14T01:00,18.7,412.6,34.0,90.0
2021-02-14T02:00,17.5,0.0,1.0,1.0
2021-02-14T03:00,16.8,0.0,0.0,0.0
2021-02-14T04:00,16.5,0.0,0.0,0.0
2021-02-14T05:00,15.6,0.0,0.0,0.0
2021-02-14T06:00,13.3,0.0,0.0,0.0
2021-02-14T07:00,12.5,0.0,0.0,0.0
2021-02-14T08:00,11.5,0.0,0.0,0.0
2021-02-14T09:00,10.3,0.0,0.0,0.0
2021-02-14T10:00,9.4,0.0,0.0,0.0
2021-02-14T11:00,10.1,0.0,0.0,0.0
2021-02-14T12:00,8.3,0.0,0.0,0.0
2021-02-14T13:00,8.8,0.0,0.0,0.0
2021-02-14T14:00,8.4,0.0,0.0,0.0
2021-02-14T15:00,9.0,177.4,16.0,33.0
2021-02-14T16:00,11.7,585.5,61.0,205.0
2021-02-14T17:00,13.6,758.0,82.0,401.0
2021-02-14T18:00,15.6,844.7,94.0,566.0
2021-02-14T19:00,16.7,888.8,101.0,679.0
2021-02-14T20:00,17.8,906.7,103.0,728.0
2021-02-14T21:00,18.4,895.9,102.0,705.0
2021-02-14T22:00,18.7,849.5,101.0,613.0
2021-02-14T23:00,18.9,704.0,121.0,461.0
2021-02-15T00:00,18.0,658.2,73.0,285.0
2021-02-15T01:00,17.1,421.6,35.0,93.0
2021-02-15T02:00,15.9,0.0,1.0,1.0
2021-02-15T03:00,15.0,0.0,0.0,0.0
2021-02-15T04:00,14.2,0.0,0.0,0.0
2021-02-15T05:00,13.4,0.0,0.0,0.0
2021-02-15T06:00,12.7,0.0,0.0,0.0
2021-02-15T07:00,11.7,0.0,0.0,0.0
2021-02-15T08:00,10.2,0.0,0.0,0.0
2021-02-15T09:00,11.4,0.0,0.0,0.0
2021-02-15T10:00,7.6,0.0,0.0,0.0
2021-02-15T11:00,6.2,0.0,0.0,0.0
2021-02-15T12:00,7.1,0.0,0.0,0.0
2021-02-15T13:00,5.4,0.0,0.0,0.0
2021-02-15T14:00,4.9,0.0,0.0,0.0
2021-02-15T15:00,5.4,194.5,16.0,35.0
2021-02-15T16:00,8.1,588.6,61.0,208.0
2021-02-15T17:00,11.0,750.9,84.0,403.0
2021-02-15T18:00,13.1,694.6,148.0,539.0
2021-02-15T19:00,14.7,800.5,138.0,662.0
2021-02-15T20:00,16.4,886.7,110.0,725.0
2021-02-15T21:00,17.8,850.4,123.0,699.0
2021-02-15T22:00,18.6,845.5,105.0,618.0
2021-02-15T23:00,19.0,803.1,87.0,478.0
2021-02-16T00:00,18.0,414.5,119.0,254.0
2021-02-16T01:00,17.5,308.4,45.0,88.0
2021-02-16T02:00,15.7,0.0,1.0,1.0
2021-02-16T03:00,16.2,0.0,0.0,0.0
2021-02-16T04:00,15.8,0.0,0.0,0.0
2021-02-16T05:00,13.1,0.0,0.0,0.0
2021-02-16T06:00,11.7,0.0,0.0,0.0
2021-02-16T07:00,10.6,0.0,0.0,0.0
2021-02-16T08:00,9.7,0.0,0.0,0.0
2021-02-16T09:00,10.4,0.0,0.0,0.0
2021-02-16T10:00,9.9,0.0,0.0,0.0
2021-02-16T11:00,9.0,0.0,0.0,0.0
2021-02-16T12:00,9.1,0.0,0.0,0.0
2021-02-16T13:00,9.5,0.0,0.0,0.0
2021-02-16T14:00,9.6,0.0,0.0,0.0
2021-02-16T15:00,10.1,10.0,6.0,7.0
2021-02-16T16:00,12.2,374.6,72.0,167.0
2021-02-16T17:00,14.1,680.8,92.0,384.0
2021-02-16T18:00,15.8,830.5,97.0,568.0
2021-02-16T19:00,17.7,894.0,100.0,689.0
2021-02-16T20:00,19.2,925.7,100.0,746.0
2021-02-16T21:00,20.0,923.0,99.0,728.0
2021-02-16T22:00,21.1,849.7,104.0,623.0
2021-02-16T23:00,20.7,701.0,111.0,455.0
2021-02-17T00:00,20.1,491.9,77.0,239.0
2021-02-17T01:00,18.9,431.9,36.0,97.0
2021-02-17T02:00,17.4,0.0,1.0,1.0
2021-02-17T03:00,16.0,0.0,0.0,0.0
2021-02-17T04:00,15.3,0.0,0.0,0.0
2021-02-17T05:00,14.0,0.0,0.0,0.0
2021-02-17T06:00,12.6,0.0,0.0,0.0
2021-02-17T07:00,10.9,0.0,0.0,0.0
2021-02-17T08:00,9.6,0.0,0.0,0.0
2021-02-17T09:00,8.4,0.0,0.0,0.0
2021-02-17T10:00,7.1,0.0,0.0,0.0
2021-02-17T11:00,6.8,0.0,0.0,0.0
2021-02-17T12:00,7.2,0.0,0.0,0.0
2021-02-17T13:00,6.4,0.0,0.0,0.0
2021-02-17T14:00,5.7,0.0,0.0,0.0
2021-02-17T15:00,7.2,236.3,17.0,41.0
2021-02-17T16:00,9.1,652.5,58.0,226.0
2021-02-17T17:00,12.2,815.3,79.0,432.0
2021-02-17T18:00,14.9,899.6,89.0,603.0
2021-02-17T19:00,17.0,942.5,95.0,720.0
2021-02-17T20:00,18.4,964.2,98.0,775.0
2021-02-17T21:00,18.8,958.2,97.0,754.0
2021-02-17T22:00,19.0,925.4,93.0,662.0
2021-02-17T23:00,18.8,802.7,97.0,494.0
2021-02-18T00:00,18.2,600.7,84.0,284.0
2021-02-18T01:00,16.5,62.9,48.0,57.0
2021-02-18T02:00,15.2,0.0,1.0,1.0
2021-02-18T03:00,13.9,0.0,0.0,0.0
2021-02-18T04:00,13.2,0.0,0.0,0.0
2021-02-18T05:00,12.1,0.0,0.0,0.0
2021-02-18T06:00,10.5,0.0,0.0,0.0
2021-02-18T07:00,9.2,0.0,0.0,0.0
2021-02-18T08:00,8.4,0.0,0.0,0.0
2021-02-18T09:00,7.5,0.0,0.0,0.0
2021-02-18T10:00,6.9,0.0,0.0,0.0
2021-02-18T11:00,6.3,0.0,0.0,0.0
2021-02-18T12:00,5.6,0.0,0.0,0.0
2021-02-18T13:00,5.5,0.0,0.0,0.0
2021-02-18T14:00,7.6,0.0,0.0,0.0
2021-02-18T15:00,7.0,251.0,18.0,44.0
2021-02-18T16:00,9.8,661.6,60.0,233.0
2021-02-18T17:00,12.3,825.8,79.0,440.0
2021-02-18T18:00,14.0,906.8,90.0,612.0
2021-02-18T19:00,15.3,945.3,96.0,727.0
2021-02-18T20:00,16.4,958.3,99.0,776.0
2021-02-18T21:00,17.0,952.3,99.0,756.0
2021-02-18T22:00,17.4,924.1,93.0,665.0
2021-02-18T23:00,17.5,862.7,84.0,514.0
2021-02-19T00:00,17.1,739.8,69.0,318.0
2021-02-19T01:00,16.8,490.1,38.0,109.0
2021-02-19T02:00,15.4,0.0,2.0,2.0
2021-02-19T03:00,14.0,0.0,0.0,0.0
2021-02-19T04:00,12.8,0.0,0.0,0.0
2021-02-19T05:00,11.9,0.0,0.0,0.0
2021-02-19T06:00,10.8,0.0,0.0,0.0
2021-02-19T07:00,9.5,0.0,0.0,0.0
2021-02-19T08:00,8.7,0.0,0.0,0.0
2021-02-19T09:00,7.8,0.0,0.0,0.0
2021-02-19T10:00,7.5,0.0,0.0,0.0
2021-02-19T11:00,7.1,0.0,0.0,0.0
2021-02-19T12:00,6.1,0.0,0.0,0.0
2021-02-19T13:00,6.7,0.0,0.0,0.0
2021-02-19T14:00,5.6,0.0,0.0,0.0
2021-02-19T15:00,7.1,246.1,19.0,45.0
2021-02-19T16:00,9.5,647.7,60.0,232.0
2021-02-19T17:00,13.1,806.5,80.0,436.0
2021-02-19T18:00,16.2,886.2,91.0,605.0
2021-02-19T19:00,18.2,927.2,97.0,720.0
2021-02-19T20:00,19.4,941.2,100.0,769.0
2021-02-19T21:00,20.2,934.9,98.0,747.0
2021-02-19T22:00,20.9,906.9,93.0,658.0
2021-02-19T23:00,21.3,846.1,85.0,510.0
2021-02-20T00:00,20.9,729.1,69.0,317.0
2021-02-20T01:00,19.9,487.4,40.0,112.0
2021-02-20T02:00,17.9,19.1,1.0,2.0
2021-02-20T03:00,16.6,0.0,0.0,0.0
2021-02-20T04:00,14.8,0.0,0.0,0.0
2021-02-20T05:00,15.0,0.0,0.0,0.0
2021-02-20T06:00,15.4,0.0,0.0,0.0
2021-02-20T07:00,14.9,0.0,0.0,0.0
2021-02-20T08:00,13.6,0.0,0.0,0.0
2021-02-20T09:00,10.5,0.0,0.0,0.0
2021-02-20T10:00,8.6,0.0,0.0,0.0
2021-02-20T11:00,7.5,0.0,0.0,0.0
2021-02-20T12:00,6.4,0.0,0.0,0.0
2021-02-20T13:00,5.4,0.0,0.0,0.0
2021-02-20T14:00,5.0,0.0,0.0,0.0
2021-02-20T15:00,6.9,250.6,20.0,47.0
2021-02-20T16:00,10.5,641.4,60.0,233.0
2021-02-20T17:00,14.3,798.7,80.0,436.0
2021-02-20T18:00,17.5,881.2,91.0,606.0
2021-02-20T19:00,20.1,924.1,98.0,723.0
2021-02-20T20:00,22.3,948.0,100.0,778.0
2021-02-20T21:00,24.3,950.7,99.0,763.0
2021-02-20T22:00,24.8,926.5,95.0,676.0
2021-02-20T23:00,24.2,865.4,86.0,524.0
2021-02-21T00:00,23.3,747.6,71.0,328.0
2021-02-21T01:00,21.7,509.8,40.0,117.0
2021-02-21T02:00,19.2,19.1,2.0,3.0
2021-02-21T03:00,18.2,0.0,0.0,0.0
2021-02-21T04:00,17.0,0.0,0.0,0.0
2021-02-21T05:00,16.1,0.0,0.0,0.0
2021-02-21T06:00,14.7,0.0,0.0,0.0
2021-02-21T07:00,13.4,0.0,0.0,0.0
2021-02-21T08:00,12.0,0.0,0.0,0.0
2021-02-21T09:00,10.9,0.0,0.0,0.0
2021-02-21T10:00,10.2,0.0,0.0,0.0
2021-02-21T11:00,9.5,0.0,0.0,0.0
2021-02-21T12:00,8.7,0.0,0.0,0.0
2021-02-21T13:00,8.1,0.0,0.0,0.0
2021-02-21T14:00,7.3,0.0,0.0,0.0
2021-02-21T15:00,9.1,282.2,21.0,52.0
2021-02-21T16:00,12.8,675.3,62.0,247.0
2021-02-21T17:00,15.6,828.7,81.0,454.0
2021-02-21T18:00,17.2,906.8,92.0,626.0
2021-02-21T19:00,18.4,947.4,98.0,743.0
2021-02-21T20:00,19.2,961.6,101.0,793.0
2021-02-21T21:00,19.8,957.7,99.0,772.0
2021-02-21T22:00,20.2,931.6,95.0,683.0
2021-02-21T23:00,20.3,870.6,86.0,530.0
2021-02-22T00:00,20.0,751.4,71.0,332.0
2021-02-22T01:00,19.3,511.9,41.0,120.0
2021-02-22T02:00,17.4,19.1,2.0,3.0
2021-02-22T03:00,16.1,0.0,0.0,0.0
2021-02-22T04:00,15.2,0.0,0.0,0.0
2021-02-22T05:00,15.1,0.0,0.0,0.0
2021-02-22T06:00,12.4,0.0,0.0,0.0
2021-02-22T07:00,11.3,0.0,0.0,0.0
2021-02-22T08:00,10.1,0.0,0.0,0.0
2021-02-22T09:00,9.9,0.0,0.0,0.0
2021-02-22T10:00,9.2,0.0,0.0,0.0
2021-02-22T11:00,8.0,0.0,0.0,0.0
2021-02-22T12:00,7.0,0.0,0.0,0.0
2021-02-22T13:00,7.8,0.0,0.0,0.0
2021-02-22T14:00,9.1,0.0,0.0,0.0
2021-02-22T15:00,9.1,294.5,21.0,54.0
2021-02-22T16:00,11.7,675.6,63.0,251.0
2021-02-22T17:00,15.7,831.6,81.0,459.0
2021-02-22T18:00,18.6,906.7,92.0,630.0
2021-02-22T19:00,20.5,945.6,98.0,746.0
2021-02-22T20:00,22.1,959.9,101.0,796.0
2021-02-22T21:00,23.1,954.8,99.0,774.0
2021-02-22T22:00,23.8,927.2,95.0,684.0
2021-02-22T23:00,24.0,870.0,86.0,533.0
2021-02-23T00:00,23.9,755.2,71.0,336.0
2021-02-23T01:00,22.4,520.2,42.0,124.0
2021-02-23T02:00,20.4,19.1,2.0,3.0
2021-02-23T03:00,18.8,0.0,0.0,0.0
2021-02-23T04:00,17.1,0.0,0.0,0.0
2021-02-23T05:00,15.3,0.0,0.0,0.0
2021-02-23T06:00,16.5,0.0,0.0,0.0
2021-02-23T07:00,16.6,0.0,0.0,0.0
2021-02-23T08:00,15.1,0.0,0.0,0.0
2021-02-23T09:00,11.9,0.0,0.0,0.0
2021-02-23T10:00,10.0,0.0,0.0,0.0
2021-02-23T11:00,9.5,0.0,0.0,0.0
2021-02-23T12:00,8.8,0.0,0.0,0.0
2021-02-23T13:00,8.2,0.0,0.0,0.0
2021-02-23T14:00,7.8,0.0,0.0,0.0
2021-02-23T15:00,9.2,183.8,30.0,51.0
2021-02-23T16:00,12.5,576.7,79.0,242.0
2021-02-23T17:00,15.9,758.1,101.0,449.0
2021-02-23T18:00,19.0,851.3,113.0,622.0
2021-02-23T19:00,21.3,853.8,140.0,729.0
2021-02-23T20:00,23.1,919.7,119.0,789.0
2021-02-23T21:00,24.4,946.2,102.0,775.0
2021-02-23T22:00,25.5,919.7,96.0,684.0
2021-02-23T23:00,25.9,855.8,89.0,532.0
2021-02-24T00:00,25.1,747.6,72.0,337.0
2021-02-24T01:00,23.5,522.1,43.0,127.0
2021-02-24T02:00,21.0,19.1,3.0,4.0
2021-02-24T03:00,19.6,0.0,0.0,0.0
2021-02-24T04:00,19.7,0.0,0.0,0.0
2021-02-24T05:00,17.5,0.0,0.0,0.0
2021-02-24T06:00,15.7,0.0,0.0,0.0
2021-02-24T07:00,15.6,0.0,0.0,0.0
2021-02-24T08:00,17.0,0.0,0.0,0.0
2021-02-24T09:00,14.1,0.0,0.0,0.0
2021-02-24T10:00,10.7,0.0,0.0,0.0
2021-02-24T11:00,9.2,0.0,0.0,0.0
2021-02-24T12:00,8.0,0.0,0.0,0.0
2021-02-24T13:00,7.7,0.0,0.0,0.0
2021-02-24T14:00,7.3,0.0,0.0,0.0
2021-02-24T15:00,8.9,300.4,23.0,58.0
2021-02-24T16:00,12.0,668.8,63.0,255.0
2021-02-24T17:00,15.8,815.4,82.0,460.0
2021-02-24T18:00,19.1,889.6,92.0,628.0
2021-02-24T19:00,21.6,921.7,99.0,739.0
2021-02-24T20:00,23.4,936.0,101.0,787.0
2021-02-24T21:00,24.8,929.4,100.0,765.0
2021-02-24T22:00,25.8,903.0,96.0,677.0
2021-02-24T23:00,26.1,845.7,86.0,527.0
2021-02-25T00:00,25.5,734.7,71.0,334.0
2021-02-25T01:00,24.0,505.6,43.0,126.0
2021-02-25T02:00,21.2,19.1,3.0,4.0
2021-02-25T03:00,21.1,0.0,0.0,0.0
2021-02-25T04:00,19.6,0.0,0.0,0.0
2021-02-25T05:00,17.7,0.0,0.0,0.0
2021-02-25T06:00,17.5,0.0,0.0,0.0
2021-02-25T07:00,18.1,0.0,0.0,0.0
2021-02-25T08:00,17.1,0.0,0.0,0.0
2021-02-25T09:00,16.0,0.0,0.0,0.0
2021-02-25T10:00,14.6,0.0,0.0,0.0
2021-02-25T11:00,13.8,0.0,0.0,0.0
2021-02-25T12:00,10.9,0.0,0.0,0.0
2021-02-25T13:00,10.1,0.0,0.0,0.0
2021-02-25T14:00,9.3,0.0,0.0,0.0
2021-02-25T15:00,10.5,311.5,24.0,61.0
2021-02-25T16:00,13.2,675.6,64.0,261.0
2021-02-25T17:00,15.9,826.6,83.0,470.0
2021-02-25T18:00,17.7,909.2,94.0,646.0
2021-02-25T19:00,18.6,955.7,100.0,768.0
2021-02-25T20:00,19.3,976.4,103.0,823.0
2021-02-25T21:00,19.9,968.3,101.0,798.0
2021-02-25T22:00,20.1,939.1,97.0,705.0
2021-02-25T23:00,20.1,877.7,88.0,549.0
2021-02-26T00:00,19.0,760.7,73.0,348.0
2021-02-26T01:00,18.4,531.6,44.0,133.0
2021-02-26T02:00,16.8,37.6,3.0,5.0
2021-02-26T03:00,15.9,0.0,0.0,0.0
2021-02-26T04:00,14.4,0.0,0.0,0.0
2021-02-26T05:00,12.3,0.0,0.0,0.0
2021-02-26T06:00,13.6,0.0,0.0,0.0
2021-02-26T07:00,11.8,0.0,0.0,0.0
2021-02-26T08:00,9.5,0.0,0.0,0.0
2021-02-26T09:00,8.1,0.0,0.0,0.0
2021-02-26T10:00,8.6,0.0,0.0,0.0
2021-02-26T11:00,5.9,0.0,0.0,0.0
2021-02-26T12:00,5.0,0.0,0.0,0.0
2021-02-26T13:00,4.3,0.0,0.0,0.0
2021-02-26T14:00,4.0,0.0,0.0,0.0
2021-02-26T15:00,6.1,297.3,28.0,64.0
2021-02-26T16:00,9.1,601.1,81.0,259.0
2021-02-26T17:00,12.1,717.0,119.0,458.0
2021-02-26T18:00,14.7,689.8,182.0,604.0
2021-02-26T19:00,16.9,773.3,186.0,730.0
2021-02-26T20:00,18.5,808.8,178.0,778.0
2021-02-26T21:00,20.0,968.2,102.0,803.0
2021-02-26T22:00,21.0,942.5,97.0,711.0
2021-02-26T23:00,21.5,886.6,89.0,558.0
2021-02-27T00:00,20.6,778.1,74.0,358.0
2021-02-27T01:00,19.6,550.9,45.0,139.0
2021-02-27T02:00,17.2,36.5,4.0,6.0
2021-02-27T03:00,15.7,0.0,0.0,0.0
2021-02-27T04:00,14.8,0.0,0.0,0.0
2021-02-27T05:00,13.7,0.0,0.0,0.0
2021-02-27T06:00,12.1,0.0,0.0,0.0
2021-02-27T07:00,10.0,0.0,0.0,0.0
2021-02-27T08:00,8.8,0.0,0.0,0.0
2021-02-27T09:00,7.4,0.0,0.0,0.0
2021-02-27T10:00,7.0,0.0,0.0,0.0
2021-02-27T11:00,6.3,0.0,0.0,0.0
2021-02-27T12:00,5.3,0.0,0.0,0.0
2021-02-27T13:00,4.8,0.0,0.0,0.0
2021-02-27T14:00,4.5,0.0,0.0,0.0
2021-02-27T15:00,6.1,356.6,26.0,70.0
2021-02-27T16:00,9.3,698.4,66.0,276.0
2021-02-27T17:00,13.0,844.1,84.0,487.0
2021-02-27T18:00,16.2,916.6,95.0,660.0
2021-02-27T19:00,18.6,953.3,100.0,775.0
2021-02-27T20:00,20.2,964.8,103.0,823.0
2021-02-27T21:00,21.1,957.0,102.0,799.0
2021-02-27T22:00,21.7,930.6,97.0,707.0
2021-02-27T23:00,21.8,872.8,88.0,553.0
2021-02-28T00:00,20.9,759.9,74.0,354.0
2021-02-28T01:00,20.0,534.9,46.0,139.0
2021-02-28T02:00,17.9,35.5,4.0,6.0
2021-02-28T03:00,16.7,0.0,0.0,0.0
2021-02-28T04:00,16.3,0.0,0.0,0.0
2021-02-28T05:00,14.7,0.0,0.0,0.0
2021-02-28T06:00,13.2,0.0,0.0,0.0
2021-02-28T07:00,12.2,0.0,0.0,0.0
2021-02-28T08:00,11.9,0.0,0.0,0.0
2021-02-28T09:00,10.9,0.0,0.0,0.0
2021-02-28T10:00,10.0,0.0,0.0,0.0
2021-02-28T11:00,9.4,0.0,0.0,0.0
2021-02-28T12:00,8.7,0.0,0.0,0.0
2021-02-28T13:00,7.7,0.0,0.0,0.0
2021-02-28T14:00,6.6,0.0,0.0,0.0
2021-02-28T15:00,7.7,373.8,28.0,75.0
2021-02-28T16:00,10.3,720.6,67.0,287.0
2021-02-28T17:00,12.4,858.7,85.0,499.0
2021-02-28T18:00,13.9,925.8,95.0,670.0
2021-02-28T19:00,15.7,957.0,103.0,785.0
2021-02-28T20:00,16.6,832.6,167.0,792.0
2021-02-28T21:00,17.2,749.5,176.0,725.0
2021-02-28T22:00,17.5,956.8,97.0,728.0
2021-02-28T23:00,17.2,915.3,84.0,575.0
2021-03-01T00:00,16.4,798.6,74.0,371.0
2021-03-01T01:00,15.5,564.8,46.0,146.0
2021-03-01T02:00,13.5,51.8,4.0,7.0
2021-03-01T03:00,12.4,0.0,0.0,0.0
2021-03-01T04:00,11.8,0.0,0.0,0.0
2021-03-01T05:00,10.8,0.0,0.0,0.0
2021-03-01T06:00,9.7,0.0,0.0,0.0
2021-03-01T07:00,8.2,0.0,0.0,0.0
2021-03-01T08:00,7.0,0.0,0.0,0.0
2021-03-01T09:00,6.1,0.0,0.0,0.0
2021-03-01T10:00,5.3,0.0,0.0,0.0
2021-03-01T11:00,4.8,0.0,0.0,0.0
2021-03-01T12:00,5.9,0.0,0.0,0.0
2021-03-01T13:00,4.4,0.0,0.0,0.0
2021-03-01T14:00,3.2,0.0,0.0,0.0
2021-03-01T15:00,6.0,390.3,29.0,79.0
2021-03-01T16:00,10.2,716.3,68.0,290.0
2021-03-01T17:00,13.9,854.6,86.0,502.0
2021-03-01T18:00,16.1,922.1,96.0,673.0
2021-03-01T19:00,17.8,953.7,103.0,787.0
2021-03-01T20:00,19.1,966.8,104.0,834.0
2021-03-01T21:00,20.1,961.0,104.0,812.0
2021-03-01T22:00,20.7,937.6,98.0,720.0
2021-03-01T23:00,20.9,883.1,90.0,567.0
2021-03-02T00:00,20.4,775.3,75.0,366.0
2021-03-02T01:00,19.8,549.3,47.0,146.0
2021-03-02T02:00,17.3,50.4,4.0,7.0
2021-03-02T03:00,15.9,0.0,0.0,0.0
2021-03-02T04:00,15.0,0.0,0.0,0.0
2021-03-02T05:00,14.1,0.0,0.0,0.0
2021-03-02T06:00,12.4,0.0,0.0,0.0
2021-03-02T07:00,12.6,0.0,0.0,0.0
2021-03-02T08:00,12.9,0.0,0.0,0.0
2021-03-02T09:00,13.1,0.0,0.0,0.0
2021-03-02T10:00,12.9,0.0,0.0,0.0
2021-03-02T11:00,12.0,0.0,0.0,0.0
2021-03-02T12:00,10.9,0.0,0.0,0.0
2021-03-02T13:00,10.7,0.0,0.0,0.0
2021-03-02T14:00,10.3,0.0,0.0,0.0
2021-03-02T15:00,12.3,383.2,30.0,80.0
2021-03-02T16:00,15.6,705.7,68.0,290.0
2021-03-02T17:00,18.6,844.4,86.0,501.0
2021-03-02T18:00,20.8,915.3,97.0,674.0
2021-03-02T19:00,22.9,951.8,103.0,790.0
2021-03-02T20:00,24.1,966.4,105.0,839.0
2021-03-02T21:00,24.9,962.3,104.0,817.0
2021-03-02T22:00,25.6,933.5,99.0,722.0
2021-03-02T23:00,25.9,877.1,90.0,567.0
2021-03-03T00:00,24.8,771.0,75.0,367.0
2021-03-03T01:00,22.9,550.8,47.0,148.0
2021-03-03T02:00,20.5,49.1,5.0,8.0
2021-03-03T03:00,18.8,0.0,0.0,0.0
2021-03-03T04:00,18.9,0.0,0.0,0.0
2021-03-03T05:00,15.6,0.0,0.0,0.0
2021-03-03T06:00,14.9,0.0,0.0,0.0
2021-03-03T07:00,13.2,0.0,0.0,0.0
2021-03-03T08:00,12.0,0.0,0.0,0.0
2021-03-03T09:00,11.3,0.0,0.0,0.0
2021-03-03T10:00,10.5,0.0,0.0,0.0
2021-03-03T11:00,10.2,0.0,0.0,0.0
2021-03-03T12:00,10.0,0.0,0.0,0.0
2021-03-03T13:00,9.4,0.0,0.0,0.0
2021-03-03T14:00,8.8,0.0,0.0,0.0
2021-03-03T15:00,11.1,383.9,31.0,82.0
2021-03-03T16:00,15.3,689.1,69.0,289.0
2021-03-03T17:00,19.1,830.3,86.0,498.0
2021-03-03T18:00,22.5,889.7,99.0,664.0
2021-03-03T19:00,24.9,933.5,103.0,781.0
2021-03-03T20:00,26.3,945.2,105.0,827.0
2021-03-03T21:00,27.7,944.9,102.0,806.0
2021-03-03T22:00,26.7,889.4,102.0,699.0
2021-03-03T23:00,24.4,862.2,86.0,558.0
2021-03-04T00:00,24.4,738.0,75.0,357.0
2021-03-04T01:00,21.3,509.3,48.0,143.0
2021-03-04T02:00,18.5,47.9,5.0,8.0
2021-03-04T03:00,17.5,0.0,0.0,0.0
2021-03-04T04:00,16.9,0.0,0.0,0.0
2021-03-04T05:00,16.2,0.0,0.0,0.0
2021-03-04T06:00,15.1,0.0,0.0,0.0
2021-03-04T07:00,13.6,0.0,0.0,0.0
2021-03-04T08:00,12.8,0.0,0.0,0.0
2021-03-04T09:00,11.8,0.0,0.0,0.0
2021-03-04T10:00,11.3,0.0,0.0,0.0
2021-03-04T11:00,10.6,0.0,0.0,0.0
2021-03-04T12:00,11.6,0.0,0.0,0.0
2021-03-04T13:00,10.7,0.0,0.0,0.0
2021-03-04T14:00,9.6,0.0,0.0,0.0
2021-03-04T15:00,11.3,288.4,32.0,71.0
2021-03-04T16:00,13.0,509.4,78.0,243.0
2021-03-04T17:00,14.4,537.1,114.0,383.0
2021-03-04T18:00,16.0,694.1,131.0,575.0
2021-03-04T19:00,17.3,696.5,147.0,656.0
2021-03-04T20:00,18.8,785.0,135.0,738.0
2021-03-04T21:00,19.4,714.1,168.0,703.0
2021-03-04T22:00,20.0,819.1,125.0,678.0
2021-03-04T23:00,20.4,838.4,91.0,553.0
2021-03-05T00:00,20.2,721.2,78.0,356.0
2021-03-05T01:00,20.0,400.8,57.0,133.0
2021-03-05T02:00,18.5,46.8,5.0,8.0
2021-03-05T03:00,17.1,0.0,0.0,0.0
2021-03-05T04:00,16.2,0.0,0.0,0.0
2021-03-05T05:00,15.1,0.0,0.0,0.0
2021-03-05T06:00,14.9,0.0,0.0,0.0
2021-03-05T07:00,12.9,0.0,0.0,0.0
2021-03-05T08:00,11.5,0.0,0.0,0.0
2021-03-05T09:00,10.5,0.0,0.0,0.0
2021-03-05T10:00,9.5,0.0,0.0,0.0
2021-03-05T11:00,9.1,0.0,0.0,0.0
2021-03-05T12:00,8.9,0.0,0.0,0.0
2021-03-05T13:00,9.6,0.0,0.0,0.0
2021-03-05T14:00,10.4,0.0,0.0,0.0
2021-03-05T15:00,10.8,407.0,33.0,89.0
2021-03-05T16:00,14.2,693.8,70.0,298.0
2021-03-05T17:00,17.9,828.8,87.0,506.0
2021-03-05T18:00,20.6,898.7,97.0,676.0
2021-03-05T19:00,22.4,934.3,103.0,790.0
2021-03-05T20:00,23.9,946.3,106.0,837.0
2021-03-05T21:00,25.3,938.6,104.0,811.0
2021-03-05T22:00,26.2,910.2,100.0,718.0
2021-03-05T23:00,26.7,852.8,91.0,564.0
2021-03-06T00:00,26.7,745.9,76.0,366.0
2021-03-06T01:00,26.0,529.2,49.0,151.0
2021-03-06T02:00,24.7,60.9,6.0,10.0
2021-03-06T03:00,21.7,0.0,0.0,0.0
2021-03-06T04:00,20.5,0.0,0.0,0.0
2021-03-06T05:00,19.0,0.0,0.0,0.0
2021-03-06T06:00,17.7,0.0,0.0,0.0
2021-03-06T07:00,16.9,0.0,0.0,0.0
2021-03-06T08:00,15.9,0.0,0.0,0.0
2021-03-06T09:00,15.9,0.0,0.0,0.0
2021-03-06T10:00,16.3,0.0,0.0,0.0
2021-03-06T11:00,16.7,0.0,0.0,0.0
2021-03-06T12:00,16.2,0.0,0.0,0.0
2021-03-06T13:00,14.7,0.0,0.0,0.0
2021-03-06T14:00,14.1,0.0,0.0,0.0
2021-03-06T15:00,16.5,407.2,35.0,92.0
2021-03-06T16:00,19.9,675.1,74.0,299.0
2021-03-06T17:00,22.8,691.9,128.0,481.0
2021-03-06T18:00,25.3,732.0,160.0,635.0
2021-03-06T19:00,26.6,831.3,148.0,763.0
2021-03-06T20:00,27.8,907.6,121.0,826.0
2021-03-06T21:00,28.9,925.6,109.0,810.0
2021-03-06T22:00,29.2,914.0,97.0,721.0
2021-03-06T23:00,29.1,854.6,91.0,568.0
2021-03-07T00:00,28.3,752.4,76.0,371.0
2021-03-07T01:00,27.1,541.3,50.0,156.0
2021-03-07T02:00,26.5,59.5,6.0,10.0
2021-03-07T03:00,22.8,0.0,0.0,0.0
2021-03-07T04:00,21.3,0.0,0.0,0.0
2021-03-07T05:00,19.9,0.0,0.0,0.0
2021-03-07T06:00,17.9,0.0,0.0,0.0
2021-03-07T07:00,17.6,0.0,0.0,0.0
2021-03-07T08:00,16.3,0.0,0.0,0.0
2021-03-07T09:00,15.8,0.0,0.0,0.0
2021-03-07T10:00,14.7,0.0,0.0,0.0
2021-03-07T11:00,14.0,0.0,0.0,0.0
2021-03-07T12:00,12.5,0.0,0.0,0.0
2021-03-07T13:00,12.1,0.0,0.0,0.0
2021-03-07T14:00,11.5,0.0,1.0,1.0
2021-03-07T15:00,15.3,407.4,37.0,95.0
2021-03-07T16:00,19.1,683.6,73.0,304.0
2021-03-07T17:00,21.6,817.7,91.0,512.0
2021-03-07T18:00,24.0,832.5,127.0,671.0
2021-03-07T19:00,26.6,931.2,104.0,797.0
2021-03-07T20:00,28.1,811.8,183.0,817.0
2021-03-07T21:00,28.7,299.5,343.0,571.0
2021-03-07T22:00,29.7,610.3,237.0,656.0
2021-03-07T23:00,29.8,724.6,140.0,547.0
2021-03-08T00:00,29.7,597.0,114.0,350.0
2021-03-08T01:00,28.6,407.3,65.0,146.0
2021-03-08T02:00,26.1,43.7,7.0,10.0
2021-03-08T03:00,24.8,0.0,0.0,0.0
2021-03-08T04:00,22.7,0.0,0.0,0.0
2021-03-08T05:00,22.7,0.0,0.0,0.0
2021-03-08T06:00,22.6,0.0,0.0,0.0
2021-03-08T07:00,21.6,0.0,0.0,0.0
2021-03-08T08:00,22.6,0.0,0.0,0.0
2021-03-08T09:00,21.5,0.0,0.0,0.0
2021-03-08T10:00,20.8,0.0,0.0,0.0
2021-03-08T11:00,18.9,0.0,0.0,0.0
2021-03-08T12:00,17.9,0.0,0.0,0.0
2021-03-08T13:00,17.9,0.0,0.0,0.0
2021-03-08T14:00,17.4,0.0,1.0,1.0
2021-03-08T15:00,18.7,158.9,52.0,75.0
2021-03-08T16:00,21.6,475.8,85.0,248.0
2021-03-08T17:00,24.5,829.7,87.0,518.0
2021-03-08T18:00,25.7,896.7,98.0,688.0
2021-03-08T19:00,26.4,931.1,104.0,801.0
2021-03-08T20:00,27.3,941.2,107.0,846.0
2021-03-08T21:00,28.2,934.3,105.0,820.0
2021-03-08T22:00,28.5,908.4,101.0,728.0
2021-03-08T23:00,28.3,829.9,100.0,569.0
2021-03-09T00:00,27.8,456.6,143.0,325.0
2021-03-09T01:00,26.5,262.5,80.0,133.0
2021-03-09T02:00,24.8,28.5,8.0,10.0
2021-03-09T03:00,23.4,0.0,0.0,0.0
2021-03-09T04:00,22.0,0.0,0.0,0.0
2021-03-09T05:00,20.5,0.0,0.0,0.0
2021-03-09T06:00,18.7,0.0,0.0,0.0
2021-03-09T07:00,18.2,0.0,0.0,0.0
2021-03-09T08:00,18.9,0.0,0.0,0.0
2021-03-09T09:00,17.7,0.0,0.0,0.0
2021-03-09T10:00,16.9,0.0,0.0,0.0
2021-03-09T11:00,14.8,0.0,0.0,0.0
2021-03-09T12:00,15.2,0.0,0.0,0.0
2021-03-09T13:00,15.5,0.0,0.0,0.0
2021-03-09T14:00,15.6,0.0,0.0,0.0
2021-03-09T15:00,15.8,0.0,17.0,17.0
2021-03-09T16:00,17.4,158.4,90.0,145.0
2021-03-09T17:00,20.5,513.3,154.0,423.0
2021-03-09T18:00,22.0,679.3,144.0,594.0
2021-03-09T19:00,23.4,877.9,125.0,786.0
2021-03-09T20:00,24.1,921.0,110.0,837.0
2021-03-09T21:00,25.1,767.1,176.0,766.0
2021-03-09T22:00,24.9,889.2,103.0,720.0
2021-03-09T23:00,24.0,833.7,95.0,569.0
2021-03-10T00:00,22.8,759.1,77.0,382.0
2021-03-10T01:00,21.1,551.5,51.0,164.0
2021-03-10T02:00,19.6,83.7,7.0,13.0
2021-03-10T03:00,18.6,0.0,0.0,0.0
2021-03-10T04:00,17.5,0.0,0.0,0.0
2021-03-10T05:00,16.3,0.0,0.0,0.0
2021-03-10T06:00,15.2,0.0,0.0,0.0
2021-03-10T07:00,14.4,0.0,0.0,0.0
2021-03-10T08:00,13.5,0.0,0.0,0.0
2021-03-10T09:00,12.5,0.0,0.0,0.0
2021-03-10T10:00,11.1,0.0,0.0,0.0
2021-03-10T11:00,9.7,0.0,0.0,0.0
2021-03-10T12:00,10.2,0.0,0.0,0.0
2021-03-10T13:00,10.1,0.0,0.0,0.0
2021-03-10T14:00,9.4,0.0,2.0,2.0
2021-03-10T15:00,10.0,461.5,40.0,109.0
2021-03-10T16:00,12.0,707.6,74.0,323.0
2021-03-10T17:00,13.7,834.1,90.0,531.0
2021-03-10T18:00,15.6,893.6,101.0,697.0
2021-03-10T19:00,17.4,920.4,109.0,806.0
2021-03-10T20:00,18.7,928.8,112.0,849.0
2021-03-10T21:00,19.3,918.4,111.0,821.0
2021-03-10T22:00,19.8,878.8,110.0,723.0
2021-03-10T23:00,19.8,839.2,96.0,576.0
2021-03-11T00:00,19.1,543.3,101.0,321.0
2021-03-11T01:00,18.3,471.4,54.0,152.0
2021-03-11T02:00,17.5,68.4,7.0,12.0
2021-03-11T03:00,16.5,0.0,0.0,0.0
2021-03-11T04:00,15.5,0.0,0.0,0.0
2021-03-11T05:00,14.6,0.0,0.0,0.0
2021-03-11T06:00,14.0,0.0,0.0,0.0
2021-03-11T07:00,12.6,0.0,0.0,0.0
2021-03-11T08:00,11.8,0.0,0.0,0.0
2021-03-11T09:00,10.7,0.0,0.0,0.0
2021-03-11T10:00,10.1,0.0,0.0,0.0
2021-03-11T11:00,9.4,0.0,0.0,0.0
2021-03-11T12:00,9.5,0.0,0.0,0.0
2021-03-11T13:00,8.9,0.0,0.0,0.0
2021-03-11T14:00,8.5,0.0,2.0,2.0
2021-03-11T15:00,10.1,293.6,43.0,88.0
2021-03-11T16:00,12.0,412.2,94.0,241.0
2021-03-11T17:00,13.8,618.7,123.0,453.0
2021-03-11T18:00,15.7,792.3,119.0,651.0
2021-03-11T19:00,17.0,702.4,157.0,692.0
2021-03-11T20:00,18.0,467.7,236.0,609.0
2021-03-11T21:00,18.9,374.5,222.0,513.0
2021-03-11T22:00,18.8,212.5,210.0,359.0
2021-03-11T23:00,18.2,64.3,135.0,172.0
2021-03-12T00:00,18.5,0.0,66.0,66.0
2021-03-12T01:00,17.3,75.9,37.0,53.0
2021-03-12T02:00,15.5,0.0,2.0,2.0
2021-03-12T03:00,13.9,0.0,0.0,0.0
2021-03-12T04:00,12.8,0.0,0.0,0.0
2021-03-12T05:00,12.0,0.0,0.0,0.0
2021-03-12T06:00,11.4,0.0,0.0,0.0
2021-03-12T07:00,10.7,0.0,0.0,0.0
2021-03-12T08:00,10.2,0.0,0.0,0.0
2021-03-12T09:00,10.2,0.0,0.0,0.0
2021-03-12T10:00,9.6,0.0,0.0,0.0
2021-03-12T11:00,9.5,0.0,0.0,0.0
2021-03-12T12:00,9.7,0.0,0.0,0.0
2021-03-12T13:00,9.6,0.0,0.0,0.0
2021-03-12T14:00,8.2,0.0,2.0,2.0
2021-03-12T15:00,9.7,158.2,36.0,61.0
2021-03-12T16:00,10.8,473.2,97.0,268.0
2021-03-12T17:00,12.1,639.4,141.0,485.0
2021-03-12T18:00,13.2,633.1,185.0,613.0
2021-03-12T19:00,14.3,665.8,199.0,709.0
2021-03-12T20:00,14.8,555.1,213.0,658.0
2021-03-12T21:00,15.3,414.9,254.0,578.0
2021-03-12T22:00,15.3,258.3,245.0,427.0
2021-03-12T23:00,14.4,88.1,140.0,191.0
2021-03-13T00:00,12.0,121.6,97.0,147.0
2021-03-13T01:00,11.3,0.0,36.0,36.0
2021-03-13T02:00,11.3,0.0,3.0,3.0
2021-03-13T03:00,11.0,0.0,0.0,0.0
2021-03-13T04:00,10.5,0.0,0.0,0.0
2021-03-13T05:00,10.0,0.0,0.0,0.0
2021-03-13T06:00,9.7,0.0,0.0,0.0
2021-03-13T07:00,9.2,0.0,0.0,0.0
2021-03-13T08:00,8.9,0.0,0.0,0.0
2021-03-13T09:00,8.5,0.0,0.0,0.0
2021-03-13T10:00,8.2,0.0,0.0,0.0
2021-03-13T11:00,8.0,0.0,0.0,0.0
2021-03-13T12:00,7.5,0.0,0.0,0.0
2021-03-13T13:00,7.2,0.0,0.0,0.0
2021-03-13T14:00,7.1,0.0,2.0,2.0
2021-03-13T15:00,7.6,208.8,54.0,88.0
2021-03-13T16:00,8.8,379.6,95.0,234.0
2021-03-13T17:00,10.2,632.0,133.0,476.0
2021-03-13T18:00,11.6,793.4,135.0,675.0
2021-03-13T19:00,13.4,681.5,215.0,740.0
2021-03-13T20:00,14.5,567.1,286.0,743.0
2021-03-13T21:00,14.3,195.0,334.0,487.0
2021-03-13T22:00,14.6,175.1,324.0,448.0
2021-03-13T23:00,14.8,384.9,205.0,429.0
2021-03-14T00:00,15.1,318.6,148.0,280.0
2021-03-14T01:00,13.9,115.4,37.0,62.0
2021-03-14T02:00,11.4,38.7,9.0,12.0
2021-03-14T03:00,10.4,0.0,0.0,0.0
2021-03-14T04:00,9.6,0.0,0.0,0.0
2021-03-14T05:00,9.7,0.0,0.0,0.0
2021-03-14T06:00,8.2,0.0,0.0,0.0
2021-03-14T07:00,7.1,0.0,0.0,0.0
2021-03-14T08:00,6.8,0.0,0.0,0.0
2021-03-14T09:00,6.0,0.0,0.0,0.0
2021-03-14T10:00,5.5,0.0,0.0,0.0
2021-03-14T11:00,4.8,0.0,0.0,0.0
2021-03-14T12:00,4.7,0.0,0.0,0.0
2021-03-14T13:00,4.6,0.0,0.0,0.0
2021-03-14T14:00,4.8,19.1,3.0,4.0
2021-03-14T15:00,6.6,459.2,45.0,122.0
2021-03-14T16:00,9.2,695.5,78.0,336.0
2021-03-14T17:00,11.4,811.0,97.0,541.0
2021-03-14T18:00,13.2,875.7,108.0,708.0
2021-03-14T19:00,14.8,908.8,114.0,818.0
2021-03-14T20:00,16.5,919.9,116.0,861.0
2021-03-14T21:00,17.8,919.5,113.0,838.0
2021-03-14T22:00,18.8,896.3,106.0,744.0
2021-03-14T23:00,18.9,839.0,98.0,589.0
2021-03-15T00:00,18.7,747.6,80.0,392.0
2021-03-15T01:00,17.9,446.3,65.0,163.0
2021-03-15T02:00,15.4,63.4,11.0,16.0
2021-03-15T03:00,14.1,0.0,0.0,0.0
2021-03-15T04:00,12.9,0.0,0.0,0.0
2021-03-15T05:00,13.5,0.0,0.0,0.0
2021-03-15T06:00,12.0,0.0,0.0,0.0
2021-03-15T07:00,9.5,0.0,0.0,0.0
2021-03-15T08:00,8.3,0.0,0.0,0.0
2021-03-15T09:00,7.6,0.0,0.0,0.0
2021-03-15T10:00,6.9,0.0,0.0,0.0
2021-03-15T11:00,6.5,0.0,0.0,0.0
2021-03-15T12:00,7.3,0.0,0.0,0.0
2021-03-15T13:00,8.1,0.0,0.0,0.0
2021-03-15T14:00,7.9,0.0,4.0,4.0
2021-03-15T15:00,9.9,226.0,62.0,101.0
2021-03-15T16:00,12.5,306.0,149.0,264.0
2021-03-15T17:00,13.7,59.8,223.0,256.0
2021-03-15T18:00,15.7,158.0,320.0,429.0
2021-03-15T19:00,16.9,84.7,323.0,389.0
2021-03-15T20:00,19.0,502.5,293.0,702.0
2021-03-15T21:00,19.8,550.3,234.0,670.0
2021-03-15T22:00,20.3,713.0,154.0,664.0
2021-03-15T23:00,20.3,679.7,124.0,524.0
2021-03-16T00:00,22.4,666.1,93.0,373.0
2021-03-16T01:00,20.8,395.6,58.0,146.0
2021-03-16T02:00,17.3,87.1,9.0,16.0
2021-03-16T03:00,15.9,0.0,0.0,0.0
2021-03-16T04:00,16.5,0.0,0.0,0.0
2021-03-16T05:00,15.9,0.0,0.0,0.0
2021-03-16T06:00,15.5,0.0,0.0,0.0
2021-03-16T07:00,10.7,0.0,0.0,0.0
2021-03-16T08:00,10.2,0.0,0.0,0.0
2021-03-16T09:00,10.1,0.0,0.0,0.0
2021-03-16T10:00,9.7,0.0,0.0,0.0
2021-03-16T11:00,9.1,0.0,0.0,0.0
2021-03-16T12:00,9.1,0.0,0.0,0.0
2021-03-16T13:00,7.8,0.0,0.0,0.0
2021-03-16T14:00,7.4,17.6,4.0,5.0
2021-03-16T15:00,8.7,349.4,51.0,113.0
2021-03-16T16:00,9.7,501.8,116.0,307.0
2021-03-16T17:00,10.5,229.9,243.0,371.0
2021-03-16T18:00,11.8,609.3,205.0,628.0
2021-03-16T19:00,12.7,727.7,168.0,738.0
2021-03-16T20:00,14.3,646.7,236.0,765.0
2021-03-16T21:00,15.1,635.7,240.0,746.0
2021-03-16T22:00,15.5,932.1,102.0,772.0
2021-03-16T23:00,15.5,858.5,98.0,606.0
2021-03-17T00:00,15.0,755.8,83.0,403.0
2021-03-17T01:00,14.5,545.9,58.0,181.0
2021-03-17T02:00,13.2,97.9,11.0,19.0
2021-03-17T03:00,13.0,0.0,0.0,0.0
2021-03-17T04:00,11.5,0.0,0.0,0.0
2021-03-17T05:00,10.3,0.0,0.0,0.0
2021-03-17T06:00,9.1,0.0,0.0,0.0
2021-03-17T07:00,8.1,0.0,0.0,0.0
2021-03-17T08:00,7.3,0.0,0.0,0.0
2021-03-17T09:00,6.5,0.0,0.0,0.0
2021-03-17T10:00,5.8,0.0,0.0,0.0
2021-03-17T11:00,5.0,0.0,0.0,0.0
2021-03-17T12:00,5.6,0.0,0.0,0.0
2021-03-17T13:00,4.8,0.0,0.0,0.0
2021-03-17T14:00,5.0,33.7,4.0,6.0
2021-03-17T15:00,7.2,482.6,49.0,137.0
2021-03-17T16:00,10.5,710.9,80.0,354.0
2021-03-17T17:00,13.7,824.5,98.0,561.0
2021-03-17T18:00,15.7,871.6,116.0,725.0
2021-03-17T19:00,17.4,916.8,115.0,837.0
2021-03-17T20:00,18.8,933.2,114.0,881.0
2021-03-17T21:00,20.0,927.9,112.0,854.0
2021-03-17T22:00,20.9,904.2,105.0,758.0
2021-03-17T23:00,21.5,833.8,104.0,600.0
2021-03-18T00:00,20.8,656.7,108.0,388.0
2021-03-18T01:00,20.8,385.8,78.0,166.0
2021-03-18T02:00,19.8,60.1,13.0,18.0
2021-03-18T03:00,18.9,0.0,0.0,0.0
2021-03-18T04:00,17.8,0.0,0.0,0.0
2021-03-18T05:00,16.7,0.0,0.0,0.0
2021-03-18T06:00,17.1,0.0,0.0,0.0
2021-03-18T07:00,16.3,0.0,0.0,0.0
2021-03-18T08:00,14.3,0.0,0.0,0.0
2021-03-18T09:00,13.0,0.0,0.0,0.0
2021-03-18T10:00,11.3,0.0,0.0,0.0
2021-03-18T11:00,10.0,0.0,0.0,0.0
2021-03-18T12:00,8.1,0.0,0.0,0.0
2021-03-18T13:00,7.8,0.0,0.0,0.0
2021-03-18T14:00,7.9,32.3,5.0,7.0
2021-03-18T15:00,11.2,421.9,57.0,136.0
2021-03-18T16:00,15.2,717.4,79.0,359.0
2021-03-18T17:00,18.9,835.3,95.0,568.0
2021-03-18T18:00,21.6,876.0,115.0,731.0
2021-03-18T19:00,23.3,905.6,124.0,841.0
2021-03-18T20:00,24.7,921.4,125.0,886.0
2021-03-18T21:00,25.7,929.9,115.0,862.0
2021-03-18T22:00,26.4,911.0,107.0,768.0
2021-03-18T23:00,26.8,861.2,97.0,612.0
2021-03-19T00:00,26.1,761.7,83.0,410.0
2021-03-19T01:00,25.7,571.6,57.0,189.0
2021-03-19T02:00,23.3,118.3,11.0,21.0
2021-03-19T03:00,21.7,0.0,0.0,0.0
2021-03-19T04:00,20.2,0.0,0.0,0.0
2021-03-19T05:00,18.7,0.0,0.0,0.0
2021-03-19T06:00,17.6,0.0,0.0,0.0
2021-03-19T07:00,16.3,0.0,0.0,0.0
2021-03-19T08:00,15.9,0.0,0.0,0.0
2021-03-19T09:00,15.5,0.0,0.0,0.0
2021-03-19T10:00,14.7,0.0,0.0,0.0
2021-03-19T11:00,14.6,0.0,0.0,0.0
2021-03-19T12:00,12.1,0.0,0.0,0.0
2021-03-19T13:00,9.3,0.0,0.0,0.0
2021-03-19T14:00,9.4,46.6,5.0,8.0
2021-03-19T15:00,12.1,509.9,50.0,148.0
2021-03-19T16:00,16.1,734.0,79.0,369.0
2021-03-19T17:00,20.2,847.8,94.0,578.0
2021-03-19T18:00,23.2,905.8,105.0,746.0
2021-03-19T19:00,25.2,937.3,110.0,856.0
2021-03-19T20:00,26.5,947.2,112.0,898.0
2021-03-19T21:00,27.5,940.6,110.0,869.0
2021-03-19T22:00,28.3,915.0,106.0,773.0
2021-03-19T23:00,28.6,863.4,97.0,616.0
2021-03-20T00:00,28.0,765.8,83.0,414.0
2021-03-20T01:00,27.7,573.4,57.0,191.0
2021-03-20T02:00,25.4,116.4,12.0,22.0
2021-03-20T03:00,23.9,0.0,0.0,0.0
2021-03-20T04:00,21.6,0.0,0.0,0.0
2021-03-20T05:00,23.0,0.0,0.0,0.0
2021-03-20T06:00,22.9,0.0,0.0,0.0
2021-03-20T07:00,22.4,0.0,0.0,0.0
2021-03-20T08:00,20.6,0.0,0.0,0.0
2021-03-20T09:00,16.1,0.0,0.0,0.0
2021-03-20T10:00,14.2,0.0,0.0,0.0
2021-03-20T11:00,12.5,0.0,0.0,0.0
2021-03-20T12:00,11.3,0.0,0.0,0.0
2021-03-20T13:00,10.2,0.0,0.0,0.0
2021-03-20T14:00,10.9,44.9,6.0,9.0
2021-03-20T15:00,14.1,487.1,51.0,147.0
2021-03-20T16:00,17.7,700.1,80.0,360.0
2021-03-20T17:00,21.5,804.4,98.0,561.0
2021-03-20T18:00,24.1,860.9,109.0,722.0
2021-03-20T19:00,26.2,893.7,115.0,830.0
2021-03-20T20:00,27.7,902.1,118.0,870.0
2021-03-20T21:00,29.2,897.0,115.0,842.0
2021-03-20T22:00,29.4,823.5,126.0,729.0
2021-03-20T23:00,29.1,657.1,156.0,553.0
2021-03-21T00:00,28.4,719.4,85.0,398.0
2021-03-21T01:00,27.1,537.1,58.0,185.0
2021-03-21T02:00,25.4,114.6,12.0,22.0
2021-03-21T03:00,24.2,0.0,0.0,0.0
2021-03-21T04:00,23.2,0.0,0.0,0.0
2021-03-21T05:00,21.9,0.0,0.0,0.0
2021-03-21T06:00,20.2,0.0,0.0,0.0
2021-03-21T07:00,18.5,0.0,0.0,0.0
2021-03-21T08:00,17.3,0.0,0.0,0.0
2021-03-21T09:00,16.5,0.0,0.0,0.0
2021-03-21T10:00,15.3,0.0,0.0,0.0
2021-03-21T11:00,14.2,0.0,0.0,0.0
2021-03-21T12:00,14.5,0.0,0.0,0.0
2021-03-21T13:00,13.3,0.0,0.0,0.0
2021-03-21T14:00,13.1,57.7,7.0,11.0
2021-03-21T15:00,16.0,529.7,52.0,159.0
2021-03-21T16:00,18.3,751.2,80.0,384.0
2021-03-21T17:00,20.6,863.5,96.0,597.0
2021-03-21T18:00,22.5,925.4,106.0,769.0
2021-03-21T19:00,23.8,957.5,112.0,882.0
2021-03-21T20:00,24.3,972.0,114.0,928.0
2021-03-21T21:00,24.7,966.8,113.0,900.0
2021-03-21T22:00,25.0,939.5,108.0,799.0
2021-03-21T23:00,24.9,886.0,98.0,636.0
2021-03-22T00:00,23.7,785.5,84.0,428.0
2021-03-22T01:00,22.8,589.4,58.0,199.0
2021-03-22T02:00,21.1,135.4,12.0,24.0
2021-03-22T03:00,19.7,0.0,0.0,0.0
2021-03-22T04:00,18.3,0.0,0.0,0.0
2021-03-22T05:00,17.6,0.0,0.0,0.0
2021-03-22T06:00,17.1,0.0,0.0,0.0
2021-03-22T07:00,16.2,0.0,0.0,0.0
2021-03-22T08:00,15.1,0.0,0.0,0.0
2021-03-22T09:00,14.3,0.0,0.0,0.0
2021-03-22T10:00,13.7,0.0,0.0,0.0
2021-03-22T11:00,13.2,0.0,0.0,0.0
2021-03-22T12:00,11.5,0.0,0.0,0.0
2021-03-22T13:00,10.6,0.0,0.0,0.0
2021-03-22T14:00,10.0,69.7,7.0,12.0
2021-03-22T15:00,12.5,555.9,54.0,169.0
2021-03-22T16:00,14.3,766.8,81.0,395.0
2021-03-22T17:00,16.1,872.2,96.0,606.0
2021-03-22T18:00,17.8,922.7,106.0,771.0
2021-03-22T19:00,19.1,951.5,112.0,881.0
2021-03-22T20:00,20.2,961.7,113.0,922.0
2021-03-22T21:00,21.0,955.3,112.0,893.0
2021-03-22T22:00,21.7,930.0,107.0,794.0
2021-03-22T23:00,22.0,875.1,99.0,633.0
2021-03-23T00:00,21.0,778.2,84.0,427.0
2021-03-23T01:00,20.6,562.1,62.0,198.0
2021-03-23T02:00,19.4,133.4,13.0,25.0
2021-03-23T03:00,18.7,0.0,0.0,0.0
2021-03-23T04:00,17.8,0.0,0.0,0.0
2021-03-23T05:00,16.2,0.0,0.0,0.0
2021-03-23T06:00,14.9,0.0,0.0,0.0
2021-03-23T07:00,13.7,0.0,0.0,0.0
2021-03-23T08:00,12.8,0.0,0.0,0.0
2021-03-23T09:00,11.3,0.0,0.0,0.0
2021-03-23T10:00,10.5,0.0,0.0,0.0
2021-03-23T11:00,9.6,0.0,0.0,0.0
2021-03-23T12:00,9.6,0.0,0.0,0.0
2021-03-23T13:00,9.4,0.0,0.0,0.0
2021-03-23T14:00,9.4,53.9,7.0,11.0
2021-03-23T15:00,11.7,373.1,62.0,141.0
2021-03-23T16:00,15.2,548.1,113.0,340.0
2021-03-23T17:00,17.4,548.1,160.0,483.0
2021-03-23T18:00,19.0,468.9,200.0,540.0
2021-03-23T19:00,18.8,334.9,228.0,500.0
2021-03-23T20:00,19.1,339.7,238.0,525.0
2021-03-23T21:00,15.9,91.4,210.0,285.0
2021-03-23T22:00,16.0,160.4,230.0,349.0
2021-03-23T23:00,15.7,150.0,174.0,266.0
2021-03-24T00:00,15.5,198.4,169.0,257.0
2021-03-24T01:00,14.2,40.9,39.0,49.0
2021-03-24T02:00,13.8,54.7,13.0,18.0
2021-03-24T03:00,13.2,0.0,0.0,0.0
2021-03-24T04:00,13.2,0.0,0.0,0.0
2021-03-24T05:00,12.5,0.0,0.0,0.0
2021-03-24T06:00,11.6,0.0,0.0,0.0
2021-03-24T07:00,11.1,0.0,0.0,0.0
2021-03-24T08:00,11.1,0.0,0.0,0.0
2021-03-24T09:00,10.1,0.0,0.0,0.0
2021-03-24T10:00,9.7,0.0,0.0,0.0
2021-03-24T11:00,9.7,0.0,0.0,0.0
2021-03-24T12:00,8.2,0.0,0.0,0.0
2021-03-24T13:00,9.0,0.0,0.0,0.0
2021-03-24T14:00,8.6,52.2,9.0,13.0
2021-03-24T15:00,10.4,346.3,66.0,141.0
2021-03-24T16:00,11.9,250.7,130.0,235.0
2021-03-24T17:00,13.3,294.7,222.0,397.0
2021-03-24T18:00,15.7,636.3,215.0,679.0
2021-03-24T19:00,17.6,684.9,230.0,789.0
2021-03-24T20:00,18.7,737.7,170.0,796.0
2021-03-24T21:00,19.8,759.4,173.0,799.0
2021-03-24T22:00,20.9,790.6,155.0,744.0
2021-03-24T23:00,22.2,724.0,144.0,590.0
2021-03-25T00:00,21.7,367.5,140.0,304.0
2021-03-25T01:00,21.0,319.4,68.0,147.0
2021-03-25T02:00,19.9,75.5,13.0,20.0
2021-03-25T03:00,19.4,0.0,0.0,0.0
2021-03-25T04:00,18.0,0.0,0.0,0.0
2021-03-25T05:00,16.4,0.0,0.0,0.0
2021-03-25T06:00,14.4,0.0,0.0,0.0
2021-03-25T07:00,14.3,0.0,0.0,0.0
2021-03-25T08:00,13.8,0.0,0.0,0.0
2021-03-25T09:00,11.7,0.0,0.0,0.0
2021-03-25T10:00,10.3,0.0,0.0,0.0
2021-03-25T11:00,10.9,0.0,0.0,0.0
2021-03-25T12:00,8.2,0.0,0.0,0.0
2021-03-25T13:00,8.4,0.0,0.0,0.0
2021-03-25T14:00,8.9,63.2,11.0,16.0
2021-03-25T15:00,11.3,451.8,67.0,167.0
2021-03-25T16:00,14.0,394.3,162.0,329.0
2021-03-25T17:00,16.3,227.4,287.0,423.0
2021-03-25T18:00,17.5,159.5,314.0,431.0
2021-03-25T19:00,21.2,459.7,302.0,679.0
2021-03-25T20:00,22.3,404.8,345.0,690.0
2021-03-25T21:00,23.9,507.5,304.0,724.0
2021-03-25T22:00,23.3,441.1,242.0,572.0
2021-03-25T23:00,22.4,116.3,260.0,332.0
2021-03-26T00:00,21.2,209.3,142.0,236.0
2021-03-26T01:00,20.2,328.0,77.0,159.0
2021-03-26T02:00,18.8,106.4,14.0,24.0
2021-03-26T03:00,18.1,0.0,0.0,0.0
2021-03-26T04:00,16.9,0.0,0.0,0.0
2021-03-26T05:00,15.8,0.0,0.0,0.0
2021-03-26T06:00,15.0,0.0,0.0,0.0
2021-03-26T07:00,13.5,0.0,0.0,0.0
2021-03-26T08:00,12.3,0.0,0.0,0.0
2021-03-26T09:00,11.2,0.0,0.0,0.0
2021-03-26T10:00,10.9,0.0,0.0,0.0
2021-03-26T11:00,10.5,0.0,0.0,0.0
2021-03-26T12:00,11.3,0.0,0.0,0.0
2021-03-26T13:00,11.3,0.0,0.0,0.0
2021-03-26T14:00,11.0,36.8,8.0,11.0
2021-03-26T15:00,12.6,309.6,58.0,128.0
2021-03-26T16:00,13.6,399.4,107.0,278.0
2021-03-26T17:00,14.6,451.4,128.0,400.0
2021-03-26T18:00,15.6,504.4,164.0,536.0
2021-03-26T19:00,16.5,608.1,190.0,691.0
2021-03-26T20:00,16.4,508.3,182.0,617.0
2021-03-26T21:00,16.9,519.9,212.0,644.0
2021-03-26T22:00,16.9,490.0,167.0,535.0
2021-03-26T23:00,16.7,416.6,141.0,400.0
2021-03-27T00:00,17.5,467.1,115.0,326.0
2021-03-27T01:00,17.2,225.6,58.0,115.0
2021-03-27T02:00,16.7,83.9,13.0,21.0
2021-03-27T03:00,15.9,0.0,0.0,0.0
2021-03-27T04:00,14.8,0.0,0.0,0.0
2021-03-27T05:00,13.5,0.0,0.0,0.0
2021-03-27T06:00,12.2,0.0,0.0,0.0
2021-03-27T07:00,11.2,0.0,0.0,0.0
2021-03-27T08:00,10.3,0.0,0.0,0.0
2021-03-27T09:00,9.9,0.0,0.0,0.0
2021-03-27T10:00,9.6,0.0,0.0,0.0
2021-03-27T11:00,9.5,0.0,0.0,0.0
2021-03-27T12:00,10.2,0.0,0.0,0.0
2021-03-27T13:00,9.6,0.0,0.0,0.0
2021-03-27T14:00,9.3,95.4,11.0,19.0
2021-03-27T15:00,10.7,524.3,58.0,179.0
2021-03-27T16:00,13.2,728.1,86.0,401.0
2021-03-27T17:00,16.0,832.2,102.0,607.0
2021-03-27T18:00,18.3,892.7,110.0,772.0
2021-03-27T19:00,19.9,925.5,116.0,882.0
2021-03-27T20:00,21.6,936.9,117.0,922.0
2021-03-27T21:00,23.3,931.6,115.0,892.0
2021-03-27T22:00,24.4,907.1,110.0,794.0
2021-03-27T23:00,25.3,835.8,109.0,631.0
2021-03-28T00:00,24.7,688.8,106.0,419.0
2021-03-28T01:00,24.6,532.7,67.0,203.0
2021-03-28T02:00,22.5,144.9,16.0,30.0
2021-03-28T03:00,21.4,0.0,0.0,0.0
2021-03-28T04:00,19.6,0.0,0.0,0.0
2021-03-28T05:00,18.5,0.0,0.0,0.0
2021-03-28T06:00,19.5,0.0,0.0,0.0
2021-03-28T07:00,17.1,0.0,0.0,0.0
2021-03-28T08:00,14.3,0.0,0.0,0.0
2021-03-28T09:00,13.5,0.0,0.0,0.0
2021-03-28T10:00,12.6,0.0,0.0,0.0
2021-03-28T11:00,11.6,0.0,0.0,0.0
2021-03-28T12:00,11.9,0.0,0.0,0.0
2021-03-28T13:00,10.8,0.0,0.0,0.0
2021-03-28T14:00,11.7,116.0,11.0,21.0
2021-03-28T15:00,14.9,556.5,58.0,189.0
2021-03-28T16:00,19.1,755.0,85.0,415.0
2021-03-28T17:00,22.5,857.5,99.0,623.0
2021-03-28T18:00,24.6,910.8,109.0,788.0
2021-03-28T19:00,26.3,939.5,114.0,895.0
2021-03-28T20:00,27.5,949.5,116.0,935.0
2021-03-28T21:00,28.3,943.6,115.0,905.0
2021-03-28T22:00,28.8,919.4,110.0,806.0
2021-03-28T23:00,29.1,870.4,100.0,646.0
2021-03-29T00:00,28.8,778.9,86.0,442.0
2021-03-29T01:00,28.5,601.0,63.0,218.0
2021-03-29T02:00,27.4,173.6,16.0,33.0
2021-03-29T03:00,24.9,0.0,0.0,0.0
2021-03-29T04:00,23.7,0.0,0.0,0.0
2021-03-29T05:00,20.9,0.0,0.0,0.0
2021-03-29T06:00,19.1,0.0,0.0,0.0
2021-03-29T07:00,17.3,0.0,0.0,0.0
2021-03-29T08:00,16.0,0.0,0.0,0.0
2021-03-29T09:00,17.5,0.0,0.0,0.0
2021-03-29T10:00,16.8,0.0,0.0,0.0
2021-03-29T11:00,14.0,0.0,0.0,0.0
2021-03-29T12:00,14.4,0.0,0.0,0.0
2021-03-29T13:00,13.5,0.0,0.0,0.0
2021-03-29T14:00,14.2,124.3,13.0,24.0
2021-03-29T15:00,17.1,570.8,59.0,196.0
2021-03-29T16:00,20.4,761.1,85.0,421.0
2021-03-29T17:00,23.7,850.1,104.0,627.0
2021-03-29T18:00,26.1,870.0,133.0,785.0
2021-03-29T19:00,28.2,900.6,140.0,892.0
2021-03-29T20:00,29.6,925.0,136.0,937.0
2021-03-29T21:00,30.6,911.5,139.0,905.0
2021-03-29T22:00,31.2,722.5,216.0,765.0
2021-03-29T23:00,31.4,663.5,187.0,605.0
2021-03-30T00:00,30.4,506.8,162.0,395.0
2021-03-30T01:00,29.5,176.6,117.0,163.0
2021-03-30T02:00,27.5,70.5,22.0,29.0
2021-03-30T03:00,25.8,0.0,0.0,0.0
2021-03-30T04:00,24.6,0.0,0.0,0.0
2021-03-30T05:00,23.6,0.0,0.0,0.0
2021-03-30T06:00,22.5,0.0,0.0,0.0
2021-03-30T07:00,21.8,0.0,0.0,0.0
2021-03-30T08:00,20.3,0.0,0.0,0.0
2021-03-30T09:00,18.1,0.0,0.0,0.0
2021-03-30T10:00,19.9,0.0,0.0,0.0
2021-03-30T11:00,15.6,0.0,0.0,0.0
2021-03-30T12:00,15.4,0.0,0.0,0.0
2021-03-30T13:00,16.0,0.0,0.0,0.0
2021-03-30T14:00,13.2,143.1,13.0,26.0
2021-03-30T15:00,16.5,588.8,61.0,205.0
2021-03-30T16:00,20.7,778.2,86.0,433.0
2021-03-30T17:00,23.0,873.4,100.0,641.0
2021-03-30T18:00,25.2,925.2,110.0,807.0
2021-03-30T19:00,26.9,951.6,115.0,913.0
2021-03-30T20:00,28.4,957.1,118.0,950.0
2021-03-30T21:00,29.3,949.7,115.0,916.0
2021-03-30T22:00,29.9,923.0,110.0,814.0
2021-03-30T23:00,29.9,870.8,101.0,652.0
2021-03-31T00:00,29.0,776.5,87.0,446.0
2021-03-31T01:00,28.3,596.7,63.0,220.0
2021-03-31T02:00,26.5,179.1,17.0,35.0
2021-03-31T03:00,25.0,0.0,0.0,0.0
2021-03-31T04:00,23.3,0.0,0.0,0.0
2021-03-31T05:00,21.7,0.0,0.0,0.0
2021-03-31T06:00,20.2,0.0,0.0,0.0
2021-03-31T07:00,19.0,0.0,0.0,0.0
2021-03-31T08:00,16.9,0.0,0.0,0.0
2021-03-31T09:00,18.2,0.0,0.0,0.0
2021-03-31T10:00,17.4,0.0,0.0,0.0
2021-03-31T11:00,16.0,0.0,0.0,0.0
2021-03-31T12:00,17.5,0.0,0.0,0.0
2021-03-31T13:00,13.9,0.0,0.0,0.0
2021-03-31T14:00,14.7,150.3,14.0,28.0
2021-03-31T15:00,18.0,594.0,61.0,209.0
2021-03-31T16:00,20.8,784.0,86.0,439.0
2021-03-31T17:00,24.0,878.8,102.0,650.0
2021-03-31T18:00,26.6,931.1,111.0,816.0
2021-03-31T19:00,28.3,957.1,116.0,922.0
2021-03-31T20:00,29.4,965.0,118.0,960.0
2021-03-31T21:00,30.2,955.8,117.0,926.0
2021-03-31T22:00,30.7,930.1,112.0,824.0
2021-03-31T23:00,30.9,881.4,102.0,662.0
2021-04-01T00:00,29.8,787.3,88.0,454.0
2021-04-01T01:00,29.4,613.6,64.0,227.0
2021-04-01T02:00,26.7,186.6,18.0,37.0
2021-04-01T03:00,25.4,0.0,0.0,0.0
2021-04-01T04:00,23.5,0.0,0.0,0.0
2021-04-01T05:00,21.6,0.0,0.0,0.0
2021-04-01T06:00,21.6,0.0,0.0,0.0
2021-04-01T07:00,19.5,0.0,0.0,0.0
2021-04-01T08:00,19.8,0.0,0.0,0.0
2021-04-01T09:00,19.7,0.0,0.0,0.0
2021-04-01T10:00,19.7,0.0,0.0,0.0
2021-04-01T11:00,19.3,0.0,0.0,0.0
2021-04-01T12:00,18.2,0.0,0.0,0.0
2021-04-01T13:00,18.0,0.0,0.0,0.0
2021-04-01T14:00,19.1,146.6,15.0,29.0
2021-04-01T15:00,22.6,559.6,63.0,205.0
2021-04-01T16:00,25.5,743.4,90.0,428.0
2021-04-01T17:00,28.1,833.3,108.0,631.0
2021-04-01T18:00,30.7,883.0,119.0,791.0
2021-04-01T19:00,32.3,886.9,137.0,887.0
2021-04-01T20:00,33.6,855.2,163.0,912.0
2021-04-01T21:00,34.3,781.7,183.0,847.0
2021-04-01T22:00,35.0,804.4,151.0,769.0
2021-04-01T23:00,35.4,832.3,107.0,638.0
2021-04-02T00:00,33.8,750.9,88.0,439.0
2021-04-02T01:00,33.0,536.9,69.0,213.0
2021-04-02T02:00,30.7,164.9,17.0,34.0
2021-04-02T03:00,29.1,0.0,0.0,0.0
2021-04-02T04:00,27.9,0.0,0.0,0.0
2021-04-02T05:00,26.6,0.0,0.0,0.0
2021-04-02T06:00,24.2,0.0,0.0,0.0
2021-04-02T07:00,23.9,0.0,0.0,0.0
2021-04-02T08:00,23.1,0.0,0.0,0.0
2021-04-02T09:00,22.8,0.0,0.0,0.0
2021-04-02T10:00,21.5,0.0,0.0,0.0
2021-04-02T11:00,21.9,0.0,0.0,0.0
2021-04-02T12:00,21.8,0.0,0.0,0.0
2021-04-02T13:00,20.7,0.0,0.0,0.0
2021-04-02T14:00,20.9,122.7,15.0,27.0
2021-04-02T15:00,23.5,468.4,67.0,188.0
2021-04-02T16:00,25.5,681.9,92.0,405.0
2021-04-02T17:00,27.6,848.4,101.0,637.0
2021-04-02T18:00,29.4,893.0,111.0,794.0
2021-04-02T19:00,30.7,923.3,115.0,899.0
2021-04-02T20:00,31.8,929.5,117.0,934.0
2021-04-02T21:00,32.6,919.8,117.0,901.0
2021-04-02T22:00,33.1,896.2,112.0,803.0
2021-04-02T23:00,32.9,850.8,100.0,645.0
2021-04-03T00:00,32.5,757.6,86.0,442.0
2021-04-03T01:00,32.0,576.2,63.0,219.0
2021-04-03T02:00,30.1,182.1,18.0,37.0
2021-04-03T03:00,28.8,0.0,0.0,0.0
2021-04-03T04:00,27.1,0.0,0.0,0.0
2021-04-03T05:00,25.8,0.0,0.0,0.0
2021-04-03T06:00,24.3,0.0,0.0,0.0
2021-04-03T07:00,25.4,0.0,0.0,0.0
2021-04-03T08:00,24.5,0.0,0.0,0.0
2021-04-03T09:00,21.0,0.0,0.0,0.0
2021-04-03T10:00,22.7,0.0,0.0,0.0
2021-04-03T11:00,21.3,0.0,0.0,0.0
2021-04-03T12:00,18.9,0.0,0.0,0.0
2021-04-03T13:00,19.4,0.0,0.0,0.0
2021-04-03T14:00,17.8,159.8,16.0,32.0
2021-04-03T15:00,20.8,559.1,63.0,210.0
2021-04-03T16:00,24.4,740.3,87.0,430.0
2021-04-03T17:00,27.7,835.2,101.0,632.0
2021-04-03T18:00,29.9,886.1,110.0,791.0
2021-04-03T19:00,31.7,912.5,116.0,894.0
2021-04-03T20:00,33.4,921.6,118.0,931.0
2021-04-03T21:00,34.8,915.6,116.0,899.0
2021-04-03T22:00,35.4,891.8,111.0,801.0
2021-04-03T23:00,35.6,842.8,102.0,644.0
2021-04-04T00:00,34.8,753.6,88.0,444.0
2021-04-04T01:00,34.4,581.9,65.0,224.0
2021-04-04T02:00,32.2,189.4,19.0,39.0
2021-04-04T03:00,31.1,0.0,0.0,0.0
2021-04-04T04:00,30.1,0.0,0.0,0.0
2021-04-04T05:00,29.5,0.0,0.0,0.0
2021-04-04T06:00,27.9,0.0,0.0,0.0
2021-04-04T07:00,26.2,0.0,0.0,0.0
2021-04-04T08:00,24.6,0.0,0.0,0.0
2021-04-04T09:00,22.7,0.0,0.0,0.0
2021-04-04T10:00,21.7,0.0,0.0,0.0
2021-04-04T11:00,23.2,0.0,0.0,0.0
2021-04-04T12:00,18.7,0.0,0.0,0.0
2021-04-04T13:00,17.2,0.0,0.0,0.0
2021-04-04T14:00,18.9,156.2,19.0,35.0
2021-04-04T15:00,21.9,508.5,75.0,211.0
2021-04-04T16:00,25.4,754.8,88.0,441.0
2021-04-04T17:00,28.6,845.5,103.0,644.0
2021-04-04T18:00,31.0,896.0,113.0,805.0
2021-04-04T19:00,33.0,918.2,121.0,907.0
2021-04-04T20:00,34.8,930.8,120.0,944.0
2021-04-04T21:00,36.1,924.2,118.0,911.0
2021-04-04T22:00,36.6,899.1,113.0,811.0
2021-04-04T23:00,36.5,850.3,104.0,653.0
2021-04-05T00:00,35.4,760.2,90.0,451.0
2021-04-05T01:00,34.6,562.2,70.0,225.0
2021-04-05T02:00,32.4,149.8,23.0,39.0
2021-04-05T03:00,30.9,0.0,0.0,0.0
2021-04-05T04:00,29.4,0.0,0.0,0.0
2021-04-05T05:00,28.5,0.0,0.0,0.0
2021-04-05T06:00,27.1,0.0,0.0,0.0
2021-04-05T07:00,25.3,0.0,0.0,0.0
2021-04-05T08:00,23.3,0.0,0.0,0.0
2021-04-05T09:00,22.0,0.0,0.0,0.0
2021-04-05T10:00,24.0,0.0,0.0,0.0
2021-04-05T11:00,22.9,0.0,0.0,0.0
2021-04-05T12:00,20.2,0.0,0.0,0.0
2021-04-05T13:00,21.2,0.0,0.0,0.0
2021-04-05T14:00,19.1,85.9,24.0,33.0
2021-04-05T15:00,21.3,257.4,111.0,181.0
2021-04-05T16:00,24.5,750.1,97.0,451.0
2021-04-05T17:00,27.1,863.6,103.0,659.0
2021-04-05T18:00,29.4,909.9,114.0,820.0
2021-04-05T19:00,31.8,933.3,119.0,921.0
2021-04-05T20:00,33.5,940.0,120.0,955.0
2021-04-05T21:00,34.8,931.6,118.0,920.0
2021-04-05T22:00,34.8,908.9,113.0,821.0
2021-04-05T23:00,35.5,850.2,109.0,660.0
2021-04-06T00:00,34.9,678.8,120.0,444.0
2021-04-06T01:00,33.3,366.6,104.0,206.0
2021-04-06T02:00,31.5,64.8,28.0,35.0
2021-04-06T03:00,30.5,0.0,0.0,0.0
2021-04-06T04:00,30.2,0.0,0.0,0.0
2021-04-06T05:00,28.4,0.0,0.0,0.0
2021-04-06T06:00,27.0,0.0,0.0,0.0
2021-04-06T07:00,25.6,0.0,0.0,0.0
2021-04-06T08:00,24.1,0.0,0.0,0.0
2021-04-06T09:00,23.0,0.0,0.0,0.0
2021-04-06T10:00,22.2,0.0,0.0,0.0
2021-04-06T11:00,21.4,0.0,0.0,0.0
2021-04-06T12:00,20.6,0.0,0.0,0.0
2021-04-06T13:00,20.2,0.0,0.0,0.0
2021-04-06T14:00,20.6,65.4,26.0,33.0
2021-04-06T15:00,22.7,387.0,98.0,205.0
2021-04-06T16:00,24.6,747.7,93.0,449.0
2021-04-06T17:00,26.3,850.6,104.0,655.0
2021-04-06T18:00,27.7,896.7,115.0,814.0
2021-04-06T19:00,29.4,854.4,163.0,900.0
2021-04-06T20:00,31.0,911.0,122.0,934.0
2021-04-06T21:00,32.2,925.2,120.0,919.0
2021-04-06T22:00,32.5,903.4,114.0,820.0
2021-04-06T23:00,32.9,853.1,105.0,660.0
2021-04-07T00:00,31.8,771.3,90.0,460.0
2021-04-07T01:00,31.0,605.7,67.0,237.0
2021-04-07T02:00,29.0,219.6,20.0,44.0
2021-04-07T03:00,27.2,0.0,0.0,0.0
2021-04-07T04:00,25.7,0.0,0.0,0.0
2021-04-07T05:00,24.4,0.0,0.0,0.0
2021-04-07T06:00,23.1,0.0,0.0,0.0
2021-04-07T07:00,22.0,0.0,0.0,0.0
2021-04-07T08:00,20.7,0.0,0.0,0.0
2021-04-07T09:00,19.1,0.0,0.0,0.0
2021-04-07T10:00,17.4,0.0,0.0,0.0
2021-04-07T11:00,15.6,0.0,0.0,0.0
2021-04-07T12:00,15.4,0.0,0.0,0.0
2021-04-07T13:00,15.8,0.0,0.0,0.0
2021-04-07T14:00,15.1,219.6,21.0,45.0
2021-04-07T15:00,18.5,615.8,67.0,240.0
2021-04-07T16:00,22.4,786.9,90.0,468.0
2021-04-07T17:00,25.4,873.2,105.0,674.0
2021-04-07T18:00,27.6,919.4,115.0,835.0
2021-04-07T19:00,29.1,941.3,121.0,936.0
2021-04-07T20:00,30.4,943.8,123.0,967.0
2021-04-07T21:00,31.5,872.7,159.0,915.0
2021-04-07T22:00,32.5,909.4,115.0,828.0
2021-04-07T23:00,33.0,859.2,105.0,666.0
2021-04-08T00:00,32.0,765.4,91.0,460.0
2021-04-08T01:00,31.4,589.9,68.0,235.0
2021-04-08T02:00,29.5,208.1,21.0,44.0
2021-04-08T03:00,27.6,0.0,0.0,0.0
2021-04-08T04:00,26.9,0.0,0.0,0.0
2021-04-08T05:00,26.6,0.0,0.0,0.0
2021-04-08T06:00,26.3,0.0,0.0,0.0
2021-04-08T07:00,26.2,0.0,0.0,0.0
2021-04-08T08:00,25.0,0.0,0.0,0.0
2021-04-08T09:00,23.4,0.0,0.0,0.0
2021-04-08T10:00,21.3,0.0,0.0,0.0
2021-04-08T11:00,23.4,0.0,0.0,0.0
2021-04-08T12:00,18.6,0.0,0.0,0.0
2021-04-08T13:00,16.8,0.0,0.0,0.0
2021-04-08T14:00,17.8,170.4,24.0,43.0
2021-04-08T15:00,20.8,571.3,68.0,231.0
2021-04-08T16:00,24.2,736.9,93.0,450.0
2021-04-08T17:00,26.1,802.5,120.0,646.0
2021-04-08T18:00,28.3,863.2,126.0,805.0
2021-04-08T19:00,30.3,806.6,184.0,885.0
2021-04-08T20:00,31.8,886.2,142.0,937.0
2021-04-08T21:00,32.9,906.8,122.0,910.0
2021-04-08T22:00,33.7,876.1,119.0,808.0
2021-04-08T23:00,33.5,837.8,105.0,654.0
2021-04-09T00:00,32.5,751.4,90.0,454.0
2021-04-09T01:00,31.8,577.9,67.0,232.0
2021-04-09T02:00,30.4,214.8,21.0,45.0
2021-04-09T03:00,28.9,0.0,0.0,0.0
2021-04-09T04:00,27.8,0.0,0.0,0.0
2021-04-09T05:00,27.3,0.0,0.0,0.0
2021-04-09T06:00,26.5,0.0,0.0,0.0
2021-04-09T07:00,24.9,0.0,0.0,0.0
2021-04-09T08:00,23.0,0.0,0.0,0.0
2021-04-09T09:00,22.4,0.0,0.0,0.0
2021-04-09T10:00,20.8,0.0,0.0,0.0
2021-04-09T11:00,20.9,0.0,0.0,0.0
2021-04-09T12:00,18.4,0.0,0.0,0.0
2021-04-09T13:00,19.1,0.0,0.0,0.0
2021-04-09T14:00,18.8,228.6,22.0,48.0
2021-04-09T15:00,21.8,600.6,68.0,242.0
2021-04-09T16:00,24.3,773.7,91.0,469.0
2021-04-09T17:00,26.9,864.6,106.0,676.0
2021-04-09T18:00,29.1,915.1,115.0,838.0
2021-04-09T19:00,30.8,940.2,121.0,941.0
2021-04-09T20:00,31.9,952.3,122.0,979.0
2021-04-09T21:00,33.1,947.7,121.0,947.0
2021-04-09T22:00,33.8,924.1,116.0,845.0
2021-04-09T23:00,33.7,875.8,106.0,682.0
2021-04-10T00:00,33.0,778.6,95.0,474.0
2021-04-10T01:00,32.4,611.3,69.0,245.0
2021-04-10T02:00,30.7,230.2,23.0,49.0
2021-04-10T03:00,29.6,0.0,0.0,0.0
2021-04-10T04:00,28.1,0.0,0.0,0.0
2021-04-10T05:00,26.7,0.0,0.0,0.0
2021-04-10T06:00,24.8,0.0,0.0,0.0
2021-04-10T07:00,22.5,0.0,0.0,0.0
2021-04-10T08:00,22.0,0.0,0.0,0.0
2021-04-10T09:00,20.7,0.0,0.0,0.0
2021-04-10T10:00,19.3,0.0,0.0,0.0
2021-04-10T11:00,18.3,0.0,0.0,0.0
2021-04-10T12:00,19.5,0.0,0.0,0.0
2021-04-10T13:00,16.8,0.0,0.0,0.0
2021-04-10T14:00,17.6,241.5,23.0,51.0
2021-04-10T15:00,20.5,608.9,69.0,248.0
2021-04-10T16:00,24.0,775.5,92.0,474.0
2021-04-10T17:00,26.9,862.8,106.0,678.0
2021-04-10T18:00,29.2,911.2,115.0,838.0
2021-04-10T19:00,31.4,934.6,121.0,939.0
2021-04-10T20:00,32.9,941.6,122.0,972.0
2021-04-10T21:00,33.8,929.0,123.0,935.0
2021-04-10T22:00,34.2,904.9,116.0,832.0
2021-04-10T23:00,34.1,857.6,106.0,672.0
2021-04-11T00:00,33.3,711.6,110.0,458.0
2021-04-11T01:00,32.6,513.3,83.0,232.0
2021-04-11T02:00,30.5,236.6,22.0,49.0
2021-04-11T03:00,28.5,0.0,0.0,0.0
2021-04-11T04:00,28.1,0.0,0.0,0.0
2021-04-11T05:00,27.6,0.0,0.0,0.0
2021-04-11T06:00,26.3,0.0,0.0,0.0
2021-04-11T07:00,25.1,0.0,0.0,0.0
2021-04-11T08:00,23.8,0.0,0.0,0.0
2021-04-11T09:00,22.6,0.0,0.0,0.0
2021-04-11T10:00,22.7,0.0,0.0,0.0
2021-04-11T11:00,18.6,0.0,0.0,0.0
2021-04-11T12:00,17.5,0.0,0.0,0.0
2021-04-11T13:00,16.5,0.0,0.0,0.0
2021-04-11T14:00,17.5,177.8,30.0,51.0
2021-04-11T15:00,20.9,563.3,78.0,246.0
2021-04-11T16:00,24.7,664.6,126.0,456.0
2021-04-11T17:00,27.1,597.1,220.0,618.0
2021-04-11T18:00,29.0,719.2,217.0,790.0
2021-04-11T19:00,30.1,364.4,414.0,734.0
2021-04-11T20:00,31.4,400.9,412.0,775.0
2021-04-11T21:00,32.3,413.0,386.0,748.0
2021-04-11T22:00,32.6,436.0,294.0,640.0
2021-04-11T23:00,32.9,664.4,179.0,619.0
2021-04-12T00:00,32.6,694.0,110.0,451.0
2021-04-12T01:00,32.0,167.4,123.0,172.0
2021-04-12T02:00,30.8,8.7,26.0,27.0
2021-04-12T03:00,29.8,0.0,0.0,0.0
2021-04-12T04:00,28.7,0.0,0.0,0.0
2021-04-12T05:00,28.2,0.0,0.0,0.0
2021-04-12T06:00,27.0,0.0,0.0,0.0
2021-04-12T07:00,26.0,0.0,0.0,0.0
2021-04-12T08:00,24.1,0.0,0.0,0.0
2021-04-12T09:00,24.5,0.0,0.0,0.0
2021-04-12T10:00,20.9,0.0,0.0,0.0
2021-04-12T11:00,19.6,0.0,0.0,0.0
2021-04-12T12:00,21.8,0.0,0.0,0.0
2021-04-12T13:00,21.2,0.0,0.0,0.0
2021-04-12T14:00,20.6,232.9,26.0,54.0
2021-04-12T15:00,22.7,562.1,75.0,245.0
2021-04-12T16:00,24.7,715.4,104.0,462.0
2021-04-12T17:00,26.5,841.6,106.0,670.0
2021-04-12T18:00,28.1,888.8,116.0,827.0
2021-04-12T19:00,29.6,914.7,121.0,927.0
2021-04-12T20:00,30.8,922.8,123.0,961.0
2021-04-12T21:00,31.7,915.8,121.0,926.0
2021-04-12T22:00,32.1,893.3,114.0,825.0
2021-04-12T23:00,32.2,845.8,106.0,668.0
2021-04-13T00:00,31.9,759.7,91.0,466.0
2021-04-13T01:00,31.3,593.2,68.0,243.0
2021-04-13T02:00,29.8,231.7,24.0,51.0
2021-04-13T03:00,28.6,0.0,0.0,0.0
2021-04-13T04:00,27.4,0.0,0.0,0.0
2021-04-13T05:00,26.3,0.0,0.0,0.0
2021-04-13T06:00,24.6,0.0,0.0,0.0
2021-04-13T07:00,23.0,0.0,0.0,0.0
2021-04-13T08:00,23.4,0.0,0.0,0.0
2021-04-13T09:00,21.4,0.0,0.0,0.0
2021-04-13T10:00,19.2,0.0,0.0,0.0
2021-04-13T11:00,19.1,0.0,0.0,0.0
2021-04-13T12:00,17.6,0.0,0.0,0.0
2021-04-13T13:00,18.6,0.0,0.0,0.0
2021-04-13T14:00,18.6,261.6,26.0,58.0
2021-04-13T15:00,21.0,593.7,71.0,253.0
2021-04-13T16:00,23.0,751.6,93.0,472.0
2021-04-13T17:00,25.0,835.8,108.0,671.0
2021-04-13T18:00,26.7,885.2,116.0,827.0
2021-04-13T19:00,28.3,910.6,122.0,927.0
2021-04-13T20:00,29.6,921.3,122.0,961.0
2021-04-13T21:00,30.6,913.3,120.0,925.0
2021-04-13T22:00,31.6,887.0,116.0,824.0
2021-04-13T23:00,32.1,837.0,106.0,664.0
2021-04-14T00:00,30.6,746.3,95.0,465.0
2021-04-14T01:00,29.5,528.0,80.0,237.0
2021-04-14T02:00,28.1,246.4,23.0,52.0
2021-04-14T03:00,26.9,0.0,0.0,0.0
2021-04-14T04:00,25.9,0.0,0.0,0.0
2021-04-14T05:00,25.0,0.0,0.0,0.0
2021-04-14T06:00,23.6,0.0,0.0,0.0
2021-04-14T07:00,22.2,0.0,0.0,0.0
2021-04-14T08:00,20.7,0.0,0.0,0.0
2021-04-14T09:00,20.4,0.0,0.0,0.0
2021-04-14T10:00,18.5,0.0,0.0,0.0
2021-04-14T11:00,17.5,0.0,0.0,0.0
2021-04-14T12:00,16.7,0.0,0.0,0.0
2021-04-14T13:00,15.9,0.0,0.0,0.0
2021-04-14T14:00,17.3,281.4,26.0,61.0
2021-04-14T15:00,19.8,608.5,71.0,260.0
2021-04-14T16:00,22.8,769.7,93.0,484.0
2021-04-14T17:00,24.9,853.7,107.0,685.0
2021-04-14T18:00,26.3,901.7,116.0,843.0
2021-04-14T19:00,27.5,925.8,122.0,943.0
2021-04-14T20:00,28.5,931.8,125.0,976.0
2021-04-14T21:00,29.7,879.2,151.0,928.0
2021-04-14T22:00,30.4,792.1,177.0,811.0
2021-04-14T23:00,29.8,674.3,186.0,637.0
2021-04-15T00:00,29.0,425.7,192.0,404.0
2021-04-15T01:00,27.9,73.4,128.0,150.0
2021-04-15T02:00,27.0,58.9,25.0,32.0
2021-04-15T03:00,26.2,0.0,0.0,0.0
2021-04-15T04:00,25.4,0.0,0.0,0.0
2021-04-15T05:00,24.7,0.0,0.0,0.0
2021-04-15T06:00,23.7,0.0,0.0,0.0
2021-04-15T07:00,22.4,0.0,0.0,0.0
2021-04-15T08:00,20.5,0.0,0.0,0.0
2021-04-15T09:00,19.5,0.0,0.0,0.0
2021-04-15T10:00,18.7,0.0,0.0,0.0
2021-04-15T11:00,17.5,0.0,0.0,0.0
2021-04-15T12:00,16.7,0.0,0.0,0.0
2021-04-15T13:00,15.8,0.0,0.0,0.0
2021-04-15T14:00,17.2,261.1,31.0,64.0
2021-04-15T15:00,19.1,565.9,84.0,262.0
2021-04-15T16:00,20.8,744.7,107.0,488.0
2021-04-15T17:00,23.0,796.6,139.0,681.0
2021-04-15T18:00,25.0,848.9,153.0,840.0
2021-04-15T19:00,26.3,821.8,197.0,928.0
2021-04-15T20:00,26.8,931.5,135.0,988.0
2021-04-15T21:00,27.3,927.7,129.0,951.0
2021-04-15T22:00,27.7,885.9,131.0,842.0
2021-04-15T23:00,27.7,825.7,125.0,679.0
2021-04-16T00:00,26.5,711.7,118.0,474.0
2021-04-16T01:00,25.8,221.9,128.0,195.0
2021-04-16T02:00,24.9,75.0,34.0,43.0
2021-04-16T03:00,24.0,0.0,0.0,0.0
2021-04-16T04:00,23.1,0.0,0.0,0.0
2021-04-16T05:00,22.0,0.0,0.0,0.0
2021-04-16T06:00,21.1,0.0,0.0,0.0
2021-04-16T07:00,19.3,0.0,0.0,0.0
2021-04-16T08:00,18.1,0.0,0.0,0.0
2021-04-16T09:00,17.7,0.0,0.0,0.0
2021-04-16T10:00,16.7,0.0,0.0,0.0
2021-04-16T11:00,14.8,0.0,0.0,0.0
2021-04-16T12:00,13.7,0.0,0.0,0.0
2021-04-16T13:00,12.7,0.0,0.0,0.0
2021-04-16T14:00,15.1,202.5,36.0,62.0
2021-04-16T15:00,18.3,197.9,137.0,200.0
2021-04-16T16:00,21.5,366.8,204.0,393.0
2021-04-16T17:00,23.4,269.1,333.0,517.0
2021-04-16T18:00,24.8,395.2,351.0,672.0
2021-04-16T19:00,25.5,339.6,404.0,707.0
2021-04-16T20:00,26.1,308.2,414.0,697.0
2021-04-16T21:00,26.8,245.4,436.0,654.0
2021-04-16T22:00,27.4,367.9,362.0,658.0
2021-04-16T23:00,27.8,646.3,201.0,636.0
2021-04-17T00:00,27.1,599.2,151.0,452.0
2021-04-17T01:00,26.7,624.4,71.0,261.0
2021-04-17T02:00,25.4,272.3,26.0,59.0
2021-04-17T03:00,24.1,0.0,0.0,0.0
2021-04-17T04:00,23.2,0.0,0.0,0.0
2021-04-17T05:00,21.3,0.0,0.0,0.0
2021-04-17T06:00,20.7,0.0,0.0,0.0
2021-04-17T07:00,19.8,0.0,0.0,0.0
2021-04-17T08:00,18.7,0.0,0.0,0.0
2021-04-17T09:00,17.7,0.0,0.0,0.0
2021-04-17T10:00,18.7,0.0,0.0,0.0
2021-04-17T11:00,17.6,0.0,0.0,0.0
2021-04-17T12:00,16.8,0.0,0.0,0.0
2021-04-17T13:00,14.7,0.0,0.0,0.0
2021-04-17T14:00,14.8,314.6,31.0,72.0
2021-04-17T15:00,17.5,630.1,74.0,277.0
2021-04-17T16:00,21.6,782.7,95.0,501.0
2021-04-17T17:00,24.7,862.0,110.0,702.0
2021-04-17T18:00,26.2,906.7,119.0,858.0
2021-04-17T19:00,27.1,931.0,123.0,956.0
2021-04-17T20:00,28.2,939.8,124.0,989.0
2021-04-17T21:00,29.3,933.3,121.0,952.0
2021-04-17T22:00,29.8,903.6,121.0,850.0
2021-04-17T23:00,29.7,831.0,114.0,675.0
2021-04-18T00:00,28.6,374.6,184.0,373.0
2021-04-18T01:00,28.0,264.2,106.0,187.0
2021-04-18T02:00,27.3,89.9,24.0,35.0
2021-04-18T03:00,25.6,0.0,0.0,0.0
2021-04-18T04:00,23.9,0.0,0.0,0.0
2021-04-18T05:00,22.8,0.0,0.0,0.0
2021-04-18T06:00,21.5,0.0,0.0,0.0
2021-04-18T07:00,20.4,0.0,0.0,0.0
2021-04-18T08:00,19.1,0.0,0.0,0.0
2021-04-18T09:00,19.6,0.0,0.0,0.0
2021-04-18T10:00,16.6,0.0,0.0,0.0
2021-04-18T11:00,16.0,0.0,0.0,0.0
2021-04-18T12:00,16.0,0.0,0.0,0.0
2021-04-18T13:00,15.3,0.0,0.0,0.0
2021-04-18T14:00,17.3,310.1,32.0,73.0
2021-04-18T15:00,20.8,607.6,75.0,273.0
2021-04-18T16:00,22.8,710.6,107.0,478.0
2021-04-18T17:00,24.6,762.5,132.0,658.0
2021-04-18T18:00,25.6,761.8,177.0,800.0
2021-04-18T19:00,26.3,640.8,248.0,823.0
2021-04-18T20:00,26.5,609.1,262.0,824.0
2021-04-18T21:00,26.7,575.9,235.0,749.0
2021-04-18T22:00,26.8,573.7,210.0,674.0
2021-04-18T23:00,27.3,565.6,192.0,575.0
2021-04-19T00:00,25.6,412.5,178.0,387.0
2021-04-19T01:00,25.4,450.0,95.0,234.0
2021-04-19T02:00,24.7,218.6,30.0,57.0
2021-04-19T03:00,23.9,0.0,0.0,0.0
2021-04-19T04:00,22.7,0.0,0.0,0.0
2021-04-19T05:00,21.1,0.0,0.0,0.0
2021-04-19T06:00,20.2,0.0,0.0,0.0
2021-04-19T07:00,20.0,0.0,0.0,0.0
2021-04-19T08:00,18.9,0.0,0.0,0.0
2021-04-19T09:00,17.7,0.0,0.0,0.0
2021-04-19T10:00,16.9,0.0,0.0,0.0
2021-04-19T11:00,16.3,0.0,0.0,0.0
2021-04-19T12:00,16.1,0.0,0.0,0.0
2021-04-19T13:00,15.9,0.0,0.0,0.0
2021-04-19T14:00,17.8,320.7,33.0,76.0
2021-04-19T15:00,20.1,622.1,74.0,279.0
2021-04-19T16:00,22.4,768.9,95.0,499.0
2021-04-19T17:00,24.6,848.6,109.0,697.0
2021-04-19T18:00,25.9,895.7,118.0,853.0
2021-04-19T19:00,27.1,922.5,123.0,953.0
2021-04-19T20:00,28.2,933.0,124.0,987.0
2021-04-19T21:00,29.3,927.8,123.0,953.0
2021-04-19T22:00,30.0,905.3,117.0,851.0
2021-04-19T23:00,30.3,859.9,108.0,692.0
2021-04-20T00:00,29.6,776.5,94.0,489.0
2021-04-20T01:00,29.3,613.9,72.0,263.0
2021-04-20T02:00,28.2,288.8,28.0,64.0
2021-04-20T03:00,27.1,0.0,0.0,0.0
2021-04-20T04:00,26.4,0.0,0.0,0.0
2021-04-20T05:00,25.1,0.0,0.0,0.0
2021-04-20T06:00,23.8,0.0,0.0,0.0
2021-04-20T07:00,22.4,0.0,0.0,0.0
2021-04-20T08:00,23.9,0.0,0.0,0.0
2021-04-20T09:00,19.3,0.0,0.0,0.0
2021-04-20T10:00,17.6,0.0,0.0,0.0
2021-04-20T11:00,15.7,0.0,0.0,0.0
2021-04-20T12:00,15.2,0.0,0.0,0.0
2021-04-20T13:00,14.6,0.0,0.0,0.0
2021-04-20T14:00,16.2,345.8,34.0,81.0
2021-04-20T15:00,19.6,642.3,75.0,289.0
2021-04-20T16:00,23.6,788.7,96.0,513.0
2021-04-20T17:00,26.8,866.5,110.0,713.0
2021-04-20T18:00,28.9,911.0,119.0,869.0
2021-04-20T19:00,30.5,935.6,124.0,968.0
2021-04-20T20:00,31.8,942.7,126.0,1000.0
2021-04-20T21:00,32.6,934.6,124.0,962.0
2021-04-20T22:00,33.1,911.7,118.0,859.0
2021-04-20T23:00,33.4,866.2,109.0,699.0
2021-04-21T00:00,32.5,783.1,94.0,494.0
2021-04-21T01:00,32.0,625.4,73.0,269.0
2021-04-21T02:00,30.2,294.1,29.0,66.0
2021-04-21T03:00,28.5,0.0,0.0,0.0
2021-04-21T04:00,27.4,0.0,0.0,0.0
2021-04-21T05:00,26.2,0.0,0.0,0.0
2021-04-21T06:00,24.3,0.0,0.0,0.0
2021-04-21T07:00,22.5,0.0,0.0,0.0
2021-04-21T08:00,23.8,0.0,0.0,0.0
2021-04-21T09:00,18.9,0.0,0.0,0.0
2021-04-21T10:00,17.4,0.0,0.0,0.0
2021-04-21T11:00,17.3,0.0,0.0,0.0
2021-04-21T12:00,17.7,0.0,0.0,0.0
2021-04-21T13:00,17.6,0.0,0.0,0.0
2021-04-21T14:00,19.5,355.8,36.0,85.0
2021-04-21T15:00,22.3,650.4,76.0,295.0
2021-04-21T16:00,25.2,802.6,97.0,524.0
2021-04-21T17:00,27.7,882.9,110.0,727.0
2021-04-21T18:00,29.2,925.1,120.0,884.0
2021-04-21T19:00,30.8,947.5,125.0,982.0
2021-04-21T20:00,32.2,953.4,126.0,1012.0
2021-04-21T21:00,32.3,945.8,125.0,975.0
2021-04-21T22:00,32.1,920.6,119.0,869.0
2021-04-21T23:00,31.5,865.2,109.0,700.0
2021-04-22T00:00,30.7,772.1,97.0,493.0
2021-04-22T01:00,29.1,624.1,73.0,270.0
2021-04-22T02:00,27.4,299.4,30.0,68.0
2021-04-22T03:00,26.1,0.0,0.0,0.0
2021-04-22T04:00,24.9,0.0,0.0,0.0
2021-04-22T05:00,23.5,0.0,0.0,0.0
2021-04-22T06:00,22.2,0.0,0.0,0.0
2021-04-22T07:00,21.2,0.0,0.0,0.0
2021-04-22T08:00,20.0,0.0,0.0,0.0
2021-04-22T09:00,18.7,0.0,0.0,0.0
2021-04-22T10:00,18.1,0.0,0.0,0.0
2021-04-22T11:00,17.4,0.0,0.0,0.0
2021-04-22T12:00,16.3,0.0,0.0,0.0
2021-04-22T13:00,16.1,0.0,1.0,1.0
2021-04-22T14:00,17.3,265.2,42.0,79.0
2021-04-22T15:00,19.1,526.1,95.0,274.0
2021-04-22T16:00,21.1,680.1,126.0,490.0
2021-04-22T17:00,22.7,793.8,134.0,691.0
2021-04-22T18:00,24.0,869.1,131.0,851.0
2021-04-22T19:00,25.2,910.9,125.0,951.0
2021-04-22T20:00,26.3,911.5,130.0,979.0
2021-04-22T21:00,27.0,902.7,127.0,940.0
2021-04-22T22:00,27.5,859.7,127.0,829.0
2021-04-22T23:00,27.4,816.0,116.0,675.0
2021-04-23T00:00,26.6,741.8,98.0,480.0
2021-04-23T01:00,26.2,604.0,72.0,264.0
2021-04-23T02:00,25.2,296.7,29.0,67.0
2021-04-23T03:00,24.4,0.0,0.0,0.0
2021-04-23T04:00,23.6,0.0,0.0,0.0
2021-04-23T05:00,22.7,0.0,0.0,0.0
2021-04-23T06:00,21.5,0.0,0.0,0.0
2021-04-23T07:00,19.9,0.0,0.0,0.0
2021-04-23T08:00,18.8,0.0,0.0,0.0
2021-04-23T09:00,18.9,0.0,0.0,0.0
2021-04-23T10:00,18.4,0.0,0.0,0.0
2021-04-23T11:00,16.6,0.0,0.0,0.0
2021-04-23T12:00,16.5,0.0,0.0,0.0
2021-04-23T13:00,15.9,0.0,1.0,1.0
2021-04-23T14:00,17.2,325.5,38.0,84.0
2021-04-23T15:00,18.9,599.3,79.0,285.0
2021-04-23T16:00,20.6,746.7,100.0,502.0
2021-04-23T17:00,22.4,827.5,114.0,697.0
2021-04-23T18:00,24.2,872.5,123.0,848.0
2021-04-23T19:00,25.9,898.7,127.0,944.0
2021-04-23T20:00,27.3,902.0,130.0,972.0
2021-04-23T21:00,28.5,903.0,125.0,940.0
2021-04-23T22:00,29.2,880.9,119.0,840.0
2021-04-23T23:00,29.2,837.0,109.0,684.0
2021-04-24T00:00,28.6,758.3,94.0,486.0
2021-04-24T01:00,28.2,599.8,73.0,265.0
2021-04-24T02:00,27.2,294.1,30.0,68.0
2021-04-24T03:00,26.1,0.0,0.0,0.0
2021-04-24T04:00,25.2,0.0,0.0,0.0
2021-04-24T05:00,24.6,0.0,0.0,0.0
2021-04-24T06:00,23.4,0.0,0.0,0.0
2021-04-24T07:00,21.7,0.0,0.0,0.0
2021-04-24T08:00,20.5,0.0,0.0,0.0
2021-04-24T09:00,19.2,0.0,0.0,0.0
2021-04-24T10:00,17.8,0.0,0.0,0.0
2021-04-24T11:00,18.4,0.0,0.0,0.0
2021-04-24T12:00,17.0,0.0,0.0,0.0
2021-04-24T13:00,15.9,0.0,1.0,1.0
2021-04-24T14:00,17.9,370.5,38.0,91.0
2021-04-24T15:00,20.8,636.6,76.0,297.0
2021-04-24T16:00,23.8,775.7,96.0,516.0
2021-04-24T17:00,26.2,845.5,111.0,709.0
2021-04-24T18:00,28.1,886.7,120.0,859.0
2021-04-24T19:00,29.6,908.6,125.0,953.0
2021-04-24T20:00,30.7,915.1,126.0,982.0
2021-04-24T21:00,31.8,906.6,125.0,945.0
2021-04-24T22:00,32.7,885.0,118.0,844.0
2021-04-24T23:00,32.8,842.0,109.0,689.0
2021-04-25T00:00,32.1,751.5,100.0,490.0
2021-04-25T01:00,31.4,605.0,75.0,270.0
2021-04-25T02:00,29.9,307.0,32.0,72.0
2021-04-25T03:00,28.2,0.0,0.0,0.0
2021-04-25T04:00,27.1,0.0,0.0,0.0
2021-04-25T05:00,26.0,0.0,0.0,0.0
2021-04-25T06:00,24.4,0.0,0.0,0.0
2021-04-25T07:00,22.6,0.0,0.0,0.0
2021-04-25T08:00,20.8,0.0,0.0,0.0
2021-04-25T09:00,20.9,0.0,0.0,0.0
2021-04-25T10:00,21.1,0.0,0.0,0.0
2021-04-25T11:00,18.4,0.0,0.0,0.0
2021-04-25T12:00,17.1,0.0,0.0,0.0
2021-04-25T13:00,15.9,0.0,1.0,1.0
2021-04-25T14:00,18.0,386.8,39.0,95.0
2021-04-25T15:00,20.9,644.8,78.0,304.0
2021-04-25T16:00,24.2,786.1,97.0,525.0
2021-04-25T17:00,26.9,862.0,111.0,723.0
2021-04-25T18:00,28.9,903.3,120.0,875.0
2021-04-25T19:00,30.7,926.2,124.0,970.0
2021-04-25T20:00,31.8,931.3,126.0,999.0
2021-04-25T21:00,33.4,919.1,124.0,957.0
2021-04-25T22:00,34.0,886.7,124.0,853.0
2021-04-25T23:00,34.0,815.1,127.0,690.0
2021-04-26T00:00,32.6,773.5,96.0,499.0
2021-04-26T01:00,31.8,576.2,82.0,269.0
2021-04-26T02:00,30.3,296.7,34.0,73.0
2021-04-26T03:00,28.6,0.0,0.0,0.0
2021-04-26T04:00,27.8,0.0,0.0,0.0
2021-04-26T05:00,26.5,0.0,0.0,0.0
2021-04-26T06:00,25.0,0.0,0.0,0.0
2021-04-26T07:00,23.2,0.0,0.0,0.0
2021-04-26T08:00,21.1,0.0,0.0,0.0
2021-04-26T09:00,19.3,0.0,0.0,0.0
2021-04-26T10:00,19.9,0.0,0.0,0.0
2021-04-26T11:00,19.1,0.0,0.0,0.0
2021-04-26T12:00,17.9,0.0,0.0,0.0
2021-04-26T13:00,19.1,0.0,1.0,1.0
2021-04-26T14:00,20.3,81.9,58.0,70.0
2021-04-26T15:00,21.4,141.3,158.0,208.0
2021-04-26T16:00,22.4,213.7,248.0,365.0
2021-04-26T17:00,23.3,235.7,324.0,492.0
2021-04-26T18:00,23.9,207.6,405.0,579.0
2021-04-26T19:00,24.7,241.4,455.0,676.0
2021-04-26T20:00,25.8,407.7,415.0,798.0
2021-04-26T21:00,26.2,330.4,439.0,739.0
2021-04-26T22:00,25.7,83.7,391.0,460.0
2021-04-26T23:00,25.3,70.8,282.0,331.0
2021-04-27T00:00,24.9,42.1,171.0,193.0
2021-04-27T01:00,23.8,36.7,122.0,134.0
2021-04-27T02:00,22.4,15.1,33.0,35.0
2021-04-27T03:00,21.5,0.0,0.0,0.0
2021-04-27T04:00,20.6,0.0,0.0,0.0
2021-04-27T05:00,19.3,0.0,0.0,0.0
2021-04-27T06:00,18.7,0.0,0.0,0.0
2021-04-27T07:00,17.8,0.0,0.0,0.0
2021-04-27T08:00,16.2,0.0,0.0,0.0
2021-04-27T09:00,15.5,0.0,0.0,0.0
2021-04-27T10:00,15.3,0.0,0.0,0.0
2021-04-27T11:00,14.8,0.0,0.0,0.0
2021-04-27T12:00,15.3,0.0,0.0,0.0
2021-04-27T13:00,14.6,0.0,1.0,1.0
2021-04-27T14:00,14.4,175.2,41.0,67.0
2021-04-27T15:00,15.2,196.1,104.0,174.0
2021-04-27T16:00,16.1,272.6,174.0,324.0
2021-04-27T17:00,17.7,560.7,172.0,573.0
2021-04-27T18:00,19.3,685.4,180.0,756.0
2021-04-27T19:00,20.8,793.4,177.0,905.0
2021-04-27T20:00,21.9,893.6,137.0,978.0
2021-04-27T21:00,22.8,916.6,128.0,962.0
2021-04-27T22:00,23.2,868.4,131.0,848.0
2021-04-27T23:00,23.2,800.8,128.0,684.0
2021-04-28T00:00,22.7,672.5,117.0,470.0
2021-04-28T01:00,22.0,577.7,82.0,272.0
2021-04-28T02:00,21.3,261.9,33.0,68.0
2021-04-28T03:00,20.7,0.0,0.0,0.0
2021-04-28T04:00,20.0,0.0,0.0,0.0
2021-04-28T05:00,19.3,0.0,0.0,0.0
2021-04-28T06:00,18.6,0.0,0.0,0.0
2021-04-28T07:00,18.0,0.0,0.0,0.0
2021-04-28T08:00,17.1,0.0,0.0,0.0
2021-04-28T09:00,16.0,0.0,0.0,0.0
2021-04-28T10:00,15.2,0.0,0.0,0.0
2021-04-28T11:00,14.3,0.0,0.0,0.0
2021-04-28T12:00,13.6,0.0,0.0,0.0
2021-04-28T13:00,12.8,0.0,2.0,2.0
2021-04-28T14:00,14.6,309.4,47.0,94.0
2021-04-28T15:00,16.6,438.7,101.0,259.0
2021-04-28T16:00,18.7,670.7,127.0,498.0
2021-04-28T17:00,20.7,831.8,119.0,716.0
2021-04-28T18:00,22.3,840.2,145.0,853.0
2021-04-28T19:00,23.9,821.1,174.0,929.0
2021-04-28T20:00,25.1,688.2,241.0,890.0
2021-04-28T21:00,25.8,486.0,271.0,714.0
2021-04-28T22:00,26.3,582.6,240.0,722.0
2021-04-28T23:00,27.0,640.7,167.0,613.0
2021-04-29T00:00,21.6,487.8,158.0,415.0
2021-04-29T01:00,23.2,477.3,91.0,249.0
2021-04-29T02:00,22.4,244.9,34.0,67.0
2021-04-29T03:00,21.7,0.0,0.0,0.0
2021-04-29T04:00,20.8,0.0,0.0,0.0
2021-04-29T05:00,20.3,0.0,0.0,0.0
2021-04-29T06:00,19.5,0.0,0.0,0.0
2021-04-29T07:00,18.7,0.0,0.0,0.0
2021-04-29T08:00,17.8,0.0,0.0,0.0
2021-04-29T09:00,16.9,0.0,0.0,0.0
2021-04-29T10:00,16.0,0.0,0.0,0.0
2021-04-29T11:00,15.1,0.0,0.0,0.0
2021-04-29T12:00,14.5,0.0,0.0,0.0
2021-04-29T13:00,15.2,0.0,2.0,2.0
2021-04-29T14:00,16.2,392.8,42.0,103.0
2021-04-29T15:00,19.3,633.2,78.0,308.0
2021-04-29T16:00,22.9,766.3,97.0,523.0
2021-04-29T17:00,26.3,838.7,112.0,716.0
2021-04-29T18:00,28.5,884.2,119.0,866.0
2021-04-29T19:00,29.9,911.6,125.0,965.0
2021-04-29T20:00,31.2,928.3,126.0,1003.0
2021-04-29T21:00,32.2,911.1,125.0,957.0
2021-04-29T22:00,33.0,878.1,120.0,848.0
2021-04-29T23:00,33.7,834.0,110.0,692.0
2021-04-30T00:00,32.6,754.6,96.0,495.0
2021-04-30T01:00,32.9,606.3,74.0,276.0
2021-04-30T02:00,32.1,323.9,34.0,78.0
2021-04-30T03:00,30.4,0.0,0.0,0.0
2021-04-30T04:00,28.6,0.0,0.0,0.0
2021-04-30T05:00,26.9,0.0,0.0,0.0
2021-04-30T06:00,25.4,0.0,0.0,0.0
2021-04-30T07:00,24.4,0.0,0.0,0.0
2021-04-30T08:00,23.4,0.0,0.0,0.0
2021-04-30T09:00,25.0,0.0,0.0,0.0
2021-04-30T10:00,21.2,0.0,0.0,0.0
2021-04-30T11:00,19.2,0.0,0.0,0.0
2021-04-30T12:00,19.0,0.0,0.0,0.0
2021-04-30T13:00,19.0,19.1,2.0,3.0
2021-04-30T14:00,21.3,397.2,43.0,106.0
2021-04-30T15:00,24.1,638.9,78.0,312.0
2021-04-30T16:00,27.0,769.8,98.0,528.0
2021-04-30T17:00,29.6,842.9,111.0,720.0
2021-04-30T18:00,31.7,884.4,120.0,869.0
2021-04-30T19:00,33.0,906.6,125.0,962.0
2021-04-30T20:00,34.1,912.9,126.0,990.0
2021-04-30T21:00,34.9,905.1,125.0,953.0
2021-04-30T22:00,35.4,882.4,119.0,852.0
2021-04-30T23:00,35.8,837.6,110.0,696.0
2021-05-01T00:00,34.8,757.6,96.0,498.0
2021-05-01T01:00,34.4,611.4,75.0,280.0
2021-05-01T02:00,33.2,336.0,34.0,80.0
2021-05-01T03:00,33.3,0.0,0.0,0.0
2021-05-01T04:00,30.2,0.0,0.0,0.0
2021-05-01T05:00,28.6,0.0,0.0,0.0
2021-05-01T06:00,27.1,0.0,0.0,0.0
2021-05-01T07:00,25.6,0.0,0.0,0.0
2021-05-01T08:00,25.0,0.0,0.0,0.0
2021-05-01T09:00,24.3,0.0,0.0,0.0
2021-05-01T10:00,23.3,0.0,0.0,0.0
2021-05-01T11:00,22.1,0.0,0.0,0.0
2021-05-01T12:00,22.2,0.0,0.0,0.0
2021-05-01T13:00,21.3,0.0,3.0,3.0
2021-05-01T14:00,23.0,240.9,59.0,98.0
2021-05-01T15:00,25.4,552.6,98.0,302.0
2021-05-01T16:00,28.3,762.7,101.0,529.0
2021-05-01T17:00,30.5,841.6,113.0,723.0
2021-05-01T18:00,32.3,836.4,151.0,861.0
2021-05-01T19:00,34.0,703.7,259.0,910.0
2021-05-01T20:00,35.3,594.9,336.0,900.0
2021-05-01T21:00,36.5,760.6,223.0,920.0
2021-05-01T22:00,37.2,741.4,202.0,819.0
2021-05-01T23:00,36.8,357.9,303.0,554.0
2021-05-02T00:00,36.0,503.3,181.0,449.0
2021-05-02T01:00,35.2,483.1,102.0,265.0
2021-05-02T02:00,33.8,217.4,46.0,76.0
2021-05-02T03:00,31.8,0.0,1.0,1.0
2021-05-02T04:00,30.3,0.0,0.0,0.0
2021-05-02T05:00,29.1,0.0,0.0,0.0
2021-05-02T06:00,29.0,0.0,0.0,0.0
2021-05-02T07:00,27.7,0.0,0.0,0.0
2021-05-02T08:00,27.2,0.0,0.0,0.0
2021-05-02T09:00,25.8,0.0,0.0,0.0
2021-05-02T10:00,22.9,0.0,0.0,0.0
2021-05-02T11:00,21.1,0.0,0.0,0.0
2021-05-02T12:00,20.3,0.0,0.0,0.0
2021-05-02T13:00,19.6,19.1,3.0,4.0
2021-05-02T14:00,21.2,424.2,45.0,115.0
2021-05-02T15:00,24.1,674.7,80.0,331.0
2021-05-02T16:00,26.9,805.4,99.0,553.0
2021-05-02T17:00,29.4,876.2,112.0,749.0
2021-05-02T18:00,30.5,920.2,121.0,904.0
2021-05-02T19:00,31.3,940.9,127.0,999.0
2021-05-02T20:00,32.7,934.0,128.0,1015.0
2021-05-02T21:00,33.7,918.3,125.0,968.0
2021-05-02T22:00,33.2,897.1,119.0,867.0
2021-05-02T23:00,32.8,850.7,110.0,708.0
2021-05-03T00:00,32.2,769.1,96.0,507.0
2021-05-03T01:00,31.4,627.3,76.0,289.0
2021-05-03T02:00,30.1,352.4,37.0,86.0
2021-05-03T03:00,28.6,0.0,1.0,1.0
2021-05-03T04:00,27.6,0.0,0.0,0.0
2021-05-03T05:00,26.8,0.0,0.0,0.0
2021-05-03T06:00,25.8,0.0,0.0,0.0
2021-05-03T07:00,23.6,0.0,0.0,0.0
2021-05-03T08:00,22.2,0.0,0.0,0.0
2021-05-03T09:00,21.1,0.0,0.0,0.0
2021-05-03T10:00,20.0,0.0,0.0,0.0
2021-05-03T11:00,19.3,0.0,0.0,0.0
2021-05-03T12:00,18.0,0.0,0.0,0.0
2021-05-03T13:00,18.6,19.1,3.0,4.0
2021-05-03T14:00,19.7,404.5,46.0,114.0
2021-05-03T15:00,21.5,643.1,80.0,321.0
2021-05-03T16:00,23.1,771.9,99.0,536.0
2021-05-03T17:00,24.5,840.7,113.0,726.0
2021-05-03T18:00,26.2,880.7,122.0,873.0
2021-05-03T19:00,28.1,901.5,128.0,965.0
2021-05-03T20:00,29.5,909.3,129.0,994.0
2021-05-03T21:00,30.2,900.5,128.0,956.0
2021-05-03T22:00,30.7,879.9,122.0,857.0
2021-05-03T23:00,31.1,840.2,110.0,702.0
2021-05-04T00:00,30.8,760.9,97.0,505.0
2021-05-04T01:00,30.9,611.8,76.0,285.0
2021-05-04T02:00,30.1,349.8,37.0,86.0
2021-05-04T03:00,28.6,0.0,1.0,1.0
2021-05-04T04:00,27.4,0.0,0.0,0.0
2021-05-04T05:00,26.4,0.0,0.0,0.0
2021-05-04T06:00,25.6,0.0,0.0,0.0
2021-05-04T07:00,24.6,0.0,0.0,0.0
2021-05-04T08:00,23.9,0.0,0.0,0.0
2021-05-04T09:00,22.5,0.0,0.0,0.0
2021-05-04T10:00,22.3,0.0,0.0,0.0
2021-05-04T11:00,19.2,0.0,0.0,0.0
2021-05-04T12:00,18.8,0.0,0.0,0.0
2021-05-04T13:00,18.7,18.6,4.0,5.0
2021-05-04T14:00,20.5,415.0,46.0,117.0
2021-05-04T15:00,23.1,649.1,80.0,325.0
2021-05-04T16:00,25.8,777.5,99.0,541.0
2021-05-04T17:00,27.8,847.9,113.0,733.0
2021-05-04T18:00,29.8,889.4,122.0,882.0
2021-05-04T19:00,31.7,907.4,131.0,975.0
2021-05-04T20:00,32.8,910.0,136.0,1003.0
2021-05-04T21:00,33.4,910.0,129.0,967.0
2021-05-04T22:00,33.7,892.7,120.0,867.0
2021-05-04T23:00,33.9,849.6,110.0,710.0
2021-05-05T00:00,32.8,771.4,97.0,512.0
2021-05-05T01:00,32.7,628.5,77.0,293.0
2021-05-05T02:00,32.1,368.4,38.0,90.0
2021-05-05T03:00,30.5,0.0,1.0,1.0
2021-05-05T04:00,29.4,0.0,0.0,0.0
2021-05-05T05:00,28.3,0.0,0.0,0.0
2021-05-05T06:00,27.3,0.0,0.0,0.0
2021-05-05T07:00,26.0,0.0,0.0,0.0
2021-05-05T08:00,25.0,0.0,0.0,0.0
2021-05-05T09:00,23.3,0.0,0.0,0.0
2021-05-05T10:00,21.3,0.0,0.0,0.0
2021-05-05T11:00,20.8,0.0,0.0,0.0
2021-05-05T12:00,22.7,0.0,0.0,0.0
2021-05-05T13:00,21.4,18.1,4.0,5.0
2021-05-05T14:00,21.4,419.6,47.0,120.0
2021-05-05T15:00,24.2,647.3,82.0,328.0
2021-05-05T16:00,27.2,769.2,104.0,543.0
2021-05-05T17:00,29.8,842.9,117.0,735.0
2021-05-05T18:00,31.9,844.3,150.0,873.0
2021-05-05T19:00,33.8,858.7,162.0,962.0
2021-05-05T20:00,35.2,857.3,170.0,988.0
2021-05-05T21:00,36.2,901.0,132.0,963.0
2021-05-05T22:00,36.7,889.9,119.0,865.0
2021-05-05T23:00,36.8,847.7,109.0,709.0
2021-05-06T00:00,35.9,763.3,98.0,510.0
2021-05-06T01:00,35.5,621.9,78.0,293.0
2021-05-06T02:00,34.6,365.7,39.0,91.0
2021-05-06T03:00,32.3,0.0,1.0,1.0
2021-05-06T04:00,31.3,0.0,0.0,0.0
2021-05-06T05:00,29.6,0.0,0.0,0.0
2021-05-06T06:00,27.8,0.0,0.0,0.0
2021-05-06T07:00,26.9,0.0,0.0,0.0
2021-05-06T08:00,26.4,0.0,0.0,0.0
2021-05-06T09:00,25.6,0.0,0.0,0.0
2021-05-06T10:00,23.5,0.0,0.0,0.0
2021-05-06T11:00,22.2,0.0,0.0,0.0
2021-05-06T12:00,23.0,0.0,0.0,0.0
2021-05-06T13:00,23.4,17.6,5.0,6.0
2021-05-06T14:00,23.0,418.6,48.0,122.0
2021-05-06T15:00,25.6,651.0,81.0,330.0
2021-05-06T16:00,28.1,776.7,100.0,545.0
2021-05-06T17:00,30.4,847.5,113.0,736.0
2021-05-06T18:00,32.6,887.0,122.0,883.0
2021-05-06T19:00,34.5,907.7,127.0,974.0
2021-05-06T20:00,36.0,912.5,129.0,1001.0
2021-05-06T21:00,37.1,906.1,127.0,964.0
2021-05-06T22:00,37.7,884.8,120.0,863.0
2021-05-06T23:00,37.6,841.6,111.0,708.0
2021-05-07T00:00,37.3,757.1,100.0,510.0
2021-05-07T01:00,36.5,618.3,78.0,293.0
2021-05-07T02:00,35.1,370.1,39.0,92.0
2021-05-07T03:00,33.5,0.0,1.0,1.0
2021-05-07T04:00,32.1,0.0,0.0,0.0
2021-05-07T05:00,30.3,0.0,0.0,0.0
2021-05-07T06:00,29.0,0.0,0.0,0.0
2021-05-07T07:00,27.8,0.0,0.0,0.0
2021-05-07T08:00,25.5,0.0,0.0,0.0
2021-05-07T09:00,24.3,0.0,0.0,0.0
2021-05-07T10:00,23.5,0.0,0.0,0.0
2021-05-07T11:00,22.1,0.0,0.0,0.0
2021-05-07T12:00,21.4,0.0,0.0,0.0
2021-05-07T13:00,21.0,34.4,4.0,6.0
2021-05-07T14:00,23.3,429.0,49.0,126.0
2021-05-07T15:00,25.5,665.1,81.0,337.0
2021-05-07T16:00,27.5,793.0,100.0,556.0
2021-05-07T17:00,29.2,863.1,113.0,749.0
2021-05-07T18:00,30.7,906.3,122.0,901.0
2021-05-07T19:00,32.2,929.8,127.0,996.0
2021-05-07T20:00,33.7,935.3,129.0,1024.0
2021-05-07T21:00,34.7,925.4,126.0,982.0
2021-05-07T22:00,35.1,898.8,121.0,877.0
2021-05-07T23:00,35.1,848.2,112.0,715.0
2021-05-08T00:00,34.6,762.0,97.0,511.0
2021-05-08T01:00,33.9,629.1,77.0,297.0
2021-05-08T02:00,32.9,374.4,40.0,94.0
2021-05-08T03:00,31.7,0.0,1.0,1.0
2021-05-08T04:00,30.5,0.0,0.0,0.0
2021-05-08T05:00,29.4,0.0,0.0,0.0
2021-05-08T06:00,27.7,0.0,0.0,0.0
2021-05-08T07:00,26.1,0.0,0.0,0.0
2021-05-08T08:00,24.3,0.0,0.0,0.0
2021-05-08T09:00,22.5,0.0,0.0,0.0
2021-05-08T10:00,23.3,0.0,0.0,0.0
2021-05-08T11:00,20.1,0.0,0.0,0.0
2021-05-08T12:00,19.9,0.0,0.0,0.0
2021-05-08T13:00,19.9,33.6,5.0,7.0
2021-05-08T14:00,22.4,428.4,50.0,128.0
2021-05-08T15:00,24.5,656.0,82.0,336.0
2021-05-08T16:00,26.4,779.9,101.0,551.0
2021-05-08T17:00,28.0,850.2,114.0,742.0
2021-05-08T18:00,29.7,889.6,123.0,889.0
2021-05-08T19:00,31.2,910.3,128.0,980.0
2021-05-08T20:00,32.4,916.3,129.0,1007.0
2021-05-08T21:00,33.4,910.1,126.0,969.0
2021-05-08T22:00,33.8,886.7,120.0,867.0
2021-05-08T23:00,33.8,840.8,111.0,710.0
2021-05-09T00:00,33.0,763.2,97.0,513.0
2021-05-09T01:00,32.5,628.3,77.0,298.0
2021-05-09T02:00,31.5,384.5,40.0,96.0
2021-05-09T03:00,30.2,0.0,2.0,2.0
2021-05-09T04:00,29.1,0.0,0.0,0.0
2021-05-09T05:00,28.0,0.0,0.0,0.0
2021-05-09T06:00,27.0,0.0,0.0,0.0
2021-05-09T07:00,26.2,0.0,0.0,0.0
2021-05-09T08:00,24.4,0.0,0.0,0.0
2021-05-09T09:00,22.5,0.0,0.0,0.0
2021-05-09T10:00,21.6,0.0,0.0,0.0
2021-05-09T11:00,20.3,0.0,0.0,0.0
2021-05-09T12:00,20.2,0.0,0.0,0.0
2021-05-09T13:00,19.5,32.9,5.0,7.0
2021-05-09T14:00,21.0,422.5,50.0,128.0
2021-05-09T15:00,23.4,652.3,82.0,336.0
2021-05-09T16:00,26.2,777.3,101.0,551.0
2021-05-09T17:00,28.6,851.0,113.0,743.0
2021-05-09T18:00,30.6,892.7,122.0,892.0
2021-05-09T19:00,32.1,915.4,127.0,985.0
2021-05-09T20:00,33.3,922.4,128.0,1013.0
2021-05-09T21:00,34.1,914.2,126.0,974.0
2021-05-09T22:00,34.7,891.2,120.0,872.0
2021-05-09T23:00,34.7,847.4,111.0,716.0
2021-05-10T00:00,33.9,770.0,98.0,519.0
2021-05-10T01:00,33.4,630.5,78.0,301.0
2021-05-10T02:00,32.4,385.3,41.0,98.0
2021-05-10T03:00,30.9,0.0,2.0,2.0
2021-05-10T04:00,29.8,0.0,0.0,0.0
2021-05-10T05:00,28.2,0.0,0.0,0.0
2021-05-10T06:00,26.9,0.0,0.0,0.0
2021-05-10T07:00,25.3,0.0,0.0,0.0
2021-05-10T08:00,24.0,0.0,0.0,0.0
2021-05-10T09:00,21.3,0.0,0.0,0.0
2021-05-10T10:00,19.9,0.0,0.0,0.0
2021-05-10T11:00,19.3,0.0,0.0,0.0
2021-05-10T12:00,18.9,0.0,0.0,0.0
2021-05-10T13:00,19.8,32.3,6.0,8.0
2021-05-10T14:00,22.2,438.4,51.0,133.0
2021-05-10T15:00,24.6,664.0,83.0,343.0
2021-05-10T16:00,27.2,786.8,102.0,559.0
2021-05-10T17:00,29.2,859.9,114.0,752.0
2021-05-10T18:00,30.7,899.4,123.0,900.0
2021-05-10T19:00,32.0,920.6,128.0,992.0
2021-05-10T20:00,33.0,927.5,129.0,1020.0
2021-05-10T21:00,33.4,922.7,127.0,984.0
2021-05-10T22:00,34.1,896.9,121.0,879.0
2021-05-10T23:00,34.8,854.0,112.0,723.0
2021-05-11T00:00,33.8,778.5,99.0,526.0
2021-05-11T01:00,33.2,641.0,79.0,307.0
2021-05-11T02:00,32.0,392.8,42.0,101.0
2021-05-11T03:00,30.4,0.0,2.0,2.0
2021-05-11T04:00,29.0,0.0,0.0,0.0
2021-05-11T05:00,27.9,0.0,0.0,0.0
2021-05-11T06:00,26.3,0.0,0.0,0.0
2021-05-11T07:00,24.4,0.0,0.0,0.0
2021-05-11T08:00,24.5,0.0,0.0,0.0
2021-05-11T09:00,21.2,0.0,0.0,0.0
2021-05-11T10:00,19.9,0.0,0.0,0.0
2021-05-11T11:00,18.7,0.0,0.0,0.0
2021-05-11T12:00,18.9,0.0,0.0,0.0
2021-05-11T13:00,18.7,47.5,5.0,8.0
2021-05-11T14:00,20.6,454.0,51.0,137.0
2021-05-11T15:00,23.0,680.8,83.0,351.0
2021-05-11T16:00,25.5,801.6,102.0,569.0
2021-05-11T17:00,27.7,867.5,114.0,759.0
2021-05-11T18:00,29.8,904.9,123.0,906.0
2021-05-11T19:00,31.5,925.7,127.0,997.0
2021-05-11T20:00,32.7,931.5,129.0,1025.0
2021-05-11T21:00,33.5,924.7,127.0,987.0
2021-05-11T22:00,34.1,901.4,122.0,885.0
2021-05-11T23:00,34.3,859.2,112.0,728.0
2021-05-12T00:00,33.3,783.3,99.0,530.0
2021-05-12T01:00,33.2,654.2,79.0,313.0
2021-05-12T02:00,32.4,406.6,43.0,105.0
2021-05-12T03:00,30.7,0.0,3.0,3.0
2021-05-12T04:00,29.4,0.0,0.0,0.0
2021-05-12T05:00,27.6,0.0,0.0,0.0
2021-05-12T06:00,25.9,0.0,0.0,0.0
2021-05-12T07:00,25.3,0.0,0.0,0.0
2021-05-12T08:00,24.3,0.0,0.0,0.0
2021-05-12T09:00,23.4,0.0,0.0,0.0
2021-05-12T10:00,22.0,0.0,0.0,0.0
2021-05-12T11:00,20.8,0.0,0.0,0.0
2021-05-12T12:00,22.8,0.0,0.0,0.0
2021-05-12T13:00,22.0,46.6,6.0,9.0
2021-05-12T14:00,22.2,443.3,51.0,136.0
2021-05-12T15:00,24.7,667.3,83.0,347.0
2021-05-12T16:00,27.7,788.9,101.0,562.0
2021-05-12T17:00,29.8,859.1,114.0,754.0
2021-05-12T18:00,31.9,898.9,122.0,901.0
2021-05-12T19:00,33.7,919.3,127.0,992.0
2021-05-12T20:00,35.1,924.2,129.0,1019.0
2021-05-12T21:00,36.1,917.1,127.0,981.0
2021-05-12T22:00,36.6,895.3,121.0,880.0
2021-05-12T23:00,36.9,853.3,113.0,726.0
2021-05-13T00:00,36.2,780.9,99.0,530.0
2021-05-13T01:00,35.9,645.0,78.0,310.0
2021-05-13T02:00,35.2,400.6,43.0,105.0
2021-05-13T03:00,33.3,0.0,3.0,3.0
2021-05-13T04:00,31.8,0.0,0.0,0.0
2021-05-13T05:00,30.0,0.0,0.0,0.0
2021-05-13T06:00,28.9,0.0,0.0,0.0
2021-05-13T07:00,28.3,0.0,0.0,0.0
2021-05-13T08:00,27.0,0.0,0.0,0.0
2021-05-13T09:00,25.7,0.0,0.0,0.0
2021-05-13T10:00,24.1,0.0,0.0,0.0
2021-05-13T11:00,22.7,0.0,0.0,0.0
2021-05-13T12:00,20.9,0.0,0.0,0.0
2021-05-13T13:00,21.3,45.8,6.0,9.0
2021-05-13T14:00,23.8,443.4,52.0,138.0
2021-05-13T15:00,26.9,666.5,83.0,348.0
2021-05-13T16:00,29.6,786.7,102.0,563.0
2021-05-13T17:00,31.5,854.8,114.0,752.0
2021-05-13T18:00,33.3,894.1,124.0,900.0
2021-05-13T19:00,35.1,916.0,128.0,991.0
2021-05-13T20:00,36.6,923.1,129.0,1019.0
2021-05-13T21:00,37.7,916.0,128.0,982.0
2021-05-13T22:00,38.3,895.1,122.0,882.0
2021-05-13T23:00,38.2,854.3,113.0,728.0
2021-05-14T00:00,37.5,782.1,99.0,532.0
2021-05-14T01:00,37.2,647.1,79.0,313.0
2021-05-14T02:00,35.9,401.2,44.0,107.0
2021-05-14T03:00,33.9,19.1,2.0,3.0
2021-05-14T04:00,32.5,0.0,0.0,0.0
2021-05-14T05:00,31.1,0.0,0.0,0.0
2021-05-14T06:00,29.7,0.0,0.0,0.0
2021-05-14T07:00,28.9,0.0,0.0,0.0
2021-05-14T08:00,27.8,0.0,0.0,0.0
2021-05-14T09:00,26.3,0.0,0.0,0.0
2021-05-14T10:00,24.3,0.0,0.0,0.0
2021-05-14T11:00,24.9,0.0,0.0,0.0
2021-05-14T12:00,22.6,0.0,0.0,0.0
2021-05-14T13:00,21.2,45.0,7.0,10.0
2021-05-14T14:00,23.2,448.7,52.0,140.0
2021-05-14T15:00,26.2,663.4,84.0,349.0
2021-05-14T16:00,29.2,784.6,102.0,563.0
2021-05-14T17:00,31.6,854.5,115.0,754.0
2021-05-14T18:00,33.5,894.1,124.0,901.0
2021-05-14T19:00,35.1,915.0,128.0,991.0
2021-05-14T20:00,36.6,924.2,129.0,1021.0
2021-05-14T21:00,37.4,917.0,127.0,983.0
2021-05-14T22:00,37.8,896.2,122.0,884.0
2021-05-14T23:00,38.0,849.9,112.0,725.0
2021-05-15T00:00,36.9,770.8,99.0,527.0
2021-05-15T01:00,36.1,640.8,79.0,312.0
2021-05-15T02:00,35.0,395.5,44.0,107.0
2021-05-15T03:00,33.5,19.1,2.0,3.0
2021-05-15T04:00,32.2,0.0,0.0,0.0
2021-05-15T05:00,30.9,0.0,0.0,0.0
2021-05-15T06:00,29.8,0.0,0.0,0.0
2021-05-15T07:00,28.6,0.0,0.0,0.0
2021-05-15T08:00,27.1,0.0,0.0,0.0
2021-05-15T09:00,25.6,0.0,0.0,0.0
2021-05-15T10:00,24.2,0.0,0.0,0.0
2021-05-15T11:00,23.0,0.0,0.0,0.0
2021-05-15T12:00,22.3,0.0,0.0,0.0
2021-05-15T13:00,22.8,44.3,8.0,11.0
2021-05-15T14:00,25.1,454.1,54.0,144.0
2021-05-15T15:00,27.7,680.4,84.0,357.0
2021-05-15T16:00,29.8,801.2,102.0,574.0
2021-05-15T17:00,31.3,867.7,116.0,766.0
2021-05-15T18:00,32.6,907.8,124.0,914.0
2021-05-15T19:00,34.0,927.7,129.0,1005.0
2021-05-15T20:00,35.1,936.6,131.0,1036.0
2021-05-15T21:00,35.6,925.5,128.0,993.0
2021-05-15T22:00,36.0,897.2,123.0,887.0
2021-05-15T23:00,36.2,853.7,113.0,730.0
2021-05-16T00:00,35.5,777.4,100.0,533.0
2021-05-16T01:00,34.8,640.2,80.0,314.0
2021-05-16T02:00,33.2,396.3,45.0,109.0
2021-05-16T03:00,31.5,19.1,3.0,4.0
2021-05-16T04:00,30.0,0.0,0.0,0.0
2021-05-16T05:00,28.3,0.0,0.0,0.0
2021-05-16T06:00,26.4,0.0,0.0,0.0
2021-05-16T07:00,24.2,0.0,0.0,0.0
2021-05-16T08:00,23.7,0.0,0.0,0.0
2021-05-16T09:00,21.6,0.0,0.0,0.0
2021-05-16T10:00,20.4,0.0,0.0,0.0
2021-05-16T11:00,19.5,0.0,0.0,0.0
2021-05-16T12:00,19.1,0.0,0.0,0.0
2021-05-16T13:00,19.4,58.2,7.0,11.0
2021-05-16T14:00,21.4,444.6,53.0,142.0
2021-05-16T15:00,24.1,660.2,84.0,350.0
2021-05-16T16:00,25.7,777.2,103.0,562.0
2021-05-16T17:00,27.3,845.0,115.0,749.0
2021-05-16T18:00,28.8,883.7,124.0,894.0
2021-05-16T19:00,30.1,903.4,129.0,983.0
2021-05-16T20:00,31.3,910.9,129.0,1010.0
2021-05-16T21:00,32.1,906.3,127.0,975.0
2021-05-16T22:00,32.3,885.4,123.0,878.0
2021-05-16T23:00,32.1,841.0,113.0,722.0
2021-05-17T00:00,32.0,764.4,99.0,526.0
2021-05-17T01:00,30.8,634.1,80.0,313.0
2021-05-17T02:00,29.5,397.0,45.0,110.0
2021-05-17T03:00,28.0,19.1,3.0,4.0
2021-05-17T04:00,26.7,0.0,0.0,0.0
2021-05-17T05:00,25.5,0.0,0.0,0.0
2021-05-17T06:00,24.5,0.0,0.0,0.0
2021-05-17T07:00,23.3,0.0,0.0,0.0
2021-05-17T08:00,22.8,0.0,0.0,0.0
2021-05-17T09:00,22.4,0.0,0.0,0.0
2021-05-17T10:00,21.3,0.0,0.0,0.0
2021-05-17T11:00,20.2,0.0,0.0,0.0
2021-05-17T12:00,18.7,0.0,0.0,0.0
2021-05-17T13:00,19.4,43.0,8.0,11.0
2021-05-17T14:00,21.3,336.5,58.0,126.0
2021-05-17T15:00,23.0,529.0,104.0,318.0
2021-05-17T16:00,24.4,670.7,126.0,523.0
2021-05-17T17:00,25.9,785.1,131.0,721.0
2021-05-17T18:00,27.4,863.2,129.0,882.0
2021-05-17T19:00,28.6,877.2,136.0,966.0
2021-05-17T20:00,29.7,889.3,135.0,996.0
2021-05-17T21:00,30.5,810.3,166.0,925.0
2021-05-17T22:00,30.9,808.0,145.0,835.0
2021-05-17T23:00,30.9,769.1,134.0,692.0
2021-05-18T00:00,30.4,731.8,105.0,515.0
2021-05-18T01:00,30.3,620.0,80.0,309.0
2021-05-18T02:00,29.5,379.7,46.0,109.0
2021-05-18T03:00,28.6,19.1,3.0,4.0
2021-05-18T04:00,27.8,0.0,0.0,0.0
2021-05-18T05:00,27.1,0.0,0.0,0.0
2021-05-18T06:00,26.4,0.0,0.0,0.0
2021-05-18T07:00,25.7,0.0,0.0,0.0
2021-05-18T08:00,25.1,0.0,0.0,0.0
2021-05-18T09:00,24.0,0.0,0.0,0.0
2021-05-18T10:00,22.6,0.0,0.0,0.0
2021-05-18T11:00,21.6,0.0,0.0,0.0
2021-05-18T12:00,20.4,0.0,0.0,0.0
2021-05-18T13:00,20.7,56.6,8.0,12.0
2021-05-18T14:00,22.3,411.9,55.0,139.0
2021-05-18T15:00,24.7,623.0,87.0,340.0
2021-05-18T16:00,26.3,729.9,111.0,544.0
2021-05-18T17:00,28.1,766.7,139.0,716.0
2021-05-18T18:00,30.2,832.5,138.0,865.0
2021-05-18T19:00,32.1,880.5,130.0,964.0
2021-05-18T20:00,33.3,856.5,143.0,973.0
2021-05-18T21:00,34.0,845.7,145.0,938.0
2021-05-18T22:00,34.2,726.3,182.0,803.0
2021-05-18T23:00,34.1,755.3,131.0,680.0
2021-05-19T00:00,33.7,639.0,120.0,479.0
2021-05-19T01:00,33.3,468.7,101.0,275.0
2021-05-19T02:00,32.8,279.6,45.0,92.0
2021-05-19T03:00,31.8,18.9,3.0,4.0
2021-05-19T04:00,30.9,0.0,0.0,0.0
2021-05-19T05:00,30.1,0.0,0.0,0.0
2021-05-19T06:00,29.0,0.0,0.0,0.0
2021-05-19T07:00,27.2,0.0,0.0,0.0
2021-05-19T08:00,26.0,0.0,0.0,0.0
2021-05-19T09:00,24.7,0.0,0.0,0.0
2021-05-19T10:00,23.1,0.0,0.0,0.0
2021-05-19T11:00,22.4,0.0,0.0,0.0
2021-05-19T12:00,24.0,0.0,0.0,0.0
2021-05-19T13:00,22.5,55.9,8.0,12.0
2021-05-19T14:00,24.6,427.8,54.0,142.0
2021-05-19T15:00,27.3,640.3,84.0,345.0
2021-05-19T16:00,29.5,756.9,102.0,552.0
2021-05-19T17:00,31.1,825.3,114.0,736.0
2021-05-19T18:00,32.8,864.8,123.0,879.0
2021-05-19T19:00,34.7,887.1,127.0,968.0
2021-05-19T20:00,36.1,893.8,129.0,996.0
2021-05-19T21:00,37.1,883.2,129.0,958.0
2021-05-19T22:00,37.6,864.3,122.0,862.0
2021-05-19T23:00,37.7,821.2,113.0,711.0
2021-05-20T00:00,36.9,747.2,100.0,521.0
2021-05-20T01:00,36.1,619.1,79.0,310.0
2021-05-20T02:00,34.6,393.6,46.0,113.0
2021-05-20T03:00,33.1,18.5,4.0,5.0
2021-05-20T04:00,32.0,0.0,0.0,0.0
2021-05-20T05:00,30.8,0.0,0.0,0.0
2021-05-20T06:00,29.5,0.0,0.0,0.0
2021-05-20T07:00,28.2,0.0,0.0,0.0
2021-05-20T08:00,27.1,0.0,0.0,0.0
2021-05-20T09:00,25.3,0.0,0.0,0.0
2021-05-20T10:00,24.0,0.0,0.0,0.0
2021-05-20T11:00,23.2,0.0,0.0,0.0
2021-05-20T12:00,22.9,0.0,0.0,0.0
2021-05-20T13:00,22.7,69.0,8.0,13.0
2021-05-20T14:00,24.6,453.3,54.0,148.0
2021-05-20T15:00,27.2,660.1,85.0,355.0
2021-05-20T16:00,29.2,777.2,102.0,565.0
2021-05-20T17:00,31.3,841.4,115.0,750.0
2021-05-20T18:00,32.4,878.7,124.0,893.0
2021-05-20T19:00,33.5,899.0,129.0,982.0
2021-05-20T20:00,34.9,905.4,131.0,1010.0
2021-05-20T21:00,36.5,894.0,128.0,968.0
2021-05-20T22:00,36.9,865.5,124.0,866.0
2021-05-20T23:00,36.6,738.8,157.0,696.0
2021-05-21T00:00,35.2,127.4,239.0,311.0
2021-05-21T01:00,34.3,88.0,157.0,190.0
2021-05-21T02:00,33.4,0.0,44.0,44.0
2021-05-21T03:00,32.7,0.0,1.0,1.0
2021-05-21T04:00,31.5,0.0,0.0,0.0
2021-05-21T05:00,30.2,0.0,0.0,0.0
2021-05-21T06:00,28.5,0.0,0.0,0.0
2021-05-21T07:00,27.6,0.0,0.0,0.0
2021-05-21T08:00,26.6,0.0,0.0,0.0
2021-05-21T09:00,25.8,0.0,0.0,0.0
2021-05-21T10:00,24.2,0.0,0.0,0.0
2021-05-21T11:00,22.5,0.0,0.0,0.0
2021-05-21T12:00,23.3,0.0,0.0,0.0
2021-05-21T13:00,21.9,13.7,4.0,5.0
2021-05-21T14:00,21.9,148.3,56.0,87.0
2021-05-21T15:00,23.0,226.6,123.0,216.0
2021-05-21T16:00,24.7,534.5,133.0,452.0
2021-05-21T17:00,26.6,768.9,145.0,726.0
2021-05-21T18:00,27.2,897.3,125.0,911.0
2021-05-21T19:00,27.8,921.4,130.0,1005.0
2021-05-21T20:00,28.8,928.3,132.0,1034.0
2021-05-21T21:00,29.3,921.8,129.0,996.0
2021-05-21T22:00,29.3,899.4,123.0,895.0
2021-05-21T23:00,29.0,859.3,113.0,741.0
2021-05-22T00:00,28.3,792.5,100.0,549.0
2021-05-22T01:00,27.2,663.6,81.0,331.0
2021-05-22T02:00,25.7,430.1,48.0,123.0
2021-05-22T03:00,24.1,35.6,4.0,6.0
2021-05-22T04:00,23.3,0.0,0.0,0.0
2021-05-22T05:00,22.8,0.0,0.0,0.0
2021-05-22T06:00,21.9,0.0,0.0,0.0
2021-05-22T07:00,20.3,0.0,0.0,0.0
2021-05-22T08:00,19.2,0.0,0.0,0.0
2021-05-22T09:00,18.4,0.0,0.0,0.0
2021-05-22T10:00,18.1,0.0,0.0,0.0
2021-05-22T11:00,17.7,0.0,0.0,0.0
2021-05-22T12:00,15.8,0.0,0.0,0.0
2021-05-22T13:00,16.3,67.5,9.0,14.0
2021-05-22T14:00,17.9,465.6,55.0,153.0
2021-05-22T15:00,20.0,675.4,85.0,363.0
2021-05-22T16:00,21.8,787.8,104.0,575.0
2021-05-22T17:00,23.4,852.6,116.0,761.0
2021-05-22T18:00,24.8,888.5,125.0,904.0
2021-05-22T19:00,26.0,910.2,130.0,995.0
2021-05-22T20:00,26.9,916.3,131.0,1022.0
2021-05-22T21:00,27.2,909.3,129.0,985.0
2021-05-22T22:00,27.1,899.4,123.0,896.0
2021-05-22T23:00,26.7,870.1,115.0,752.0
2021-05-23T00:00,26.0,809.8,101.0,561.0
2021-05-23T01:00,25.4,684.2,82.0,341.0
2021-05-23T02:00,24.4,442.1,49.0,127.0
2021-05-23T03:00,23.2,34.9,4.0,6.0
2021-05-23T04:00,22.2,0.0,0.0,0.0
2021-05-23T05:00,20.9,0.0,0.0,0.0
2021-05-23T06:00,19.3,0.0,0.0,0.0
2021-05-23T07:00,17.9,0.0,0.0,0.0
2021-05-23T08:00,16.6,0.0,0.0,0.0
2021-05-23T09:00,15.9,0.0,0.0,0.0
2021-05-23T10:00,14.9,0.0,0.0,0.0
2021-05-23T11:00,15.0,0.0,0.0,0.0
2021-05-23T12:00,15.9,0.0,0.0,0.0
2021-05-23T13:00,14.1,80.2,10.0,16.0
2021-05-23T14:00,16.4,495.5,56.0,161.0
2021-05-23T15:00,19.7,704.9,86.0,377.0
2021-05-23T16:00,22.7,821.6,103.0,595.0
2021-05-23T17:00,24.5,886.0,117.0,788.0
2021-05-23T18:00,25.8,925.4,124.0,936.0
2021-05-23T19:00,27.1,945.2,130.0,1029.0
2021-05-23T20:00,28.2,951.5,130.0,1056.0
2021-05-23T21:00,29.3,943.5,129.0,1018.0
2021-05-23T22:00,30.1,921.6,124.0,917.0
2021-05-23T23:00,30.4,882.3,114.0,761.0
2021-05-24T00:00,29.7,811.2,101.0,563.0
2021-05-24T01:00,29.5,681.1,82.0,341.0
2021-05-24T02:00,28.6,448.3,49.0,129.0
2021-05-24T03:00,27.0,34.3,5.0,7.0
2021-05-24T04:00,25.6,0.0,0.0,0.0
2021-05-24T05:00,24.4,0.0,0.0,0.0
2021-05-24T06:00,23.4,0.0,0.0,0.0
2021-05-24T07:00,22.0,0.0,0.0,0.0
2021-05-24T08:00,20.7,0.0,0.0,0.0
2021-05-24T09:00,19.4,0.0,0.0,0.0
2021-05-24T10:00,20.7,0.0,0.0,0.0
2021-05-24T11:00,20.3,0.0,0.0,0.0
2021-05-24T12:00,16.9,0.0,0.0,0.0
2021-05-24T13:00,16.9,79.5,10.0,16.0
2021-05-24T14:00,19.5,483.0,57.0,160.0
2021-05-24T15:00,22.5,695.8,86.0,374.0
2021-05-24T16:00,25.9,812.0,103.0,590.0
2021-05-24T17:00,28.3,877.2,116.0,781.0
2021-05-24T18:00,29.9,916.7,123.0,928.0
2021-05-24T19:00,31.0,937.2,129.0,1021.0
2021-05-24T20:00,32.0,942.6,131.0,1049.0
2021-05-24T21:00,32.8,935.2,129.0,1011.0
2021-05-24T22:00,33.5,913.6,123.0,910.0
2021-05-24T23:00,33.9,871.3,114.0,754.0
2021-05-25T00:00,33.0,800.4,101.0,558.0
2021-05-25T01:00,33.0,670.2,82.0,338.0
2021-05-25T02:00,32.1,437.9,49.0,128.0
2021-05-25T03:00,30.5,33.7,5.0,7.0
2021-05-25T04:00,29.3,0.0,0.0,0.0
2021-05-25T05:00,27.7,0.0,0.0,0.0
2021-05-25T06:00,26.4,0.0,0.0,0.0
2021-05-25T07:00,25.4,0.0,0.0,0.0
2021-05-25T08:00,24.6,0.0,0.0,0.0
2021-05-25T09:00,25.8,0.0,0.0,0.0
2021-05-25T10:00,21.1,0.0,0.0,0.0
2021-05-25T11:00,19.2,0.0,0.0,0.0
2021-05-25T12:00,18.3,0.0,0.0,0.0
2021-05-25T13:00,18.5,78.8,10.0,16.0
2021-05-25T14:00,21.0,442.8,61.0,156.0
2021-05-25T15:00,24.9,686.8,85.0,370.0
2021-05-25T16:00,28.4,800.9,103.0,584.0
2021-05-25T17:00,30.7,860.6,118.0,771.0
2021-05-25T18:00,32.8,847.8,160.0,905.0
2021-05-25T19:00,34.3,828.5,192.0,981.0
2021-05-25T20:00,35.2,766.5,243.0,990.0
2021-05-25T21:00,35.9,692.9,277.0,931.0
2021-05-25T22:00,36.1,444.1,362.0,745.0
2021-05-25T23:00,36.0,259.6,344.0,535.0
2021-05-26T00:00,34.9,421.0,210.0,451.0
2021-05-26T01:00,34.7,664.7,82.0,337.0
2021-05-26T02:00,33.7,427.9,50.0,128.0
2021-05-26T03:00,31.2,33.2,5.0,7.0
2021-05-26T04:00,30.3,0.0,0.0,0.0
2021-05-26T05:00,30.9,0.0,0.0,0.0
2021-05-26T06:00,28.3,0.0,0.0,0.0
2021-05-26T07:00,26.8,0.0,0.0,0.0
2021-05-26T08:00,25.8,0.0,0.0,0.0
2021-05-26T09:00,25.1,0.0,0.0,0.0
2021-05-26T10:00,24.0,0.0,0.0,0.0
2021-05-26T11:00,22.7,0.0,0.0,0.0
2021-05-26T12:00,22.0,0.0,0.0,0.0
2021-05-26T13:00,21.5,65.2,11.0,16.0
2021-05-26T14:00,23.7,407.9,64.0,152.0
2021-05-26T15:00,26.9,646.7,92.0,361.0
2021-05-26T16:00,29.7,615.2,167.0,537.0
2021-05-26T17:00,31.6,804.5,140.0,751.0
2021-05-26T18:00,32.9,819.9,165.0,886.0
2021-05-26T19:00,34.2,820.6,190.0,972.0
2021-05-26T20:00,35.0,656.3,286.0,926.0
2021-05-26T21:00,35.3,463.7,377.0,815.0
2021-05-26T22:00,35.4,382.2,350.0,680.0
2021-05-26T23:00,35.4,331.2,320.0,564.0
2021-05-27T00:00,34.2,484.5,194.0,472.0
2021-05-27T01:00,34.0,303.7,154.0,271.0
2021-05-27T02:00,33.6,298.6,60.0,115.0
2021-05-27T03:00,32.3,16.3,6.0,7.0
2021-05-27T04:00,31.6,0.0,0.0,0.0
2021-05-27T05:00,29.0,0.0,0.0,0.0
2021-05-27T06:00,27.9,0.0,0.0,0.0
2021-05-27T07:00,25.7,0.0,0.0,0.0
2021-05-27T08:00,24.6,0.0,0.0,0.0
2021-05-27T09:00,23.0,0.0,0.0,0.0
2021-05-27T10:00,21.4,0.0,0.0,0.0
2021-05-27T11:00,21.3,0.0,0.0,0.0
2021-05-27T12:00,21.6,0.0,0.0,0.0
2021-05-27T13:00,21.4,77.6,10.0,16.0
2021-05-27T14:00,23.1,465.8,55.0,156.0
2021-05-27T15:00,25.4,671.8,84.0,364.0
2021-05-27T16:00,27.9,785.6,102.0,575.0
2021-05-27T17:00,30.0,851.3,114.0,761.0
2021-05-27T18:00,32.1,889.9,123.0,906.0
2021-05-27T19:00,33.9,910.4,128.0,996.0
2021-05-27T20:00,35.1,918.2,129.0,1025.0
2021-05-27T21:00,36.0,912.9,127.0,990.0
2021-05-27T22:00,36.6,893.3,122.0,894.0
2021-05-27T23:00,36.9,853.7,113.0,743.0
2021-05-28T00:00,35.9,785.9,101.0,553.0
2021-05-28T01:00,35.8,659.2,81.0,336.0
2021-05-28T02:00,35.0,435.5,50.0,131.0
2021-05-28T03:00,33.2,48.3,5.0,8.0
2021-05-28T04:00,31.9,0.0,0.0,0.0
2021-05-28T05:00,30.8,0.0,0.0,0.0
2021-05-28T06:00,29.7,0.0,0.0,0.0
2021-05-28T07:00,28.2,0.0,0.0,0.0
2021-05-28T08:00,26.9,0.0,0.0,0.0
2021-05-28T09:00,25.4,0.0,0.0,0.0
2021-05-28T10:00,23.9,0.0,0.0,0.0
2021-05-28T11:00,25.5,0.0,0.0,0.0
2021-05-28T12:00,24.4,0.0,0.0,0.0
2021-05-28T13:00,22.7,89.9,10.0,17.0
2021-05-28T14:00,23.8,477.4,56.0,160.0
2021-05-28T15:00,27.2,682.4,85.0,370.0
2021-05-28T16:00,29.5,796.4,102.0,582.0
2021-05-28T17:00,31.6,861.2,114.0,769.0
2021-05-28T18:00,33.7,899.6,123.0,915.0
2021-05-28T19:00,35.3,920.4,127.0,1005.0
2021-05-28T20:00,36.5,925.9,129.0,1033.0
2021-05-28T21:00,37.3,918.6,127.0,996.0
2021-05-28T22:00,37.7,895.9,122.0,897.0
2021-05-28T23:00,37.9,855.2,113.0,745.0
2021-05-29T00:00,36.8,785.9,100.0,553.0
2021-05-29T01:00,36.5,659.1,82.0,338.0
2021-05-29T02:00,35.6,442.0,50.0,133.0
2021-05-29T03:00,33.8,31.7,7.0,9.0
2021-05-29T04:00,32.3,0.0,0.0,0.0
2021-05-29T05:00,31.4,0.0,0.0,0.0
2021-05-29T06:00,30.6,0.0,0.0,0.0
2021-05-29T07:00,28.8,0.0,0.0,0.0
2021-05-29T08:00,27.7,0.0,0.0,0.0
2021-05-29T09:00,26.2,0.0,0.0,0.0
2021-05-29T10:00,24.9,0.0,0.0,0.0
2021-05-29T11:00,23.1,0.0,0.0,0.0
2021-05-29T12:00,22.0,0.0,0.0,0.0
2021-05-29T13:00,22.5,89.4,11.0,18.0
2021-05-29T14:00,24.9,475.4,57.0,161.0
2021-05-29T15:00,28.0,681.3,85.0,370.0
2021-05-29T16:00,30.7,792.3,102.0,580.0
2021-05-29T17:00,32.6,856.7,114.0,766.0
2021-05-29T18:00,34.5,893.5,123.0,910.0
2021-05-29T19:00,36.1,912.6,128.0,999.0
2021-05-29T20:00,37.3,918.2,129.0,1026.0
2021-05-29T21:00,38.0,913.7,127.0,992.0
2021-05-29T22:00,38.5,894.9,122.0,897.0
2021-05-29T23:00,38.4,859.3,113.0,749.0
2021-05-30T00:00,37.5,794.4,101.0,560.0
2021-05-30T01:00,36.2,661.6,82.0,340.0
2021-05-30T02:00,34.7,437.9,50.0,133.0
2021-05-30T03:00,33.0,46.9,6.0,9.0
2021-05-30T04:00,31.7,0.0,0.0,0.0
2021-05-30T05:00,30.6,0.0,0.0,0.0
2021-05-30T06:00,29.3,0.0,0.0,0.0
2021-05-30T07:00,27.4,0.0,0.0,0.0
2021-05-30T08:00,25.7,0.0,0.0,0.0
2021-05-30T09:00,24.8,0.0,0.0,0.0
2021-05-30T10:00,23.4,0.0,0.0,0.0
2021-05-30T11:00,22.8,0.0,0.0,0.0
2021-05-30T12:00,22.9,0.0,0.0,0.0
2021-05-30T13:00,22.3,88.9,11.0,18.0
2021-05-30T14:00,24.4,473.6,57.0,161.0
2021-05-30T15:00,26.9,680.2,85.0,370.0
2021-05-30T16:00,29.4,793.3,102.0,581.0
2021-05-30T17:00,31.6,857.6,115.0,768.0
2021-05-30T18:00,33.5,894.3,123.0,911.0
2021-05-30T19:00,35.0,913.2,127.0,999.0
2021-05-30T20:00,36.0,917.7,129.0,1026.0
2021-05-30T21:00,36.8,907.7,127.0,987.0
2021-05-30T22:00,37.3,882.5,121.0,886.0
2021-05-30T23:00,37.6,843.2,112.0,737.0
2021-05-31T00:00,36.6,775.4,100.0,549.0
2021-05-31T01:00,36.3,648.8,81.0,335.0
2021-05-31T02:00,35.5,433.9,50.0,133.0
2021-05-31T03:00,33.9,46.3,6.0,9.0
2021-05-31T04:00,32.6,0.0,0.0,0.0
2021-05-31T05:00,31.5,0.0,0.0,0.0
2021-05-31T06:00,29.5,0.0,0.0,0.0
2021-05-31T07:00,27.9,0.0,0.0,0.0
2021-05-31T08:00,26.6,0.0,0.0,0.0
2021-05-31T09:00,25.0,0.0,0.0,0.0
2021-05-31T10:00,23.8,0.0,0.0,0.0
2021-05-31T11:00,22.8,0.0,0.0,0.0
2021-05-31T12:00,22.8,0.0,0.0,0.0
2021-05-31T13:00,23.5,88.4,10.0,17.0
2021-05-31T14:00,25.4,449.4,56.0,155.0
2021-05-31T15:00,27.5,655.5,84.0,359.0
2021-05-31T16:00,29.5,761.3,103.0,563.0
2021-05-31T17:00,31.4,829.6,114.0,746.0
2021-05-31T18:00,33.1,866.7,123.0,887.0
2021-05-31T19:00,34.9,887.7,127.0,975.0
2021-05-31T20:00,36.2,890.7,131.0,1002.0
2021-05-31T21:00,37.2,888.1,126.0,968.0
2021-05-31T22:00,37.8,865.5,122.0,873.0
2021-05-31T23:00,37.8,823.1,114.0,725.0
2021-06-01T00:00,37.4,747.8,104.0,538.0
2021-06-01T01:00,36.9,630.9,83.0,331.0
2021-06-01T02:00,36.1,414.4,52.0,132.0
2021-06-01T03:00,34.6,45.6,7.0,10.0
2021-06-01T04:00,33.3,0.0,0.0,0.0
2021-06-01T05:00,32.4,0.0,0.0,0.0
2021-06-01T06:00,30.2,0.0,0.0,0.0
2021-06-01T07:00,29.1,0.0,0.0,0.0
2021-06-01T08:00,27.9,0.0,0.0,0.0
2021-06-01T09:00,26.8,0.0,0.0,0.0
2021-06-01T10:00,26.6,0.0,0.0,0.0
2021-06-01T11:00,24.0,0.0,0.0,0.0
2021-06-01T12:00,24.4,0.0,0.0,0.0
2021-06-01T13:00,24.6,75.5,11.0,17.0
2021-06-01T14:00,26.6,416.3,59.0,151.0
2021-06-01T15:00,29.0,623.8,90.0,352.0
2021-06-01T16:00,30.6,750.9,105.0,559.0
2021-06-01T17:00,32.5,820.1,116.0,741.0
2021-06-01T18:00,34.5,859.6,124.0,882.0
2021-06-01T19:00,36.2,882.2,128.0,971.0
2021-06-01T20:00,37.7,892.3,128.0,1001.0
2021-06-01T21:00,38.7,884.4,126.0,965.0
2021-06-01T22:00,39.2,855.5,124.0,867.0
2021-06-01T23:00,39.3,807.2,119.0,719.0
2021-06-02T00:00,38.6,728.9,108.0,532.0
2021-06-02T01:00,38.2,626.0,84.0,331.0
2021-06-02T02:00,37.6,415.9,51.0,132.0
2021-06-02T03:00,35.9,45.1,7.0,10.0
2021-06-02T04:00,34.9,0.0,0.0,0.0
2021-06-02T05:00,33.7,0.0,0.0,0.0
2021-06-02T06:00,32.6,0.0,0.0,0.0
2021-06-02T07:00,31.4,0.0,0.0,0.0
2021-06-02T08:00,30.5,0.0,0.0,0.0
2021-06-02T09:00,29.2,0.0,0.0,0.0
2021-06-02T10:00,28.2,0.0,0.0,0.0
2021-06-02T11:00,27.1,0.0,0.0,0.0
2021-06-02T12:00,25.5,0.0,0.0,0.0
2021-06-02T13:00,25.5,62.7,12.0,17.0
2021-06-02T14:00,27.6,388.2,65.0,151.0
2021-06-02T15:00,30.9,625.5,92.0,355.0
2021-06-02T16:00,32.9,740.6,112.0,560.0
2021-06-02T17:00,34.3,808.0,127.0,743.0
2021-06-02T18:00,36.1,850.3,134.0,884.0
2021-06-02T19:00,37.9,819.1,176.0,959.0
2021-06-02T20:00,39.1,778.5,211.0,973.0
2021-06-02T21:00,39.9,745.8,227.0,935.0
2021-06-02T22:00,40.5,875.4,122.0,883.0
2021-06-02T23:00,40.4,815.4,121.0,728.0
2021-06-03T00:00,39.7,679.3,129.0,525.0
2021-06-03T01:00,39.2,540.3,104.0,318.0
2021-06-03T02:00,38.3,290.1,66.0,123.0
2021-06-03T03:00,36.6,44.5,7.0,10.0
2021-06-03T04:00,35.3,0.0,0.0,0.0
2021-06-03T05:00,34.6,0.0,0.0,0.0
2021-06-03T06:00,32.8,0.0,0.0,0.0
2021-06-03T07:00,31.3,0.0,0.0,0.0
2021-06-03T08:00,30.5,0.0,0.0,0.0
2021-06-03T09:00,29.8,0.0,0.0,0.0
2021-06-03T10:00,28.7,0.0,0.0,0.0
2021-06-03T11:00,27.1,0.0,0.0,0.0
2021-06-03T12:00,27.1,0.0,0.0,0.0
2021-06-03T13:00,27.6,50.0,11.0,15.0
2021-06-03T14:00,29.3,387.3,63.0,149.0
2021-06-03T15:00,30.9,553.7,105.0,338.0
2021-06-03T16:00,32.5,705.6,121.0,548.0
2021-06-03T17:00,34.1,784.2,134.0,732.0
2021-06-03T18:00,36.0,845.6,133.0,879.0
2021-06-03T19:00,37.9,879.5,131.0,972.0
2021-06-03T20:00,39.3,890.5,129.0,1001.0
2021-06-03T21:00,40.1,882.2,129.0,967.0
2021-06-03T22:00,40.5,860.8,122.0,871.0
2021-06-03T23:00,40.6,814.3,116.0,723.0
2021-06-04T00:00,40.3,744.6,102.0,537.0
2021-06-04T01:00,39.8,596.1,90.0,327.0
2021-06-04T02:00,38.9,333.1,61.0,127.0
2021-06-04T03:00,37.0,43.9,7.0,10.0
2021-06-04T04:00,35.4,0.0,0.0,0.0
2021-06-04T05:00,34.0,0.0,0.0,0.0
2021-06-04T06:00,32.4,0.0,0.0,0.0
2021-06-04T07:00,30.8,0.0,0.0,0.0
2021-06-04T08:00,29.2,0.0,0.0,0.0
2021-06-04T09:00,27.5,0.0,0.0,0.0
2021-06-04T10:00,26.5,0.0,0.0,0.0
2021-06-04T11:00,26.5,0.0,0.0,0.0
2021-06-04T12:00,26.0,0.0,0.0,0.0
2021-06-04T13:00,26.9,74.7,11.0,17.0
2021-06-04T14:00,28.2,400.1,62.0,151.0
2021-06-04T15:00,31.1,619.9,93.0,354.0
2021-06-04T16:00,33.2,722.0,118.0,555.0
2021-06-04T17:00,34.8,723.8,163.0,715.0
2021-06-04T18:00,36.3,770.6,184.0,864.0
2021-06-04T19:00,38.0,792.5,193.0,951.0
2021-06-04T20:00,39.5,697.2,256.0,939.0
2021-06-04T21:00,40.6,651.3,266.0,885.0
2021-06-04T22:00,41.4,869.2,123.0,880.0
2021-06-04T23:00,41.4,830.6,112.0,732.0
2021-06-05T00:00,41.0,729.3,109.0,536.0
2021-06-05T01:00,40.3,589.0,94.0,329.0
2021-06-05T02:00,39.0,385.4,57.0,134.0
2021-06-05T03:00,36.9,57.9,7.0,11.0
2021-06-05T04:00,35.5,0.0,0.0,0.0
2021-06-05T05:00,34.4,0.0,0.0,0.0
2021-06-05T06:00,33.2,0.0,0.0,0.0
2021-06-05T07:00,31.6,0.0,0.0,0.0
2021-06-05T08:00,29.6,0.0,0.0,0.0
2021-06-05T09:00,30.5,0.0,0.0,0.0
2021-06-05T10:00,27.6,0.0,0.0,0.0
2021-06-05T11:00,26.9,0.0,0.0,0.0
2021-06-05T12:00,26.1,0.0,0.0,0.0
2021-06-05T13:00,26.4,87.0,11.0,18.0
2021-06-05T14:00,27.9,417.4,61.0,154.0
2021-06-05T15:00,30.6,655.2,85.0,361.0
2021-06-05T16:00,33.4,740.0,110.0,558.0
2021-06-05T17:00,35.2,671.2,179.0,691.0
2021-06-05T18:00,37.1,843.0,137.0,881.0
2021-06-05T19:00,38.9,885.4,128.0,975.0
2021-06-05T20:00,40.5,891.8,130.0,1004.0
2021-06-05T21:00,41.4,888.5,126.0,971.0
2021-06-05T22:00,41.7,865.0,122.0,876.0
2021-06-05T23:00,41.6,824.2,114.0,730.0
2021-06-06T00:00,40.2,756.8,101.0,545.0
2021-06-06T01:00,39.3,641.8,81.0,338.0
2021-06-06T02:00,37.9,427.1,51.0,137.0
2021-06-06T03:00,36.1,57.2,8.0,12.0
2021-06-06T04:00,34.7,0.0,0.0,0.0
2021-06-06T05:00,33.3,0.0,0.0,0.0
2021-06-06T06:00,31.7,0.0,0.0,0.0
2021-06-06T07:00,29.8,0.0,0.0,0.0
2021-06-06T08:00,28.0,0.0,0.0,0.0
2021-06-06T09:00,26.4,0.0,0.0,0.0
2021-06-06T10:00,25.7,0.0,0.0,0.0
2021-06-06T11:00,25.2,0.0,0.0,0.0
2021-06-06T12:00,25.9,0.0,0.0,0.0
2021-06-06T13:00,24.8,99.2,11.0,19.0
2021-06-06T14:00,27.2,457.3,57.0,159.0
2021-06-06T15:00,29.7,659.7,83.0,361.0
2021-06-06T16:00,31.7,771.3,102.0,569.0
2021-06-06T17:00,33.7,835.1,114.0,751.0
2021-06-06T18:00,35.6,876.9,122.0,896.0
2021-06-06T19:00,36.8,897.7,127.0,986.0
2021-06-06T20:00,38.5,907.8,128.0,1018.0
2021-06-06T21:00,39.4,909.0,126.0,991.0
2021-06-06T22:00,39.8,890.6,121.0,898.0
2021-06-06T23:00,39.9,853.8,112.0,751.0
2021-06-07T00:00,39.3,787.6,100.0,563.0
2021-06-07T01:00,38.4,669.5,81.0,350.0
2021-06-07T02:00,36.8,453.4,53.0,145.0
2021-06-07T03:00,34.7,70.7,8.0,13.0
2021-06-07T04:00,32.9,0.0,0.0,0.0
2021-06-07T05:00,31.3,0.0,0.0,0.0
2021-06-07T06:00,29.5,0.0,0.0,0.0
2021-06-07T07:00,27.7,0.0,0.0,0.0
2021-06-07T08:00,25.9,0.0,0.0,0.0
2021-06-07T09:00,24.2,0.0,0.0,0.0
2021-06-07T10:00,23.2,0.0,0.0,0.0
2021-06-07T11:00,21.7,0.0,0.0,0.0
2021-06-07T12:00,21.9,0.0,0.0,0.0
2021-06-07T13:00,23.1,99.1,12.0,20.0
2021-06-07T14:00,25.2,465.9,60.0,164.0
2021-06-07T15:00,27.7,683.4,86.0,374.0
2021-06-07T16:00,30.4,807.6,98.0,587.0
2021-06-07T17:00,32.4,566.3,254.0,686.0
2021-06-07T18:00,34.2,463.3,354.0,763.0
2021-06-07T19:00,35.7,595.6,321.0,891.0
2021-06-07T20:00,36.5,630.2,319.0,937.0
2021-06-07T21:00,37.8,727.9,246.0,939.0
2021-06-07T22:00,38.9,892.2,119.0,898.0
2021-06-07T23:00,38.9,842.1,116.0,747.0
2021-06-08T00:00,38.5,786.0,98.0,561.0
2021-06-08T01:00,38.1,230.7,169.0,262.0
2021-06-08T02:00,36.8,122.3,80.0,105.0
2021-06-08T03:00,34.4,42.0,10.0,13.0
2021-06-08T04:00,32.9,0.0,0.0,0.0
2021-06-08T05:00,31.4,0.0,0.0,0.0
2021-06-08T06:00,29.0,0.0,0.0,0.0
2021-06-08T07:00,26.6,0.0,0.0,0.0
2021-06-08T08:00,25.3,0.0,0.0,0.0
2021-06-08T09:00,23.9,0.0,0.0,0.0
2021-06-08T10:00,22.8,0.0,0.0,0.0
2021-06-08T11:00,21.7,0.0,0.0,0.0
2021-06-08T12:00,22.7,0.0,0.0,0.0
2021-06-08T13:00,23.0,99.0,12.0,20.0
2021-06-08T14:00,24.7,488.0,57.0,166.0
2021-06-08T15:00,27.1,688.1,84.0,374.0
2021-06-08T16:00,28.8,797.8,102.0,585.0
2021-06-08T17:00,30.6,861.3,114.0,771.0
2021-06-08T18:00,32.1,898.4,122.0,915.0
2021-06-08T19:00,33.3,917.3,127.0,1005.0
2021-06-08T20:00,34.4,908.3,139.0,1030.0
2021-06-08T21:00,35.4,912.3,127.0,996.0
2021-06-08T22:00,36.2,893.7,121.0,902.0
2021-06-08T23:00,36.4,847.7,115.0,751.0
2021-06-09T00:00,35.5,754.0,114.0,559.0
2021-06-09T01:00,35.4,660.1,85.0,352.0
2021-06-09T02:00,34.8,456.6,53.0,147.0
2021-06-09T03:00,33.1,69.3,9.0,14.0
2021-06-09T04:00,31.8,0.0,0.0,0.0
2021-06-09T05:00,30.5,0.0,0.0,0.0
2021-06-09T06:00,29.4,0.0,0.0,0.0
2021-06-09T07:00,28.6,0.0,0.0,0.0
2021-06-09T08:00,27.8,0.0,0.0,0.0
2021-06-09T09:00,26.7,0.0,0.0,0.0
2021-06-09T10:00,25.2,0.0,0.0,0.0
2021-06-09T11:00,24.1,0.0,0.0,0.0
2021-06-09T12:00,24.0,0.0,0.0,0.0
2021-06-09T13:00,23.8,86.6,12.0,19.0
2021-06-09T14:00,26.1,420.7,62.0,156.0
2021-06-09T15:00,29.0,650.2,89.0,363.0
2021-06-09T16:00,30.8,773.1,105.0,573.0
2021-06-09T17:00,32.7,819.5,127.0,752.0
2021-06-09T18:00,34.4,816.8,163.0,884.0
2021-06-09T19:00,36.0,852.4,161.0,977.0
2021-06-09T20:00,37.3,842.8,176.0,1003.0
2021-06-09T21:00,38.1,842.6,170.0,973.0
2021-06-09T22:00,38.6,825.6,157.0,879.0
2021-06-09T23:00,38.8,720.2,175.0,716.0
2021-06-10T00:00,37.9,717.1,124.0,548.0
2021-06-10T01:00,37.8,584.1,102.0,339.0
2021-06-10T02:00,37.0,308.8,69.0,133.0
2021-06-10T03:00,35.1,41.1,10.0,13.0
2021-06-10T04:00,33.3,0.0,0.0,0.0
2021-06-10T05:00,31.8,0.0,0.0,0.0
2021-06-10T06:00,31.7,0.0,0.0,0.0
2021-06-10T07:00,30.4,0.0,0.0,0.0
2021-06-10T08:00,29.5,0.0,0.0,0.0
2021-06-10T09:00,28.4,0.0,0.0,0.0
2021-06-10T10:00,26.9,0.0,0.0,0.0
2021-06-10T11:00,27.0,0.0,0.0,0.0
2021-06-10T12:00,25.4,0.0,0.0,0.0
2021-06-10T13:00,24.3,98.9,11.0,19.0
2021-06-10T14:00,26.4,447.6,59.0,159.0
2021-06-10T15:00,28.7,659.8,84.0,362.0
2021-06-10T16:00,30.8,761.7,105.0,566.0
2021-06-10T17:00,32.8,807.8,128.0,744.0
2021-06-10T18:00,34.4,870.1,122.0,890.0
2021-06-10T19:00,35.7,888.9,127.0,978.0
2021-06-10T20:00,36.9,893.6,130.0,1007.0
2021-06-10T21:00,37.7,888.4,127.0,974.0
2021-06-10T22:00,38.0,875.3,116.0,882.0
2021-06-10T23:00,37.8,692.8,184.0,705.0
2021-06-11T00:00,37.1,609.5,156.0,517.0
2021-06-11T01:00,36.7,611.9,92.0,341.0
2021-06-11T02:00,35.6,421.8,57.0,145.0
2021-06-11T03:00,34.1,68.0,9.0,14.0
2021-06-11T04:00,32.7,0.0,0.0,0.0
2021-06-11T05:00,31.3,0.0,0.0,0.0
2021-06-11T06:00,30.0,0.0,0.0,0.0
2021-06-11T07:00,29.0,0.0,0.0,0.0
2021-06-11T08:00,27.6,0.0,0.0,0.0
2021-06-11T09:00,25.8,0.0,0.0,0.0
2021-06-11T10:00,26.2,0.0,0.0,0.0
2021-06-11T11:00,25.8,0.0,0.0,0.0
2021-06-11T12:00,25.0,0.0,0.0,0.0
2021-06-11T13:00,24.0,111.3,11.0,20.0
2021-06-11T14:00,24.8,501.5,57.0,169.0
2021-06-11T15:00,27.4,702.8,85.0,381.0
2021-06-11T16:00,29.9,814.8,102.0,595.0
2021-06-11T17:00,32.1,877.5,114.0,783.0
2021-06-11T18:00,34.1,914.3,122.0,929.0
2021-06-11T19:00,36.0,933.8,127.0,1021.0
2021-06-11T20:00,37.5,940.2,128.0,1051.0
2021-06-11T21:00,38.8,934.1,126.0,1017.0
2021-06-11T22:00,39.6,914.6,121.0,922.0
2021-06-11T23:00,39.9,876.7,113.0,773.0
2021-06-12T00:00,39.2,810.7,101.0,582.0
2021-06-12T01:00,38.6,695.9,83.0,367.0
2021-06-12T02:00,37.5,485.9,55.0,157.0
2021-06-12T03:00,35.3,80.8,10.0,16.0
2021-06-12T04:00,33.6,0.0,0.0,0.0
2021-06-12T05:00,32.2,0.0,0.0,0.0
2021-06-12T06:00,30.6,0.0,0.0,0.0
2021-06-12T07:00,29.1,0.0,0.0,0.0
2021-06-12T08:00,27.5,0.0,0.0,0.0
2021-06-12T09:00,27.7,0.0,0.0,0.0
2021-06-12T10:00,29.0,0.0,0.0,0.0
2021-06-12T11:00,28.1,0.0,0.0,0.0
2021-06-12T12:00,24.2,0.0,0.0,0.0
2021-06-12T13:00,22.0,111.4,11.0,20.0
2021-06-12T14:00,24.6,497.3,57.0,168.0
2021-06-12T15:00,28.1,698.4,85.0,379.0
2021-06-12T16:00,31.8,810.1,101.0,591.0
2021-06-12T17:00,34.8,873.7,114.0,780.0
2021-06-12T18:00,37.2,909.9,122.0,925.0
2021-06-12T19:00,39.1,928.5,127.0,1016.0
2021-06-12T20:00,40.7,932.9,130.0,1046.0
2021-06-12T21:00,41.9,923.2,129.0,1010.0
2021-06-12T22:00,42.6,901.4,124.0,914.0
2021-06-12T23:00,43.1,865.2,113.0,765.0
2021-06-13T00:00,42.1,799.3,101.0,576.0
2021-06-13T01:00,41.7,681.8,84.0,363.0
2021-06-13T02:00,40.9,478.4,54.0,155.0
2021-06-13T03:00,38.1,80.2,10.0,16.0
2021-06-13T04:00,36.2,0.0,0.0,0.0
2021-06-13T05:00,34.4,0.0,0.0,0.0
2021-06-13T06:00,33.6,0.0,0.0,0.0
2021-06-13T07:00,32.5,0.0,0.0,0.0
2021-06-13T08:00,30.5,0.0,0.0,0.0
2021-06-13T09:00,29.2,0.0,0.0,0.0
2021-06-13T10:00,30.8,0.0,0.0,0.0
2021-06-13T11:00,30.2,0.0,0.0,0.0
2021-06-13T12:00,29.0,0.0,0.0,0.0
2021-06-13T13:00,25.5,99.1,11.0,19.0
2021-06-13T14:00,27.9,479.8,56.0,163.0
2021-06-13T15:00,31.1,677.4,83.0,368.0
2021-06-13T16:00,34.4,785.7,101.0,576.0
2021-06-13T17:00,37.3,850.4,114.0,762.0
2021-06-13T18:00,40.2,886.2,122.0,904.0
2021-06-13T19:00,42.2,901.4,130.0,993.0
2021-06-13T20:00,43.8,909.3,129.0,1022.0
2021-06-13T21:00,44.9,901.9,128.0,989.0
2021-06-13T22:00,45.1,880.3,123.0,895.0
2021-06-13T23:00,44.9,841.8,114.0,749.0
2021-06-14T00:00,44.2,777.9,100.0,563.0
2021-06-14T01:00,43.5,624.0,88.0,344.0
2021-06-14T02:00,42.3,447.5,54.0,149.0
2021-06-14T03:00,39.8,79.6,9.0,15.0
2021-06-14T04:00,38.3,0.0,0.0,0.0
2021-06-14T05:00,36.9,0.0,0.0,0.0
2021-06-14T06:00,35.7,0.0,0.0,0.0
2021-06-14T07:00,34.4,0.0,0.0,0.0
2021-06-14T08:00,32.9,0.0,0.0,0.0
2021-06-14T09:00,32.3,0.0,0.0,0.0
2021-06-14T10:00,30.0,0.0,0.0,0.0
2021-06-14T11:00,29.8,0.0,0.0,0.0
2021-06-14T12:00,27.8,0.0,0.0,0.0
2021-06-14T13:00,27.9,99.3,11.0,19.0
2021-06-14T14:00,30.1,466.8,56.0,160.0
2021-06-14T15:00,32.9,663.6,83.0,362.0
2021-06-14T16:00,35.8,772.8,100.0,567.0
2021-06-14T17:00,38.3,834.9,113.0,749.0
2021-06-14T18:00,40.6,871.6,121.0,890.0
2021-06-14T19:00,42.9,890.9,126.0,979.0
2021-06-14T20:00,44.7,895.9,128.0,1008.0
2021-06-14T21:00,45.8,889.1,126.0,975.0
2021-06-14T22:00,46.4,867.3,122.0,883.0
2021-06-14T23:00,46.5,827.8,113.0,738.0
2021-06-15T00:00,45.4,760.0,101.0,554.0
2021-06-15T01:00,45.4,627.3,86.0,344.0
2021-06-15T02:00,44.1,412.5,56.0,144.0
2021-06-15T03:00,41.7,79.0,9.0,15.0
2021-06-15T04:00,40.5,0.0,0.0,0.0
2021-06-15T05:00,38.4,0.0,0.0,0.0
2021-06-15T06:00,37.0,0.0,0.0,0.0
2021-06-15T07:00,35.8,0.0,0.0,0.0
2021-06-15T08:00,34.4,0.0,0.0,0.0
2021-06-15T09:00,33.0,0.0,0.0,0.0
2021-06-15T10:00,30.6,0.0,0.0,0.0
2021-06-15T11:00,31.5,0.0,0.0,0.0
2021-06-15T12:00,30.0,0.0,0.0,0.0
2021-06-15T13:00,29.9,87.0,11.0,18.0
2021-06-15T14:00,32.0,427.0,60.0,155.0
2021-06-15T15:00,34.5,616.5,94.0,353.0
2021-06-15T16:00,37.2,756.7,105.0,562.0
2021-06-15T17:00,39.5,816.8,118.0,740.0
2021-06-15T18:00,41.2,868.4,121.0,887.0
2021-06-15T19:00,42.8,886.8,126.0,975.0
2021-06-15T20:00,44.2,893.8,127.0,1005.0
2021-06-15T21:00,45.2,885.6,126.0,972.0
2021-06-15T22:00,46.0,864.5,120.0,879.0
2021-06-15T23:00,46.5,824.4,113.0,736.0
2021-06-16T00:00,45.8,759.0,100.0,553.0
2021-06-16T01:00,45.3,642.9,83.0,348.0
2021-06-16T02:00,44.4,415.2,57.0,146.0
2021-06-16T03:00,41.9,65.4,10.0,15.0
2021-06-16T04:00,42.8,0.0,0.0,0.0
2021-06-16T05:00,40.4,0.0,0.0,0.0
2021-06-16T06:00,38.3,0.0,0.0,0.0
2021-06-16T07:00,37.2,0.0,0.0,0.0
2021-06-16T08:00,35.6,0.0,0.0,0.0
2021-06-16T09:00,34.3,0.0,0.0,0.0
2021-06-16T10:00,32.8,0.0,0.0,0.0
2021-06-16T11:00,31.4,0.0,0.0,0.0
2021-06-16T12:00,31.3,0.0,0.0,0.0
2021-06-16T13:00,31.9,87.2,11.0,18.0
2021-06-16T14:00,33.3,396.2,57.0,145.0
2021-06-16T15:00,34.7,567.0,97.0,335.0
2021-06-16T16:00,36.6,738.9,102.0,548.0
2021-06-16T17:00,38.6,807.9,112.0,727.0
2021-06-16T18:00,40.3,845.9,120.0,866.0
2021-06-16T19:00,41.8,862.8,128.0,954.0
2021-06-16T20:00,43.4,870.3,129.0,984.0
2021-06-16T21:00,44.6,862.4,128.0,952.0
2021-06-16T22:00,45.4,841.3,125.0,864.0
2021-06-16T23:00,45.7,756.3,119.0,691.0
2021-06-17T00:00,44.8,722.9,104.0,536.0
2021-06-17T01:00,44.6,602.8,85.0,334.0
2021-06-17T02:00,43.5,348.4,57.0,132.0
2021-06-17T03:00,42.1,65.0,9.0,14.0
2021-06-17T04:00,40.4,0.0,0.0,0.0
2021-06-17T05:00,39.0,0.0,0.0,0.0
2021-06-17T06:00,38.1,0.0,0.0,0.0
2021-06-17T07:00,36.9,0.0,0.0,0.0
2021-06-17T08:00,34.9,0.0,0.0,0.0
2021-06-17T09:00,34.0,0.0,0.0,0.0
2021-06-17T10:00,32.9,0.0,0.0,0.0
2021-06-17T11:00,31.7,0.0,0.0,0.0
2021-06-17T12:00,32.9,0.0,0.0,0.0
2021-06-17T13:00,32.2,49.9,12.0,16.0
2021-06-17T14:00,33.5,221.0,78.0,127.0
2021-06-17T15:00,36.3,605.8,89.0,343.0
2021-06-17T16:00,38.5,716.2,108.0,540.0
2021-06-17T17:00,41.0,804.3,114.0,726.0
2021-06-17T18:00,43.1,822.3,131.0,856.0
2021-06-17T19:00,44.4,809.6,154.0,929.0
2021-06-17T20:00,45.2,730.8,180.0,898.0
2021-06-17T21:00,46.0,763.8,180.0,910.0
2021-06-17T22:00,46.5,778.3,149.0,833.0
2021-06-17T23:00,46.6,757.0,126.0,699.0
2021-06-18T00:00,45.9,685.3,114.0,524.0
2021-06-18T01:00,45.8,618.6,85.0,341.0
2021-06-18T02:00,45.0,425.7,54.0,146.0
2021-06-18T03:00,43.0,77.6,10.0,16.0
2021-06-18T04:00,41.3,0.0,0.0,0.0
2021-06-18T05:00,39.6,0.0,0.0,0.0
2021-06-18T06:00,38.0,0.0,0.0,0.0
2021-06-18T07:00,36.8,0.0,0.0,0.0
2021-06-18T08:00,35.3,0.0,0.0,0.0
2021-06-18T09:00,34.2,0.0,0.0,0.0
2021-06-18T10:00,32.4,0.0,0.0,0.0
2021-06-18T11:00,31.6,0.0,0.0,0.0
2021-06-18T12:00,31.8,0.0,0.0,0.0
2021-06-18T13:00,31.6,87.7,10.0,17.0
2021-06-18T14:00,33.4,433.9,54.0,150.0
2021-06-18T15:00,36.0,628.0,83.0,346.0
2021-06-18T16:00,38.9,720.1,107.0,541.0
2021-06-18T17:00,41.0,762.6,130.0,710.0
2021-06-18T18:00,42.9,846.4,122.0,868.0
2021-06-18T19:00,44.4,863.0,127.0,953.0
2021-06-18T20:00,45.5,870.1,130.0,985.0
2021-06-18T21:00,46.1,860.9,128.0,951.0
2021-06-18T22:00,46.4,815.5,132.0,849.0
2021-06-18T23:00,46.3,730.1,138.0,691.0
2021-06-19T00:00,45.8,629.4,132.0,509.0
2021-06-19T01:00,45.5,631.9,82.0,344.0
2021-06-19T02:00,44.5,437.9,53.0,148.0
2021-06-19T03:00,42.6,77.2,10.0,16.0
2021-06-19T04:00,41.2,0.0,0.0,0.0
2021-06-19T05:00,38.5,0.0,0.0,0.0
2021-06-19T06:00,37.0,0.0,0.0,0.0
2021-06-19T07:00,35.9,0.0,0.0,0.0
2021-06-19T08:00,34.9,0.0,0.0,0.0
2021-06-19T09:00,34.0,0.0,0.0,0.0
2021-06-19T10:00,32.2,0.0,0.0,0.0
2021-06-19T11:00,31.2,0.0,0.0,0.0
2021-06-19T12:00,31.6,0.0,0.0,0.0
2021-06-19T13:00,31.9,75.4,11.0,17.0
2021-06-19T14:00,34.1,426.0,54.0,148.0
2021-06-19T15:00,36.4,624.0,82.0,343.0
2021-06-19T16:00,38.1,735.6,100.0,543.0
2021-06-19T17:00,40.1,801.2,112.0,721.0
2021-06-19T18:00,41.9,841.0,121.0,862.0
2021-06-19T19:00,43.2,863.1,126.0,952.0
2021-06-19T20:00,43.9,870.1,127.0,982.0
2021-06-19T21:00,44.9,864.9,124.0,951.0
2021-06-19T22:00,45.5,843.6,120.0,862.0
2021-06-19T23:00,45.5,774.4,118.0,705.0
2021-06-20T00:00,45.5,672.1,109.0,512.0
2021-06-20T01:00,44.9,642.8,81.0,348.0
2021-06-20T02:00,44.0,440.9,54.0,150.0
2021-06-20T03:00,42.2,76.8,11.0,17.0
2021-06-20T04:00,40.8,0.0,0.0,0.0
2021-06-20T05:00,39.6,0.0,0.0,0.0
2021-06-20T06:00,38.4,0.0,0.0,0.0
2021-06-20T07:00,36.6,0.0,0.0,0.0
2021-06-20T08:00,35.2,0.0,0.0,0.0
2021-06-20T09:00,33.9,0.0,0.0,0.0
2021-06-20T10:00,33.0,0.0,0.0,0.0
2021-06-20T11:00,32.0,0.0,0.0,0.0
2021-06-20T12:00,30.8,0.0,0.0,0.0
2021-06-20T13:00,31.3,88.3,10.0,17.0
2021-06-20T14:00,32.8,436.3,55.0,151.0
2021-06-20T15:00,34.9,632.2,83.0,347.0
2021-06-20T16:00,37.3,743.0,100.0,547.0
2021-06-20T17:00,39.4,803.0,113.0,723.0
2021-06-20T18:00,41.4,841.3,121.0,862.0
2021-06-20T19:00,42.5,862.2,126.0,951.0
2021-06-20T20:00,43.5,870.1,128.0,983.0
2021-06-20T21:00,44.2,864.7,126.0,953.0
2021-06-20T22:00,44.7,850.0,118.0,866.0
2021-06-20T23:00,44.6,690.8,143.0,667.0
2021-06-21T00:00,44.3,653.0,112.0,504.0
2021-06-21T01:00,43.5,634.5,82.0,346.0
2021-06-21T02:00,42.5,439.4,54.0,150.0
2021-06-21T03:00,40.8,89.2,10.0,17.0
2021-06-21T04:00,39.5,0.0,0.0,0.0
2021-06-21T05:00,37.2,0.0,0.0,0.0
2021-06-21T06:00,34.9,0.0,0.0,0.0
2021-06-21T07:00,33.7,0.0,0.0,0.0
2021-06-21T08:00,32.6,0.0,0.0,0.0
2021-06-21T09:00,31.4,0.0,0.0,0.0
2021-06-21T10:00,29.7,0.0,0.0,0.0
2021-06-21T11:00,29.0,0.0,0.0,0.0
2021-06-21T12:00,30.6,0.0,0.0,0.0
2021-06-21T13:00,29.9,88.7,10.0,17.0
2021-06-21T14:00,31.0,433.2,55.0,150.0
2021-06-21T15:00,32.2,630.8,82.0,345.0
2021-06-21T16:00,33.7,742.1,99.0,545.0
2021-06-21T17:00,35.1,806.2,112.0,724.0
2021-06-21T18:00,36.8,846.2,120.0,865.0
2021-06-21T19:00,38.3,868.7,126.0,957.0
2021-06-21T20:00,39.8,876.2,127.0,988.0
2021-06-21T21:00,41.1,869.7,125.0,957.0
2021-06-21T22:00,41.8,849.7,121.0,869.0
2021-06-21T23:00,41.9,812.9,112.0,729.0
2021-06-22T00:00,41.5,748.9,99.0,549.0
2021-06-22T01:00,40.9,640.7,82.0,349.0
2021-06-22T02:00,40.2,438.1,55.0,151.0
2021-06-22T03:00,38.8,88.8,10.0,17.0
2021-06-22T04:00,38.0,0.0,0.0,0.0
2021-06-22T05:00,37.1,0.0,0.0,0.0
2021-06-22T06:00,36.0,0.0,0.0,0.0
2021-06-22T07:00,34.1,0.0,0.0,0.0
2021-06-22T08:00,32.2,0.0,0.0,0.0
2021-06-22T09:00,31.2,0.0,0.0,0.0
2021-06-22T10:00,30.5,0.0,0.0,0.0
2021-06-22T11:00,29.8,0.0,0.0,0.0
2021-06-22T12:00,29.2,0.0,0.0,0.0
2021-06-22T13:00,29.8,63.7,11.0,16.0
2021-06-22T14:00,30.8,283.7,67.0,129.0
2021-06-22T15:00,32.4,430.1,111.0,290.0
2021-06-22T16:00,34.4,571.3,142.0,485.0
2021-06-22T17:00,36.7,750.1,131.0,700.0
2021-06-22T18:00,39.0,772.7,159.0,839.0
2021-06-22T19:00,40.3,709.9,219.0,898.0
2021-06-22T20:00,41.4,675.8,263.0,927.0
2021-06-22T21:00,41.3,291.6,425.0,704.0
2021-06-22T22:00,40.8,222.6,398.0,594.0
2021-06-22T23:00,40.1,134.3,326.0,428.0
2021-06-23T00:00,39.7,34.9,218.0,239.0
2021-06-23T01:00,38.3,2.4,99.0,100.0
2021-06-23T02:00,37.3,0.0,24.0,24.0
2021-06-23T03:00,36.1,0.0,3.0,3.0
2021-06-23T04:00,34.7,0.0,0.0,0.0
2021-06-23T05:00,34.2,0.0,0.0,0.0
2021-06-23T06:00,33.5,0.0,0.0,0.0
2021-06-23T07:00,32.7,0.0,0.0,0.0
2021-06-23T08:00,32.3,0.0,0.0,0.0
2021-06-23T09:00,31.5,0.0,0.0,0.0
2021-06-23T10:00,31.1,0.0,0.0,0.0
2021-06-23T11:00,30.1,0.0,0.0,0.0
2021-06-23T12:00,30.8,0.0,0.0,0.0
2021-06-23T13:00,30.6,12.8,5.0,6.0
2021-06-23T14:00,28.4,18.4,16.0,20.0
2021-06-23T15:00,27.6,9.6,38.0,42.0
2021-06-23T16:00,27.7,28.4,93.0,110.0
2021-06-23T17:00,29.0,220.3,259.0,426.0
2021-06-23T18:00,30.6,262.6,306.0,537.0
2021-06-23T19:00,31.0,180.9,272.0,445.0
2021-06-23T20:00,31.9,212.7,363.0,572.0
2021-06-23T21:00,32.8,294.7,367.0,649.0
2021-06-23T22:00,33.9,525.6,266.0,729.0
2021-06-23T23:00,34.2,535.6,220.0,627.0
2021-06-24T00:00,32.4,538.2,136.0,460.0
2021-06-24T01:00,32.4,294.3,96.0,219.0
2021-06-24T02:00,32.4,326.7,57.0,129.0
2021-06-24T03:00,32.2,63.0,10.0,15.0
2021-06-24T04:00,31.3,0.0,0.0,0.0
2021-06-24T05:00,30.1,0.0,0.0,0.0
2021-06-24T06:00,29.0,0.0,0.0,0.0
2021-06-24T07:00,28.3,0.0,0.0,0.0
2021-06-24T08:00,27.9,0.0,0.0,0.0
2021-06-24T09:00,27.4,0.0,0.0,0.0
2021-06-24T10:00,26.9,0.0,0.0,0.0
2021-06-24T11:00,26.5,0.0,0.0,0.0
2021-06-24T12:00,26.4,0.0,0.0,0.0
2021-06-24T13:00,26.4,64.4,10.0,15.0
2021-06-24T14:00,28.0,341.4,56.0,130.0
2021-06-24T15:00,30.2,533.2,88.0,309.0
2021-06-24T16:00,31.9,617.9,117.0,487.0
2021-06-24T17:00,33.5,699.8,126.0,656.0
2021-06-24T18:00,34.9,742.8,149.0,802.0
2021-06-24T19:00,36.0,750.1,159.0,876.0
2021-06-24T20:00,36.9,721.6,153.0,862.0
2021-06-24T21:00,37.3,541.3,190.0,708.0
2021-06-24T22:00,37.7,611.6,153.0,692.0
2021-06-24T23:00,37.7,576.1,141.0,579.0
2021-06-25T00:00,35.1,507.9,118.0,424.0
2021-06-25T01:00,37.5,427.7,79.0,258.0
2021-06-25T02:00,37.4,330.5,52.0,125.0
2021-06-25T03:00,37.0,62.8,9.0,14.0
2021-06-25T04:00,35.9,0.0,0.0,0.0
2021-06-25T05:00,35.0,0.0,0.0,0.0
2021-06-25T06:00,33.7,0.0,0.0,0.0
2021-06-25T07:00,32.7,0.0,0.0,0.0
2021-06-25T08:00,31.7,0.0,0.0,0.0
2021-06-25T09:00,30.8,0.0,0.0,0.0
2021-06-25T10:00,29.9,0.0,0.0,0.0
2021-06-25T11:00,29.1,0.0,0.0,0.0
2021-06-25T12:00,28.7,0.0,0.0,0.0
2021-06-25T13:00,28.9,77.8,10.0,16.0
2021-06-25T14:00,30.4,398.6,55.0,141.0
2021-06-25T15:00,32.0,573.1,89.0,326.0
2021-06-25T16:00,33.6,665.5,109.0,507.0
2021-06-25T17:00,35.4,761.2,119.0,695.0
2021-06-25T18:00,36.9,742.1,155.0,807.0
2021-06-25T19:00,38.3,768.1,153.0,887.0
2021-06-25T20:00,39.7,826.6,147.0,959.0
2021-06-25T21:00,40.7,804.5,157.0,927.0
2021-06-25T22:00,41.1,802.1,138.0,845.0
2021-06-25T23:00,40.9,805.9,116.0,729.0
2021-06-26T00:00,40.6,749.7,102.0,554.0
2021-06-26T01:00,40.1,634.9,84.0,350.0
2021-06-26T02:00,39.2,438.2,56.0,153.0
2021-06-26T03:00,37.8,87.6,11.0,18.0
2021-06-26T04:00,36.5,0.0,0.0,0.0
2021-06-26T05:00,35.6,0.0,0.0,0.0
2021-06-26T06:00,35.0,0.0,0.0,0.0
2021-06-26T07:00,33.7,0.0,0.0,0.0
2021-06-26T08:00,32.7,0.0,0.0,0.0
2021-06-26T09:00,31.7,0.0,0.0,0.0
2021-06-26T10:00,30.5,0.0,0.0,0.0
2021-06-26T11:00,29.1,0.0,0.0,0.0
2021-06-26T12:00,28.4,0.0,0.0,0.0
2021-06-26T13:00,28.0,78.3,9.0,15.0
2021-06-26T14:00,29.7,400.5,57.0,143.0
2021-06-26T15:00,32.0,635.0,84.0,346.0
2021-06-26T16:00,34.2,756.9,101.0,553.0
2021-06-26T17:00,36.4,814.8,117.0,733.0
2021-06-26T18:00,38.6,822.2,137.0,859.0
2021-06-26T19:00,39.9,781.9,174.0,921.0
2021-06-26T20:00,40.7,871.4,134.0,990.0
2021-06-26T21:00,41.3,865.0,131.0,959.0
2021-06-26T22:00,41.6,848.4,125.0,873.0
2021-06-26T23:00,41.9,812.1,115.0,733.0
2021-06-27T00:00,41.1,747.5,102.0,553.0
2021-06-27T01:00,41.1,634.2,83.0,349.0
2021-06-27T02:00,40.4,423.9,56.0,150.0
2021-06-27T03:00,38.8,87.4,11.0,18.0
2021-06-27T04:00,38.0,0.0,0.0,0.0
2021-06-27T05:00,36.8,0.0,0.0,0.0
2021-06-27T06:00,35.3,0.0,0.0,0.0
2021-06-27T07:00,33.9,0.0,0.0,0.0
2021-06-27T08:00,33.8,0.0,0.0,0.0
2021-06-27T09:00,31.9,0.0,0.0,0.0
2021-06-27T10:00,31.1,0.0,0.0,0.0
2021-06-27T11:00,30.0,0.0,0.0,0.0
2021-06-27T12:00,30.6,0.0,0.0,0.0
2021-06-27T13:00,30.4,52.6,9.0,13.0
2021-06-27T14:00,32.1,369.8,56.0,135.0
2021-06-27T15:00,34.5,609.9,86.0,337.0
2021-06-27T16:00,36.9,732.8,105.0,542.0
2021-06-27T17:00,39.1,752.1,132.0,700.0
2021-06-27T18:00,40.8,837.5,126.0,861.0
2021-06-27T19:00,42.1,864.9,130.0,956.0
2021-06-27T20:00,42.8,854.3,141.0,980.0
2021-06-27T21:00,43.4,859.8,135.0,958.0
2021-06-27T22:00,44.0,855.0,119.0,873.0
2021-06-27T23:00,44.2,704.0,154.0,690.0
2021-06-28T00:00,43.5,690.7,109.0,526.0
2021-06-28T01:00,43.7,516.9,101.0,318.0
2021-06-28T02:00,42.9,279.2,64.0,126.0
2021-06-28T03:00,41.4,62.3,10.0,15.0
2021-06-28T04:00,39.9,0.0,0.0,0.0
2021-06-28T05:00,39.1,0.0,0.0,0.0
2021-06-28T06:00,38.6,0.0,0.0,0.0
2021-06-28T07:00,37.2,0.0,0.0,0.0
2021-06-28T08:00,36.0,0.0,0.0,0.0
2021-06-28T09:00,33.9,0.0,0.0,0.0
2021-06-28T10:00,32.5,0.0,0.0,0.0
2021-06-28T11:00,31.6,0.0,0.0,0.0
2021-06-28T12:00,30.4,0.0,0.0,0.0
2021-06-28T13:00,30.9,66.2,10.0,15.0
2021-06-28T14:00,32.6,418.9,54.0,143.0
2021-06-28T15:00,34.0,623.6,82.0,338.0
2021-06-28T16:00,35.6,737.3,101.0,540.0
2021-06-28T17:00,37.1,804.5,114.0,721.0
2021-06-28T18:00,38.8,844.9,122.0,863.0
2021-06-28T19:00,40.0,864.2,128.0,953.0
2021-06-28T20:00,41.0,866.6,130.0,981.0
2021-06-28T21:00,41.6,861.9,130.0,955.0
2021-06-28T22:00,41.9,785.7,145.0,838.0
2021-06-28T23:00,41.9,648.6,145.0,639.0
2021-06-29T00:00,40.9,587.7,133.0,488.0
2021-06-29T01:00,40.5,373.7,139.0,296.0
2021-06-29T02:00,40.1,103.5,60.0,83.0
2021-06-29T03:00,39.3,12.4,7.0,8.0
2021-06-29T04:00,38.8,0.0,0.0,0.0
2021-06-29T05:00,37.8,0.0,0.0,0.0
2021-06-29T06:00,35.4,0.0,0.0,0.0
2021-06-29T07:00,33.8,0.0,0.0,0.0
2021-06-29T08:00,32.7,0.0,0.0,0.0
2021-06-29T09:00,31.8,0.0,0.0,0.0
2021-06-29T10:00,31.0,0.0,0.0,0.0
2021-06-29T11:00,30.2,0.0,0.0,0.0
2021-06-29T12:00,29.8,0.0,0.0,0.0
2021-06-29T13:00,29.5,40.0,9.0,12.0
2021-06-29T14:00,30.1,236.6,56.0,106.0
2021-06-29T15:00,31.6,166.1,138.0,206.0
2021-06-29T16:00,33.0,354.9,221.0,432.0
2021-06-29T17:00,34.3,545.3,203.0,614.0
2021-06-29T18:00,36.1,735.9,175.0,820.0
2021-06-29T19:00,37.6,788.0,174.0,926.0
2021-06-29T20:00,38.4,842.3,139.0,966.0
2021-06-29T21:00,39.0,776.2,162.0,905.0
2021-06-29T22:00,39.6,600.8,219.0,749.0
2021-06-29T23:00,40.2,504.1,229.0,613.0
2021-06-30T00:00,39.4,370.7,198.0,422.0
2021-06-30T01:00,38.6,397.3,118.0,285.0
2021-06-30T02:00,38.4,211.2,70.0,117.0
2021-06-30T03:00,37.4,37.3,13.0,16.0
2021-06-30T04:00,36.4,0.0,0.0,0.0
2021-06-30T05:00,35.5,0.0,0.0,0.0
2021-06-30T06:00,34.6,0.0,0.0,0.0
2021-06-30T07:00,33.8,0.0,0.0,0.0
2021-06-30T08:00,32.3,0.0,0.0,0.0
2021-06-30T09:00,31.6,0.0,0.0,0.0
2021-06-30T10:00,30.5,0.0,0.0,0.0
2021-06-30T11:00,30.0,0.0,0.0,0.0
2021-06-30T12:00,29.6,0.0,0.0,0.0
2021-06-30T13:00,30.0,53.8,9.0,13.0
2021-06-30T14:00,31.6,361.8,56.0,132.0
2021-06-30T15:00,32.6,578.0,86.0,322.0
2021-06-30T16:00,34.2,694.2,106.0,518.0
2021-06-30T17:00,35.5,751.7,123.0,689.0
2021-06-30T18:00,36.4,694.1,170.0,778.0
2021-06-30T19:00,37.0,720.2,180.0,867.0
2021-06-30T20:00,37.9,738.6,159.0,884.0
2021-06-30T21:00,39.2,766.8,157.0,891.0
2021-06-30T22:00,39.4,770.7,141.0,821.0
2021-06-30T23:00,39.5,557.8,168.0,593.0
2021-07-01T00:00,37.3,436.7,142.0,406.0
2021-07-01T01:00,37.7,482.7,96.0,299.0
2021-07-01T02:00,36.7,283.0,55.0,118.0
2021-07-01T03:00,36.1,49.7,11.0,15.0
2021-07-01T04:00,35.3,0.0,0.0,0.0
2021-07-01T05:00,34.5,0.0,0.0,0.0
2021-07-01T06:00,33.7,0.0,0.0,0.0
2021-07-01T07:00,32.9,0.0,0.0,0.0
2021-07-01T08:00,32.1,0.0,0.0,0.0
2021-07-01T09:00,31.4,0.0,0.0,0.0
2021-07-01T10:00,30.7,0.0,0.0,0.0
2021-07-01T11:00,30.1,0.0,0.0,0.0
2021-07-01T12:00,29.4,0.0,0.0,0.0
2021-07-01T13:00,29.2,54.3,8.0,12.0
2021-07-01T14:00,30.6,330.5,58.0,127.0
2021-07-01T15:00,32.0,560.0,89.0,317.0
2021-07-01T16:00,33.3,686.9,107.0,514.0
2021-07-01T17:00,34.8,757.8,121.0,691.0
2021-07-01T18:00,36.4,797.5,131.0,829.0
2021-07-01T19:00,37.7,719.5,187.0,873.0
2021-07-01T20:00,38.9,702.1,181.0,870.0
2021-07-01T21:00,40.0,681.2,177.0,829.0
2021-07-01T22:00,40.5,661.9,157.0,741.0
2021-07-01T23:00,40.8,631.1,132.0,613.0
2021-07-02T00:00,40.4,559.0,124.0,462.0
2021-07-02T01:00,40.3,534.9,94.0,319.0
2021-07-02T02:00,39.7,305.4,56.0,124.0
2021-07-02T03:00,39.4,62.1,10.0,15.0
2021-07-02T04:00,38.6,0.0,0.0,0.0
2021-07-02T05:00,37.3,0.0,0.0,0.0
2021-07-02T06:00,36.8,0.0,0.0,0.0
2021-07-02T07:00,35.1,0.0,0.0,0.0
2021-07-02T08:00,33.6,0.0,0.0,0.0
2021-07-02T09:00,32.8,0.0,0.0,0.0
2021-07-02T10:00,31.8,0.0,0.0,0.0
2021-07-02T11:00,31.7,0.0,0.0,0.0
2021-07-02T12:00,30.7,0.0,0.0,0.0
2021-07-02T13:00,30.8,27.4,9.0,11.0
2021-07-02T14:00,32.0,250.6,64.0,116.0
2021-07-02T15:00,32.9,295.6,106.0,226.0
2021-07-02T16:00,32.9,30.4,192.0,210.0
2021-07-02T17:00,33.1,34.6,191.0,217.0
2021-07-02T18:00,33.4,2.3,188.0,190.0
2021-07-02T19:00,33.9,0.0,255.0,255.0
2021-07-02T20:00,35.2,350.6,301.0,645.0
2021-07-02T21:00,36.8,539.2,256.0,772.0
2021-07-02T22:00,38.0,532.7,268.0,738.0
2021-07-02T23:00,36.6,404.1,249.0,557.0
2021-07-03T00:00,38.9,253.0,206.0,359.0
2021-07-03T01:00,39.0,249.6,128.0,233.0
2021-07-03T02:00,38.3,224.6,72.0,122.0
2021-07-03T03:00,37.6,37.3,12.0,15.0
2021-07-03T04:00,36.9,0.0,0.0,0.0
2021-07-03T05:00,33.6,0.0,0.0,0.0
2021-07-03T06:00,33.3,0.0,0.0,0.0
2021-07-03T07:00,33.0,0.0,0.0,0.0
2021-07-03T08:00,32.3,0.0,0.0,0.0
2021-07-03T09:00,31.7,0.0,0.0,0.0
2021-07-03T10:00,31.0,0.0,0.0,0.0
2021-07-03T11:00,30.8,0.0,0.0,0.0
2021-07-03T12:00,30.8,0.0,0.0,0.0
2021-07-03T13:00,30.8,27.6,7.0,9.0
2021-07-03T14:00,31.9,232.8,65.0,113.0
2021-07-03T15:00,33.2,395.2,111.0,271.0
2021-07-03T16:00,34.4,413.2,182.0,426.0
2021-07-03T17:00,35.3,471.7,188.0,542.0
2021-07-03T18:00,35.9,413.0,193.0,554.0
2021-07-03T19:00,36.7,431.4,188.0,599.0
2021-07-03T20:00,37.6,527.1,214.0,731.0
2021-07-03T21:00,38.4,576.9,204.0,756.0
2021-07-03T22:00,39.8,641.5,184.0,750.0
2021-07-03T23:00,38.7,456.6,171.0,519.0
2021-07-04T00:00,36.6,297.6,158.0,338.0
2021-07-04T01:00,33.4,11.9,82.0,87.0
2021-07-04T02:00,32.2,0.0,31.0,31.0
2021-07-04T03:00,28.6,0.0,6.0,6.0
2021-07-04T04:00,28.6,0.0,0.0,0.0
2021-07-04T05:00,28.4,0.0,0.0,0.0
2021-07-04T06:00,28.1,0.0,0.0,0.0
2021-07-04T07:00,27.7,0.0,0.0,0.0
2021-07-04T08:00,27.2,0.0,0.0,0.0
2021-07-04T09:00,27.1,0.0,0.0,0.0
2021-07-04T10:00,26.8,0.0,0.0,0.0
2021-07-04T11:00,26.7,0.0,0.0,0.0
2021-07-04T12:00,27.0,0.0,0.0,0.0
2021-07-04T13:00,27.0,14.0,6.0,7.0
2021-07-04T14:00,27.9,185.5,60.0,98.0
2021-07-04T15:00,29.1,309.7,119.0,244.0
2021-07-04T16:00,30.2,278.2,169.0,333.0
2021-07-04T17:00,30.8,273.5,239.0,444.0
2021-07-04T18:00,31.0,453.4,238.0,634.0
2021-07-04T19:00,31.7,447.4,230.0,656.0
2021-07-04T20:00,32.8,526.2,244.0,760.0
2021-07-04T21:00,34.2,581.1,218.0,774.0
2021-07-04T22:00,35.3,629.1,185.0,740.0
2021-07-04T23:00,36.2,579.9,157.0,599.0
2021-07-05T00:00,37.4,512.6,129.0,439.0
2021-07-05T01:00,37.5,351.9,115.0,263.0
2021-07-05T02:00,36.2,243.0,59.0,113.0
2021-07-05T03:00,34.4,49.8,10.0,14.0
2021-07-05T04:00,33.5,0.0,0.0,0.0
2021-07-05T05:00,32.9,0.0,0.0,0.0
2021-07-05T06:00,32.0,0.0,0.0,0.0
2021-07-05T07:00,31.6,0.0,0.0,0.0
2021-07-05T08:00,31.2,0.0,0.0,0.0
2021-07-05T09:00,30.6,0.0,0.0,0.0
2021-07-05T10:00,29.5,0.0,0.0,0.0
2021-07-05T11:00,28.8,0.0,0.0,0.0
2021-07-05T12:00,29.1,0.0,0.0,0.0
2021-07-05T13:00,29.7,28.2,8.0,10.0
2021-07-05T14:00,30.8,181.9,46.0,83.0
2021-07-05T15:00,32.4,233.6,103.0,197.0
2021-07-05T16:00,33.1,261.7,145.0,299.0
2021-07-05T17:00,33.6,177.6,213.0,346.0
2021-07-05T18:00,34.4,242.9,213.0,425.0
2021-07-05T19:00,35.8,434.0,261.0,674.0
2021-07-05T20:00,37.6,592.7,233.0,814.0
2021-07-05T21:00,39.4,751.7,163.0,882.0
2021-07-05T22:00,40.1,786.7,136.0,830.0
2021-07-05T23:00,40.5,744.0,126.0,693.0
2021-07-06T00:00,40.6,669.9,113.0,518.0
2021-07-06T01:00,40.6,466.3,99.0,295.0
2021-07-06T02:00,40.1,261.3,58.0,116.0
2021-07-06T03:00,38.9,62.4,10.0,15.0
2021-07-06T04:00,38.3,0.0,0.0,0.0
2021-07-06T05:00,37.2,0.0,0.0,0.0
2021-07-06T06:00,36.2,0.0,0.0,0.0
2021-07-06T07:00,34.6,0.0,0.0,0.0
2021-07-06T08:00,33.3,0.0,0.0,0.0
2021-07-06T09:00,32.2,0.0,0.0,0.0
2021-07-06T10:00,31.3,0.0,0.0,0.0
2021-07-06T11:00,30.8,0.0,0.0,0.0
2021-07-06T12:00,30.8,0.0,0.0,0.0
2021-07-06T13:00,30.9,42.7,7.0,10.0
2021-07-06T14:00,32.1,277.2,50.0,106.0
2021-07-06T15:00,33.5,373.9,99.0,249.0
2021-07-06T16:00,34.7,469.9,154.0,430.0
2021-07-06T17:00,36.0,530.8,193.0,590.0
2021-07-06T18:00,37.9,749.9,169.0,823.0
2021-07-06T19:00,40.1,855.8,128.0,942.0
2021-07-06T20:00,41.7,849.0,136.0,968.0
2021-07-06T21:00,42.7,844.9,133.0,941.0
2021-07-06T22:00,43.1,814.1,132.0,850.0
2021-07-06T23:00,43.3,796.6,118.0,725.0
2021-07-07T00:00,42.6,732.9,104.0,547.0
2021-07-07T01:00,42.4,604.6,89.0,343.0
2021-07-07T02:00,41.8,419.8,56.0,149.0
2021-07-07T03:00,40.1,75.1,11.0,17.0
2021-07-07T04:00,39.0,0.0,0.0,0.0
2021-07-07T05:00,37.8,0.0,0.0,0.0
2021-07-07T06:00,36.8,0.0,0.0,0.0
2021-07-07T07:00,35.9,0.0,0.0,0.0
2021-07-07T08:00,34.7,0.0,0.0,0.0
2021-07-07T09:00,33.6,0.0,0.0,0.0
2021-07-07T10:00,32.6,0.0,0.0,0.0
2021-07-07T11:00,31.0,0.0,0.0,0.0
2021-07-07T12:00,30.0,0.0,0.0,0.0
2021-07-07T13:00,30.2,43.1,8.0,11.0
2021-07-07T14:00,31.9,363.8,53.0,126.0
2021-07-07T15:00,34.2,580.2,85.0,317.0
2021-07-07T16:00,36.0,707.9,104.0,519.0
2021-07-07T17:00,37.5,783.0,116.0,701.0
2021-07-07T18:00,39.0,827.4,124.0,845.0
2021-07-07T19:00,40.3,849.9,129.0,937.0
2021-07-07T20:00,41.6,857.5,131.0,971.0
2021-07-07T21:00,42.8,852.5,129.0,944.0
2021-07-07T22:00,43.3,832.4,124.0,858.0
2021-07-07T23:00,43.5,794.2,115.0,720.0
2021-07-08T00:00,42.7,713.4,105.0,536.0
2021-07-08T01:00,42.7,607.5,85.0,340.0
2021-07-08T02:00,42.2,402.6,55.0,144.0
2021-07-08T03:00,41.3,75.4,10.0,16.0
2021-07-08T04:00,40.3,0.0,0.0,0.0
2021-07-08T05:00,39.6,0.0,0.0,0.0
2021-07-08T06:00,37.2,0.0,0.0,0.0
2021-07-08T07:00,35.9,0.0,0.0,0.0
2021-07-08T08:00,35.1,0.0,0.0,0.0
2021-07-08T09:00,34.3,0.0,0.0,0.0
2021-07-08T10:00,33.5,0.0,0.0,0.0
2021-07-08T11:00,32.6,0.0,0.0,0.0
2021-07-08T12:00,32.5,0.0,0.0,0.0
2021-07-08T13:00,32.5,43.6,7.0,10.0
2021-07-08T14:00,33.6,351.5,52.0,122.0
2021-07-08T15:00,34.8,559.5,85.0,308.0
2021-07-08T16:00,36.2,683.6,104.0,504.0
2021-07-08T17:00,37.7,754.5,119.0,682.0
2021-07-08T18:00,39.1,797.1,128.0,822.0
2021-07-08T19:00,40.4,818.8,135.0,913.0
2021-07-08T20:00,41.4,807.8,143.0,934.0
2021-07-08T21:00,42.2,789.9,149.0,904.0
2021-07-08T22:00,43.0,732.8,142.0,788.0
2021-07-08T23:00,43.3,681.5,142.0,661.0
2021-07-09T00:00,43.0,596.2,115.0,475.0
2021-07-09T01:00,42.9,426.9,90.0,269.0
2021-07-09T02:00,41.8,263.0,57.0,115.0
2021-07-09T03:00,40.6,37.8,9.0,12.0
2021-07-09T04:00,40.5,0.0,0.0,0.0
2021-07-09T05:00,39.8,0.0,0.0,0.0
2021-07-09T06:00,36.2,0.0,0.0,0.0
2021-07-09T07:00,35.0,0.0,0.0,0.0
2021-07-09T08:00,34.3,0.0,0.0,0.0
2021-07-09T09:00,33.9,0.0,0.0,0.0
2021-07-09T10:00,33.4,0.0,0.0,0.0
2021-07-09T11:00,32.9,0.0,0.0,0.0
2021-07-09T12:00,33.4,0.0,0.0,0.0
2021-07-09T13:00,33.5,44.1,7.0,10.0
2021-07-09T14:00,34.4,344.1,53.0,121.0
2021-07-09T15:00,35.4,548.8,86.0,304.0
2021-07-09T16:00,36.8,666.1,107.0,496.0
2021-07-09T17:00,38.5,735.3,124.0,672.0
2021-07-09T18:00,40.0,787.4,130.0,815.0
2021-07-09T19:00,41.2,813.0,135.0,907.0
2021-07-09T20:00,41.3,816.3,137.0,936.0
2021-07-09T21:00,40.8,485.6,200.0,664.0
2021-07-09T22:00,40.5,66.9,331.0,390.0
2021-07-09T23:00,41.2,140.6,309.0,416.0
2021-07-10T00:00,43.1,198.8,232.0,352.0
2021-07-10T01:00,43.2,296.0,143.0,267.0
2021-07-10T02:00,42.7,272.9,70.0,130.0
2021-07-10T03:00,41.9,25.3,10.0,12.0
2021-07-10T04:00,41.1,0.0,0.0,0.0
2021-07-10T05:00,40.7,0.0,0.0,0.0
2021-07-10T06:00,38.9,0.0,0.0,0.0
2021-07-10T07:00,36.6,0.0,0.0,0.0
2021-07-10T08:00,35.5,0.0,0.0,0.0
2021-07-10T09:00,34.7,0.0,0.0,0.0
2021-07-10T10:00,33.8,0.0,0.0,0.0
2021-07-10T11:00,32.9,0.0,0.0,0.0
2021-07-10T12:00,33.1,0.0,0.0,0.0
2021-07-10T13:00,32.8,14.9,8.0,9.0
2021-07-10T14:00,34.0,260.1,61.0,112.0
2021-07-10T15:00,35.2,358.7,126.0,268.0
2021-07-10T16:00,36.7,465.0,176.0,447.0
2021-07-10T17:00,38.1,436.7,225.0,550.0
2021-07-10T18:00,39.6,479.8,276.0,693.0
2021-07-10T19:00,41.5,638.6,236.0,842.0
2021-07-10T20:00,42.9,751.3,186.0,921.0
2021-07-10T21:00,44.0,717.2,204.0,889.0
2021-07-10T22:00,42.6,600.5,242.0,771.0
2021-07-10T23:00,39.7,48.6,179.0,216.0
2021-07-11T00:00,43.7,13.3,193.0,201.0
2021-07-11T01:00,43.4,542.7,96.0,323.0
2021-07-11T02:00,43.0,378.8,57.0,140.0
2021-07-11T03:00,41.8,63.6,10.0,15.0
2021-07-11T04:00,41.0,0.0,0.0,0.0
2021-07-11T05:00,38.7,0.0,0.0,0.0
2021-07-11T06:00,37.7,0.0,0.0,0.0
2021-07-11T07:00,36.7,0.0,0.0,0.0
2021-07-11T08:00,35.8,0.0,0.0,0.0
2021-07-11T09:00,34.9,0.0,0.0,0.0
2021-07-11T10:00,34.3,0.0,0.0,0.0
2021-07-11T11:00,33.6,0.0,0.0,0.0
2021-07-11T12:00,29.3,0.0,0.0,0.0
2021-07-11T13:00,29.3,30.1,7.0,9.0
2021-07-11T14:00,30.6,354.9,51.0,120.0
2021-07-11T15:00,32.1,562.9,84.0,306.0
2021-07-11T16:00,34.0,686.0,103.0,502.0
2021-07-11T17:00,35.9,758.8,117.0,681.0
2021-07-11T18:00,37.8,803.8,126.0,824.0
2021-07-11T19:00,39.6,828.8,131.0,917.0
2021-07-11T20:00,41.4,837.6,133.0,952.0
2021-07-11T21:00,42.9,810.7,143.0,917.0
2021-07-11T22:00,43.2,641.6,196.0,761.0
2021-07-11T23:00,42.6,326.1,274.0,522.0
2021-07-12T00:00,42.2,277.1,198.0,365.0
2021-07-12T01:00,42.3,428.5,123.0,302.0
2021-07-12T02:00,41.8,302.3,67.0,133.0
2021-07-12T03:00,40.7,38.4,11.0,14.0
2021-07-12T04:00,39.5,0.0,0.0,0.0
2021-07-12T05:00,37.5,0.0,0.0,0.0
2021-07-12T06:00,36.0,0.0,0.0,0.0
2021-07-12T07:00,35.0,0.0,0.0,0.0
2021-07-12T08:00,34.2,0.0,0.0,0.0
2021-07-12T09:00,33.2,0.0,0.0,0.0
2021-07-12T10:00,32.5,0.0,0.0,0.0
2021-07-12T11:00,31.8,0.0,0.0,0.0
2021-07-12T12:00,31.7,0.0,0.0,0.0
2021-07-12T13:00,32.0,30.5,6.0,8.0
2021-07-12T14:00,32.7,316.5,53.0,114.0
2021-07-12T15:00,33.9,539.5,88.0,300.0
2021-07-12T16:00,35.2,673.7,107.0,498.0
2021-07-12T17:00,36.4,747.7,122.0,677.0
2021-07-12T18:00,37.6,794.2,130.0,819.0
2021-07-12T19:00,38.9,819.8,135.0,912.0
2021-07-12T20:00,40.0,828.8,137.0,947.0
2021-07-12T21:00,41.3,827.8,133.0,923.0
2021-07-12T22:00,41.9,808.9,128.0,840.0
2021-07-12T23:00,41.9,726.3,137.0,689.0
2021-07-13T00:00,40.2,465.1,190.0,470.0
2021-07-13T01:00,40.1,462.8,115.0,308.0
2021-07-13T02:00,39.8,266.7,69.0,127.0
2021-07-13T03:00,39.4,25.7,12.0,14.0
2021-07-13T04:00,39.0,0.0,0.0,0.0
2021-07-13T05:00,38.3,0.0,0.0,0.0
2021-07-13T06:00,37.1,0.0,0.0,0.0
2021-07-13T07:00,34.8,0.0,0.0,0.0
2021-07-13T08:00,33.8,0.0,0.0,0.0
2021-07-13T09:00,33.3,0.0,0.0,0.0
2021-07-13T10:00,32.7,0.0,0.0,0.0
2021-07-13T11:00,31.8,0.0,0.0,0.0
2021-07-13T12:00,31.1,0.0,0.0,0.0
2021-07-13T13:00,30.9,15.5,7.0,8.0
2021-07-13T14:00,32.0,261.8,49.0,99.0
2021-07-13T15:00,33.3,375.5,100.0,247.0
2021-07-13T16:00,32.7,338.4,179.0,375.0
2021-07-13T17:00,32.1,209.1,287.0,442.0
2021-07-13T18:00,34.4,215.8,359.0,546.0
2021-07-13T19:00,36.6,437.1,358.0,772.0
2021-07-13T20:00,38.0,486.3,331.0,806.0
2021-07-13T21:00,38.8,535.7,304.0,815.0
2021-07-13T22:00,37.8,538.8,214.0,688.0
2021-07-13T23:00,37.8,310.7,225.0,461.0
2021-07-14T00:00,40.4,202.8,214.0,336.0
2021-07-14T01:00,35.9,127.3,151.0,204.0
2021-07-14T02:00,35.0,13.9,46.0,49.0
2021-07-14T03:00,35.6,0.0,9.0,9.0
2021-07-14T04:00,36.0,0.0,0.0,0.0
2021-07-14T05:00,35.7,0.0,0.0,0.0
2021-07-14T06:00,35.1,0.0,0.0,0.0
2021-07-14T07:00,34.1,0.0,0.0,0.0
2021-07-14T08:00,34.0,0.0,0.0,0.0
2021-07-14T09:00,33.3,0.0,0.0,0.0
2021-07-14T10:00,32.3,0.0,0.0,0.0
2021-07-14T11:00,31.7,0.0,0.0,0.0
2021-07-14T12:00,28.6,0.0,0.0,0.0
2021-07-14T13:00,26.5,0.0,2.0,2.0
2021-07-14T14:00,25.0,0.0,19.0,19.0
2021-07-14T15:00,25.3,0.0,16.0,16.0
2021-07-14T16:00,26.2,0.0,71.0,71.0
2021-07-14T17:00,27.8,60.8,254.0,299.0
2021-07-14T18:00,28.9,91.2,356.0,435.0
2021-07-14T19:00,30.1,112.0,391.0,497.0
2021-07-14T20:00,31.0,131.1,452.0,580.0
2021-07-14T21:00,32.3,429.0,354.0,763.0
2021-07-14T22:00,33.4,676.7,200.0,795.0
2021-07-14T23:00,33.8,685.1,160.0,680.0
2021-07-15T00:00,35.3,560.9,139.0,476.0
2021-07-15T01:00,35.1,394.8,105.0,269.0
2021-07-15T02:00,34.7,264.5,63.0,120.0
2021-07-15T03:00,34.4,39.1,10.0,13.0
2021-07-15T04:00,34.1,0.0,0.0,0.0
2021-07-15T05:00,33.5,0.0,0.0,0.0
2021-07-15T06:00,33.0,0.0,0.0,0.0
2021-07-15T07:00,32.0,0.0,0.0,0.0
2021-07-15T08:00,31.1,0.0,0.0,0.0
2021-07-15T09:00,29.3,0.0,0.0,0.0
2021-07-15T10:00,29.1,0.0,0.0,0.0
2021-07-15T11:00,29.0,0.0,0.0,0.0
2021-07-15T12:00,29.4,0.0,0.0,0.0
2021-07-15T13:00,29.1,15.9,4.0,5.0
2021-07-15T14:00,29.9,224.1,54.0,96.0
2021-07-15T15:00,31.8,486.7,95.0,284.0
2021-07-15T16:00,33.6,654.0,111.0,488.0
2021-07-15T17:00,35.3,733.4,124.0,666.0
2021-07-15T18:00,36.9,780.4,134.0,809.0
2021-07-15T19:00,38.5,784.6,146.0,888.0
2021-07-15T20:00,39.6,711.3,187.0,881.0
2021-07-15T21:00,38.1,609.8,202.0,783.0
2021-07-15T22:00,39.7,589.5,175.0,693.0
2021-07-15T23:00,40.2,511.6,153.0,541.0
2021-07-16T00:00,32.6,346.6,140.0,348.0
2021-07-16T01:00,35.0,62.7,115.0,141.0
2021-07-16T02:00,34.7,46.6,49.0,59.0
2021-07-16T03:00,34.7,13.1,6.0,7.0
2021-07-16T04:00,34.4,0.0,0.0,0.0
2021-07-16T05:00,33.6,0.0,0.0,0.0
2021-07-16T06:00,33.2,0.0,0.0,0.0
2021-07-16T07:00,32.4,0.0,0.0,0.0
2021-07-16T08:00,31.9,0.0,0.0,0.0
2021-07-16T09:00,31.4,0.0,0.0,0.0
2021-07-16T10:00,31.3,0.0,0.0,0.0
2021-07-16T11:00,31.0,0.0,0.0,0.0
2021-07-16T12:00,29.3,0.0,0.0,0.0
2021-07-16T13:00,29.9,16.2,4.0,5.0
2021-07-16T14:00,31.2,188.6,47.0,82.0
2021-07-16T15:00,32.1,483.5,95.0,282.0
2021-07-16T16:00,31.9,433.0,134.0,383.0
2021-07-16T17:00,32.2,365.9,221.0,491.0
2021-07-16T18:00,35.3,498.8,228.0,659.0
2021-07-16T19:00,37.1,681.5,182.0,826.0
2021-07-16T20:00,38.1,702.6,164.0,849.0
2021-07-16T21:00,38.7,659.5,208.0,836.0
2021-07-16T22:00,39.4,627.5,201.0,752.0
2021-07-16T23:00,39.7,571.4,189.0,622.0
2021-07-17T00:00,38.2,538.9,149.0,472.0
2021-07-17T01:00,37.7,324.0,122.0,256.0
2021-07-17T02:00,36.0,93.8,71.0,91.0
2021-07-17T03:00,33.6,0.0,7.0,7.0
2021-07-17T04:00,32.1,0.0,0.0,0.0
2021-07-17T05:00,31.3,0.0,0.0,0.0
2021-07-17T06:00,30.9,0.0,0.0,0.0
2021-07-17T07:00,30.4,0.0,0.0,0.0
2021-07-17T08:00,29.6,0.0,0.0,0.0
2021-07-17T09:00,28.6,0.0,0.0,0.0
2021-07-17T10:00,28.8,0.0,0.0,0.0
2021-07-17T11:00,28.7,0.0,0.0,0.0
2021-07-17T12:00,26.8,0.0,0.0,0.0
2021-07-17T13:00,27.5,0.0,3.0,3.0
2021-07-17T14:00,28.3,10.9,33.0,35.0
2021-07-17T15:00,29.0,28.6,73.0,84.0
2021-07-17T16:00,30.2,263.2,153.0,304.0
2021-07-17T17:00,30.6,124.9,234.0,326.0
2021-07-17T18:00,31.9,205.1,294.0,471.0
2021-07-17T19:00,33.8,444.8,275.0,695.0
2021-07-17T20:00,35.4,644.5,208.0,836.0
2021-07-17T21:00,37.1,726.1,178.0,869.0
2021-07-17T22:00,37.7,634.7,176.0,733.0
2021-07-17T23:00,37.2,542.9,184.0,595.0
2021-07-18T00:00,36.9,456.1,150.0,423.0
2021-07-18T01:00,37.0,399.9,125.0,290.0
2021-07-18T02:00,36.8,287.8,60.0,121.0
2021-07-18T03:00,34.9,40.1,9.0,12.0
2021-07-18T04:00,33.3,0.0,0.0,0.0
2021-07-18T05:00,32.7,0.0,0.0,0.0
2021-07-18T06:00,32.4,0.0,0.0,0.0
2021-07-18T07:00,31.7,0.0,0.0,0.0
2021-07-18T08:00,30.5,0.0,0.0,0.0
2021-07-18T09:00,30.8,0.0,0.0,0.0
2021-07-18T10:00,29.2,0.0,0.0,0.0
2021-07-18T11:00,28.8,0.0,0.0,0.0
2021-07-18T12:00,30.6,0.0,0.0,0.0
2021-07-18T13:00,30.3,16.7,4.0,5.0
2021-07-18T14:00,31.7,214.5,50.0,89.0
2021-07-18T15:00,33.0,349.4,95.0,229.0
2021-07-18T16:00,30.0,291.8,192.0,359.0
2021-07-18T17:00,30.5,38.1,234.0,262.0
2021-07-18T18:00,31.6,85.8,352.0,426.0
2021-07-18T19:00,33.5,212.0,423.0,623.0
2021-07-18T20:00,35.0,451.9,334.0,774.0
2021-07-18T21:00,35.9,445.9,333.0,757.0
2021-07-18T22:00,36.8,640.9,210.0,772.0
2021-07-18T23:00,37.3,523.6,203.0,599.0
2021-07-19T00:00,36.8,331.3,177.0,375.0
2021-07-19T01:00,36.6,325.7,123.0,257.0
2021-07-19T02:00,35.7,71.2,66.0,81.0
2021-07-19T03:00,34.9,0.0,5.0,5.0
2021-07-19T04:00,34.3,0.0,0.0,0.0
2021-07-19T05:00,33.4,0.0,0.0,0.0
2021-07-19T06:00,28.6,0.0,0.0,0.0
2021-07-19T07:00,29.2,0.0,0.0,0.0
2021-07-19T08:00,29.1,0.0,0.0,0.0
2021-07-19T09:00,28.1,0.0,0.0,0.0
2021-07-19T10:00,27.6,0.0,0.0,0.0
2021-07-19T11:00,27.5,0.0,0.0,0.0
2021-07-19T12:00,29.0,0.0,0.0,0.0
2021-07-19T13:00,28.8,0.0,4.0,4.0
2021-07-19T14:00,29.3,111.1,58.0,78.0
2021-07-19T15:00,30.8,395.5,113.0,264.0
2021-07-19T16:00,32.7,621.8,120.0,475.0
2021-07-19T17:00,34.3,626.3,174.0,634.0
2021-07-19T18:00,35.7,718.7,166.0,785.0
2021-07-19T19:00,36.4,603.7,243.0,812.0
2021-07-19T20:00,36.8,602.3,242.0,828.0
2021-07-19T21:00,37.8,636.6,193.0,798.0
2021-07-19T22:00,37.5,546.7,213.0,692.0
2021-07-19T23:00,36.4,342.8,217.0,476.0
2021-07-20T00:00,37.5,239.7,223.0,366.0
2021-07-20T01:00,36.9,229.1,140.0,234.0
2021-07-20T02:00,35.4,186.4,65.0,104.0
2021-07-20T03:00,33.6,27.2,9.0,11.0
2021-07-20T04:00,32.8,0.0,0.0,0.0
2021-07-20T05:00,32.3,0.0,0.0,0.0
2021-07-20T06:00,32.1,0.0,0.0,0.0
2021-07-20T07:00,32.0,0.0,0.0,0.0
2021-07-20T08:00,30.8,0.0,0.0,0.0
2021-07-20T09:00,30.2,0.0,0.0,0.0
2021-07-20T10:00,28.5,0.0,0.0,0.0
2021-07-20T11:00,28.1,0.0,0.0,0.0
2021-07-20T12:00,28.0,0.0,0.0,0.0
2021-07-20T13:00,27.5,0.0,1.0,1.0
2021-07-20T14:00,27.6,0.0,16.0,16.0
2021-07-20T15:00,28.1,5.3,88.0,90.0
2021-07-20T16:00,28.9,86.0,211.0,260.0
2021-07-20T17:00,29.8,91.4,317.0,384.0
2021-07-20T18:00,30.6,141.8,372.0,494.0
2021-07-20T19:00,31.5,180.5,421.0,591.0
2021-07-20T20:00,32.3,193.4,462.0,650.0
2021-07-20T21:00,33.5,265.4,390.0,642.0
2021-07-20T22:00,34.4,329.0,347.0,635.0
2021-07-20T23:00,34.8,278.3,300.0,510.0
2021-07-21T00:00,39.6,178.0,253.0,359.0
2021-07-21T01:00,38.7,246.9,147.0,248.0
2021-07-21T02:00,37.0,125.2,73.0,99.0
2021-07-21T03:00,36.5,0.0,9.0,9.0
2021-07-21T04:00,35.6,0.0,0.0,0.0
2021-07-21T05:00,34.6,0.0,0.0,0.0
2021-07-21T06:00,34.1,0.0,0.0,0.0
2021-07-21T07:00,33.5,0.0,0.0,0.0
2021-07-21T08:00,32.8,0.0,0.0,0.0
2021-07-21T09:00,32.0,0.0,0.0,0.0
2021-07-21T10:00,31.1,0.0,0.0,0.0
2021-07-21T11:00,30.4,0.0,0.0,0.0
2021-07-21T12:00,29.7,0.0,0.0,0.0
2021-07-21T13:00,29.8,0.0,2.0,2.0
2021-07-21T14:00,29.6,0.0,51.0,51.0
2021-07-21T15:00,30.7,92.5,158.0,193.0
2021-07-21T16:00,32.3,179.6,234.0,336.0
2021-07-21T17:00,33.9,293.7,268.0,483.0
2021-07-21T18:00,35.6,394.5,281.0,620.0
2021-07-21T19:00,37.2,511.2,265.0,746.0
2021-07-21T20:00,38.5,485.9,274.0,746.0
2021-07-21T21:00,37.3,456.4,271.0,704.0
2021-07-21T22:00,37.1,121.2,262.0,368.0
2021-07-21T23:00,37.3,484.3,237.0,602.0
2021-07-22T00:00,36.3,233.8,206.0,345.0
2021-07-22T01:00,33.8,19.6,101.0,109.0
2021-07-22T02:00,31.8,24.3,50.0,55.0
2021-07-22T03:00,33.1,13.9,8.0,9.0
2021-07-22T04:00,32.9,0.0,0.0,0.0
2021-07-22T05:00,32.3,0.0,0.0,0.0
2021-07-22T06:00,31.7,0.0,0.0,0.0
2021-07-22T07:00,31.5,0.0,0.0,0.0
2021-07-22T08:00,31.2,0.0,0.0,0.0
2021-07-22T09:00,30.4,0.0,0.0,0.0
2021-07-22T10:00,30.1,0.0,0.0,0.0
2021-07-22T11:00,29.5,0.0,0.0,0.0
2021-07-22T12:00,28.2,0.0,0.0,0.0
2021-07-22T13:00,28.0,17.9,4.0,5.0
2021-07-22T14:00,29.5,275.7,51.0,99.0
2021-07-22T15:00,31.6,464.5,96.0,271.0
2021-07-22T16:00,33.4,589.4,132.0,466.0
2021-07-22T17:00,35.1,700.5,142.0,654.0
2021-07-22T18:00,36.7,742.2,143.0,780.0
2021-07-22T19:00,38.0,697.9,170.0,826.0
2021-07-22T20:00,39.1,629.5,215.0,826.0
2021-07-22T21:00,39.6,562.2,225.0,758.0
2021-07-22T22:00,40.3,602.0,209.0,735.0
2021-07-22T23:00,40.0,378.6,154.0,439.0
2021-07-23T00:00,38.6,286.5,155.0,325.0
2021-07-23T01:00,38.3,24.6,127.0,137.0
2021-07-23T02:00,38.2,48.9,65.0,75.0
2021-07-23T03:00,36.7,0.0,8.0,8.0
2021-07-23T04:00,36.1,0.0,0.0,0.0
2021-07-23T05:00,35.2,0.0,0.0,0.0
2021-07-23T06:00,34.5,0.0,0.0,0.0
2021-07-23T07:00,33.8,0.0,0.0,0.0
2021-07-23T08:00,33.0,0.0,0.0,0.0
2021-07-23T09:00,31.1,0.0,0.0,0.0
2021-07-23T10:00,30.4,0.0,0.0,0.0
2021-07-23T11:00,30.2,0.0,0.0,0.0
2021-07-23T12:00,24.3,0.0,0.0,0.0
2021-07-23T13:00,24.5,0.0,0.0,0.0
2021-07-23T14:00,24.2,0.0,11.0,11.0
2021-07-23T15:00,24.2,0.0,14.0,14.0
2021-07-23T16:00,24.5,0.0,64.0,64.0
2021-07-23T17:00,25.1,13.7,113.0,123.0
2021-07-23T18:00,25.1,0.0,119.0,119.0
2021-07-23T19:00,25.2,1.1,153.0,154.0
2021-07-23T20:00,25.5,22.7,245.0,267.0
2021-07-23T21:00,26.0,37.0,270.0,305.0
2021-07-23T22:00,27.0,49.3,269.0,312.0
2021-07-23T23:00,27.9,131.7,270.0,369.0
2021-07-24T00:00,25.6,147.0,194.0,281.0
2021-07-24T01:00,25.5,4.9,41.0,43.0
2021-07-24T02:00,25.4,19.7,29.0,33.0
2021-07-24T03:00,24.9,14.3,7.0,8.0
2021-07-24T04:00,25.0,0.0,0.0,0.0
2021-07-24T05:00,24.9,0.0,0.0,0.0
2021-07-24T06:00,25.0,0.0,0.0,0.0
2021-07-24T07:00,24.7,0.0,0.0,0.0
2021-07-24T08:00,24.5,0.0,0.0,0.0
2021-07-24T09:00,24.5,0.0,0.0,0.0
2021-07-24T10:00,24.3,0.0,0.0,0.0
2021-07-24T11:00,23.8,0.0,0.0,0.0
2021-07-24T12:00,24.2,0.0,0.0,0.0
2021-07-24T13:00,24.2,0.0,1.0,1.0
2021-07-24T14:00,24.0,0.0,23.0,23.0
2021-07-24T15:00,23.9,2.7,45.0,46.0
2021-07-24T16:00,23.5,0.0,26.0,26.0
2021-07-24T17:00,23.6,0.0,35.0,35.0
2021-07-24T18:00,23.0,0.0,0.0,0.0
2021-07-24T19:00,23.4,4.3,71.0,75.0
2021-07-24T20:00,24.6,78.4,268.0,344.0
2021-07-24T21:00,25.4,149.0,335.0,476.0
2021-07-24T22:00,24.9,48.2,179.0,221.0
2021-07-24T23:00,25.0,44.0,217.0,250.0
2021-07-25T00:00,26.7,130.4,176.0,253.0
2021-07-25T01:00,26.4,238.1,122.0,218.0
2021-07-25T02:00,25.5,79.7,48.0,64.0
2021-07-25T03:00,24.8,14.5,6.0,7.0
2021-07-25T04:00,24.5,0.0,0.0,0.0
2021-07-25T05:00,24.1,0.0,0.0,0.0
2021-07-25T06:00,23.7,0.0,0.0,0.0
2021-07-25T07:00,23.5,0.0,0.0,0.0
2021-07-25T08:00,23.4,0.0,0.0,0.0
2021-07-25T09:00,23.3,0.0,0.0,0.0
2021-07-25T10:00,23.2,0.0,0.0,0.0
2021-07-25T11:00,23.1,0.0,0.0,0.0
2021-07-25T12:00,22.4,0.0,0.0,0.0
2021-07-25T13:00,22.3,0.0,3.0,3.0
2021-07-25T14:00,22.8,17.8,29.0,32.0
2021-07-25T15:00,23.2,0.0,39.0,39.0
2021-07-25T16:00,23.5,1.8,48.0,49.0
2021-07-25T17:00,23.6,2.8,45.0,47.0
2021-07-25T18:00,23.7,0.0,83.0,83.0
2021-07-25T19:00,23.9,0.0,108.0,108.0
2021-07-25T20:00,24.2,33.1,209.0,241.0
2021-07-25T21:00,24.3,11.6,211.0,222.0
2021-07-25T22:00,24.2,0.0,252.0,252.0
2021-07-25T23:00,24.6,24.0,247.0,265.0
2021-07-26T00:00,25.3,162.9,255.0,351.0
2021-07-26T01:00,25.5,84.7,127.0,161.0
2021-07-26T02:00,25.3,60.3,55.0,67.0
2021-07-26T03:00,24.7,0.0,5.0,5.0
2021-07-26T04:00,24.5,0.0,0.0,0.0
2021-07-26T05:00,24.3,0.0,0.0,0.0
2021-07-26T06:00,24.1,0.0,0.0,0.0
2021-07-26T07:00,24.0,0.0,0.0,0.0
2021-07-26T08:00,23.8,0.0,0.0,0.0
2021-07-26T09:00,23.6,0.0,0.0,0.0
2021-07-26T10:00,23.3,0.0,0.0,0.0
2021-07-26T11:00,23.1,0.0,0.0,0.0
2021-07-26T12:00,23.1,0.0,0.0,0.0
2021-07-26T13:00,23.1,0.0,3.0,3.0
2021-07-26T14:00,23.8,132.4,47.0,69.0
2021-07-26T15:00,25.2,259.6,101.0,197.0
2021-07-26T16:00,26.5,308.5,145.0,318.0
2021-07-26T17:00,27.5,314.1,199.0,427.0
2021-07-26T18:00,28.5,148.7,332.0,459.0
2021-07-26T19:00,30.1,569.3,239.0,772.0
2021-07-26T20:00,31.2,813.8,150.0,937.0
2021-07-26T21:00,31.7,773.0,150.0,880.0
2021-07-26T22:00,32.1,704.8,151.0,764.0
2021-07-26T23:00,32.3,704.4,130.0,657.0
2021-07-27T00:00,33.0,663.4,111.0,501.0
2021-07-27T01:00,32.5,447.6,91.0,270.0
2021-07-27T02:00,31.2,330.0,51.0,116.0
2021-07-27T03:00,30.8,29.8,6.0,8.0
2021-07-27T04:00,29.1,0.0,0.0,0.0
2021-07-27T05:00,27.8,0.0,0.0,0.0
2021-07-27T06:00,26.5,0.0,0.0,0.0
2021-07-27T07:00,25.5,0.0,0.0,0.0
2021-07-27T08:00,25.1,0.0,0.0,0.0
2021-07-27T09:00,24.8,0.0,0.0,0.0
2021-07-27T10:00,24.5,0.0,0.0,0.0
2021-07-27T11:00,24.2,0.0,0.0,0.0
2021-07-27T12:00,26.3,0.0,0.0,0.0
2021-07-27T13:00,25.9,19.1,3.0,4.0
2021-07-27T14:00,26.4,322.9,44.0,97.0
2021-07-27T15:00,27.6,537.8,83.0,281.0
2021-07-27T16:00,29.3,677.6,103.0,482.0
2021-07-27T17:00,31.3,756.2,118.0,666.0
2021-07-27T18:00,32.9,803.1,126.0,811.0
2021-07-27T19:00,33.9,828.6,132.0,907.0
2021-07-27T20:00,34.5,837.4,135.0,944.0
2021-07-27T21:00,35.1,781.2,150.0,887.0
2021-07-27T22:00,35.6,736.8,146.0,786.0
2021-07-27T23:00,35.8,591.9,168.0,610.0
2021-07-28T00:00,36.6,496.3,148.0,439.0
2021-07-28T01:00,35.0,459.7,90.0,273.0
2021-07-28T02:00,32.5,313.0,55.0,116.0
2021-07-28T03:00,31.1,15.1,6.0,7.0
2021-07-28T04:00,28.4,0.0,0.0,0.0
2021-07-28T05:00,27.3,0.0,0.0,0.0
2021-07-28T06:00,26.6,0.0,0.0,0.0
2021-07-28T07:00,26.4,0.0,0.0,0.0
2021-07-28T08:00,26.0,0.0,0.0,0.0
2021-07-28T09:00,25.6,0.0,0.0,0.0
2021-07-28T10:00,25.2,0.0,0.0,0.0
2021-07-28T11:00,25.0,0.0,0.0,0.0
2021-07-28T12:00,25.4,0.0,0.0,0.0
2021-07-28T13:00,25.8,19.1,2.0,3.0
2021-07-28T14:00,26.7,314.5,44.0,95.0
2021-07-28T15:00,28.1,537.6,81.0,278.0
2021-07-28T16:00,29.7,666.8,104.0,476.0
2021-07-28T17:00,31.2,740.9,121.0,657.0
2021-07-28T18:00,32.4,772.5,136.0,794.0
2021-07-28T19:00,33.4,810.3,138.0,895.0
2021-07-28T20:00,34.5,824.8,137.0,933.0
2021-07-28T21:00,35.2,810.8,140.0,904.0
2021-07-28T22:00,35.8,782.8,138.0,817.0
2021-07-28T23:00,35.3,509.8,185.0,565.0
2021-07-29T00:00,37.8,552.4,152.0,475.0
2021-07-29T01:00,37.4,532.6,85.0,296.0
2021-07-29T02:00,34.0,337.4,52.0,117.0
2021-07-29T03:00,31.4,30.8,6.0,8.0
2021-07-29T04:00,30.1,0.0,0.0,0.0
2021-07-29T05:00,29.5,0.0,0.0,0.0
2021-07-29T06:00,28.4,0.0,0.0,0.0
2021-07-29T07:00,27.6,0.0,0.0,0.0
2021-07-29T08:00,26.8,0.0,0.0,0.0
2021-07-29T09:00,26.4,0.0,0.0,0.0
2021-07-29T10:00,25.6,0.0,0.0,0.0
2021-07-29T11:00,25.1,0.0,0.0,0.0
2021-07-29T12:00,26.3,0.0,0.0,0.0
2021-07-29T13:00,26.9,0.0,3.0,3.0
2021-07-29T14:00,28.1,324.8,43.0,95.0
2021-07-29T15:00,29.9,518.3,86.0,275.0
2021-07-29T16:00,31.7,593.2,129.0,459.0
2021-07-29T17:00,32.2,202.2,244.0,390.0
2021-07-29T18:00,32.9,188.1,294.0,454.0
2021-07-29T19:00,32.6,20.4,321.0,340.0
2021-07-29T20:00,34.3,199.2,366.0,558.0
2021-07-29T21:00,36.3,826.6,134.0,912.0
2021-07-29T22:00,34.9,692.7,181.0,781.0
2021-07-29T23:00,33.4,435.5,215.0,539.0
2021-07-30T00:00,37.3,466.6,137.0,409.0
2021-07-30T01:00,33.6,378.0,118.0,267.0
2021-07-30T02:00,31.0,57.8,64.0,75.0
2021-07-30T03:00,29.3,0.0,5.0,5.0
2021-07-30T04:00,28.4,0.0,0.0,0.0
2021-07-30T05:00,28.3,0.0,0.0,0.0
2021-07-30T06:00,27.4,0.0,0.0,0.0
2021-07-30T07:00,27.2,0.0,0.0,0.0
2021-07-30T08:00,27.0,0.0,0.0,0.0
2021-07-30T09:00,26.7,0.0,0.0,0.0
2021-07-30T10:00,26.3,0.0,0.0,0.0
2021-07-30T11:00,26.0,0.0,0.0,0.0
2021-07-30T12:00,25.4,0.0,0.0,0.0
2021-07-30T13:00,25.8,0.0,1.0,1.0
2021-07-30T14:00,26.4,151.9,34.0,58.0
2021-07-30T15:00,27.7,283.8,91.0,194.0
2021-07-30T16:00,29.0,328.0,134.0,316.0
2021-07-30T17:00,30.7,573.0,137.0,550.0
2021-07-30T18:00,32.2,787.5,137.0,806.0
2021-07-30T19:00,33.1,815.4,137.0,897.0
2021-07-30T20:00,33.6,790.3,151.0,912.0
2021-07-30T21:00,33.7,690.4,182.0,831.0
2021-07-30T22:00,34.6,691.5,167.0,765.0
2021-07-30T23:00,33.3,630.4,155.0,623.0
2021-07-31T00:00,35.0,552.3,144.0,465.0
2021-07-31T01:00,34.5,410.6,100.0,261.0
2021-07-31T02:00,32.3,244.7,50.0,96.0
2021-07-31T03:00,29.2,16.0,5.0,6.0
2021-07-31T04:00,28.3,0.0,0.0,0.0
2021-07-31T05:00,27.8,0.0,0.0,0.0
2021-07-31T06:00,27.1,0.0,0.0,0.0
2021-07-31T07:00,26.6,0.0,0.0,0.0
2021-07-31T08:00,26.1,0.0,0.0,0.0
2021-07-31T09:00,25.7,0.0,0.0,0.0
2021-07-31T10:00,25.5,0.0,0.0,0.0
2021-07-31T11:00,25.3,0.0,0.0,0.0
2021-07-31T12:00,24.7,0.0,0.0,0.0
2021-07-31T13:00,24.7,0.0,2.0,2.0
2021-07-31T14:00,25.3,12.8,40.0,42.0
2021-07-31T15:00,25.9,52.6,90.0,109.0
2021-07-31T16:00,26.6,9.0,147.0,152.0
2021-07-31T17:00,28.1,157.1,248.0,361.0
2021-07-31T18:00,29.4,394.9,241.0,576.0
2021-07-31T19:00,31.0,712.2,190.0,853.0
2021-07-31T20:00,32.0,712.2,193.0,878.0
2021-07-31T21:00,32.7,694.5,205.0,857.0
2021-07-31T22:00,33.4,660.2,175.0,745.0
2021-07-31T23:00,33.9,587.2,177.0,612.0
2021-08-01T00:00,35.3,495.4,153.0,440.0
2021-08-01T01:00,35.1,438.6,97.0,268.0
2021-08-01T02:00,32.8,231.8,56.0,99.0
2021-08-01T03:00,31.0,16.3,4.0,5.0
2021-08-01T04:00,30.2,0.0,0.0,0.0
2021-08-01T05:00,29.6,0.0,0.0,0.0
2021-08-01T06:00,29.1,0.0,0.0,0.0
2021-08-01T07:00,28.9,0.0,0.0,0.0
2021-08-01T08:00,28.0,0.0,0.0,0.0
2021-08-01T09:00,27.4,0.0,0.0,0.0
2021-08-01T10:00,26.8,0.0,0.0,0.0
2021-08-01T11:00,26.5,0.0,0.0,0.0
2021-08-01T12:00,26.5,0.0,0.0,0.0
2021-08-01T13:00,27.3,0.0,2.0,2.0
2021-08-01T14:00,28.5,279.5,41.0,84.0
2021-08-01T15:00,30.3,476.0,84.0,255.0
2021-08-01T16:00,32.1,502.1,141.0,418.0
2021-08-01T17:00,33.7,584.9,179.0,599.0
2021-08-01T18:00,34.7,688.3,177.0,760.0
2021-08-01T19:00,35.8,594.8,233.0,786.0
2021-08-01T20:00,35.8,582.9,233.0,793.0
2021-08-01T21:00,36.0,504.5,237.0,710.0
2021-08-01T22:00,34.6,451.3,220.0,609.0
2021-08-01T23:00,34.8,322.0,224.0,462.0
2021-08-02T00:00,38.4,415.7,145.0,385.0
2021-08-02T01:00,37.4,340.5,103.0,235.0
2021-08-02T02:00,34.8,120.2,49.0,71.0
2021-08-02T03:00,32.5,16.7,4.0,5.0
2021-08-02T04:00,31.5,0.0,0.0,0.0
2021-08-02T05:00,32.8,0.0,0.0,0.0
2021-08-02T06:00,30.2,0.0,0.0,0.0
2021-08-02T07:00,29.4,0.0,0.0,0.0
2021-08-02T08:00,28.5,0.0,0.0,0.0
2021-08-02T09:00,27.6,0.0,0.0,0.0
2021-08-02T10:00,27.2,0.0,0.0,0.0
2021-08-02T11:00,26.7,0.0,0.0,0.0
2021-08-02T12:00,26.9,0.0,0.0,0.0
2021-08-02T13:00,27.6,0.0,2.0,2.0
2021-08-02T14:00,28.8,270.2,38.0,79.0
2021-08-02T15:00,30.9,470.1,81.0,249.0
2021-08-02T16:00,33.7,569.0,110.0,423.0
2021-08-02T17:00,35.8,655.8,133.0,603.0
2021-08-02T18:00,37.2,756.7,142.0,782.0
2021-08-02T19:00,38.3,828.1,131.0,900.0
2021-08-02T20:00,39.4,827.6,134.0,928.0
2021-08-02T21:00,40.0,662.3,177.0,797.0
2021-08-02T22:00,40.7,707.8,155.0,764.0
2021-08-02T23:00,41.0,694.4,132.0,644.0
2021-08-03T00:00,41.5,591.0,113.0,453.0
2021-08-03T01:00,41.4,428.2,84.0,249.0
2021-08-03T02:00,40.2,232.9,42.0,84.0
2021-08-03T03:00,38.3,17.1,3.0,4.0
2021-08-03T04:00,37.1,0.0,0.0,0.0
2021-08-03T05:00,36.1,0.0,0.0,0.0
2021-08-03T06:00,35.3,0.0,0.0,0.0
2021-08-03T07:00,33.7,0.0,0.0,0.0
2021-08-03T08:00,31.8,0.0,0.0,0.0
2021-08-03T09:00,30.7,0.0,0.0,0.0
2021-08-03T10:00,30.2,0.0,0.0,0.0
2021-08-03T11:00,29.6,0.0,0.0,0.0
2021-08-03T12:00,29.8,0.0,0.0,0.0
2021-08-03T13:00,29.5,0.0,2.0,2.0
2021-08-03T14:00,30.8,314.2,39.0,86.0
2021-08-03T15:00,32.7,534.4,80.0,270.0
2021-08-03T16:00,34.6,689.1,99.0,477.0
2021-08-03T17:00,36.1,766.1,114.0,662.0
2021-08-03T18:00,37.6,804.0,127.0,806.0
2021-08-03T19:00,39.3,830.3,133.0,903.0
2021-08-03T20:00,40.9,852.7,129.0,946.0
2021-08-03T21:00,42.1,816.2,132.0,895.0
2021-08-03T22:00,42.8,683.4,157.0,744.0
2021-08-03T23:00,43.7,668.9,149.0,641.0
2021-08-04T00:00,42.7,682.1,103.0,494.0
2021-08-04T01:00,42.6,493.6,91.0,280.0
2021-08-04T02:00,42.0,321.0,47.0,104.0
2021-08-04T03:00,39.8,17.5,4.0,5.0
2021-08-04T04:00,38.0,0.0,0.0,0.0
2021-08-04T05:00,36.3,0.0,0.0,0.0
2021-08-04T06:00,35.2,0.0,0.0,0.0
2021-08-04T07:00,33.9,0.0,0.0,0.0
2021-08-04T08:00,32.0,0.0,0.0,0.0
2021-08-04T09:00,31.4,0.0,0.0,0.0
2021-08-04T10:00,31.7,0.0,0.0,0.0
2021-08-04T11:00,30.0,0.0,0.0,0.0
2021-08-04T12:00,28.7,0.0,0.0,0.0
2021-08-04T13:00,28.4,0.0,2.0,2.0
2021-08-04T14:00,30.3,352.8,39.0,91.0
2021-08-04T15:00,33.1,582.5,75.0,281.0
2021-08-04T16:00,35.2,718.6,95.0,488.0
2021-08-04T17:00,37.4,794.3,110.0,677.0
2021-08-04T18:00,39.4,839.7,119.0,827.0
2021-08-04T19:00,41.0,866.0,124.0,926.0
2021-08-04T20:00,42.5,875.8,126.0,964.0
2021-08-04T21:00,43.7,874.3,124.0,940.0
2021-08-04T22:00,44.5,856.2,118.0,852.0
2021-08-04T23:00,45.0,819.2,110.0,711.0
2021-08-05T00:00,44.2,747.8,97.0,524.0
2021-08-05T01:00,43.9,617.8,78.0,313.0
2021-08-05T02:00,42.3,394.8,45.0,114.0
2021-08-05T03:00,39.9,17.9,4.0,5.0
2021-08-05T04:00,38.0,0.0,0.0,0.0
2021-08-05T05:00,38.1,0.0,0.0,0.0
2021-08-05T06:00,36.6,0.0,0.0,0.0
2021-08-05T07:00,34.0,0.0,0.0,0.0
2021-08-05T08:00,33.4,0.0,0.0,0.0
2021-08-05T09:00,32.7,0.0,0.0,0.0
2021-08-05T10:00,31.9,0.0,0.0,0.0
2021-08-05T11:00,30.4,0.0,0.0,0.0
2021-08-05T12:00,30.4,0.0,0.0,0.0
2021-08-05T13:00,30.2,0.0,1.0,1.0
2021-08-05T14:00,31.4,316.6,38.0,84.0
2021-08-05T15:00,33.5,554.3,76.0,271.0
2021-08-05T16:00,35.1,691.4,97.0,474.0
2021-08-05T17:00,36.6,769.2,111.0,659.0
2021-08-05T18:00,38.0,814.9,120.0,806.0
2021-08-05T19:00,39.2,839.1,127.0,903.0
2021-08-05T20:00,40.3,848.8,128.0,939.0
2021-08-05T21:00,41.4,844.5,126.0,913.0
2021-08-05T22:00,42.3,824.0,120.0,825.0
2021-08-05T23:00,42.7,757.1,119.0,673.0
2021-08-06T00:00,41.4,590.8,106.0,442.0
2021-08-06T01:00,41.6,598.2,78.0,304.0
2021-08-06T02:00,41.1,378.2,45.0,110.0
2021-08-06T03:00,40.0,18.4,4.0,5.0
2021-08-06T04:00,38.6,0.0,0.0,0.0
2021-08-06T05:00,37.3,0.0,0.0,0.0
2021-08-06T06:00,36.2,0.0,0.0,0.0
2021-08-06T07:00,35.0,0.0,0.0,0.0
2021-08-06T08:00,33.7,0.0,0.0,0.0
2021-08-06T09:00,32.7,0.0,0.0,0.0
2021-08-06T10:00,31.7,0.0,0.0,0.0
2021-08-06T11:00,30.9,0.0,0.0,0.0
2021-08-06T12:00,31.2,0.0,0.0,0.0
2021-08-06T13:00,31.3,0.0,1.0,1.0
2021-08-06T14:00,32.4,304.8,39.0,83.0
2021-08-06T15:00,33.9,540.2,77.0,266.0
2021-08-06T16:00,35.3,673.3,100.0,466.0
2021-08-06T17:00,36.6,749.7,115.0,648.0
2021-08-06T18:00,37.9,797.2,125.0,795.0
2021-08-06T19:00,39.1,811.1,132.0,881.0
2021-08-06T20:00,40.2,800.8,142.0,906.0
2021-08-06T21:00,41.1,785.8,142.0,873.0
2021-08-06T22:00,41.7,741.4,146.0,779.0
2021-08-06T23:00,41.9,644.1,141.0,611.0
2021-08-07T00:00,40.9,520.8,108.0,403.0
2021-08-07T01:00,40.7,415.8,78.0,234.0
2021-08-07T02:00,40.2,284.2,39.0,87.0
2021-08-07T03:00,39.0,19.0,2.0,3.0
2021-08-07T04:00,37.8,0.0,0.0,0.0
2021-08-07T05:00,36.9,0.0,0.0,0.0
2021-08-07T06:00,35.0,0.0,0.0,0.0
2021-08-07T07:00,34.1,0.0,0.0,0.0
2021-08-07T08:00,33.2,0.0,0.0,0.0
2021-08-07T09:00,32.4,0.0,0.0,0.0
2021-08-07T10:00,31.7,0.0,0.0,0.0
2021-08-07T11:00,31.1,0.0,0.0,0.0
2021-08-07T12:00,30.8,0.0,0.0,0.0
2021-08-07T13:00,30.5,0.0,1.0,1.0
2021-08-07T14:00,31.7,306.9,38.0,82.0
2021-08-07T15:00,33.4,543.2,76.0,265.0
2021-08-07T16:00,34.8,680.9,98.0,467.0
2021-08-07T17:00,36.0,759.8,113.0,652.0
2021-08-07T18:00,37.3,805.6,123.0,799.0
2021-08-07T19:00,38.7,831.9,128.0,895.0
2021-08-07T20:00,40.1,829.3,133.0,923.0
2021-08-07T21:00,40.9,716.0,158.0,823.0
2021-08-07T22:00,41.2,595.1,149.0,656.0
2021-08-07T23:00,41.2,552.5,139.0,541.0
2021-08-08T00:00,40.3,569.1,118.0,439.0
2021-08-08T01:00,40.1,445.7,80.0,246.0
2021-08-08T02:00,39.5,289.4,41.0,89.0
2021-08-08T03:00,38.6,19.1,2.0,3.0
2021-08-08T04:00,37.7,0.0,0.0,0.0
2021-08-08T05:00,36.9,0.0,0.0,0.0
2021-08-08T06:00,35.8,0.0,0.0,0.0
2021-08-08T07:00,34.1,0.0,0.0,0.0
2021-08-08T08:00,33.1,0.0,0.0,0.0
2021-08-08T09:00,32.1,0.0,0.0,0.0
2021-08-08T10:00,31.4,0.0,0.0,0.0
2021-08-08T11:00,30.6,0.0,0.0,0.0
2021-08-08T12:00,30.6,0.0,0.0,0.0
2021-08-08T13:00,30.7,0.0,1.0,1.0
2021-08-08T14:00,31.3,302.0,37.0,80.0
2021-08-08T15:00,32.3,537.5,77.0,263.0
2021-08-08T16:00,33.6,675.7,99.0,464.0
2021-08-08T17:00,35.0,758.6,113.0,650.0
2021-08-08T18:00,36.5,804.6,124.0,798.0
2021-08-08T19:00,38.2,831.0,129.0,894.0
2021-08-08T20:00,39.6,835.9,133.0,928.0
2021-08-08T21:00,40.5,826.3,132.0,898.0
2021-08-08T22:00,40.7,637.6,165.0,707.0
2021-08-08T23:00,40.7,537.6,133.0,523.0
2021-08-09T00:00,40.1,569.9,113.0,433.0
2021-08-09T01:00,39.6,389.6,74.0,218.0
2021-08-09T02:00,38.9,276.5,38.0,83.0
2021-08-09T03:00,38.1,0.0,3.0,3.0
2021-08-09T04:00,37.4,0.0,0.0,0.0
2021-08-09T05:00,35.5,0.0,0.0,0.0
2021-08-09T06:00,33.8,0.0,0.0,0.0
2021-08-09T07:00,32.6,0.0,0.0,0.0
2021-08-09T08:00,31.6,0.0,0.0,0.0
2021-08-09T09:00,30.9,0.0,0.0,0.0
2021-08-09T10:00,30.4,0.0,0.0,0.0
2021-08-09T11:00,29.9,0.0,0.0,0.0
2021-08-09T12:00,30.3,0.0,0.0,0.0
2021-08-09T13:00,29.6,0.0,1.0,1.0
2021-08-09T14:00,29.0,63.6,38.0,47.0
2021-08-09T15:00,29.4,168.6,93.0,151.0
2021-08-09T16:00,27.7,100.3,119.0,173.0
2021-08-09T17:00,28.5,120.3,148.0,233.0
2021-08-09T18:00,29.5,145.9,271.0,393.0
2021-08-09T19:00,30.4,143.6,289.0,421.0
2021-08-09T20:00,31.0,85.3,377.0,458.0
2021-08-09T21:00,31.2,221.5,397.0,602.0
2021-08-09T22:00,31.3,142.7,354.0,475.0
2021-08-09T23:00,30.0,19.4,250.0,264.0
2021-08-10T00:00,33.6,8.9,191.0,196.0
2021-08-10T01:00,33.7,0.0,107.0,107.0
2021-08-10T02:00,33.5,18.8,35.0,38.0
2021-08-10T03:00,33.1,0.0,2.0,2.0
2021-08-10T04:00,32.2,0.0,0.0,0.0
2021-08-10T05:00,29.6,0.0,0.0,0.0
2021-08-10T06:00,29.1,0.0,0.0,0.0
2021-08-10T07:00,29.2,0.0,0.0,0.0
2021-08-10T08:00,28.8,0.0,0.0,0.0
2021-08-10T09:00,28.2,0.0,0.0,0.0
2021-08-10T10:00,27.8,0.0,0.0,0.0
2021-08-10T11:00,26.5,0.0,0.0,0.0
2021-08-10T12:00,25.6,0.0,0.0,0.0
2021-08-10T13:00,25.8,0.0,0.0,0.0
2021-08-10T14:00,26.4,35.6,23.0,28.0
2021-08-10T15:00,26.3,93.5,84.0,116.0
2021-08-10T16:00,25.9,54.0,150.0,179.0
2021-08-10T17:00,26.4,208.6,231.0,378.0
2021-08-10T18:00,26.7,262.4,293.0,512.0
2021-08-10T19:00,28.0,417.4,285.0,668.0
2021-08-10T20:00,29.2,555.9,281.0,808.0
2021-08-10T21:00,30.1,665.9,220.0,835.0
2021-08-10T22:00,31.0,641.7,195.0,738.0
2021-08-10T23:00,31.3,689.4,139.0,636.0
2021-08-11T00:00,32.2,557.2,121.0,431.0
2021-08-11T01:00,31.9,360.1,99.0,230.0
2021-08-11T02:00,31.0,198.4,49.0,80.0
2021-08-11T03:00,29.7,0.0,2.0,2.0
2021-08-11T04:00,29.4,0.0,0.0,0.0
2021-08-11T05:00,28.7,0.0,0.0,0.0
2021-08-11T06:00,28.2,0.0,0.0,0.0
2021-08-11T07:00,27.9,0.0,0.0,0.0
2021-08-11T08:00,27.1,0.0,0.0,0.0
2021-08-11T09:00,25.3,0.0,0.0,0.0
2021-08-11T10:00,24.6,0.0,0.0,0.0
2021-08-11T11:00,23.9,0.0,0.0,0.0
2021-08-11T12:00,23.7,0.0,0.0,0.0
2021-08-11T13:00,23.2,0.0,0.0,0.0
2021-08-11T14:00,23.3,78.9,24.0,35.0
2021-08-11T15:00,23.7,58.8,87.0,107.0
2021-08-11T16:00,23.9,54.2,140.0,169.0
2021-08-11T17:00,24.2,106.7,193.0,268.0
2021-08-11T18:00,25.9,400.9,248.0,582.0
2021-08-11T19:00,27.5,531.6,247.0,734.0
2021-08-11T20:00,28.6,567.4,263.0,800.0
2021-08-11T21:00,29.5,581.5,232.0,768.0
2021-08-11T22:00,30.0,672.9,176.0,744.0
2021-08-11T23:00,30.2,626.2,130.0,580.0
2021-08-12T00:00,28.6,597.8,111.0,442.0
2021-08-12T01:00,27.9,58.2,95.0,116.0
2021-08-12T02:00,26.3,26.2,32.0,36.0
2021-08-12T03:00,26.2,0.0,1.0,1.0
2021-08-12T04:00,26.0,0.0,0.0,0.0
2021-08-12T05:00,25.3,0.0,0.0,0.0
2021-08-12T06:00,24.8,0.0,0.0,0.0
2021-08-12T07:00,24.4,0.0,0.0,0.0
2021-08-12T08:00,24.6,0.0,0.0,0.0
2021-08-12T09:00,24.4,0.0,0.0,0.0
2021-08-12T10:00,24.5,0.0,0.0,0.0
2021-08-12T11:00,24.1,0.0,0.0,0.0
2021-08-12T12:00,24.3,0.0,0.0,0.0
2021-08-12T13:00,23.7,0.0,0.0,0.0
2021-08-12T14:00,23.9,28.9,19.0,23.0
2021-08-12T15:00,24.2,3.0,52.0,53.0
2021-08-12T16:00,25.1,151.9,151.0,232.0
2021-08-12T17:00,25.7,139.7,212.0,310.0
2021-08-12T18:00,26.6,291.0,206.0,448.0
2021-08-12T19:00,27.7,507.3,247.0,711.0
2021-08-12T20:00,28.5,659.5,231.0,854.0
2021-08-12T21:00,29.4,664.2,206.0,817.0
2021-08-12T22:00,29.8,627.1,185.0,713.0
2021-08-12T23:00,29.9,508.3,178.0,542.0
2021-08-13T00:00,30.7,230.5,167.0,294.0
2021-08-13T01:00,29.9,363.4,90.0,220.0
2021-08-13T02:00,28.7,207.2,37.0,68.0
2021-08-13T03:00,27.9,0.0,1.0,1.0
2021-08-13T04:00,27.6,0.0,0.0,0.0
2021-08-13T05:00,27.4,0.0,0.0,0.0
2021-08-13T06:00,27.0,0.0,0.0,0.0
2021-08-13T07:00,26.5,0.0,0.0,0.0
2021-08-13T08:00,26.4,0.0,0.0,0.0
2021-08-13T09:00,26.0,0.0,0.0,0.0
2021-08-13T10:00,25.6,0.0,0.0,0.0
2021-08-13T11:00,25.1,0.0,0.0,0.0
2021-08-13T12:00,24.5,0.0,0.0,0.0
2021-08-13T13:00,24.7,0.0,0.0,0.0
2021-08-13T14:00,25.3,167.3,36.0,59.0
2021-08-13T15:00,26.9,291.4,105.0,203.0
2021-08-13T16:00,27.5,308.5,129.0,293.0
2021-08-13T17:00,28.3,348.6,216.0,460.0
2021-08-13T18:00,28.8,192.7,221.0,381.0
2021-08-13T19:00,28.9,134.7,269.0,392.0
2021-08-13T20:00,30.5,471.9,327.0,772.0
2021-08-13T21:00,31.1,603.5,200.0,754.0
2021-08-13T22:00,31.6,627.5,178.0,705.0
2021-08-13T23:00,32.0,552.1,156.0,550.0
2021-08-14T00:00,32.8,591.0,118.0,442.0
2021-08-14T01:00,31.2,361.0,98.0,226.0
2021-08-14T02:00,29.9,245.2,41.0,77.0
2021-08-14T03:00,29.3,0.0,1.0,1.0
2021-08-14T04:00,28.6,0.0,0.0,0.0
2021-08-14T05:00,27.8,0.0,0.0,0.0
2021-08-14T06:00,26.6,0.0,0.0,0.0
2021-08-14T07:00,25.8,0.0,0.0,0.0
2021-08-14T08:00,24.9,0.0,0.0,0.0
2021-08-14T09:00,24.8,0.0,0.0,0.0
2021-08-14T10:00,24.9,0.0,0.0,0.0
2021-08-14T11:00,24.8,0.0,0.0,0.0
2021-08-14T12:00,24.0,0.0,0.0,0.0
2021-08-14T13:00,24.0,0.0,0.0,0.0
2021-08-14T14:00,24.2,0.0,13.0,13.0
2021-08-14T15:00,24.6,0.0,53.0,53.0
2021-08-14T16:00,25.3,39.6,173.0,194.0
2021-08-14T17:00,26.1,64.4,265.0,310.0
2021-08-14T18:00,27.0,267.9,312.0,534.0
2021-08-14T19:00,28.2,365.4,368.0,701.0
2021-08-14T20:00,29.2,519.5,271.0,760.0
2021-08-14T21:00,29.8,652.8,195.0,793.0
2021-08-14T22:00,30.4,643.5,171.0,710.0
2021-08-14T23:00,30.6,648.2,132.0,593.0
2021-08-15T00:00,31.9,539.1,114.0,408.0
2021-08-15T01:00,30.6,284.5,94.0,194.0
2021-08-15T02:00,28.9,130.9,35.0,54.0
2021-08-15T03:00,28.1,0.0,1.0,1.0
2021-08-15T04:00,27.4,0.0,0.0,0.0
2021-08-15T05:00,26.8,0.0,0.0,0.0
2021-08-15T06:00,26.3,0.0,0.0,0.0
2021-08-15T07:00,26.0,0.0,0.0,0.0
2021-08-15T08:00,25.7,0.0,0.0,0.0
2021-08-15T09:00,25.6,0.0,0.0,0.0
2021-08-15T10:00,25.5,0.0,0.0,0.0
2021-08-15T11:00,25.6,0.0,0.0,0.0
2021-08-15T12:00,26.6,0.0,0.0,0.0
2021-08-15T13:00,26.6,0.0,0.0,0.0
2021-08-15T14:00,27.0,22.1,35.0,38.0
2021-08-15T15:00,28.3,120.4,130.0,170.0
2021-08-15T16:00,29.2,113.6,210.0,270.0
2021-08-15T17:00,30.1,284.2,260.0,458.0
2021-08-15T18:00,30.4,210.4,255.0,429.0
2021-08-15T19:00,31.4,380.3,297.0,643.0
2021-08-15T20:00,32.2,622.7,211.0,796.0
2021-08-15T21:00,32.7,722.0,171.0,831.0
2021-08-15T22:00,32.8,726.6,138.0,745.0
2021-08-15T23:00,33.1,700.0,126.0,622.0
2021-08-16T00:00,34.6,573.3,115.0,426.0
2021-08-16T01:00,34.1,399.2,101.0,240.0
2021-08-16T02:00,33.3,236.9,40.0,74.0
2021-08-16T03:00,30.9,0.0,1.0,1.0
2021-08-16T04:00,30.1,0.0,0.0,0.0
2021-08-16T05:00,30.6,0.0,0.0,0.0
2021-08-16T06:00,28.6,0.0,0.0,0.0
2021-08-16T07:00,27.6,0.0,0.0,0.0
2021-08-16T08:00,27.0,0.0,0.0,0.0
2021-08-16T09:00,26.5,0.0,0.0,0.0
2021-08-16T10:00,26.1,0.0,0.0,0.0
2021-08-16T11:00,25.9,0.0,0.0,0.0
2021-08-16T12:00,26.1,0.0,0.0,0.0
2021-08-16T13:00,26.2,0.0,0.0,0.0
2021-08-16T14:00,27.2,238.0,33.0,65.0
2021-08-16T15:00,28.9,472.2,84.0,240.0
2021-08-16T16:00,30.2,592.9,122.0,434.0
2021-08-16T17:00,31.4,592.7,174.0,586.0
2021-08-16T18:00,32.6,529.5,229.0,666.0
2021-08-16T19:00,33.4,424.0,338.0,723.0
2021-08-16T20:00,33.8,780.7,152.0,884.0
2021-08-16T21:00,33.2,597.6,182.0,727.0
2021-08-16T22:00,32.6,459.8,218.0,601.0
2021-08-16T23:00,32.4,471.7,163.0,496.0
2021-08-17T00:00,28.5,394.9,152.0,365.0
2021-08-17T01:00,28.9,0.0,48.0,48.0
2021-08-17T02:00,29.2,21.2,33.0,36.0
2021-08-17T03:00,28.9,0.0,1.0,1.0
2021-08-17T04:00,28.5,0.0,0.0,0.0
2021-08-17T05:00,28.2,0.0,0.0,0.0
2021-08-17T06:00,28.1,0.0,0.0,0.0
2021-08-17T07:00,26.8,0.0,0.0,0.0
2021-08-17T08:00,26.1,0.0,0.0,0.0
2021-08-17T09:00,25.2,0.0,0.0,0.0
2021-08-17T10:00,25.0,0.0,0.0,0.0
2021-08-17T11:00,24.7,0.0,0.0,0.0
2021-08-17T12:00,22.8,0.0,0.0,0.0
2021-08-17T13:00,23.0,0.0,0.0,0.0
2021-08-17T14:00,23.7,164.9,25.0,47.0
2021-08-17T15:00,24.5,249.7,93.0,175.0
2021-08-17T16:00,25.6,297.4,139.0,295.0
2021-08-17T17:00,26.6,416.8,196.0,485.0
2021-08-17T18:00,27.7,524.5,207.0,639.0
2021-08-17T19:00,28.6,580.4,205.0,731.0
2021-08-17T20:00,29.5,639.1,200.0,798.0
2021-08-17T21:00,30.9,778.1,151.0,859.0
2021-08-17T22:00,31.3,752.5,142.0,767.0
2021-08-17T23:00,31.6,635.7,147.0,594.0
2021-08-18T00:00,32.4,533.2,127.0,413.0
2021-08-18T01:00,31.2,231.4,93.0,172.0
2021-08-18T02:00,29.0,178.5,34.0,59.0
2021-08-18T03:00,27.2,0.0,0.0,0.0
2021-08-18T04:00,26.2,0.0,0.0,0.0
2021-08-18T05:00,25.7,0.0,0.0,0.0
2021-08-18T06:00,25.2,0.0,0.0,0.0
2021-08-18T07:00,24.8,0.0,0.0,0.0
2021-08-18T08:00,24.5,0.0,0.0,0.0
2021-08-18T09:00,23.6,0.0,0.0,0.0
2021-08-18T10:00,23.5,0.0,0.0,0.0
2021-08-18T11:00,23.4,0.0,0.0,0.0
2021-08-18T12:00,24.7,0.0,0.0,0.0
2021-08-18T13:00,24.5,0.0,0.0,0.0
2021-08-18T14:00,24.8,105.7,25.0,39.0
2021-08-18T15:00,24.5,128.7,73.0,115.0
2021-08-18T16:00,25.8,367.3,164.0,356.0
2021-08-18T17:00,26.8,388.9,171.0,440.0
2021-08-18T18:00,26.7,481.8,217.0,613.0
2021-08-18T19:00,28.1,483.2,251.0,688.0
2021-08-18T20:00,28.9,469.1,259.0,697.0
2021-08-18T21:00,29.2,468.2,243.0,668.0
2021-08-18T22:00,29.5,499.9,206.0,620.0
2021-08-18T23:00,29.7,584.0,147.0,556.0
2021-08-19T00:00,27.8,352.6,131.0,319.0
2021-08-19T01:00,27.1,221.9,98.0,173.0
2021-08-19T02:00,26.0,173.5,31.0,55.0
2021-08-19T03:00,25.3,0.0,0.0,0.0
2021-08-19T04:00,25.1,0.0,0.0,0.0
2021-08-19T05:00,24.7,0.0,0.0,0.0
2021-08-19T06:00,24.3,0.0,0.0,0.0
2021-08-19T07:00,24.2,0.0,0.0,0.0
2021-08-19T08:00,23.9,0.0,0.0,0.0
2021-08-19T09:00,23.3,0.0,0.0,0.0
2021-08-19T10:00,22.8,0.0,0.0,0.0
2021-08-19T11:00,22.2,0.0,0.0,0.0
2021-08-19T12:00,23.2,0.0,0.0,0.0
2021-08-19T13:00,23.1,0.0,0.0,0.0
2021-08-19T14:00,24.3,266.3,30.0,65.0
2021-08-19T15:00,26.3,542.5,73.0,249.0
2021-08-19T16:00,28.0,689.3,95.0,454.0
2021-08-19T17:00,29.4,766.7,112.0,641.0
2021-08-19T18:00,30.4,821.8,119.0,793.0
2021-08-19T19:00,30.7,766.6,135.0,827.0
2021-08-19T20:00,31.7,707.3,159.0,818.0
2021-08-19T21:00,33.2,709.1,154.0,796.0
2021-08-19T22:00,32.2,493.0,222.0,629.0
2021-08-19T23:00,30.2,293.9,230.0,435.0
2021-08-20T00:00,30.9,269.9,188.0,331.0
2021-08-20T01:00,30.7,326.0,85.0,194.0
2021-08-20T02:00,29.2,190.5,29.0,55.0
2021-08-20T03:00,28.2,0.0,0.0,0.0
2021-08-20T04:00,27.6,0.0,0.0,0.0
2021-08-20T05:00,27.0,0.0,0.0,0.0
2021-08-20T06:00,26.2,0.0,0.0,0.0
2021-08-20T07:00,25.5,0.0,0.0,0.0
2021-08-20T08:00,25.2,0.0,0.0,0.0
2021-08-20T09:00,25.6,0.0,0.0,0.0
2021-08-20T10:00,24.3,0.0,0.0,0.0
2021-08-20T11:00,23.9,0.0,0.0,0.0
2021-08-20T12:00,24.6,0.0,0.0,0.0
2021-08-20T13:00,24.4,0.0,0.0,0.0
2021-08-20T14:00,25.4,191.7,26.0,51.0
2021-08-20T15:00,27.6,331.9,82.0,189.0
2021-08-20T16:00,28.4,323.7,132.0,300.0
2021-08-20T17:00,29.4,528.9,149.0,513.0
2021-08-20T18:00,30.4,584.1,184.0,662.0
2021-08-20T19:00,31.5,699.4,177.0,807.0
2021-08-20T20:00,32.2,709.9,168.0,828.0
2021-08-20T21:00,32.9,708.7,153.0,793.0
2021-08-20T22:00,33.2,701.2,140.0,717.0
2021-08-20T23:00,33.3,678.2,126.0,597.0
2021-08-21T00:00,34.0,622.9,101.0,429.0
2021-08-21T01:00,33.5,520.2,73.0,245.0
2021-08-21T02:00,31.7,297.2,31.0,71.0
2021-08-21T03:00,28.4,0.0,0.0,0.0
2021-08-21T04:00,26.8,0.0,0.0,0.0
2021-08-21T05:00,26.2,0.0,0.0,0.0
2021-08-21T06:00,25.8,0.0,0.0,0.0
2021-08-21T07:00,24.9,0.0,0.0,0.0
2021-08-21T08:00,24.1,0.0,0.0,0.0
2021-08-21T09:00,23.6,0.0,0.0,0.0
2021-08-21T10:00,25.0,0.0,0.0,0.0
2021-08-21T11:00,23.1,0.0,0.0,0.0
2021-08-21T12:00,23.4,0.0,0.0,0.0
2021-08-21T13:00,23.7,0.0,0.0,0.0
2021-08-21T14:00,24.7,270.5,28.0,63.0
2021-08-21T15:00,26.6,549.3,71.0,247.0
2021-08-21T16:00,28.4,701.9,92.0,455.0
2021-08-21T17:00,29.9,785.3,107.0,646.0
2021-08-21T18:00,31.3,835.2,114.0,796.0
2021-08-21T19:00,32.6,863.4,118.0,894.0
2021-08-21T20:00,33.5,781.7,145.0,870.0
2021-08-21T21:00,34.4,787.2,148.0,857.0
2021-08-21T22:00,34.9,742.5,139.0,748.0
2021-08-21T23:00,35.1,620.5,151.0,580.0
2021-08-22T00:00,35.4,709.2,92.0,463.0
2021-08-22T01:00,34.6,569.0,71.0,257.0
2021-08-22T02:00,30.7,294.0,30.0,69.0
2021-08-22T03:00,29.5,0.0,0.0,0.0
2021-08-22T04:00,28.1,0.0,0.0,0.0
2021-08-22T05:00,26.9,0.0,0.0,0.0
2021-08-22T06:00,27.2,0.0,0.0,0.0
2021-08-22T07:00,26.9,0.0,0.0,0.0
2021-08-22T08:00,27.2,0.0,0.0,0.0
2021-08-22T09:00,26.1,0.0,0.0,0.0
2021-08-22T10:00,24.9,0.0,0.0,0.0
2021-08-22T11:00,24.1,0.0,0.0,0.0
2021-08-22T12:00,25.2,0.0,0.0,0.0
2021-08-22T13:00,24.0,0.0,0.0,0.0
2021-08-22T14:00,24.8,272.6,28.0,63.0
2021-08-22T15:00,26.8,555.9,70.0,247.0
2021-08-22T16:00,29.0,702.6,92.0,454.0
2021-08-22T17:00,30.6,781.5,107.0,642.0
2021-08-22T18:00,32.0,826.1,117.0,790.0
2021-08-22T19:00,33.3,850.8,122.0,885.0
2021-08-22T20:00,34.4,864.6,122.0,922.0
2021-08-22T21:00,35.0,782.7,132.0,835.0
2021-08-22T22:00,35.5,751.2,125.0,739.0
2021-08-22T23:00,35.6,774.4,107.0,640.0
2021-08-23T00:00,36.9,698.6,93.0,456.0
2021-08-23T01:00,34.4,582.0,70.0,258.0
2021-08-23T02:00,30.7,306.1,28.0,68.0
2021-08-23T03:00,28.8,0.0,0.0,0.0
2021-08-23T04:00,27.3,0.0,0.0,0.0
2021-08-23T05:00,26.6,0.0,0.0,0.0
2021-08-23T06:00,26.1,0.0,0.0,0.0
2021-08-23T07:00,26.8,0.0,0.0,0.0
2021-08-23T08:00,26.2,0.0,0.0,0.0
2021-08-23T09:00,24.4,0.0,0.0,0.0
2021-08-23T10:00,23.4,0.0,0.0,0.0
2021-08-23T11:00,22.6,0.0,0.0,0.0
2021-08-23T12:00,22.8,0.0,0.0,0.0
2021-08-23T13:00,21.7,0.0,0.0,0.0
2021-08-23T14:00,23.4,282.7,27.0,63.0
2021-08-23T15:00,26.0,575.3,69.0,251.0
2021-08-23T16:00,29.1,722.7,92.0,463.0
2021-08-23T17:00,31.9,808.5,104.0,656.0
2021-08-23T18:00,34.4,858.7,114.0,812.0
2021-08-23T19:00,36.3,886.2,119.0,912.0
2021-08-23T20:00,37.5,894.8,120.0,946.0
2021-08-23T21:00,38.5,888.7,118.0,914.0
2021-08-23T22:00,39.0,866.8,113.0,819.0
2021-08-23T23:00,39.0,823.4,104.0,668.0
2021-08-24T00:00,38.5,744.1,90.0,474.0
2021-08-24T01:00,37.5,592.3,70.0,259.0
2021-08-24T02:00,32.2,303.1,27.0,66.0
2021-08-24T03:00,29.4,0.0,0.0,0.0
2021-08-24T04:00,28.3,0.0,0.0,0.0
2021-08-24T05:00,30.3,0.0,0.0,0.0
2021-08-24T06:00,27.2,0.0,0.0,0.0
2021-08-24T07:00,26.3,0.0,0.0,0.0
2021-08-24T08:00,26.0,0.0,0.0,0.0
2021-08-24T09:00,25.3,0.0,0.0,0.0
2021-08-24T10:00,28.0,0.0,0.0,0.0
2021-08-24T11:00,26.0,0.0,0.0,0.0
2021-08-24T12:00,23.2,0.0,0.0,0.0
2021-08-24T13:00,22.7,0.0,0.0,0.0
2021-08-24T14:00,24.3,269.2,26.0,60.0
2021-08-24T15:00,27.3,560.0,69.0,245.0
2021-08-24T16:00,30.4,703.9,93.0,453.0
2021-08-24T17:00,33.1,787.3,107.0,643.0
2021-08-24T18:00,35.1,832.4,117.0,792.0
2021-08-24T19:00,36.5,856.9,121.0,886.0
2021-08-24T20:00,37.4,863.4,123.0,918.0
2021-08-24T21:00,38.2,855.5,122.0,886.0
2021-08-24T22:00,38.8,834.2,113.0,790.0
2021-08-24T23:00,39.3,783.3,104.0,638.0
2021-08-25T00:00,38.3,675.3,96.0,442.0
2021-08-25T01:00,37.9,533.1,71.0,239.0
2021-08-25T02:00,34.0,252.7,26.0,58.0
2021-08-25T03:00,32.4,0.0,0.0,0.0
2021-08-25T04:00,31.4,0.0,0.0,0.0
2021-08-25T05:00,32.0,0.0,0.0,0.0
2021-08-25T06:00,33.7,0.0,0.0,0.0
2021-08-25T07:00,31.7,0.0,0.0,0.0
2021-08-25T08:00,28.1,0.0,0.0,0.0
2021-08-25T09:00,26.8,0.0,0.0,0.0
2021-08-25T10:00,26.5,0.0,0.0,0.0
2021-08-25T11:00,26.0,0.0,0.0,0.0
2021-08-25T12:00,24.5,0.0,0.0,0.0
2021-08-25T13:00,24.3,0.0,0.0,0.0
2021-08-25T14:00,26.3,239.5,26.0,56.0
2021-08-25T15:00,29.2,522.1,71.0,234.0
2021-08-25T16:00,32.2,686.9,93.0,443.0
2021-08-25T17:00,35.0,771.8,107.0,631.0
2021-08-25T18:00,36.9,818.4,117.0,779.0
2021-08-25T19:00,38.4,844.4,122.0,874.0
2021-08-25T20:00,39.7,853.6,123.0,907.0
2021-08-25T21:00,40.8,847.9,121.0,876.0
2021-08-25T22:00,41.5,823.7,115.0,781.0
2021-08-25T23:00,41.9,772.5,108.0,632.0
2021-08-26T00:00,40.8,692.0,91.0,443.0
2021-08-26T01:00,39.9,511.1,71.0,230.0
2021-08-26T02:00,37.1,232.8,26.0,55.0
2021-08-26T03:00,37.2,0.0,0.0,0.0
2021-08-26T04:00,34.6,0.0,0.0,0.0
2021-08-26T05:00,34.3,0.0,0.0,0.0
2021-08-26T06:00,32.7,0.0,0.0,0.0
2021-08-26T07:00,31.1,0.0,0.0,0.0
2021-08-26T08:00,29.9,0.0,0.0,0.0
2021-08-26T09:00,28.3,0.0,0.0,0.0
2021-08-26T10:00,27.2,0.0,0.0,0.0
2021-08-26T11:00,26.6,0.0,0.0,0.0
2021-08-26T12:00,25.7,0.0,0.0,0.0
2021-08-26T13:00,25.5,0.0,0.0,0.0
2021-08-26T14:00,27.4,249.5,25.0,56.0
2021-08-26T15:00,31.0,544.9,68.0,237.0
2021-08-26T16:00,34.4,695.5,91.0,444.0
2021-08-26T17:00,37.0,779.9,105.0,633.0
2021-08-26T18:00,39.1,830.3,113.0,783.0
2021-08-26T19:00,40.6,856.6,117.0,878.0
2021-08-26T20:00,41.6,864.6,120.0,912.0
2021-08-26T21:00,42.5,843.7,123.0,872.0
2021-08-26T22:00,43.3,828.1,115.0,782.0
2021-08-26T23:00,43.5,776.4,106.0,630.0
2021-08-27T00:00,42.2,701.1,92.0,446.0
2021-08-27T01:00,41.8,566.8,66.0,240.0
2021-08-27T02:00,38.1,261.3,24.0,56.0
2021-08-27T03:00,36.6,0.0,0.0,0.0
2021-08-27T04:00,34.8,0.0,0.0,0.0
2021-08-27T05:00,33.3,0.0,0.0,0.0
2021-08-27T06:00,33.1,0.0,0.0,0.0
2021-08-27T07:00,32.2,0.0,0.0,0.0
2021-08-27T08:00,30.9,0.0,0.0,0.0
2021-08-27T09:00,29.8,0.0,0.0,0.0
2021-08-27T10:00,29.2,0.0,0.0,0.0
2021-08-27T11:00,28.8,0.0,0.0,0.0
2021-08-27T12:00,28.9,0.0,0.0,0.0
2021-08-27T13:00,28.0,0.0,0.0,0.0
2021-08-27T14:00,29.0,251.6,24.0,55.0
2021-08-27T15:00,32.0,551.8,67.0,237.0
2021-08-27T16:00,35.3,702.2,90.0,445.0
2021-08-27T17:00,38.0,785.2,104.0,634.0
2021-08-27T18:00,40.0,833.7,112.0,783.0
2021-08-27T19:00,41.4,859.8,117.0,879.0
2021-08-27T20:00,42.4,851.6,124.0,902.0
2021-08-27T21:00,42.7,813.6,138.0,858.0
2021-08-27T22:00,43.0,695.4,151.0,709.0
2021-08-27T23:00,43.0,659.8,135.0,578.0
2021-08-28T00:00,42.5,574.8,115.0,403.0
2021-08-28T01:00,42.0,416.1,89.0,215.0
2021-08-28T02:00,40.9,182.8,29.0,51.0
2021-08-28T03:00,39.8,0.0,0.0,0.0
2021-08-28T04:00,36.5,0.0,0.0,0.0
2021-08-28T05:00,35.2,0.0,0.0,0.0
2021-08-28T06:00,33.9,0.0,0.0,0.0
2021-08-28T07:00,33.4,0.0,0.0,0.0
2021-08-28T08:00,32.2,0.0,0.0,0.0
2021-08-28T09:00,31.4,0.0,0.0,0.0
2021-08-28T10:00,30.5,0.0,0.0,0.0
2021-08-28T11:00,29.7,0.0,0.0,0.0
2021-08-28T12:00,29.5,0.0,0.0,0.0
2021-08-28T13:00,29.6,0.0,0.0,0.0
2021-08-28T14:00,30.5,180.1,22.0,44.0
2021-08-28T15:00,32.1,421.6,69.0,198.0
2021-08-28T16:00,33.9,464.7,109.0,343.0
2021-08-28T17:00,36.0,646.3,147.0,582.0
2021-08-28T18:00,37.6,776.1,124.0,747.0
2021-08-28T19:00,38.8,820.2,126.0,851.0
2021-08-28T20:00,39.9,844.1,125.0,894.0
2021-08-28T21:00,40.7,848.0,120.0,868.0
2021-08-28T22:00,41.2,818.3,114.0,768.0
2021-08-28T23:00,41.1,721.7,113.0,595.0
2021-08-29T00:00,39.5,619.5,112.0,420.0
2021-08-29T01:00,39.2,408.6,80.0,202.0
2021-08-29T02:00,37.5,177.7,24.0,45.0
2021-08-29T03:00,36.6,0.0,0.0,0.0
2021-08-29T04:00,35.7,0.0,0.0,0.0
2021-08-29T05:00,35.2,0.0,0.0,0.0
2021-08-29T06:00,33.9,0.0,0.0,0.0
2021-08-29T07:00,33.0,0.0,0.0,0.0
2021-08-29T08:00,31.9,0.0,0.0,0.0
2021-08-29T09:00,31.1,0.0,0.0,0.0
2021-08-29T10:00,30.1,0.0,0.0,0.0
2021-08-29T11:00,29.3,0.0,0.0,0.0
2021-08-29T12:00,28.7,0.0,0.0,0.0
2021-08-29T13:00,28.2,0.0,0.0,0.0
2021-08-29T14:00,28.7,90.9,25.0,36.0
2021-08-29T15:00,30.3,177.7,97.0,151.0
2021-08-29T16:00,32.3,321.0,160.0,321.0
2021-08-29T17:00,33.8,226.5,247.0,399.0
2021-08-29T18:00,36.0,527.1,256.0,678.0
2021-08-29T19:00,37.7,612.5,251.0,791.0
2021-08-29T20:00,38.9,635.1,256.0,833.0
2021-08-29T21:00,40.2,722.2,196.0,831.0
2021-08-29T22:00,40.7,569.1,228.0,681.0
2021-08-29T23:00,40.4,424.5,229.0,511.0
2021-08-30T00:00,40.7,332.5,160.0,324.0
2021-08-30T01:00,40.3,373.7,86.0,196.0
2021-08-30T02:00,38.5,155.1,25.0,43.0
2021-08-30T03:00,37.4,0.0,0.0,0.0
2021-08-30T04:00,36.3,0.0,0.0,0.0
2021-08-30T05:00,35.2,0.0,0.0,0.0
2021-08-30T06:00,34.3,0.0,0.0,0.0
2021-08-30T07:00,33.3,0.0,0.0,0.0
2021-08-30T08:00,32.8,0.0,0.0,0.0
2021-08-30T09:00,31.8,0.0,0.0,0.0
2021-08-30T10:00,31.2,0.0,0.0,0.0
2021-08-30T11:00,30.7,0.0,0.0,0.0
2021-08-30T12:00,29.9,0.0,0.0,0.0
2021-08-30T13:00,29.6,0.0,0.0,0.0
2021-08-30T14:00,30.2,100.0,18.0,30.0
2021-08-30T15:00,31.0,86.2,68.0,94.0
2021-08-30T16:00,32.2,22.0,131.0,142.0
2021-08-30T17:00,33.8,61.3,215.0,256.0
2021-08-30T18:00,35.2,151.5,341.0,462.0
2021-08-30T19:00,36.7,262.7,398.0,629.0
2021-08-30T20:00,36.9,39.7,392.0,428.0
2021-08-30T21:00,37.3,93.6,333.0,415.0
2021-08-30T22:00,38.6,661.1,197.0,721.0
2021-08-30T23:00,38.8,649.4,148.0,577.0
2021-08-31T00:00,38.6,627.5,107.0,414.0
2021-08-31T01:00,38.4,317.2,72.0,164.0
2021-08-31T02:00,37.1,140.5,20.0,36.0
2021-08-31T03:00,36.0,0.0,0.0,0.0
2021-08-31T04:00,35.3,0.0,0.0,0.0
2021-08-31T05:00,34.8,0.0,0.0,0.0
2021-08-31T06:00,33.4,0.0,0.0,0.0
2021-08-31T07:00,32.6,0.0,0.0,0.0
2021-08-31T08:00,32.0,0.0,0.0,0.0
2021-08-31T09:00,31.7,0.0,0.0,0.0
2021-08-31T10:00,31.1,0.0,0.0,0.0
2021-08-31T11:00,30.2,0.0,0.0,0.0
2021-08-31T12:00,29.3,0.0,0.0,0.0
2021-08-31T13:00,27.8,0.0,0.0,0.0
2021-08-31T14:00,28.0,84.1,19.0,29.0
2021-08-31T15:00,29.0,237.0,97.0,168.0
2021-08-31T16:00,30.0,321.7,175.0,335.0
2021-08-31T17:00,29.9,165.0,193.0,303.0
2021-08-31T18:00,30.7,419.5,207.0,541.0
2021-08-31T19:00,31.1,369.5,253.0,577.0
2021-08-31T20:00,32.4,512.6,217.0,680.0
2021-08-31T21:00,32.4,420.2,250.0,617.0
2021-08-31T22:00,32.1,238.2,232.0,420.0
2021-08-31T23:00,31.8,200.9,226.0,358.0
2021-09-01T00:00,28.8,94.8,115.0,161.0
2021-09-01T01:00,28.1,0.0,18.0,18.0
2021-09-01T02:00,27.2,0.0,4.0,4.0
2021-09-01T03:00,26.2,0.0,0.0,0.0
2021-09-01T04:00,25.6,0.0,0.0,0.0
2021-09-01T05:00,25.0,0.0,0.0,0.0
2021-09-01T06:00,24.5,0.0,0.0,0.0
2021-09-01T07:00,24.0,0.0,0.0,0.0
2021-09-01T08:00,23.9,0.0,0.0,0.0
2021-09-01T09:00,24.0,0.0,0.0,0.0
2021-09-01T10:00,24.1,0.0,0.0,0.0
2021-09-01T11:00,24.2,0.0,0.0,0.0
2021-09-01T12:00,24.1,0.0,0.0,0.0
2021-09-01T13:00,23.9,0.0,0.0,0.0
2021-09-01T14:00,23.7,118.8,17.0,31.0
2021-09-01T15:00,24.4,275.7,70.0,152.0
2021-09-01T16:00,25.1,428.0,127.0,339.0
2021-09-01T17:00,26.2,388.1,163.0,421.0
2021-09-01T18:00,27.9,685.1,149.0,693.0
2021-09-01T19:00,29.0,643.8,176.0,739.0
2021-09-01T20:00,29.8,654.1,182.0,771.0
2021-09-01T21:00,31.0,686.0,169.0,766.0
2021-09-01T22:00,30.8,500.0,143.0,536.0
2021-09-01T23:00,30.1,425.6,136.0,414.0
2021-09-02T00:00,32.0,538.4,100.0,359.0
2021-09-02T01:00,31.5,423.0,67.0,186.0
2021-09-02T02:00,27.5,100.5,15.0,26.0
2021-09-02T03:00,26.4,0.0,0.0,0.0
2021-09-02T04:00,26.2,0.0,0.0,0.0
2021-09-02T05:00,26.1,0.0,0.0,0.0
2021-09-02T06:00,26.1,0.0,0.0,0.0
2021-09-02T07:00,26.0,0.0,0.0,0.0
2021-09-02T08:00,25.6,0.0,0.0,0.0
2021-09-02T09:00,25.4,0.0,0.0,0.0
2021-09-02T10:00,25.1,0.0,0.0,0.0
2021-09-02T11:00,24.9,0.0,0.0,0.0
2021-09-02T12:00,24.8,0.0,0.0,0.0
2021-09-02T13:00,24.2,0.0,0.0,0.0
2021-09-02T14:00,24.4,60.0,17.0,24.0
2021-09-02T15:00,24.8,118.5,64.0,99.0
2021-09-02T16:00,24.9,245.3,138.0,259.0
2021-09-02T17:00,25.2,129.8,189.0,275.0
2021-09-02T18:00,26.4,279.1,204.0,425.0
2021-09-02T19:00,28.1,544.8,256.0,731.0
2021-09-02T20:00,29.0,606.0,246.0,790.0
2021-09-02T21:00,29.6,687.3,160.0,756.0
2021-09-02T22:00,30.3,687.5,133.0,671.0
2021-09-02T23:00,30.5,662.1,118.0,548.0
2021-09-03T00:00,32.8,587.0,96.0,376.0
2021-09-03T01:00,32.4,400.8,66.0,177.0
2021-09-03T02:00,30.4,140.0,18.0,33.0
2021-09-03T03:00,29.4,0.0,0.0,0.0
2021-09-03T04:00,28.5,0.0,0.0,0.0
2021-09-03T05:00,27.4,0.0,0.0,0.0
2021-09-03T06:00,26.8,0.0,0.0,0.0
2021-09-03T07:00,26.3,0.0,0.0,0.0
2021-09-03T08:00,25.7,0.0,0.0,0.0
2021-09-03T09:00,25.0,0.0,0.0,0.0
2021-09-03T10:00,24.5,0.0,0.0,0.0
2021-09-03T11:00,23.9,0.0,0.0,0.0
2021-09-03T12:00,24.8,0.0,0.0,0.0
2021-09-03T13:00,24.9,0.0,0.0,0.0
2021-09-03T14:00,25.3,190.2,22.0,44.0
2021-09-03T15:00,26.9,508.5,68.0,217.0
2021-09-03T16:00,29.3,667.9,92.0,420.0
2021-09-03T17:00,31.2,758.7,107.0,608.0
2021-09-03T18:00,32.5,815.8,114.0,758.0
2021-09-03T19:00,33.8,839.6,118.0,848.0
2021-09-03T20:00,34.8,785.6,138.0,841.0
2021-09-03T21:00,35.7,738.4,130.0,768.0
2021-09-03T22:00,36.2,618.7,141.0,623.0
2021-09-03T23:00,36.4,630.4,114.0,521.0
2021-09-04T00:00,36.5,585.8,90.0,367.0
2021-09-04T01:00,35.7,436.6,61.0,180.0
2021-09-04T02:00,33.2,142.9,16.0,31.0
2021-09-04T03:00,31.9,0.0,0.0,0.0
2021-09-04T04:00,30.7,0.0,0.0,0.0
2021-09-04T05:00,29.5,0.0,0.0,0.0
2021-09-04T06:00,28.4,0.0,0.0,0.0
2021-09-04T07:00,27.2,0.0,0.0,0.0
2021-09-04T08:00,26.5,0.0,0.0,0.0
2021-09-04T09:00,25.5,0.0,0.0,0.0
2021-09-04T10:00,24.9,0.0,0.0,0.0
2021-09-04T11:00,24.6,0.0,0.0,0.0
2021-09-04T12:00,26.3,0.0,0.0,0.0
2021-09-04T13:00,25.2,0.0,0.0,0.0
2021-09-04T14:00,26.4,52.4,23.0,29.0
2021-09-04T15:00,27.8,134.1,90.0,129.0
2021-09-04T16:00,31.0,585.0,111.0,397.0
2021-09-04T17:00,33.6,633.6,139.0,556.0
2021-09-04T18:00,35.0,580.6,217.0,674.0
2021-09-04T19:00,36.6,791.4,150.0,836.0
2021-09-04T20:00,37.8,830.7,125.0,866.0
2021-09-04T21:00,38.7,808.5,135.0,831.0
2021-09-04T22:00,39.2,791.7,119.0,733.0
2021-09-04T23:00,39.6,766.6,103.0,595.0
2021-09-05T00:00,39.3,659.3,91.0,400.0
2021-09-05T01:00,38.9,290.9,68.0,146.0
2021-09-05T02:00,37.7,107.1,14.0,25.0
2021-09-05T03:00,36.6,0.0,0.0,0.0
2021-09-05T04:00,35.3,0.0,0.0,0.0
2021-09-05T05:00,34.0,0.0,0.0,0.0
2021-09-05T06:00,32.5,0.0,0.0,0.0
2021-09-05T07:00,31.5,0.0,0.0,0.0
2021-09-05T08:00,30.2,0.0,0.0,0.0
2021-09-05T09:00,29.0,0.0,0.0,0.0
2021-09-05T10:00,27.8,0.0,0.0,0.0
2021-09-05T11:00,27.0,0.0,0.0,0.0
2021-09-05T12:00,27.7,0.0,0.0,0.0
2021-09-05T13:00,27.5,0.0,0.0,0.0
2021-09-05T14:00,28.7,167.5,20.0,39.0
2021-09-05T15:00,31.0,408.8,69.0,187.0
2021-09-05T16:00,33.0,505.4,103.0,349.0
2021-09-05T17:00,35.0,585.4,144.0,528.0
2021-09-05T18:00,36.7,630.8,171.0,666.0
2021-09-05T19:00,38.0,623.7,196.0,735.0
2021-09-05T20:00,39.4,753.5,157.0,827.0
2021-09-05T21:00,40.6,803.3,133.0,822.0
2021-09-05T22:00,41.2,803.1,120.0,740.0
2021-09-05T23:00,41.2,749.4,105.0,583.0
2021-09-06T00:00,40.7,579.1,92.0,361.0
2021-09-06T01:00,40.5,405.8,62.0,169.0
2021-09-06T02:00,39.2,129.5,15.0,28.0
2021-09-06T03:00,38.2,0.0,0.0,0.0
2021-09-06T04:00,35.4,0.0,0.0,0.0
2021-09-06T05:00,34.8,0.0,0.0,0.0
2021-09-06T06:00,33.2,0.0,0.0,0.0
2021-09-06T07:00,31.9,0.0,0.0,0.0
2021-09-06T08:00,31.0,0.0,0.0,0.0
2021-09-06T09:00,30.3,0.0,0.0,0.0
2021-09-06T10:00,29.8,0.0,0.0,0.0
2021-09-06T11:00,29.3,0.0,0.0,0.0
2021-09-06T12:00,27.0,0.0,0.0,0.0
2021-09-06T13:00,26.5,0.0,0.0,0.0
2021-09-06T14:00,27.0,204.7,19.0,42.0
2021-09-06T15:00,29.0,537.7,63.0,217.0
2021-09-06T16:00,31.3,695.6,86.0,423.0
2021-09-06T17:00,33.2,783.3,99.0,611.0
2021-09-06T18:00,34.8,830.9,109.0,759.0
2021-09-06T19:00,36.3,857.7,113.0,852.0
2021-09-06T20:00,37.5,866.6,114.0,882.0
2021-09-06T21:00,38.8,861.4,111.0,847.0
2021-09-06T22:00,39.4,816.0,111.0,738.0
2021-09-06T23:00,39.7,716.2,111.0,565.0
2021-09-07T00:00,38.4,623.6,90.0,377.0
2021-09-07T01:00,38.2,494.0,59.0,187.0
2021-09-07T02:00,37.7,142.7,14.0,28.0
2021-09-07T03:00,37.0,0.0,0.0,0.0
2021-09-07T04:00,35.9,0.0,0.0,0.0
2021-09-07T05:00,34.3,0.0,0.0,0.0
2021-09-07T06:00,33.4,0.0,0.0,0.0
2021-09-07T07:00,33.0,0.0,0.0,0.0
2021-09-07T08:00,32.3,0.0,0.0,0.0
2021-09-07T09:00,31.2,0.0,0.0,0.0
2021-09-07T10:00,30.3,0.0,0.0,0.0
2021-09-07T11:00,29.7,0.0,0.0,0.0
2021-09-07T12:00,29.2,0.0,0.0,0.0
2021-09-07T13:00,28.9,0.0,0.0,0.0
2021-09-07T14:00,29.4,197.8,19.0,41.0
2021-09-07T15:00,31.1,534.9,62.0,214.0
2021-09-07T16:00,32.8,696.7,85.0,421.0
2021-09-07T17:00,34.8,784.6,98.0,609.0
2021-09-07T18:00,36.9,834.9,106.0,757.0
2021-09-07T19:00,38.5,861.6,111.0,851.0
2021-09-07T20:00,39.8,870.7,112.0,881.0
2021-09-07T21:00,40.7,863.6,111.0,846.0
2021-09-07T22:00,41.4,843.5,104.0,749.0
2021-09-07T23:00,41.8,782.7,97.0,590.0
2021-09-08T00:00,39.7,666.9,84.0,388.0
2021-09-08T01:00,39.5,510.8,59.0,189.0
2021-09-08T02:00,38.3,135.8,14.0,27.0
2021-09-08T03:00,37.3,0.0,0.0,0.0
2021-09-08T04:00,36.1,0.0,0.0,0.0
2021-09-08T05:00,34.8,0.0,0.0,0.0
2021-09-08T06:00,33.9,0.0,0.0,0.0
2021-09-08T07:00,32.6,0.0,0.0,0.0
2021-09-08T08:00,31.2,0.0,0.0,0.0
2021-09-08T09:00,30.0,0.0,0.0,0.0
2021-09-08T10:00,28.9,0.0,0.0,0.0
2021-09-08T11:00,28.0,0.0,0.0,0.0
2021-09-08T12:00,28.8,0.0,0.0,0.0
2021-09-08T13:00,28.5,0.0,0.0,0.0
2021-09-08T14:00,29.8,181.7,19.0,39.0
2021-09-08T15:00,31.5,525.0,63.0,211.0
2021-09-08T16:00,32.3,687.5,85.0,415.0
2021-09-08T17:00,33.6,770.4,100.0,600.0
2021-09-08T18:00,35.2,818.3,110.0,746.0
2021-09-08T19:00,36.7,846.9,114.0,839.0
2021-09-08T20:00,37.9,860.1,113.0,870.0
2021-09-08T21:00,39.0,856.5,111.0,837.0
2021-09-08T22:00,39.9,814.9,106.0,726.0
2021-09-08T23:00,40.8,543.4,131.0,471.0
2021-09-09T00:00,39.0,245.9,139.0,250.0
2021-09-09T01:00,38.7,116.1,61.0,90.0
2021-09-09T02:00,37.7,32.1,12.0,15.0
2021-09-09T03:00,36.7,0.0,0.0,0.0
2021-09-09T04:00,35.7,0.0,0.0,0.0
2021-09-09T05:00,34.6,0.0,0.0,0.0
2021-09-09T06:00,34.0,0.0,0.0,0.0
2021-09-09T07:00,34.2,0.0,0.0,0.0
2021-09-09T08:00,32.8,0.0,0.0,0.0
2021-09-09T09:00,32.1,0.0,0.0,0.0
2021-09-09T10:00,29.9,0.0,0.0,0.0
2021-09-09T11:00,28.9,0.0,0.0,0.0
2021-09-09T12:00,29.2,0.0,0.0,0.0
2021-09-09T13:00,28.9,0.0,0.0,0.0
2021-09-09T14:00,29.6,192.7,18.0,39.0
2021-09-09T15:00,32.4,547.1,61.0,214.0
2021-09-09T16:00,35.3,711.7,84.0,424.0
2021-09-09T17:00,37.8,801.1,97.0,615.0
2021-09-09T18:00,39.8,852.0,105.0,765.0
2021-09-09T19:00,41.9,852.0,116.0,843.0
2021-09-09T20:00,42.4,645.4,149.0,715.0
2021-09-09T21:00,42.9,725.0,139.0,751.0
2021-09-09T22:00,43.1,759.6,122.0,697.0
2021-09-09T23:00,42.8,733.7,106.0,562.0
2021-09-10T00:00,42.2,669.0,82.0,381.0
2021-09-10T01:00,41.1,510.1,57.0,182.0
2021-09-10T02:00,38.7,120.9,12.0,23.0
2021-09-10T03:00,36.9,0.0,0.0,0.0
2021-09-10T04:00,35.4,0.0,0.0,0.0
2021-09-10T05:00,33.9,0.0,0.0,0.0
2021-09-10T06:00,33.1,0.0,0.0,0.0
2021-09-10T07:00,31.7,0.0,0.0,0.0
2021-09-10T08:00,30.0,0.0,0.0,0.0
2021-09-10T09:00,28.9,0.0,0.0,0.0
2021-09-10T10:00,28.2,0.0,0.0,0.0
2021-09-10T11:00,27.6,0.0,0.0,0.0
2021-09-10T12:00,28.7,0.0,0.0,0.0
2021-09-10T13:00,28.5,0.0,0.0,0.0
2021-09-10T14:00,29.8,194.7,17.0,38.0
2021-09-10T15:00,32.2,551.6,61.0,214.0
2021-09-10T16:00,34.5,715.1,83.0,423.0
2021-09-10T17:00,36.3,802.6,97.0,614.0
2021-09-10T18:00,38.3,841.9,108.0,758.0
2021-09-10T19:00,39.9,823.2,128.0,828.0
2021-09-10T20:00,40.2,528.8,207.0,669.0
2021-09-10T21:00,40.5,556.8,169.0,637.0
2021-09-10T22:00,40.8,616.1,150.0,614.0
2021-09-10T23:00,40.7,646.4,117.0,516.0
2021-09-11T00:00,40.4,551.6,94.0,338.0
2021-09-11T01:00,40.1,224.7,68.0,122.0
2021-09-11T02:00,39.3,45.2,10.0,14.0
2021-09-11T03:00,38.5,0.0,0.0,0.0
2021-09-11T04:00,37.4,0.0,0.0,0.0
2021-09-11T05:00,36.6,0.0,0.0,0.0
2021-09-11T06:00,34.5,0.0,0.0,0.0
2021-09-11T07:00,32.7,0.0,0.0,0.0
2021-09-11T08:00,31.7,0.0,0.0,0.0
2021-09-11T09:00,30.8,0.0,0.0,0.0
2021-09-11T10:00,30.2,0.0,0.0,0.0
2021-09-11T11:00,29.6,0.0,0.0,0.0
2021-09-11T12:00,29.7,0.0,0.0,0.0
2021-09-11T13:00,28.7,0.0,0.0,0.0
2021-09-11T14:00,29.6,103.1,21.0,32.0
2021-09-11T15:00,31.2,352.6,84.0,181.0
2021-09-11T16:00,32.8,536.9,130.0,384.0
2021-09-11T17:00,34.6,659.2,149.0,572.0
2021-09-11T18:00,36.2,726.5,163.0,722.0
2021-09-11T19:00,37.7,797.7,152.0,828.0
2021-09-11T20:00,39.2,816.8,146.0,857.0
2021-09-11T21:00,40.5,767.1,168.0,810.0
2021-09-11T22:00,40.9,574.0,185.0,615.0
2021-09-11T23:00,41.0,618.3,125.0,504.0
2021-09-12T00:00,40.1,520.8,94.0,322.0
2021-09-12T01:00,39.7,420.5,61.0,160.0
2021-09-12T02:00,38.2,92.9,11.0,19.0
2021-09-12T03:00,37.0,0.0,0.0,0.0
2021-09-12T04:00,35.3,0.0,0.0,0.0
2021-09-12T05:00,34.1,0.0,0.0,0.0
2021-09-12T06:00,33.0,0.0,0.0,0.0
2021-09-12T07:00,31.7,0.0,0.0,0.0
2021-09-12T08:00,31.1,0.0,0.0,0.0
2021-09-12T09:00,30.2,0.0,0.0,0.0
2021-09-12T10:00,29.6,0.0,0.0,0.0
2021-09-12T11:00,30.4,0.0,0.0,0.0
2021-09-12T12:00,27.4,0.0,0.0,0.0
2021-09-12T13:00,26.9,0.0,0.0,0.0
2021-09-12T14:00,28.2,189.5,17.0,37.0
2021-09-12T15:00,31.0,560.9,60.0,213.0
2021-09-12T16:00,33.9,726.5,82.0,424.0
2021-09-12T17:00,36.5,815.0,95.0,616.0
2021-09-12T18:00,38.4,864.7,103.0,766.0
2021-09-12T19:00,39.8,890.5,108.0,860.0
2021-09-12T20:00,40.8,898.4,110.0,889.0
2021-09-12T21:00,41.5,889.3,108.0,849.0
2021-09-12T22:00,41.9,861.7,103.0,745.0
2021-09-12T23:00,42.1,808.4,94.0,586.0
2021-09-13T00:00,41.0,711.2,79.0,387.0
2021-09-13T01:00,40.6,503.1,56.0,172.0
2021-09-13T02:00,39.5,95.7,11.0,19.0
2021-09-13T03:00,37.5,0.0,0.0,0.0
2021-09-13T04:00,35.8,0.0,0.0,0.0
2021-09-13T05:00,34.7,0.0,0.0,0.0
2021-09-13T06:00,34.4,0.0,0.0,0.0
2021-09-13T07:00,32.5,0.0,0.0,0.0
2021-09-13T08:00,30.7,0.0,0.0,0.0
2021-09-13T09:00,29.8,0.0,0.0,0.0
2021-09-13T10:00,28.6,0.0,0.0,0.0
2021-09-13T11:00,27.7,0.0,0.0,0.0
2021-09-13T12:00,27.6,0.0,0.0,0.0
2021-09-13T13:00,26.4,0.0,0.0,0.0
2021-09-13T14:00,27.1,172.4,17.0,35.0
2021-09-13T15:00,29.9,547.3,60.0,208.0
2021-09-13T16:00,32.8,715.2,82.0,417.0
2021-09-13T17:00,35.8,796.3,98.0,605.0
2021-09-13T18:00,38.0,841.7,109.0,752.0
2021-09-13T19:00,39.7,878.3,110.0,849.0
2021-09-13T20:00,41.1,888.0,110.0,877.0
2021-09-13T21:00,42.0,878.8,108.0,837.0
2021-09-13T22:00,42.2,838.1,107.0,728.0
2021-09-13T23:00,42.2,797.8,93.0,575.0
2021-09-14T00:00,41.3,698.0,79.0,378.0
2021-09-14T01:00,40.6,496.3,53.0,165.0
2021-09-14T02:00,39.1,98.6,9.0,17.0
2021-09-14T03:00,37.5,0.0,0.0,0.0
2021-09-14T04:00,35.7,0.0,0.0,0.0
2021-09-14T05:00,34.6,0.0,0.0,0.0
2021-09-14T06:00,33.3,0.0,0.0,0.0
2021-09-14T07:00,34.2,0.0,0.0,0.0
2021-09-14T08:00,33.6,0.0,0.0,0.0
2021-09-14T09:00,32.6,0.0,0.0,0.0
2021-09-14T10:00,31.5,0.0,0.0,0.0
2021-09-14T11:00,30.6,0.0,0.0,0.0
2021-09-14T12:00,29.3,0.0,0.0,0.0
2021-09-14T13:00,29.0,0.0,0.0,0.0
2021-09-14T14:00,28.2,155.0,16.0,32.0
2021-09-14T15:00,30.6,458.8,63.0,186.0
2021-09-14T16:00,33.1,577.3,95.0,364.0
2021-09-14T17:00,34.7,673.3,122.0,549.0
2021-09-14T18:00,36.4,832.9,113.0,747.0
2021-09-14T19:00,38.3,878.0,109.0,845.0
2021-09-14T20:00,39.6,876.4,113.0,867.0
2021-09-14T21:00,40.4,767.8,137.0,771.0
2021-09-14T22:00,41.0,746.4,123.0,673.0
2021-09-14T23:00,40.7,675.3,103.0,508.0
2021-09-15T00:00,39.7,611.3,79.0,338.0
2021-09-15T01:00,39.3,480.3,51.0,157.0
2021-09-15T02:00,38.0,76.3,9.0,15.0
2021-09-15T03:00,37.0,0.0,0.0,0.0
2021-09-15T04:00,35.7,0.0,0.0,0.0
2021-09-15T05:00,34.7,0.0,0.0,0.0
2021-09-15T06:00,34.2,0.0,0.0,0.0
2021-09-15T07:00,33.0,0.0,0.0,0.0
2021-09-15T08:00,31.2,0.0,0.0,0.0
2021-09-15T09:00,29.9,0.0,0.0,0.0
2021-09-15T10:00,29.5,0.0,0.0,0.0
2021-09-15T11:00,29.3,0.0,0.0,0.0
2021-09-15T12:00,27.5,0.0,0.0,0.0
2021-09-15T13:00,26.2,0.0,0.0,0.0
2021-09-15T14:00,27.4,166.6,16.0,33.0
2021-09-15T15:00,28.9,530.6,61.0,202.0
2021-09-15T16:00,31.3,694.7,87.0,409.0
2021-09-15T17:00,33.8,810.7,95.0,607.0
2021-09-15T18:00,36.3,861.1,104.0,757.0
2021-09-15T19:00,38.5,884.9,109.0,848.0
2021-09-15T20:00,40.0,895.1,109.0,876.0
2021-09-15T21:00,40.6,888.2,107.0,837.0
2021-09-15T22:00,40.9,864.0,101.0,734.0
2021-09-15T23:00,40.5,813.2,92.0,576.0
2021-09-16T00:00,39.3,713.8,77.0,376.0
2021-09-16T01:00,38.4,514.5,51.0,162.0
2021-09-16T02:00,36.7,78.8,8.0,14.0
2021-09-16T03:00,35.5,0.0,0.0,0.0
2021-09-16T04:00,34.7,0.0,0.0,0.0
2021-09-16T05:00,33.5,0.0,0.0,0.0
2021-09-16T06:00,32.3,0.0,0.0,0.0
2021-09-16T07:00,31.3,0.0,0.0,0.0
2021-09-16T08:00,29.8,0.0,0.0,0.0
2021-09-16T09:00,29.3,0.0,0.0,0.0
2021-09-16T10:00,27.7,0.0,0.0,0.0
2021-09-16T11:00,26.9,0.0,0.0,0.0
2021-09-16T12:00,26.0,0.0,0.0,0.0
2021-09-16T13:00,24.5,0.0,0.0,0.0
2021-09-16T14:00,25.2,168.5,16.0,33.0
2021-09-16T15:00,28.4,554.4,59.0,205.0
2021-09-16T16:00,31.6,720.1,82.0,414.0
2021-09-16T17:00,34.3,804.6,96.0,602.0
2021-09-16T18:00,36.5,839.3,111.0,745.0
2021-09-16T19:00,37.9,876.2,110.0,839.0
2021-09-16T20:00,38.8,703.1,154.0,754.0
2021-09-16T21:00,39.6,721.3,142.0,732.0
2021-09-16T22:00,40.2,748.2,118.0,663.0
2021-09-16T23:00,40.1,722.9,100.0,527.0
2021-09-17T00:00,39.4,630.3,81.0,342.0
2021-09-17T01:00,38.6,427.0,50.0,140.0
2021-09-17T02:00,37.3,54.4,7.0,11.0
2021-09-17T03:00,36.0,0.0,0.0,0.0
2021-09-17T04:00,34.7,0.0,0.0,0.0
2021-09-17T05:00,33.0,0.0,0.0,0.0
2021-09-17T06:00,32.2,0.0,0.0,0.0
2021-09-17T07:00,31.7,0.0,0.0,0.0
2021-09-17T08:00,31.8,0.0,0.0,0.0
2021-09-17T09:00,30.9,0.0,0.0,0.0
2021-09-17T10:00,29.4,0.0,0.0,0.0
2021-09-17T11:00,28.5,0.0,0.0,0.0
2021-09-17T12:00,27.7,0.0,0.0,0.0
2021-09-17T13:00,27.0,0.0,0.0,0.0
2021-09-17T14:00,27.1,140.4,14.0,28.0
2021-09-17T15:00,29.9,494.4,63.0,192.0
2021-09-17T16:00,31.7,423.1,98.0,292.0
2021-09-17T17:00,32.9,266.7,150.0,317.0
2021-09-17T18:00,34.5,507.6,170.0,552.0
2021-09-17T19:00,35.9,634.7,168.0,694.0
2021-09-17T20:00,36.6,660.2,187.0,748.0
2021-09-17T21:00,37.8,745.6,162.0,769.0
2021-09-17T22:00,37.8,575.8,167.0,584.0
2021-09-17T23:00,38.3,563.1,112.0,442.0
2021-09-18T00:00,36.4,466.7,86.0,277.0
2021-09-18T01:00,36.1,364.5,52.0,127.0
2021-09-18T02:00,35.8,42.2,6.0,9.0
2021-09-18T03:00,35.2,0.0,0.0,0.0
2021-09-18T04:00,34.4,0.0,0.0,0.0
2021-09-18T05:00,33.5,0.0,0.0,0.0
2021-09-18T06:00,32.5,0.0,0.0,0.0
2021-09-18T07:00,31.5,0.0,0.0,0.0
2021-09-18T08:00,31.0,0.0,0.0,0.0
2021-09-18T09:00,30.4,0.0,0.0,0.0
2021-09-18T10:00,29.8,0.0,0.0,0.0
2021-09-18T11:00,29.0,0.0,0.0,0.0
2021-09-18T12:00,27.8,0.0,0.0,0.0
2021-09-18T13:00,28.0,0.0,0.0,0.0
2021-09-18T14:00,28.6,101.5,13.0,23.0
2021-09-18T15:00,30.4,379.1,66.0,164.0
2021-09-18T16:00,31.0,405.7,111.0,296.0
2021-09-18T17:00,32.3,372.1,175.0,407.0
2021-09-18T18:00,33.5,517.7,181.0,569.0
2021-09-18T19:00,34.6,570.6,167.0,638.0
2021-09-18T20:00,35.7,609.8,163.0,679.0
2021-09-18T21:00,36.1,545.6,172.0,614.0
2021-09-18T22:00,36.3,634.9,140.0,597.0
2021-09-18T23:00,36.2,629.4,100.0,466.0
2021-09-19T00:00,30.5,331.3,92.0,226.0
2021-09-19T01:00,31.7,114.5,34.0,57.0
2021-09-19T02:00,30.4,14.6,4.0,5.0
2021-09-19T03:00,30.1,0.0,0.0,0.0
2021-09-19T04:00,29.8,0.0,0.0,0.0
2021-09-19T05:00,29.7,0.0,0.0,0.0
2021-09-19T06:00,29.3,0.0,0.0,0.0
2021-09-19T07:00,28.9,0.0,0.0,0.0
2021-09-19T08:00,28.7,0.0,0.0,0.0
2021-09-19T09:00,28.5,0.0,0.0,0.0
2021-09-19T10:00,28.2,0.0,0.0,0.0
2021-09-19T11:00,27.7,0.0,0.0,0.0
2021-09-19T12:00,27.2,0.0,0.0,0.0
2021-09-19T13:00,26.3,0.0,0.0,0.0
2021-09-19T14:00,26.2,82.2,13.0,21.0
2021-09-19T15:00,27.5,292.9,59.0,134.0
2021-09-19T16:00,29.7,434.4,115.0,312.0
2021-09-19T17:00,31.4,636.3,121.0,516.0
2021-09-19T18:00,33.3,732.7,138.0,685.0
2021-09-19T19:00,34.4,706.7,146.0,727.0
2021-09-19T20:00,35.4,772.7,125.0,776.0
2021-09-19T21:00,36.4,750.5,136.0,741.0
2021-09-19T22:00,37.3,767.3,123.0,672.0
2021-09-19T23:00,37.3,771.4,93.0,538.0
2021-09-20T00:00,36.5,680.7,77.0,349.0
2021-09-20T01:00,35.8,459.6,49.0,139.0
2021-09-20T02:00,34.1,45.4,6.0,9.0
2021-09-20T03:00,32.9,0.0,0.0,0.0
2021-09-20T04:00,31.3,0.0,0.0,0.0
2021-09-20T05:00,30.3,0.0,0.0,0.0
2021-09-20T06:00,29.6,0.0,0.0,0.0
2021-09-20T07:00,27.8,0.0,0.0,0.0
2021-09-20T08:00,26.8,0.0,0.0,0.0
2021-09-20T09:00,26.1,0.0,0.0,0.0
2021-09-20T10:00,25.6,0.0,0.0,0.0
2021-09-20T11:00,25.7,0.0,0.0,0.0
2021-09-20T12:00,23.3,0.0,0.0,0.0
2021-09-20T13:00,22.1,0.0,0.0,0.0
2021-09-20T14:00,22.4,156.1,14.0,29.0
2021-09-20T15:00,25.5,563.9,57.0,200.0
2021-09-20T16:00,28.7,740.7,79.0,413.0
2021-09-20T17:00,30.9,830.1,93.0,606.0
2021-09-20T18:00,32.6,878.3,102.0,755.0
2021-09-20T19:00,34.2,903.8,106.0,846.0
2021-09-20T20:00,35.4,910.8,107.0,871.0
2021-09-20T21:00,36.4,901.4,105.0,828.0
2021-09-20T22:00,36.9,873.2,99.0,720.0
2021-09-20T23:00,36.8,816.1,90.0,557.0
2021-09-21T00:00,36.0,709.3,74.0,354.0
2021-09-21T01:00,35.4,492.6,47.0,141.0
2021-09-21T02:00,33.5,47.2,5.0,8.0
2021-09-21T03:00,33.2,0.0,0.0,0.0
2021-09-21T04:00,33.1,0.0,0.0,0.0
2021-09-21T05:00,32.0,0.0,0.0,0.0
2021-09-21T06:00,30.7,0.0,0.0,0.0
2021-09-21T07:00,28.2,0.0,0.0,0.0
2021-09-21T08:00,26.4,0.0,0.0,0.0
2021-09-21T09:00,25.2,0.0,0.0,0.0
2021-09-21T10:00,23.9,0.0,0.0,0.0
2021-09-21T11:00,23.6,0.0,0.0,0.0
2021-09-21T12:00,21.8,0.0,0.0,0.0
2021-09-21T13:00,21.5,0.0,0.0,0.0
2021-09-21T14:00,23.1,147.6,13.0,27.0
2021-09-21T15:00,26.2,553.6,57.0,196.0
2021-09-21T16:00,29.8,733.9,80.0,409.0
2021-09-21T17:00,33.2,825.8,93.0,601.0
2021-09-21T18:00,35.2,875.2,101.0,749.0
2021-09-21T19:00,36.5,898.9,106.0,839.0
2021-09-21T20:00,37.3,905.3,107.0,863.0
2021-09-21T21:00,38.0,897.2,104.0,820.0
2021-09-21T22:00,38.4,868.7,99.0,713.0
2021-09-21T23:00,38.4,810.4,90.0,550.0
2021-09-22T00:00,37.7,702.7,74.0,348.0
2021-09-22T01:00,36.9,489.6,46.0,137.0
2021-09-22T02:00,34.9,32.8,5.0,7.0
2021-09-22T03:00,33.6,0.0,0.0,0.0
2021-09-22T04:00,32.2,0.0,0.0,0.0
2021-09-22T05:00,30.9,0.0,0.0,0.0
2021-09-22T06:00,29.4,0.0,0.0,0.0
2021-09-22T07:00,29.3,0.0,0.0,0.0
2021-09-22T08:00,29.6,0.0,0.0,0.0
2021-09-22T09:00,27.5,0.0,0.0,0.0
2021-09-22T10:00,25.2,0.0,0.0,0.0
2021-09-22T11:00,25.1,0.0,0.0,0.0
2021-09-22T12:00,24.6,0.0,0.0,0.0
2021-09-22T13:00,24.4,0.0,0.0,0.0
2021-09-22T14:00,25.5,138.9,13.0,26.0
2021-09-22T15:00,28.7,551.1,56.0,193.0
2021-09-22T16:00,32.0,724.8,79.0,402.0
2021-09-22T17:00,34.5,813.3,93.0,591.0
2021-09-22T18:00,36.0,861.3,101.0,736.0
2021-09-22T19:00,37.7,885.5,106.0,825.0
2021-09-22T20:00,38.8,891.4,107.0,848.0
2021-09-22T21:00,39.4,881.7,105.0,805.0
2021-09-22T22:00,39.6,852.7,99.0,698.0
2021-09-22T23:00,39.5,794.0,89.0,536.0
2021-09-23T00:00,37.9,682.9,73.0,336.0
2021-09-23T01:00,37.4,464.2,45.0,129.0
2021-09-23T02:00,35.5,34.2,4.0,6.0
2021-09-23T03:00,34.5,0.0,0.0,0.0
2021-09-23T04:00,33.3,0.0,0.0,0.0
2021-09-23T05:00,31.7,0.0,0.0,0.0
2021-09-23T06:00,30.4,0.0,0.0,0.0
2021-09-23T07:00,30.7,0.0,0.0,0.0
2021-09-23T08:00,30.8,0.0,0.0,0.0
2021-09-23T09:00,27.0,0.0,0.0,0.0
2021-09-23T10:00,25.7,0.0,0.0,0.0
2021-09-23T11:00,24.8,0.0,0.0,0.0
2021-09-23T12:00,24.8,0.0,0.0,0.0
2021-09-23T13:00,23.6,0.0,0.0,0.0
2021-09-23T14:00,24.8,97.5,15.0,24.0
2021-09-23T15:00,27.5,443.0,68.0,177.0
2021-09-23T16:00,29.8,681.8,86.0,388.0
2021-09-23T17:00,31.1,577.6,127.0,479.0
2021-09-23T18:00,32.8,592.5,176.0,611.0
2021-09-23T19:00,34.4,785.4,129.0,764.0
2021-09-23T20:00,35.5,784.3,139.0,788.0
2021-09-23T21:00,34.8,717.9,146.0,713.0
2021-09-23T22:00,33.7,491.4,156.0,499.0
2021-09-23T23:00,33.7,379.7,160.0,372.0
2021-09-24T00:00,35.1,428.6,107.0,270.0
2021-09-24T01:00,34.0,210.2,55.0,92.0
2021-09-24T02:00,33.3,17.8,3.0,4.0
2021-09-24T03:00,32.2,0.0,0.0,0.0
2021-09-24T04:00,31.4,0.0,0.0,0.0
2021-09-24T05:00,30.6,0.0,0.0,0.0
2021-09-24T06:00,29.8,0.0,0.0,0.0
2021-09-24T07:00,28.8,0.0,0.0,0.0
2021-09-24T08:00,27.3,0.0,0.0,0.0
2021-09-24T09:00,27.2,0.0,0.0,0.0
2021-09-24T10:00,26.1,0.0,0.0,0.0
2021-09-24T11:00,24.9,0.0,0.0,0.0
2021-09-24T12:00,25.6,0.0,0.0,0.0
2021-09-24T13:00,24.5,0.0,0.0,0.0
2021-09-24T14:00,24.6,43.9,9.0,13.0
2021-09-24T15:00,25.7,110.9,71.0,98.0
2021-09-24T16:00,27.1,102.2,164.0,209.0
2021-09-24T17:00,28.6,117.1,257.0,328.0
2021-09-24T18:00,29.7,225.7,270.0,435.0
2021-09-24T19:00,31.0,206.2,358.0,524.0
2021-09-24T20:00,32.0,239.2,347.0,544.0
2021-09-24T21:00,32.8,206.2,364.0,526.0
2021-09-24T22:00,33.9,648.7,180.0,630.0
2021-09-24T23:00,34.1,700.7,114.0,502.0
2021-09-25T00:00,31.7,559.2,92.0,302.0
2021-09-25T01:00,31.5,350.5,48.0,108.0
2021-09-25T02:00,30.8,18.6,3.0,4.0
2021-09-25T03:00,29.8,0.0,0.0,0.0
2021-09-25T04:00,28.7,0.0,0.0,0.0
2021-09-25T05:00,28.3,0.0,0.0,0.0
2021-09-25T06:00,27.4,0.0,0.0,0.0
2021-09-25T07:00,26.7,0.0,0.0,0.0
2021-09-25T08:00,25.9,0.0,0.0,0.0
2021-09-25T09:00,25.4,0.0,0.0,0.0
2021-09-25T10:00,25.0,0.0,0.0,0.0
2021-09-25T11:00,24.1,0.0,0.0,0.0
2021-09-25T12:00,24.3,0.0,0.0,0.0
2021-09-25T13:00,23.6,0.0,0.0,0.0
2021-09-25T14:00,23.6,11.1,9.0,10.0
2021-09-25T15:00,24.8,54.0,67.0,80.0
2021-09-25T16:00,25.8,9.1,128.0,132.0
2021-09-25T17:00,27.8,132.6,263.0,343.0
2021-09-25T18:00,29.6,379.3,271.0,547.0
2021-09-25T19:00,31.1,779.8,147.0,772.0
2021-09-25T20:00,32.1,851.3,115.0,813.0
2021-09-25T21:00,33.0,836.7,114.0,768.0
2021-09-25T22:00,33.4,674.6,140.0,605.0
2021-09-25T23:00,33.5,613.7,111.0,448.0
2021-09-26T00:00,33.7,412.7,91.0,244.0
2021-09-26T01:00,33.3,132.3,61.0,83.0
2021-09-26T02:00,32.4,19.1,2.0,3.0
2021-09-26T03:00,31.7,0.0,0.0,0.0
2021-09-26T04:00,31.2,0.0,0.0,0.0
2021-09-26T05:00,30.9,0.0,0.0,0.0
2021-09-26T06:00,29.6,0.0,0.0,0.0
2021-09-26T07:00,27.7,0.0,0.0,0.0
2021-09-26T08:00,26.1,0.0,0.0,0.0
2021-09-26T09:00,24.5,0.0,0.0,0.0
2021-09-26T10:00,23.5,0.0,0.0,0.0
2021-09-26T11:00,23.1,0.0,0.0,0.0
2021-09-26T12:00,23.4,0.0,0.0,0.0
2021-09-26T13:00,23.1,0.0,0.0,0.0
2021-09-26T14:00,22.3,0.0,7.0,7.0
2021-09-26T15:00,22.7,0.0,30.0,30.0
2021-09-26T16:00,22.9,0.0,47.0,47.0
2021-09-26T17:00,22.8,0.0,87.0,87.0
2021-09-26T18:00,22.7,34.5,137.0,162.0
2021-09-26T19:00,22.4,2.5,175.0,177.0
2021-09-26T20:00,22.7,0.0,187.0,187.0
2021-09-26T21:00,23.7,28.3,310.0,332.0
2021-09-26T22:00,24.4,100.8,303.0,372.0
2021-09-26T23:00,24.8,185.5,198.0,299.0
2021-09-27T00:00,21.5,243.2,140.0,229.0
2021-09-27T01:00,21.5,0.0,32.0,32.0
2021-09-27T02:00,21.2,0.0,1.0,1.0
2021-09-27T03:00,20.8,0.0,0.0,0.0
2021-09-27T04:00,20.9,0.0,0.0,0.0
2021-09-27T05:00,21.1,0.0,0.0,0.0
2021-09-27T06:00,21.2,0.0,0.0,0.0
2021-09-27T07:00,21.3,0.0,0.0,0.0
2021-09-27T08:00,21.1,0.0,0.0,0.0
2021-09-27T09:00,20.7,0.0,0.0,0.0
2021-09-27T10:00,20.5,0.0,0.0,0.0
2021-09-27T11:00,20.4,0.0,0.0,0.0
2021-09-27T12:00,21.0,0.0,0.0,0.0
2021-09-27T13:00,21.4,0.0,0.0,0.0
2021-09-27T14:00,21.8,68.8,11.0,17.0
2021-09-27T15:00,23.0,331.0,65.0,143.0
2021-09-27T16:00,23.6,317.2,124.0,261.0
2021-09-27T17:00,24.0,286.2,176.0,347.0
2021-09-27T18:00,24.5,356.4,262.0,519.0
2021-09-27T19:00,24.5,343.7,280.0,553.0
2021-09-27T20:00,24.6,419.9,238.0,579.0
2021-09-27T21:00,25.1,311.7,235.0,476.0
2021-09-27T22:00,26.0,564.5,151.0,535.0
2021-09-27T23:00,26.3,598.4,124.0,447.0
2021-09-28T00:00,26.5,504.1,92.0,274.0
2021-09-28T01:00,25.4,204.5,36.0,68.0
2021-09-28T02:00,24.3,0.0,2.0,2.0
2021-09-28T03:00,23.9,0.0,0.0,0.0
2021-09-28T04:00,23.2,0.0,0.0,0.0
2021-09-28T05:00,22.5,0.0,0.0,0.0
2021-09-28T06:00,22.0,0.0,0.0,0.0
2021-09-28T07:00,21.7,0.0,0.0,0.0
2021-09-28T08:00,21.4,0.0,0.0,0.0
2021-09-28T09:00,21.4,0.0,0.0,0.0
2021-09-28T10:00,21.1,0.0,0.0,0.0
2021-09-28T11:00,20.6,0.0,0.0,0.0
2021-09-28T12:00,21.3,0.0,0.0,0.0
2021-09-28T13:00,21.2,0.0,0.0,0.0
2021-09-28T14:00,21.3,93.1,10.0,18.0
2021-09-28T15:00,22.8,386.3,60.0,150.0
2021-09-28T16:00,24.5,575.6,93.0,340.0
2021-09-28T17:00,26.1,694.8,113.0,526.0
2021-09-28T18:00,27.5,757.9,120.0,664.0
2021-09-28T19:00,28.3,733.6,126.0,706.0
2021-09-28T20:00,29.1,751.2,133.0,740.0
2021-09-28T21:00,29.6,662.0,153.0,662.0
2021-09-28T22:00,30.3,722.2,122.0,610.0
2021-09-28T23:00,30.4,628.1,107.0,443.0
2021-09-29T00:00,30.4,482.9,80.0,252.0
2021-09-29T01:00,28.4,297.0,38.0,83.0
2021-09-29T02:00,26.4,0.0,2.0,2.0
2021-09-29T03:00,25.1,0.0,0.0,0.0
2021-09-29T04:00,24.5,0.0,0.0,0.0
2021-09-29T05:00,24.2,0.0,0.0,0.0
2021-09-29T06:00,25.0,0.0,0.0,0.0
2021-09-29T07:00,23.0,0.0,0.0,0.0
2021-09-29T08:00,22.1,0.0,0.0,0.0
2021-09-29T09:00,21.0,0.0,0.0,0.0
2021-09-29T10:00,20.0,0.0,0.0,0.0
2021-09-29T11:00,19.7,0.0,0.0,0.0
2021-09-29T12:00,20.2,0.0,0.0,0.0
2021-09-29T13:00,20.3,0.0,0.0,0.0
2021-09-29T14:00,20.4,94.6,10.0,18.0
2021-09-29T15:00,22.5,503.6,55.0,171.0
2021-09-29T16:00,25.4,694.5,81.0,377.0
2021-09-29T17:00,26.8,725.5,122.0,551.0
2021-09-29T18:00,27.8,827.3,110.0,701.0
2021-09-29T19:00,28.4,758.7,169.0,766.0
2021-09-29T20:00,28.7,509.9,276.0,686.0
2021-09-29T21:00,29.0,312.6,342.0,581.0
2021-09-29T22:00,28.5,160.9,314.0,422.0
2021-09-29T23:00,28.3,158.4,190.0,274.0
2021-09-30T00:00,28.3,19.9,118.0,125.0
2021-09-30T01:00,26.0,201.7,47.0,77.0
2021-09-30T02:00,24.4,0.0,1.0,1.0
2021-09-30T03:00,23.7,0.0,0.0,0.0
2021-09-30T04:00,22.2,0.0,0.0,0.0
2021-09-30T05:00,20.4,0.0,0.0,0.0
2021-09-30T06:00,19.8,0.0,0.0,0.0
2021-09-30T07:00,19.9,0.0,0.0,0.0
2021-09-30T08:00,19.5,0.0,0.0,0.0
2021-09-30T09:00,19.2,0.0,0.0,0.0
2021-09-30T10:00,19.1,0.0,0.0,0.0
2021-09-30T11:00,18.7,0.0,0.0,0.0
2021-09-30T12:00,19.1,0.0,0.0,0.0
2021-09-30T13:00,19.4,0.0,0.0,0.0
2021-09-30T14:00,19.6,84.1,10.0,17.0
2021-09-30T15:00,21.7,421.7,55.0,151.0
2021-09-30T16:00,23.9,507.9,90.0,305.0
2021-09-30T17:00,25.7,641.0,118.0,495.0
2021-09-30T18:00,26.9,758.2,130.0,669.0
2021-09-30T19:00,28.0,835.1,125.0,779.0
2021-09-30T20:00,28.6,678.8,151.0,694.0
2021-09-30T21:00,28.8,549.9,181.0,599.0
2021-09-30T22:00,28.8,564.1,135.0,511.0
2021-09-30T23:00,28.6,494.9,110.0,370.0
2021-10-01T00:00,29.7,522.6,78.0,259.0
2021-10-01T01:00,27.9,300.9,36.0,80.0
2021-10-01T02:00,26.1,0.0,1.0,1.0
2021-10-01T03:00,24.8,0.0,0.0,0.0
2021-10-01T04:00,23.5,0.0,0.0,0.0
2021-10-01T05:00,22.6,0.0,0.0,0.0
2021-10-01T06:00,21.7,0.0,0.0,0.0
2021-10-01T07:00,20.9,0.0,0.0,0.0
2021-10-01T08:00,20.1,0.0,0.0,0.0
2021-10-01T09:00,19.6,0.0,0.0,0.0
2021-10-01T10:00,19.1,0.0,0.0,0.0
2021-10-01T11:00,18.3,0.0,0.0,0.0
2021-10-01T12:00,17.8,0.0,0.0,0.0
2021-10-01T13:00,18.0,0.0,0.0,0.0
2021-10-01T14:00,18.6,97.6,9.0,17.0
2021-10-01T15:00,21.3,511.3,54.0,169.0
2021-10-01T16:00,24.4,713.6,78.0,378.0
2021-10-01T17:00,26.9,813.7,92.0,568.0
2021-10-01T18:00,28.6,866.6,100.0,713.0
2021-10-01T19:00,29.8,891.8,105.0,800.0
2021-10-01T20:00,30.6,899.7,105.0,821.0
2021-10-01T21:00,31.2,889.2,103.0,775.0
2021-10-01T22:00,31.4,859.7,96.0,665.0
2021-10-01T23:00,31.4,795.4,86.0,500.0
2021-10-02T00:00,30.9,670.8,69.0,298.0
2021-10-02T01:00,29.5,410.7,35.0,94.0
2021-10-02T02:00,29.2,0.0,1.0,1.0
2021-10-02T03:00,29.4,0.0,0.0,0.0
2021-10-02T04:00,28.5,0.0,0.0,0.0
2021-10-02T05:00,28.0,0.0,0.0,0.0
2021-10-02T06:00,23.3,0.0,0.0,0.0
2021-10-02T07:00,21.4,0.0,0.0,0.0
2021-10-02T08:00,20.5,0.0,0.0,0.0
2021-10-02T09:00,20.0,0.0,0.0,0.0
2021-10-02T10:00,19.5,0.0,0.0,0.0
2021-10-02T11:00,19.2,0.0,0.0,0.0
2021-10-02T12:00,20.4,0.0,0.0,0.0
2021-10-02T13:00,20.7,0.0,0.0,0.0
2021-10-02T14:00,19.2,99.3,9.0,17.0
2021-10-02T15:00,21.6,522.1,53.0,169.0
2021-10-02T16:00,25.2,716.2,77.0,376.0
2021-10-02T17:00,28.2,813.1,91.0,564.0
2021-10-02T18:00,30.2,865.2,100.0,709.0
2021-10-02T19:00,31.7,785.4,161.0,770.0
2021-10-02T20:00,32.6,789.5,166.0,791.0
2021-10-02T21:00,33.2,873.2,109.0,765.0
2021-10-02T22:00,33.4,850.7,97.0,656.0
2021-10-02T23:00,33.2,785.4,85.0,490.0
2021-10-03T00:00,32.4,656.9,68.0,289.0
2021-10-03T01:00,31.2,340.1,38.0,86.0
2021-10-03T02:00,29.4,0.0,1.0,1.0
2021-10-03T03:00,28.2,0.0,0.0,0.0
2021-10-03T04:00,28.0,0.0,0.0,0.0
2021-10-03T05:00,25.5,0.0,0.0,0.0
2021-10-03T06:00,24.0,0.0,0.0,0.0
2021-10-03T07:00,23.1,0.0,0.0,0.0
2021-10-03T08:00,22.4,0.0,0.0,0.0
2021-10-03T09:00,22.1,0.0,0.0,0.0
2021-10-03T10:00,21.4,0.0,0.0,0.0
2021-10-03T11:00,20.7,0.0,0.0,0.0
2021-10-03T12:00,21.1,0.0,0.0,0.0
2021-10-03T13:00,21.4,0.0,0.0,0.0
2021-10-03T14:00,20.9,75.7,9.0,15.0
2021-10-03T15:00,22.9,209.6,75.0,121.0
2021-10-03T16:00,26.8,388.4,140.0,301.0
2021-10-03T17:00,30.2,682.8,134.0,529.0
2021-10-03T18:00,32.1,726.8,159.0,668.0
2021-10-03T19:00,33.7,874.9,107.0,782.0
2021-10-03T20:00,34.6,877.6,109.0,800.0
2021-10-03T21:00,35.0,799.4,141.0,738.0
2021-10-03T22:00,35.2,775.6,123.0,629.0
2021-10-03T23:00,35.0,469.9,174.0,414.0
2021-10-04T00:00,34.3,413.3,106.0,243.0
2021-10-04T01:00,33.3,295.8,37.0,78.0
2021-10-04T02:00,31.6,0.0,0.0,0.0
2021-10-04T03:00,30.6,0.0,0.0,0.0
2021-10-04T04:00,29.7,0.0,0.0,0.0
2021-10-04T05:00,28.6,0.0,0.0,0.0
2021-10-04T06:00,27.6,0.0,0.0,0.0
2021-10-04T07:00,26.6,0.0,0.0,0.0
2021-10-04T08:00,25.4,0.0,0.0,0.0
2021-10-04T09:00,24.3,0.0,0.0,0.0
2021-10-04T10:00,23.8,0.0,0.0,0.0
2021-10-04T11:00,23.6,0.0,0.0,0.0
2021-10-04T12:00,23.4,0.0,0.0,0.0
2021-10-04T13:00,22.0,0.0,0.0,0.0
2021-10-04T14:00,22.4,64.2,10.0,15.0
2021-10-04T15:00,25.3,170.8,79.0,116.0
2021-10-04T16:00,28.6,199.3,180.0,262.0
2021-10-04T17:00,31.0,281.6,238.0,400.0
2021-10-04T18:00,32.9,457.9,237.0,556.0
2021-10-04T19:00,33.9,255.3,349.0,545.0
2021-10-04T20:00,35.6,824.8,136.0,782.0
2021-10-04T21:00,36.2,805.6,127.0,725.0
2021-10-04T22:00,36.4,645.3,175.0,593.0
2021-10-04T23:00,36.4,496.1,162.0,413.0
2021-10-05T00:00,34.2,385.9,95.0,221.0
2021-10-05T01:00,31.4,220.5,32.0,62.0
2021-10-05T02:00,30.0,0.0,0.0,0.0
2021-10-05T03:00,28.9,0.0,0.0,0.0
2021-10-05T04:00,28.2,0.0,0.0,0.0
2021-10-05T05:00,27.9,0.0,0.0,0.0
2021-10-05T06:00,27.4,0.0,0.0,0.0
2021-10-05T07:00,26.5,0.0,0.0,0.0
2021-10-05T08:00,25.4,0.0,0.0,0.0
2021-10-05T09:00,25.0,0.0,0.0,0.0
2021-10-05T10:00,25.3,0.0,0.0,0.0
2021-10-05T11:00,25.2,0.0,0.0,0.0
2021-10-05T12:00,23.6,0.0,0.0,0.0
2021-10-05T13:00,22.8,0.0,0.0,0.0
2021-10-05T14:00,22.7,39.2,6.0,9.0
2021-10-05T15:00,24.5,187.0,47.0,87.0
2021-10-05T16:00,26.2,213.0,100.0,187.0
2021-10-05T17:00,27.9,472.1,134.0,404.0
2021-10-05T18:00,28.2,630.5,122.0,559.0
2021-10-05T19:00,27.7,402.0,190.0,497.0
2021-10-05T20:00,29.1,562.3,161.0,599.0
2021-10-05T21:00,30.0,679.1,148.0,649.0
2021-10-05T22:00,28.5,553.7,142.0,498.0
2021-10-05T23:00,27.0,223.5,123.0,235.0
2021-10-06T00:00,27.9,233.2,90.0,165.0
2021-10-06T01:00,27.1,269.6,26.0,62.0
2021-10-06T02:00,25.1,0.0,0.0,0.0
2021-10-06T03:00,23.7,0.0,0.0,0.0
2021-10-06T04:00,23.2,0.0,0.0,0.0
2021-10-06T05:00,22.9,0.0,0.0,0.0
2021-10-06T06:00,22.5,0.0,0.0,0.0
2021-10-06T07:00,21.6,0.0,0.0,0.0
2021-10-06T08:00,21.2,0.0,0.0,0.0
2021-10-06T09:00,20.9,0.0,0.0,0.0
2021-10-06T10:00,20.8,0.0,0.0,0.0
2021-10-06T11:00,20.0,0.0,0.0,0.0
2021-10-06T12:00,19.1,0.0,0.0,0.0
2021-10-06T13:00,19.3,0.0,0.0,0.0
2021-10-06T14:00,19.6,79.9,7.0,13.0
2021-10-06T15:00,21.8,492.8,51.0,155.0
2021-10-06T16:00,24.2,690.7,76.0,356.0
2021-10-06T17:00,25.9,793.3,90.0,541.0
2021-10-06T18:00,27.5,851.5,98.0,685.0
2021-10-06T19:00,29.3,880.6,102.0,771.0
2021-10-06T20:00,30.6,881.7,106.0,789.0
2021-10-06T21:00,31.2,886.5,98.0,748.0
2021-10-06T22:00,31.5,846.1,94.0,634.0
2021-10-06T23:00,31.4,769.9,84.0,466.0
2021-10-07T00:00,30.6,631.5,66.0,266.0
2021-10-07T01:00,30.2,320.5,31.0,73.0
2021-10-07T02:00,28.3,0.0,0.0,0.0
2021-10-07T03:00,26.3,0.0,0.0,0.0
2021-10-07T04:00,25.3,0.0,0.0,0.0
2021-10-07T05:00,23.6,0.0,0.0,0.0
2021-10-07T06:00,24.5,0.0,0.0,0.0
2021-10-07T07:00,23.9,0.0,0.0,0.0
2021-10-07T08:00,22.9,0.0,0.0,0.0
2021-10-07T09:00,22.2,0.0,0.0,0.0
2021-10-07T10:00,21.0,0.0,0.0,0.0
2021-10-07T11:00,21.2,0.0,0.0,0.0
2021-10-07T12:00,21.0,0.0,0.0,0.0
2021-10-07T13:00,19.9,0.0,0.0,0.0
2021-10-07T14:00,19.9,27.1,9.0,11.0
2021-10-07T15:00,21.9,494.7,52.0,155.0
2021-10-07T16:00,24.6,713.4,75.0,362.0
2021-10-07T17:00,27.2,704.2,129.0,527.0
2021-10-07T18:00,29.4,843.0,106.0,684.0
2021-10-07T19:00,31.0,729.1,181.0,732.0
2021-10-07T20:00,32.1,581.6,244.0,692.0
2021-10-07T21:00,32.7,424.1,297.0,606.0
2021-10-07T22:00,32.9,358.3,267.0,494.0
2021-10-07T23:00,32.8,146.5,227.0,299.0
2021-10-08T00:00,31.5,170.0,126.0,179.0
2021-10-08T01:00,30.3,46.7,38.0,44.0
2021-10-08T02:00,28.6,0.0,0.0,0.0
2021-10-08T03:00,27.4,0.0,0.0,0.0
2021-10-08T04:00,26.0,0.0,0.0,0.0
2021-10-08T05:00,25.1,0.0,0.0,0.0
2021-10-08T06:00,24.7,0.0,0.0,0.0
2021-10-08T07:00,24.6,0.0,0.0,0.0
2021-10-08T08:00,23.4,0.0,0.0,0.0
2021-10-08T09:00,22.5,0.0,0.0,0.0
2021-10-08T10:00,22.1,0.0,0.0,0.0
2021-10-08T11:00,21.1,0.0,0.0,0.0
2021-10-08T12:00,20.2,0.0,0.0,0.0
2021-10-08T13:00,20.2,0.0,0.0,0.0
2021-10-08T14:00,20.5,13.8,9.0,10.0
2021-10-08T15:00,22.3,199.7,75.0,116.0
2021-10-08T16:00,24.6,423.4,137.0,306.0
2021-10-08T17:00,27.1,658.7,138.0,508.0
2021-10-08T18:00,29.5,686.3,165.0,633.0
2021-10-08T19:00,31.3,767.6,160.0,737.0
2021-10-08T20:00,32.4,720.6,186.0,738.0
2021-10-08T21:00,33.1,694.6,177.0,680.0
2021-10-08T22:00,33.2,367.4,251.0,482.0
2021-10-08T23:00,33.6,382.3,177.0,363.0
2021-10-09T00:00,32.2,338.8,109.0,213.0
2021-10-09T01:00,30.6,126.9,35.0,51.0
2021-10-09T02:00,29.2,0.0,0.0,0.0
2021-10-09T03:00,28.3,0.0,0.0,0.0
2021-10-09T04:00,27.5,0.0,0.0,0.0
2021-10-09T05:00,26.7,0.0,0.0,0.0
2021-10-09T06:00,25.9,0.0,0.0,0.0
2021-10-09T07:00,25.0,0.0,0.0,0.0
2021-10-09T08:00,24.0,0.0,0.0,0.0
2021-10-09T09:00,22.8,0.0,0.0,0.0
2021-10-09T10:00,21.8,0.0,0.0,0.0
2021-10-09T11:00,21.1,0.0,0.0,0.0
2021-10-09T12:00,21.0,0.0,0.0,0.0
2021-10-09T13:00,21.2,0.0,0.0,0.0
2021-10-09T14:00,21.1,42.3,6.0,9.0
2021-10-09T15:00,22.5,330.9,56.0,123.0
2021-10-09T16:00,24.0,565.6,99.0,323.0
2021-10-09T17:00,25.3,634.1,140.0,494.0
2021-10-09T18:00,25.9,383.4,224.0,484.0
2021-10-09T19:00,26.9,385.2,279.0,567.0
2021-10-09T20:00,28.0,506.7,257.0,643.0
2021-10-09T21:00,28.7,562.8,229.0,634.0
2021-10-09T22:00,29.1,668.2,166.0,583.0
2021-10-09T23:00,29.1,722.4,97.0,445.0
2021-10-10T00:00,28.0,628.8,66.0,256.0
2021-10-10T01:00,26.8,331.6,25.0,66.0
2021-10-10T02:00,25.6,0.0,0.0,0.0
2021-10-10T03:00,24.5,0.0,0.0,0.0
2021-10-10T04:00,23.4,0.0,0.0,0.0
2021-10-10T05:00,22.4,0.0,0.0,0.0
2021-10-10T06:00,21.1,0.0,0.0,0.0
2021-10-10T07:00,20.1,0.0,0.0,0.0
2021-10-10T08:00,19.4,0.0,0.0,0.0
2021-10-10T09:00,18.6,0.0,0.0,0.0
2021-10-10T10:00,17.9,0.0,0.0,0.0
2021-10-10T11:00,17.2,0.0,0.0,0.0
2021-10-10T12:00,16.5,0.0,0.0,0.0
2021-10-10T13:00,15.2,0.0,0.0,0.0
2021-10-10T14:00,15.7,72.0,6.0,11.0
2021-10-10T15:00,17.6,526.2,49.0,154.0
2021-10-10T16:00,19.9,733.1,74.0,362.0
2021-10-10T17:00,22.5,836.3,87.0,551.0
2021-10-10T18:00,24.5,889.6,95.0,695.0
2021-10-10T19:00,26.1,914.5,100.0,780.0
2021-10-10T20:00,27.0,921.6,101.0,799.0
2021-10-10T21:00,27.6,907.6,98.0,747.0
2021-10-10T22:00,28.2,871.8,92.0,632.0
2021-10-10T23:00,28.4,800.9,81.0,463.0
2021-10-11T00:00,27.6,659.0,62.0,258.0
2021-10-11T01:00,26.9,321.7,23.0,62.0
2021-10-11T02:00,26.0,0.0,0.0,0.0
2021-10-11T03:00,25.7,0.0,0.0,0.0
2021-10-11T04:00,24.5,0.0,0.0,0.0
2021-10-11T05:00,22.1,0.0,0.0,0.0
2021-10-11T06:00,20.5,0.0,0.0,0.0
2021-10-11T07:00,19.6,0.0,0.0,0.0
2021-10-11T08:00,18.4,0.0,0.0,0.0
2021-10-11T09:00,17.1,0.0,0.0,0.0
2021-10-11T10:00,16.2,0.0,0.0,0.0
2021-10-11T11:00,15.4,0.0,0.0,0.0
2021-10-11T12:00,14.6,0.0,0.0,0.0
2021-10-11T13:00,14.1,0.0,0.0,0.0
2021-10-11T14:00,14.5,73.5,6.0,11.0
2021-10-11T15:00,17.0,534.0,48.0,153.0
2021-10-11T16:00,20.1,741.7,73.0,362.0
2021-10-11T17:00,23.4,843.4,87.0,552.0
2021-10-11T18:00,26.1,893.2,95.0,694.0
2021-10-11T19:00,28.1,916.9,99.0,777.0
2021-10-11T20:00,28.8,920.2,100.0,793.0
2021-10-11T21:00,30.0,906.4,97.0,741.0
2021-10-11T22:00,30.2,868.6,91.0,625.0
2021-10-11T23:00,29.9,798.3,80.0,457.0
2021-10-12T00:00,28.8,635.4,63.0,249.0
2021-10-12T01:00,27.4,294.5,23.0,58.0
2021-10-12T02:00,26.3,0.0,0.0,0.0
2021-10-12T03:00,25.2,0.0,0.0,0.0
2021-10-12T04:00,23.9,0.0,0.0,0.0
2021-10-12T05:00,23.3,0.0,0.0,0.0
2021-10-12T06:00,18.6,0.0,0.0,0.0
2021-10-12T07:00,17.2,0.0,0.0,0.0
2021-10-12T08:00,15.9,0.0,0.0,0.0
2021-10-12T09:00,15.4,0.0,0.0,0.0
2021-10-12T10:00,14.7,0.0,0.0,0.0
2021-10-12T11:00,13.9,0.0,0.0,0.0
2021-10-12T12:00,13.3,0.0,0.0,0.0
2021-10-12T13:00,12.9,0.0,0.0,0.0
2021-10-12T14:00,13.6,45.0,6.0,9.0
2021-10-12T15:00,15.3,475.0,52.0,144.0
2021-10-12T16:00,16.1,678.0,82.0,344.0
2021-10-12T17:00,17.2,779.4,101.0,528.0
2021-10-12T18:00,18.4,881.7,103.0,691.0
2021-10-12T19:00,19.3,890.7,112.0,767.0
2021-10-12T20:00,19.9,893.5,114.0,783.0
2021-10-12T21:00,20.3,878.1,111.0,731.0
2021-10-12T22:00,20.3,834.2,104.0,613.0
2021-10-12T23:00,20.1,750.7,90.0,441.0
2021-10-13T00:00,19.7,593.6,68.0,239.0
2021-10-13T01:00,18.8,249.0,23.0,52.0
2021-10-13T02:00,18.2,0.0,0.0,0.0
2021-10-13T03:00,17.3,0.0,0.0,0.0
2021-10-13T04:00,16.4,0.0,0.0,0.0
2021-10-13T05:00,16.4,0.0,0.0,0.0
2021-10-13T06:00,14.7,0.0,0.0,0.0
2021-10-13T07:00,13.9,0.0,0.0,0.0
2021-10-13T08:00,13.6,0.0,0.0,0.0
2021-10-13T09:00,13.8,0.0,0.0,0.0
2021-10-13T10:00,12.9,0.0,0.0,0.0
2021-10-13T11:00,12.1,0.0,0.0,0.0
2021-10-13T12:00,11.3,0.0,0.0,0.0
2021-10-13T13:00,11.5,0.0,0.0,0.0
2021-10-13T14:00,9.9,46.0,5.0,8.0
2021-10-13T15:00,12.0,451.0,51.0,137.0
2021-10-13T16:00,14.8,670.7,81.0,338.0
2021-10-13T17:00,17.6,782.7,99.0,525.0
2021-10-13T18:00,19.5,843.1,108.0,667.0
2021-10-13T19:00,20.7,871.0,114.0,751.0
2021-10-13T20:00,21.9,877.2,114.0,767.0
2021-10-13T21:00,22.8,862.4,111.0,716.0
2021-10-13T22:00,23.4,822.4,102.0,600.0
2021-10-13T23:00,23.6,740.9,89.0,432.0
2021-10-14T00:00,22.7,582.0,67.0,232.0
2021-10-14T01:00,22.1,236.5,22.0,49.0
2021-10-14T02:00,21.1,0.0,0.0,0.0
2021-10-14T03:00,19.9,0.0,0.0,0.0
2021-10-14T04:00,18.6,0.0,0.0,0.0
2021-10-14T05:00,17.5,0.0,0.0,0.0
2021-10-14T06:00,16.9,0.0,0.0,0.0
2021-10-14T07:00,16.1,0.0,0.0,0.0
2021-10-14T08:00,17.5,0.0,0.0,0.0
2021-10-14T09:00,14.7,0.0,0.0,0.0
2021-10-14T10:00,12.8,0.0,0.0,0.0
2021-10-14T11:00,11.7,0.0,0.0,0.0
2021-10-14T12:00,10.9,0.0,0.0,0.0
2021-10-14T13:00,10.0,0.0,0.0,0.0
2021-10-14T14:00,10.1,31.4,6.0,8.0
2021-10-14T15:00,12.4,452.8,49.0,134.0
2021-10-14T16:00,15.7,668.5,80.0,334.0
2021-10-14T17:00,18.9,780.4,97.0,519.0
2021-10-14T18:00,21.2,840.4,107.0,661.0
2021-10-14T19:00,23.0,869.1,112.0,744.0
2021-10-14T20:00,24.3,875.5,113.0,761.0
2021-10-14T21:00,25.3,862.1,109.0,710.0
2021-10-14T22:00,26.0,820.3,102.0,595.0
2021-10-14T23:00,26.1,737.3,88.0,426.0
2021-10-15T00:00,25.3,573.4,66.0,226.0
2021-10-15T01:00,23.9,214.5,22.0,46.0
2021-10-15T02:00,22.6,0.0,0.0,0.0
2021-10-15T03:00,21.3,0.0,0.0,0.0
2021-10-15T04:00,19.9,0.0,0.0,0.0
2021-10-15T05:00,20.9,0.0,0.0,0.0
2021-10-15T06:00,18.9,0.0,0.0,0.0
2021-10-15T07:00,16.5,0.0,0.0,0.0
2021-10-15T08:00,15.5,0.0,0.0,0.0
2021-10-15T09:00,15.1,0.0,0.0,0.0
2021-10-15T10:00,16.2,0.0,0.0,0.0
2021-10-15T11:00,16.0,0.0,0.0,0.0
2021-10-15T12:00,14.4,0.0,0.0,0.0
2021-10-15T13:00,14.7,0.0,0.0,0.0
2021-10-15T14:00,13.4,32.2,5.0,7.0
2021-10-15T15:00,16.7,449.4,49.0,132.0
2021-10-15T16:00,20.2,674.4,80.0,334.0
2021-10-15T17:00,22.1,789.3,98.0,522.0
2021-10-15T18:00,24.5,851.4,108.0,666.0
2021-10-15T19:00,26.4,882.3,113.0,751.0
2021-10-15T20:00,27.5,888.8,114.0,768.0
2021-10-15T21:00,28.2,874.9,110.0,716.0
2021-10-15T22:00,29.0,831.5,103.0,599.0
2021-10-15T23:00,29.2,744.7,89.0,427.0
2021-10-16T00:00,28.2,579.1,66.0,225.0
2021-10-16T01:00,25.7,218.9,21.0,45.0
2021-10-16T02:00,24.4,0.0,0.0,0.0
2021-10-16T03:00,23.6,0.0,0.0,0.0
2021-10-16T04:00,22.6,0.0,0.0,0.0
2021-10-16T05:00,21.3,0.0,0.0,0.0
2021-10-16T06:00,20.7,0.0,0.0,0.0
2021-10-16T07:00,20.4,0.0,0.0,0.0
2021-10-16T08:00,20.3,0.0,0.0,0.0
2021-10-16T09:00,19.8,0.0,0.0,0.0
2021-10-16T10:00,19.2,0.0,0.0,0.0
2021-10-16T11:00,18.7,0.0,0.0,0.0
2021-10-16T12:00,17.2,0.0,0.0,0.0
2021-10-16T13:00,16.4,0.0,0.0,0.0
2021-10-16T14:00,16.9,32.9,5.0,7.0
2021-10-16T15:00,20.2,451.4,49.0,131.0
2021-10-16T16:00,23.6,675.0,80.0,332.0
2021-10-16T17:00,26.4,789.0,96.0,517.0
2021-10-16T18:00,28.7,845.7,107.0,658.0
2021-10-16T19:00,31.1,872.0,111.0,738.0
2021-10-16T20:00,32.6,874.9,112.0,752.0
2021-10-16T21:00,33.2,855.8,109.0,698.0
2021-10-16T22:00,33.5,810.9,101.0,581.0
2021-10-16T23:00,33.4,723.2,87.0,412.0
2021-10-17T00:00,32.2,551.6,64.0,213.0
2021-10-17T01:00,29.8,195.6,19.0,40.0
2021-10-17T02:00,28.2,0.0,0.0,0.0
2021-10-17T03:00,27.2,0.0,0.0,0.0
2021-10-17T04:00,25.4,0.0,0.0,0.0
2021-10-17T05:00,23.7,0.0,0.0,0.0
2021-10-17T06:00,23.0,0.0,0.0,0.0
2021-10-17T07:00,23.0,0.0,0.0,0.0
2021-10-17T08:00,23.0,0.0,0.0,0.0
2021-10-17T09:00,22.6,0.0,0.0,0.0
2021-10-17T10:00,21.5,0.0,0.0,0.0
2021-10-17T11:00,20.4,0.0,0.0,0.0
2021-10-17T12:00,19.0,0.0,0.0,0.0
2021-10-17T13:00,18.4,0.0,0.0,0.0
2021-10-17T14:00,17.9,16.9,5.0,6.0
2021-10-17T15:00,19.9,347.1,56.0,118.0
2021-10-17T16:00,22.8,429.7,125.0,284.0
2021-10-17T17:00,25.2,634.0,141.0,477.0
2021-10-17T18:00,27.5,702.6,158.0,613.0
2021-10-17T19:00,29.6,779.2,150.0,707.0
2021-10-17T20:00,30.6,599.6,237.0,673.0
2021-10-17T21:00,31.8,814.6,125.0,682.0
2021-10-17T22:00,31.5,510.7,204.0,504.0
2021-10-17T23:00,32.2,395.6,165.0,341.0
2021-10-18T00:00,30.3,64.0,99.0,116.0
2021-10-18T01:00,28.4,104.6,22.0,33.0
2021-10-18T02:00,27.1,0.0,0.0,0.0
2021-10-18T03:00,26.0,0.0,0.0,0.0
2021-10-18T04:00,25.1,0.0,0.0,0.0
2021-10-18T05:00,23.9,0.0,0.0,0.0
2021-10-18T06:00,22.5,0.0,0.0,0.0
2021-10-18T07:00,21.4,0.0,0.0,0.0
2021-10-18T08:00,20.4,0.0,0.0,0.0
2021-10-18T09:00,19.1,0.0,0.0,0.0
2021-10-18T10:00,17.7,0.0,0.0,0.0
2021-10-18T11:00,16.5,0.0,0.0,0.0
2021-10-18T12:00,16.4,0.0,0.0,0.0
2021-10-18T13:00,15.8,0.0,0.0,0.0
2021-10-18T14:00,15.6,17.3,5.0,6.0
2021-10-18T15:00,18.5,410.2,48.0,120.0
2021-10-18T16:00,21.3,621.9,81.0,309.0
2021-10-18T17:00,24.0,737.2,99.0,487.0
2021-10-18T18:00,26.2,803.2,109.0,626.0
2021-10-18T19:00,27.3,811.9,119.0,696.0
2021-10-18T20:00,28.4,806.5,126.0,709.0
2021-10-18T21:00,29.0,756.7,125.0,639.0
2021-10-18T22:00,29.2,756.6,107.0,548.0
2021-10-18T23:00,28.6,665.4,92.0,385.0
2021-10-19T00:00,27.1,505.2,66.0,198.0
2021-10-19T01:00,25.6,165.2,18.0,35.0
2021-10-19T02:00,24.4,0.0,0.0,0.0
2021-10-19T03:00,23.0,0.0,0.0,0.0
2021-10-19T04:00,21.8,0.0,0.0,0.0
2021-10-19T05:00,20.9,0.0,0.0,0.0
2021-10-19T06:00,19.8,0.0,0.0,0.0
2021-10-19T07:00,18.5,0.0,0.0,0.0
2021-10-19T08:00,17.6,0.0,0.0,0.0
2021-10-19T09:00,16.9,0.0,0.0,0.0
2021-10-19T10:00,15.9,0.0,0.0,0.0
2021-10-19T11:00,16.4,0.0,0.0,0.0
2021-10-19T12:00,15.4,0.0,0.0,0.0
2021-10-19T13:00,16.6,0.0,0.0,0.0
2021-10-19T14:00,14.5,17.8,4.0,5.0
2021-10-19T15:00,16.7,400.2,47.0,116.0
2021-10-19T16:00,18.8,625.0,80.0,307.0
2021-10-19T17:00,20.7,742.4,98.0,486.0
2021-10-19T18:00,22.5,806.6,109.0,625.0
2021-10-19T19:00,23.8,837.9,115.0,707.0
2021-10-19T20:00,24.9,847.6,114.0,723.0
2021-10-19T21:00,25.6,831.4,110.0,671.0
2021-10-19T22:00,25.9,785.0,102.0,556.0
2021-10-19T23:00,25.8,697.5,87.0,391.0
2021-10-20T00:00,25.1,525.4,63.0,198.0
2021-10-20T01:00,24.6,158.9,17.0,33.0
2021-10-20T02:00,23.9,0.0,0.0,0.0
2021-10-20T03:00,22.9,0.0,0.0,0.0
2021-10-20T04:00,21.7,0.0,0.0,0.0
2021-10-20T05:00,20.7,0.0,0.0,0.0
2021-10-20T06:00,19.9,0.0,0.0,0.0
2021-10-20T07:00,18.5,0.0,0.0,0.0
2021-10-20T08:00,17.5,0.0,0.0,0.0
2021-10-20T09:00,17.5,0.0,0.0,0.0
2021-10-20T10:00,17.2,0.0,0.0,0.0
2021-10-20T11:00,17.0,0.0,0.0,0.0
2021-10-20T12:00,16.9,0.0,0.0,0.0
2021-10-20T13:00,15.2,0.0,0.0,0.0
2021-10-20T14:00,14.4,18.3,4.0,5.0
2021-10-20T15:00,16.8,366.3,50.0,112.0
2021-10-20T16:00,19.5,603.1,85.0,302.0
2021-10-20T17:00,23.1,722.7,105.0,480.0
2021-10-20T18:00,25.6,758.2,130.0,612.0
2021-10-20T19:00,27.0,823.0,122.0,700.0
2021-10-20T20:00,27.8,833.2,121.0,716.0
2021-10-20T21:00,28.4,826.5,113.0,667.0
2021-10-20T22:00,28.7,794.6,99.0,555.0
2021-10-20T23:00,28.8,709.3,85.0,391.0
2021-10-21T00:00,28.4,530.5,62.0,196.0
2021-10-21T01:00,26.7,162.4,16.0,32.0
2021-10-21T02:00,25.3,0.0,0.0,0.0
2021-10-21T03:00,23.6,0.0,0.0,0.0
2021-10-21T04:00,22.2,0.0,0.0,0.0
2021-10-21T05:00,21.1,0.0,0.0,0.0
2021-10-21T06:00,20.5,0.0,0.0,0.0
2021-10-21T07:00,21.6,0.0,0.0,0.0
2021-10-21T08:00,20.5,0.0,0.0,0.0
2021-10-21T09:00,19.4,0.0,0.0,0.0
2021-10-21T10:00,18.3,0.0,0.0,0.0
2021-10-21T11:00,16.2,0.0,0.0,0.0
2021-10-21T12:00,15.0,0.0,0.0,0.0
2021-10-21T13:00,14.4,0.0,0.0,0.0
2021-10-21T14:00,14.5,18.8,3.0,4.0
2021-10-21T15:00,16.7,415.4,45.0,114.0
2021-10-21T16:00,19.8,639.8,77.0,305.0
2021-10-21T17:00,23.3,759.0,95.0,486.0
2021-10-21T18:00,26.1,820.0,106.0,624.0
2021-10-21T19:00,28.3,846.6,112.0,703.0
2021-10-21T20:00,29.9,852.5,112.0,717.0
2021-10-21T21:00,31.0,832.1,110.0,664.0
2021-10-21T22:00,31.6,765.8,109.0,545.0
2021-10-21T23:00,31.5,625.4,105.0,372.0
2021-10-22T00:00,30.6,467.2,70.0,186.0
2021-10-22T01:00,28.5,134.9,17.0,30.0
2021-10-22T02:00,27.0,0.0,0.0,0.0
2021-10-22T03:00,25.6,0.0,0.0,0.0
2021-10-22T04:00,24.3,0.0,0.0,0.0
2021-10-22T05:00,23.3,0.0,0.0,0.0
2021-10-22T06:00,21.8,0.0,0.0,0.0
2021-10-22T07:00,20.6,0.0,0.0,0.0
2021-10-22T08:00,22.3,0.0,0.0,0.0
2021-10-22T09:00,21.2,0.0,0.0,0.0
2021-10-22T10:00,17.9,0.0,0.0,0.0
2021-10-22T11:00,17.0,0.0,0.0,0.0
2021-10-22T12:00,16.3,0.0,0.0,0.0
2021-10-22T13:00,15.4,0.0,0.0,0.0
2021-10-22T14:00,15.0,19.1,3.0,4.0
2021-10-22T15:00,17.2,398.9,45.0,110.0
2021-10-22T16:00,20.5,634.8,76.0,300.0
2021-10-22T17:00,23.5,758.7,92.0,480.0
2021-10-22T18:00,25.9,720.1,144.0,596.0
2021-10-22T19:00,27.7,626.9,205.0,640.0
2021-10-22T20:00,29.4,604.0,214.0,640.0
2021-10-22T21:00,30.9,718.3,155.0,630.0
2021-10-22T22:00,31.5,679.8,138.0,522.0
2021-10-22T23:00,31.1,475.7,142.0,343.0
2021-10-23T00:00,30.3,282.8,93.0,162.0
2021-10-23T01:00,27.9,116.8,17.0,28.0
2021-10-23T02:00,26.1,0.0,0.0,0.0
2021-10-23T03:00,25.4,0.0,0.0,0.0
2021-10-23T04:00,23.5,0.0,0.0,0.0
2021-10-23T05:00,22.2,0.0,0.0,0.0
2021-10-23T06:00,21.6,0.0,0.0,0.0
2021-10-23T07:00,22.6,0.0,0.0,0.0
2021-10-23T08:00,20.6,0.0,0.0,0.0
2021-10-23T09:00,17.5,0.0,0.0,0.0
2021-10-23T10:00,16.0,0.0,0.0,0.0
2021-10-23T11:00,14.7,0.0,0.0,0.0
2021-10-23T12:00,14.6,0.0,0.0,0.0
2021-10-23T13:00,14.4,0.0,0.0,0.0
2021-10-23T14:00,14.3,0.0,3.0,3.0
2021-10-23T15:00,16.3,406.8,44.0,109.0
2021-10-23T16:00,19.6,635.4,77.0,299.0
2021-10-23T17:00,23.1,748.6,98.0,478.0
2021-10-23T18:00,25.9,684.6,158.0,585.0
2021-10-23T19:00,27.7,356.7,305.0,551.0
2021-10-23T20:00,28.4,149.8,335.0,440.0
2021-10-23T21:00,29.4,488.7,239.0,560.0
2021-10-23T22:00,30.0,544.2,175.0,480.0
2021-10-23T23:00,30.0,576.3,111.0,352.0
2021-10-24T00:00,28.8,504.6,58.0,179.0
2021-10-24T01:00,27.2,86.9,17.0,25.0
2021-10-24T02:00,25.5,0.0,0.0,0.0
2021-10-24T03:00,24.6,0.0,0.0,0.0
2021-10-24T04:00,25.1,0.0,0.0,0.0
2021-10-24T05:00,21.6,0.0,0.0,0.0
2021-10-24T06:00,20.8,0.0,0.0,0.0
2021-10-24T07:00,19.7,0.0,0.0,0.0
2021-10-24T08:00,21.3,0.0,0.0,0.0
2021-10-24T09:00,20.2,0.0,0.0,0.0
2021-10-24T10:00,17.9,0.0,0.0,0.0
2021-10-24T11:00,16.1,0.0,0.0,0.0
2021-10-24T12:00,16.1,0.0,0.0,0.0
2021-10-24T13:00,15.8,0.0,0.0,0.0
2021-10-24T14:00,15.6,0.0,3.0,3.0
2021-10-24T15:00,17.7,344.9,46.0,100.0
2021-10-24T16:00,20.7,586.8,81.0,284.0
2021-10-24T17:00,23.7,696.6,105.0,456.0
2021-10-24T18:00,26.1,740.7,129.0,588.0
2021-10-24T19:00,28.2,830.2,108.0,677.0
2021-10-24T20:00,29.3,834.1,109.0,690.0
2021-10-24T21:00,29.4,813.9,106.0,637.0
2021-10-24T22:00,29.7,717.6,114.0,513.0
2021-10-24T23:00,30.1,550.9,112.0,340.0
2021-10-25T00:00,29.1,297.1,84.0,154.0
2021-10-25T01:00,27.8,66.7,17.0,23.0
2021-10-25T02:00,26.7,0.0,0.0,0.0
2021-10-25T03:00,25.4,0.0,0.0,0.0
2021-10-25T04:00,24.5,0.0,0.0,0.0
2021-10-25T05:00,24.7,0.0,0.0,0.0
2021-10-25T06:00,24.1,0.0,0.0,0.0
2021-10-25T07:00,23.1,0.0,0.0,0.0
2021-10-25T08:00,20.7,0.0,0.0,0.0
2021-10-25T09:00,21.4,0.0,0.0,0.0
2021-10-25T10:00,18.2,0.0,0.0,0.0
2021-10-25T11:00,17.7,0.0,0.0,0.0
2021-10-25T12:00,17.2,0.0,0.0,0.0
2021-10-25T13:00,16.5,0.0,0.0,0.0
2021-10-25T14:00,16.6,0.0,3.0,3.0
2021-10-25T15:00,18.5,365.1,42.0,98.0
2021-10-25T16:00,21.5,592.9,77.0,280.0
2021-10-25T17:00,24.6,713.9,96.0,453.0
2021-10-25T18:00,27.4,763.5,111.0,581.0
2021-10-25T19:00,29.7,806.0,113.0,662.0
2021-10-25T20:00,30.3,827.8,109.0,682.0
2021-10-25T21:00,31.6,765.4,118.0,614.0
2021-10-25T22:00,32.7,748.7,100.0,513.0
2021-10-25T23:00,32.1,666.5,82.0,355.0
2021-10-26T00:00,30.8,483.7,57.0,169.0
2021-10-26T01:00,28.8,91.0,13.0,21.0
2021-10-26T02:00,27.6,0.0,0.0,0.0
2021-10-26T03:00,26.4,0.0,0.0,0.0
2021-10-26T04:00,25.1,0.0,0.0,0.0
2021-10-26T05:00,24.1,0.0,0.0,0.0
2021-10-26T06:00,22.8,0.0,0.0,0.0
2021-10-26T07:00,21.7,0.0,0.0,0.0
2021-10-26T08:00,20.8,0.0,0.0,0.0
2021-10-26T09:00,20.2,0.0,0.0,0.0
2021-10-26T10:00,18.9,0.0,0.0,0.0
2021-10-26T11:00,18.7,0.0,0.0,0.0
2021-10-26T12:00,17.7,0.0,0.0,0.0
2021-10-26T13:00,16.5,0.0,0.0,0.0
2021-10-26T14:00,15.4,0.0,2.0,2.0
2021-10-26T15:00,15.7,366.3,44.0,99.0
2021-10-26T16:00,17.3,607.9,81.0,287.0
2021-10-26T17:00,18.7,759.7,94.0,471.0
2021-10-26T18:00,20.2,824.1,105.0,609.0
2021-10-26T19:00,22.1,858.3,109.0,690.0
2021-10-26T20:00,23.7,866.4,110.0,706.0
2021-10-26T21:00,24.0,851.4,106.0,654.0
2021-10-26T22:00,24.6,802.1,97.0,536.0
2021-10-26T23:00,24.3,705.5,83.0,369.0
2021-10-27T00:00,23.1,514.3,58.0,175.0
2021-10-27T01:00,21.9,116.4,12.0,22.0
2021-10-27T02:00,21.0,0.0,0.0,0.0
2021-10-27T03:00,20.2,0.0,0.0,0.0
2021-10-27T04:00,19.1,0.0,0.0,0.0
2021-10-27T05:00,18.1,0.0,0.0,0.0
2021-10-27T06:00,17.0,0.0,0.0,0.0
2021-10-27T07:00,15.8,0.0,0.0,0.0
2021-10-27T08:00,14.5,0.0,0.0,0.0
2021-10-27T09:00,13.3,0.0,0.0,0.0
2021-10-27T10:00,12.1,0.0,0.0,0.0
2021-10-27T11:00,12.5,0.0,0.0,0.0
2021-10-27T12:00,11.3,0.0,0.0,0.0
2021-10-27T13:00,11.5,0.0,0.0,0.0
2021-10-27T14:00,12.9,0.0,2.0,2.0
2021-10-27T15:00,13.0,394.8,41.0,99.0
2021-10-27T16:00,15.6,629.2,75.0,286.0
2021-10-27T17:00,18.4,755.4,93.0,465.0
2021-10-27T18:00,20.7,821.3,103.0,602.0
2021-10-27T19:00,22.2,851.8,108.0,681.0
2021-10-27T20:00,23.5,858.7,108.0,695.0
2021-10-27T21:00,24.7,841.5,105.0,643.0
2021-10-27T22:00,25.3,791.9,97.0,527.0
2021-10-27T23:00,25.5,695.4,82.0,361.0
2021-10-28T00:00,25.3,501.0,57.0,169.0
2021-10-28T01:00,23.5,107.2,11.0,20.0
2021-10-28T02:00,22.0,0.0,0.0,0.0
2021-10-28T03:00,23.0,0.0,0.0,0.0
2021-10-28T04:00,22.0,0.0,0.0,0.0
2021-10-28T05:00,18.8,0.0,0.0,0.0
2021-10-28T06:00,17.0,0.0,0.0,0.0
2021-10-28T07:00,16.0,0.0,0.0,0.0
2021-10-28T08:00,16.4,0.0,0.0,0.0
2021-10-28T09:00,14.9,0.0,0.0,0.0
2021-10-28T10:00,13.8,0.0,0.0,0.0
2021-10-28T11:00,13.5,0.0,0.0,0.0
2021-10-28T12:00,12.7,0.0,0.0,0.0
2021-10-28T13:00,12.3,0.0,0.0,0.0
2021-10-28T14:00,12.3,0.0,2.0,2.0
2021-10-28T15:00,15.0,389.8,39.0,95.0
2021-10-28T16:00,18.7,626.8,74.0,282.0
2021-10-28T17:00,22.8,755.1,91.0,460.0
2021-10-28T18:00,25.5,820.2,102.0,597.0
2021-10-28T19:00,27.3,851.1,106.0,675.0
2021-10-28T20:00,28.8,855.3,107.0,688.0
2021-10-28T21:00,30.0,836.2,104.0,635.0
2021-10-28T22:00,30.8,787.0,95.0,519.0
2021-10-28T23:00,30.9,687.4,82.0,355.0
2021-10-29T00:00,29.7,496.2,56.0,165.0
2021-10-29T01:00,27.3,97.6,11.0,19.0
2021-10-29T02:00,25.4,0.0,0.0,0.0
2021-10-29T03:00,23.7,0.0,0.0,0.0
2021-10-29T04:00,23.8,0.0,0.0,0.0
2021-10-29T05:00,22.4,0.0,0.0,0.0
2021-10-29T06:00,20.3,0.0,0.0,0.0
2021-10-29T07:00,19.9,0.0,0.0,0.0
2021-10-29T08:00,19.3,0.0,0.0,0.0
2021-10-29T09:00,18.4,0.0,0.0,0.0
2021-10-29T10:00,18.1,0.0,0.0,0.0
2021-10-29T11:00,18.1,0.0,0.0,0.0
2021-10-29T12:00,16.4,0.0,0.0,0.0
2021-10-29T13:00,16.0,0.0,0.0,0.0
2021-10-29T14:00,16.1,0.0,1.0,1.0
2021-10-29T15:00,18.7,388.2,38.0,93.0
2021-10-29T16:00,22.3,627.5,72.0,278.0
2021-10-29T17:00,26.5,754.8,91.0,457.0
2021-10-29T18:00,28.9,822.4,100.0,593.0
2021-10-29T19:00,30.4,853.5,105.0,672.0
2021-10-29T20:00,31.6,859.2,106.0,686.0
2021-10-29T21:00,32.8,841.8,102.0,633.0
2021-10-29T22:00,33.5,793.1,95.0,519.0
2021-10-29T23:00,33.3,694.5,81.0,354.0
2021-10-30T00:00,32.0,504.9,54.0,163.0
2021-10-30T01:00,31.0,99.9,10.0,18.0
2021-10-30T02:00,27.1,0.0,0.0,0.0
2021-10-30T03:00,25.5,0.0,0.0,0.0
2021-10-30T04:00,23.9,0.0,0.0,0.0
2021-10-30T05:00,22.7,0.0,0.0,0.0
2021-10-30T06:00,24.1,0.0,0.0,0.0
2021-10-30T07:00,21.1,0.0,0.0,0.0
2021-10-30T08:00,22.1,0.0,0.0,0.0
2021-10-30T09:00,18.0,0.0,0.0,0.0
2021-10-30T10:00,16.6,0.0,0.0,0.0
2021-10-30T11:00,15.7,0.0,0.0,0.0
2021-10-30T12:00,15.4,0.0,0.0,0.0
2021-10-30T13:00,14.9,0.0,0.0,0.0
2021-10-30T14:00,14.8,0.0,1.0,1.0
2021-10-30T15:00,17.0,378.8,37.0,90.0
2021-10-30T16:00,19.4,622.0,72.0,274.0
2021-10-30T17:00,22.3,750.4,90.0,451.0
2021-10-30T18:00,25.3,817.8,100.0,587.0
2021-10-30T19:00,27.7,846.7,105.0,664.0
2021-10-30T20:00,29.4,852.7,105.0,677.0
2021-10-30T21:00,30.4,834.7,102.0,625.0
2021-10-30T22:00,30.7,786.0,94.0,511.0
2021-10-30T23:00,30.6,686.1,80.0,347.0
2021-10-31T00:00,29.9,494.9,54.0,159.0
2021-10-31T01:00,28.1,89.4,10.0,17.0
2021-10-31T02:00,25.6,0.0,0.0,0.0
2021-10-31T03:00,24.3,0.0,0.0,0.0
2021-10-31T04:00,22.9,0.0,0.0,0.0
2021-10-31T05:00,24.7,0.0,0.0,0.0
2021-10-31T06:00,23.9,0.0,0.0,0.0
2021-10-31T07:00,21.6,0.0,0.0,0.0
2021-10-31T08:00,20.7,0.0,0.0,0.0
2021-10-31T09:00,17.9,0.0,0.0,0.0
2021-10-31T10:00,17.5,0.0,0.0,0.0
2021-10-31T11:00,16.8,0.0,0.0,0.0
2021-10-31T12:00,16.2,0.0,0.0,0.0
2021-10-31T13:00,15.2,0.0,0.0,0.0
2021-10-31T14:00,14.8,0.0,1.0,1.0
2021-10-31T15:00,16.9,362.0,37.0,87.0
2021-10-31T16:00,20.0,607.0,73.0,268.0
2021-10-31T17:00,23.5,741.7,89.0,443.0
2021-10-31T18:00,26.2,809.8,100.0,579.0
2021-10-31T19:00,28.2,839.8,105.0,656.0
2021-10-31T20:00,29.4,844.5,106.0,669.0
2021-10-31T21:00,30.0,822.5,103.0,615.0
2021-10-31T22:00,30.2,774.9,94.0,502.0
2021-10-31T23:00,29.9,674.7,79.0,339.0
2021-11-01T00:00,29.2,474.7,54.0,153.0
2021-11-01T01:00,27.3,78.5,9.0,15.0
2021-11-01T02:00,26.1,0.0,0.0,0.0
2021-11-01T03:00,24.6,0.0,0.0,0.0
2021-11-01T04:00,22.9,0.0,0.0,0.0
2021-11-01T05:00,22.8,0.0,0.0,0.0
2021-11-01T06:00,21.1,0.0,0.0,0.0
2021-11-01T07:00,21.0,0.0,0.0,0.0
2021-11-01T08:00,21.9,0.0,0.0,0.0
2021-11-01T09:00,20.6,0.0,0.0,0.0
2021-11-01T10:00,17.1,0.0,0.0,0.0
2021-11-01T11:00,15.8,0.0,0.0,0.0
2021-11-01T12:00,15.4,0.0,0.0,0.0
2021-11-01T13:00,15.1,0.0,0.0,0.0
2021-11-01T14:00,14.9,0.0,1.0,1.0
2021-11-01T15:00,16.9,330.0,37.0,82.0
2021-11-01T16:00,19.6,591.8,73.0,261.0
2021-11-01T17:00,22.3,726.5,91.0,435.0
2021-11-01T18:00,25.0,793.1,103.0,569.0
2021-11-01T19:00,26.9,817.4,113.0,646.0
2021-11-01T20:00,28.1,830.1,111.0,661.0
2021-11-01T21:00,28.7,813.4,106.0,609.0
2021-11-01T22:00,28.9,755.9,100.0,495.0
2021-11-01T23:00,28.6,668.3,81.0,336.0
2021-11-02T00:00,27.8,463.3,54.0,149.0
2021-11-02T01:00,25.6,80.3,8.0,14.0
2021-11-02T02:00,24.0,0.0,0.0,0.0
2021-11-02T03:00,24.4,0.0,0.0,0.0
2021-11-02T04:00,24.4,0.0,0.0,0.0
2021-11-02T05:00,23.6,0.0,0.0,0.0
2021-11-02T06:00,23.0,0.0,0.0,0.0
2021-11-02T07:00,20.2,0.0,0.0,0.0
2021-11-02T08:00,18.5,0.0,0.0,0.0
2021-11-02T09:00,17.5,0.0,0.0,0.0
2021-11-02T10:00,16.7,0.0,0.0,0.0
2021-11-02T11:00,16.3,0.0,0.0,0.0
2021-11-02T12:00,15.3,0.0,0.0,0.0
2021-11-02T13:00,14.3,0.0,0.0,0.0
2021-11-02T14:00,13.9,0.0,1.0,1.0
2021-11-02T15:00,15.9,341.8,35.0,81.0
2021-11-02T16:00,19.0,598.4,72.0,260.0
2021-11-02T17:00,21.9,715.2,95.0,431.0
2021-11-02T18:00,24.4,774.4,111.0,563.0
2021-11-02T19:00,26.1,663.6,179.0,609.0
2021-11-02T20:00,27.2,514.8,235.0,574.0
2021-11-02T21:00,27.9,639.6,167.0,560.0
2021-11-02T22:00,28.4,786.6,90.0,498.0
2021-11-02T23:00,28.6,674.7,79.0,334.0
2021-11-03T00:00,27.8,471.1,53.0,148.0
2021-11-03T01:00,26.2,68.4,8.0,13.0
2021-11-03T02:00,24.5,0.0,0.0,0.0
2021-11-03T03:00,24.9,0.0,0.0,0.0
2021-11-03T04:00,24.3,0.0,0.0,0.0
2021-11-03T05:00,23.7,0.0,0.0,0.0
2021-11-03T06:00,20.5,0.0,0.0,0.0
2021-11-03T07:00,20.8,0.0,0.0,0.0
2021-11-03T08:00,17.8,0.0,0.0,0.0
2021-11-03T09:00,16.7,0.0,0.0,0.0
2021-11-03T10:00,15.7,0.0,0.0,0.0
2021-11-03T11:00,14.7,0.0,0.0,0.0
2021-11-03T12:00,14.1,0.0,0.0,0.0
2021-11-03T13:00,13.2,0.0,0.0,0.0
2021-11-03T14:00,12.8,0.0,1.0,1.0
2021-11-03T15:00,14.6,331.3,35.0,79.0
2021-11-03T16:00,17.7,595.5,71.0,256.0
2021-11-03T17:00,21.1,729.5,90.0,430.0
2021-11-03T18:00,24.1,800.3,99.0,563.0
2021-11-03T19:00,26.2,832.2,105.0,641.0
2021-11-03T20:00,27.6,838.8,106.0,655.0
2021-11-03T21:00,28.8,820.6,102.0,603.0
2021-11-03T22:00,29.4,770.9,93.0,490.0
2021-11-03T23:00,29.6,667.8,79.0,329.0
2021-11-04T00:00,29.1,463.7,52.0,144.0
2021-11-04T01:00,26.5,70.0,8.0,13.0
2021-11-04T02:00,24.6,0.0,0.0,0.0
2021-11-04T03:00,23.4,0.0,0.0,0.0
2021-11-04T04:00,22.7,0.0,0.0,0.0
2021-11-04T05:00,22.3,0.0,0.0,0.0
2021-11-04T06:00,20.5,0.0,0.0,0.0
2021-11-04T07:00,19.2,0.0,0.0,0.0
2021-11-04T08:00,18.6,0.0,0.0,0.0
2021-11-04T09:00,18.3,0.0,0.0,0.0
2021-11-04T10:00,17.8,0.0,0.0,0.0
2021-11-04T11:00,16.3,0.0,0.0,0.0
2021-11-04T12:00,15.9,0.0,0.0,0.0
2021-11-04T13:00,15.7,0.0,0.0,0.0
2021-11-04T14:00,15.6,0.0,0.0,0.0
2021-11-04T15:00,18.0,335.8,33.0,77.0
2021-11-04T16:00,21.2,602.3,70.0,255.0
2021-11-04T17:00,24.7,737.6,88.0,429.0
2021-11-04T18:00,27.0,807.4,99.0,564.0
2021-11-04T19:00,28.7,840.5,103.0,641.0
2021-11-04T20:00,29.9,845.4,104.0,654.0
2021-11-04T21:00,30.7,827.5,100.0,602.0
2021-11-04T22:00,31.1,776.5,92.0,489.0
2021-11-04T23:00,31.0,671.3,78.0,327.0
2021-11-05T00:00,29.7,466.2,51.0,142.0
2021-11-05T01:00,26.9,57.3,8.0,12.0
2021-11-05T02:00,25.5,0.0,0.0,0.0
2021-11-05T03:00,23.6,0.0,0.0,0.0
2021-11-05T04:00,22.1,0.0,0.0,0.0
2021-11-05T05:00,21.9,0.0,0.0,0.0
2021-11-05T06:00,23.4,0.0,0.0,0.0
2021-11-05T07:00,22.3,0.0,0.0,0.0
2021-11-05T08:00,21.5,0.0,0.0,0.0
2021-11-05T09:00,17.6,0.0,0.0,0.0
2021-11-05T10:00,16.7,0.0,0.0,0.0
2021-11-05T11:00,16.3,0.0,0.0,0.0
2021-11-05T12:00,15.1,0.0,0.0,0.0
2021-11-05T13:00,14.6,0.0,0.0,0.0
2021-11-05T14:00,14.4,0.0,0.0,0.0
2021-11-05T15:00,16.4,332.7,32.0,75.0
2021-11-05T16:00,19.8,602.7,69.0,252.0
2021-11-05T17:00,23.4,739.2,88.0,427.0
2021-11-05T18:00,26.2,809.4,98.0,561.0
2021-11-05T19:00,28.2,842.5,103.0,639.0
2021-11-05T20:00,29.7,847.4,104.0,652.0
2021-11-05T21:00,30.8,826.1,102.0,600.0
2021-11-05T22:00,31.3,742.7,104.0,481.0
2021-11-05T23:00,31.3,465.3,122.0,293.0
2021-11-06T00:00,30.5,218.7,77.0,119.0
2021-11-06T01:00,29.9,14.6,9.0,10.0
2021-11-06T02:00,28.7,0.0,0.0,0.0
2021-11-06T03:00,27.6,0.0,0.0,0.0
2021-11-06T04:00,25.4,0.0,0.0,0.0
2021-11-06T05:00,24.6,0.0,0.0,0.0
2021-11-06T06:00,24.6,0.0,0.0,0.0
2021-11-06T07:00,20.6,0.0,0.0,0.0
2021-11-06T08:00,18.5,0.0,0.0,0.0
2021-11-06T09:00,18.1,0.0,0.0,0.0
2021-11-06T10:00,17.4,0.0,0.0,0.0
2021-11-06T11:00,17.0,0.0,0.0,0.0
2021-11-06T12:00,15.8,0.0,0.0,0.0
2021-11-06T13:00,15.2,0.0,0.0,0.0
2021-11-06T14:00,14.2,0.0,0.0,0.0
2021-11-06T15:00,15.8,321.7,31.0,72.0
2021-11-06T16:00,18.8,599.8,69.0,249.0
2021-11-06T17:00,22.1,738.7,87.0,423.0
2021-11-06T18:00,25.4,809.6,98.0,558.0
2021-11-06T19:00,27.9,841.4,103.0,635.0
2021-11-06T20:00,29.9,846.3,104.0,648.0
2021-11-06T21:00,31.1,826.3,100.0,595.0
2021-11-06T22:00,31.5,775.7,91.0,482.0
2021-11-06T23:00,31.5,670.0,77.0,321.0
2021-11-07T00:00,31.0,460.3,50.0,137.0
2021-11-07T01:00,28.6,59.9,6.0,10.0
2021-11-07T02:00,25.5,0.0,0.0,0.0
2021-11-07T03:00,24.0,0.0,0.0,0.0
2021-11-07T04:00,23.4,0.0,0.0,0.0
2021-11-07T05:00,23.2,0.0,0.0,0.0
2021-11-07T06:00,23.5,0.0,0.0,0.0
2021-11-07T07:00,22.3,0.0,0.0,0.0
2021-11-07T08:00,19.7,0.0,0.0,0.0
2021-11-07T09:00,17.5,0.0,0.0,0.0
2021-11-07T10:00,16.5,0.0,0.0,0.0
2021-11-07T11:00,15.5,0.0,0.0,0.0
2021-11-07T12:00,14.5,0.0,0.0,0.0
2021-11-07T13:00,13.3,0.0,0.0,0.0
2021-11-07T14:00,13.1,0.0,0.0,0.0
2021-11-07T15:00,15.5,310.4,31.0,70.0
2021-11-07T16:00,18.8,593.5,69.0,245.0
2021-11-07T17:00,21.9,410.1,170.0,355.0
2021-11-07T18:00,24.8,443.0,220.0,470.0
2021-11-07T19:00,27.0,523.6,222.0,551.0
2021-11-07T20:00,28.5,536.8,222.0,565.0
2021-11-07T21:00,29.4,371.2,247.0,468.0
2021-11-07T22:00,29.8,307.7,213.0,367.0
2021-11-07T23:00,29.7,335.3,140.0,261.0
2021-11-08T00:00,28.2,155.9,77.0,106.0
2021-11-08T01:00,26.3,0.0,6.0,6.0
2021-11-08T02:00,25.1,0.0,0.0,0.0
2021-11-08T03:00,25.9,0.0,0.0,0.0
2021-11-08T04:00,25.0,0.0,0.0,0.0
2021-11-08T05:00,22.3,0.0,0.0,0.0
2021-11-08T06:00,23.4,0.0,0.0,0.0
2021-11-08T07:00,22.5,0.0,0.0,0.0
2021-11-08T08:00,17.9,0.0,0.0,0.0
2021-11-08T09:00,16.8,0.0,0.0,0.0
2021-11-08T10:00,16.1,0.0,0.0,0.0
2021-11-08T11:00,15.2,0.0,0.0,0.0
2021-11-08T12:00,14.2,0.0,0.0,0.0
2021-11-08T13:00,13.8,0.0,0.0,0.0
2021-11-08T14:00,13.6,0.0,0.0,0.0
2021-11-08T15:00,15.3,306.9,29.0,67.0
2021-11-08T16:00,18.7,587.1,68.0,240.0
2021-11-08T17:00,21.9,728.7,87.0,413.0
2021-11-08T18:00,24.7,801.2,98.0,547.0
2021-11-08T19:00,27.0,835.9,103.0,625.0
2021-11-08T20:00,28.7,844.0,103.0,639.0
2021-11-08T21:00,29.9,824.8,99.0,587.0
2021-11-08T22:00,30.1,774.6,91.0,476.0
2021-11-08T23:00,29.7,665.4,76.0,314.0
2021-11-09T00:00,28.7,447.8,49.0,131.0
2021-11-09T01:00,26.3,47.0,6.0,9.0
2021-11-09T02:00,24.6,0.0,0.0,0.0
2021-11-09T03:00,23.1,0.0,0.0,0.0
2021-11-09T04:00,21.6,0.0,0.0,0.0
2021-11-09T05:00,20.5,0.0,0.0,0.0
2021-11-09T06:00,19.2,0.0,0.0,0.0
2021-11-09T07:00,18.9,0.0,0.0,0.0
2021-11-09T08:00,21.0,0.0,0.0,0.0
2021-11-09T09:00,17.9,0.0,0.0,0.0
2021-11-09T10:00,17.1,0.0,0.0,0.0
2021-11-09T11:00,17.9,0.0,0.0,0.0
2021-11-09T12:00,13.6,0.0,0.0,0.0
2021-11-09T13:00,13.2,0.0,0.0,0.0
2021-11-09T14:00,13.1,0.0,0.0,0.0
2021-11-09T15:00,14.7,57.4,42.0,49.0
2021-11-09T16:00,17.3,100.2,133.0,162.0
2021-11-09T17:00,19.1,54.1,200.0,224.0
2021-11-09T18:00,21.9,314.4,233.0,408.0
2021-11-09T19:00,24.3,591.4,183.0,550.0
2021-11-09T20:00,26.1,837.9,103.0,632.0
2021-11-09T21:00,27.2,816.3,99.0,579.0
2021-11-09T22:00,27.7,757.7,92.0,466.0
2021-11-09T23:00,27.6,634.7,80.0,305.0
2021-11-10T00:00,26.2,432.7,49.0,127.0
2021-11-10T01:00,24.2,32.0,6.0,8.0
2021-11-10T02:00,23.5,0.0,0.0,0.0
2021-11-10T03:00,21.9,0.0,0.0,0.0
2021-11-10T04:00,20.9,0.0,0.0,0.0
2021-11-10T05:00,19.9,0.0,0.0,0.0
2021-11-10T06:00,18.6,0.0,0.0,0.0
2021-11-10T07:00,17.7,0.0,0.0,0.0
2021-11-10T08:00,19.2,0.0,0.0,0.0
2021-11-10T09:00,16.4,0.0,0.0,0.0
2021-11-10T10:00,14.9,0.0,0.0,0.0
2021-11-10T11:00,16.2,0.0,0.0,0.0
2021-11-10T12:00,14.0,0.0,0.0,0.0
2021-11-10T13:00,14.7,0.0,0.0,0.0
2021-11-10T14:00,13.2,0.0,0.0,0.0
2021-11-10T15:00,14.2,282.9,28.0,62.0
2021-11-10T16:00,16.4,570.2,68.0,231.0
2021-11-10T17:00,19.5,718.4,87.0,403.0
2021-11-10T18:00,22.4,796.0,96.0,536.0
2021-11-10T19:00,24.6,831.8,102.0,615.0
2021-11-10T20:00,26.2,838.2,102.0,628.0
2021-11-10T21:00,27.8,819.7,98.0,577.0
2021-11-10T22:00,28.2,762.9,90.0,464.0
2021-11-10T23:00,27.9,648.8,76.0,304.0
2021-11-11T00:00,26.8,433.8,48.0,125.0
2021-11-11T01:00,24.5,32.7,6.0,8.0
2021-11-11T02:00,23.0,0.0,0.0,0.0
2021-11-11T03:00,21.8,0.0,0.0,0.0
2021-11-11T04:00,22.6,0.0,0.0,0.0
2021-11-11T05:00,19.1,0.0,0.0,0.0
2021-11-11T06:00,17.6,0.0,0.0,0.0
2021-11-11T07:00,16.7,0.0,0.0,0.0
2021-11-11T08:00,16.2,0.0,0.0,0.0
2021-11-11T09:00,15.1,0.0,0.0,0.0
2021-11-11T10:00,14.4,0.0,0.0,0.0
2021-11-11T11:00,14.1,0.0,0.0,0.0
2021-11-11T12:00,14.8,0.0,0.0,0.0
2021-11-11T13:00,15.7,0.0,0.0,0.0
2021-11-11T14:00,15.7,0.0,0.0,0.0
2021-11-11T15:00,15.4,287.2,27.0,61.0
2021-11-11T16:00,19.1,584.5,67.0,232.0
2021-11-11T17:00,22.8,731.4,87.0,406.0
2021-11-11T18:00,24.8,808.8,97.0,541.0
2021-11-11T19:00,26.4,845.1,102.0,620.0
2021-11-11T20:00,27.5,852.8,103.0,635.0
2021-11-11T21:00,28.0,833.3,99.0,583.0
2021-11-11T22:00,28.3,780.4,90.0,470.0
2021-11-11T23:00,28.3,668.7,76.0,309.0
2021-11-12T00:00,27.4,451.8,48.0,127.0
2021-11-12T01:00,25.2,33.4,5.0,7.0
2021-11-12T02:00,23.5,0.0,0.0,0.0
2021-11-12T03:00,22.7,0.0,0.0,0.0
2021-11-12T04:00,21.4,0.0,0.0,0.0
2021-11-12T05:00,20.2,0.0,0.0,0.0
2021-11-12T06:00,19.6,0.0,0.0,0.0
2021-11-12T07:00,17.8,0.0,0.0,0.0
2021-11-12T08:00,17.6,0.0,0.0,0.0
2021-11-12T09:00,18.9,0.0,0.0,0.0
2021-11-12T10:00,18.7,0.0,0.0,0.0
2021-11-12T11:00,16.3,0.0,0.0,0.0
2021-11-12T12:00,16.2,0.0,0.0,0.0
2021-11-12T13:00,15.2,0.0,0.0,0.0
2021-11-12T14:00,15.1,0.0,0.0,0.0
2021-11-12T15:00,14.6,283.1,26.0,59.0
2021-11-12T16:00,19.4,588.4,66.0,230.0
2021-11-12T17:00,23.8,733.0,86.0,403.0
2021-11-12T18:00,26.0,807.1,97.0,537.0
2021-11-12T19:00,27.9,842.1,102.0,615.0
2021-11-12T20:00,29.6,849.7,102.0,629.0
2021-11-12T21:00,30.4,829.6,98.0,577.0
2021-11-12T22:00,30.6,775.3,90.0,465.0
2021-11-12T23:00,30.5,665.7,75.0,305.0
2021-11-13T00:00,28.1,447.0,47.0,124.0
2021-11-13T01:00,25.8,34.1,5.0,7.0
2021-11-13T02:00,24.5,0.0,0.0,0.0
2021-11-13T03:00,23.3,0.0,0.0,0.0
2021-11-13T04:00,21.4,0.0,0.0,0.0
2021-11-13T05:00,20.3,0.0,0.0,0.0
2021-11-13T06:00,20.3,0.0,0.0,0.0
2021-11-13T07:00,19.9,0.0,0.0,0.0
2021-11-13T08:00,18.8,0.0,0.0,0.0
2021-11-13T09:00,17.0,0.0,0.0,0.0
2021-11-13T10:00,17.1,0.0,0.0,0.0
2021-11-13T11:00,15.2,0.0,0.0,0.0
2021-11-13T12:00,14.6,0.0,0.0,0.0
2021-11-13T13:00,13.9,0.0,0.0,0.0
2021-11-13T14:00,13.1,0.0,0.0,0.0
2021-11-13T15:00,15.7,278.8,25.0,57.0
2021-11-13T16:00,19.0,588.7,66.0,228.0
2021-11-13T17:00,22.8,737.0,85.0,401.0
2021-11-13T18:00,26.1,812.7,96.0,536.0
2021-11-13T19:00,28.1,848.9,101.0,615.0
2021-11-13T20:00,29.6,854.7,102.0,629.0
2021-11-13T21:00,30.4,834.5,98.0,577.0
2021-11-13T22:00,30.7,780.4,90.0,465.0
2021-11-13T23:00,30.7,668.3,75.0,304.0
2021-11-14T00:00,27.8,447.7,47.0,123.0
2021-11-14T01:00,25.8,34.9,5.0,7.0
2021-11-14T02:00,23.6,0.0,0.0,0.0
2021-11-14T03:00,23.1,0.0,0.0,0.0
2021-11-14T04:00,24.3,0.0,0.0,0.0
2021-11-14T05:00,21.5,0.0,0.0,0.0
2021-11-14T06:00,22.7,0.0,0.0,0.0
2021-11-14T07:00,20.7,0.0,0.0,0.0
2021-11-14T08:00,16.8,0.0,0.0,0.0
2021-11-14T09:00,16.1,0.0,0.0,0.0
2021-11-14T10:00,16.0,0.0,0.0,0.0
2021-11-14T11:00,15.8,0.0,0.0,0.0
2021-11-14T12:00,14.6,0.0,0.0,0.0
2021-11-14T13:00,14.8,0.0,0.0,0.0
2021-11-14T14:00,13.6,0.0,0.0,0.0
2021-11-14T15:00,15.6,265.6,24.0,54.0
2021-11-14T16:00,18.9,581.6,66.0,224.0
2021-11-14T17:00,22.3,733.9,85.0,397.0
2021-11-14T18:00,25.0,810.9,96.0,532.0
2021-11-14T19:00,26.8,847.5,101.0,611.0
2021-11-14T20:00,28.4,854.8,102.0,626.0
2021-11-14T21:00,29.6,835.9,98.0,575.0
2021-11-14T22:00,30.1,781.2,90.0,463.0
2021-11-14T23:00,30.0,670.7,75.0,303.0
2021-11-15T00:00,28.5,448.2,46.0,121.0
2021-11-15T01:00,25.7,35.6,4.0,6.0
2021-11-15T02:00,23.2,0.0,0.0,0.0
2021-11-15T03:00,21.7,0.0,0.0,0.0
2021-11-15T04:00,20.6,0.0,0.0,0.0
2021-11-15T05:00,21.8,0.0,0.0,0.0
2021-11-15T06:00,21.4,0.0,0.0,0.0
2021-11-15T07:00,20.5,0.0,0.0,0.0
2021-11-15T08:00,18.2,0.0,0.0,0.0
2021-11-15T09:00,14.9,0.0,0.0,0.0
2021-11-15T10:00,14.5,0.0,0.0,0.0
2021-11-15T11:00,14.0,0.0,0.0,0.0
2021-11-15T12:00,12.3,0.0,0.0,0.0
2021-11-15T13:00,11.8,0.0,0.0,0.0
2021-11-15T14:00,11.6,0.0,0.0,0.0
2021-11-15T15:00,13.1,260.8,24.0,53.0
2021-11-15T16:00,16.4,585.4,66.0,223.0
2021-11-15T17:00,20.2,737.9,85.0,396.0
2021-11-15T18:00,23.9,814.6,97.0,532.0
2021-11-15T19:00,26.6,852.6,101.0,611.0
2021-11-15T20:00,28.2,859.6,102.0,626.0
2021-11-15T21:00,29.1,840.7,98.0,575.0
2021-11-15T22:00,29.5,786.1,90.0,463.0
2021-11-15T23:00,29.6,673.0,75.0,302.0
2021-11-16T00:00,29.1,448.4,46.0,120.0
2021-11-16T01:00,27.2,36.3,4.0,6.0
2021-11-16T02:00,23.4,0.0,0.0,0.0
2021-11-16T03:00,22.0,0.0,0.0,0.0
2021-11-16T04:00,23.2,0.0,0.0,0.0
2021-11-16T05:00,22.3,0.0,0.0,0.0
2021-11-16T06:00,21.5,0.0,0.0,0.0
2021-11-16T07:00,17.8,0.0,0.0,0.0
2021-11-16T08:00,15.3,0.0,0.0,0.0
2021-11-16T09:00,14.2,0.0,0.0,0.0
2021-11-16T10:00,13.1,0.0,0.0,0.0
2021-11-16T11:00,12.7,0.0,0.0,0.0
2021-11-16T12:00,11.7,0.0,0.0,0.0
2021-11-16T13:00,10.7,0.0,0.0,0.0
2021-11-16T14:00,10.8,0.0,0.0,0.0
2021-11-16T15:00,12.5,182.8,28.0,48.0
2021-11-16T16:00,15.5,351.3,98.0,191.0
2021-11-16T17:00,18.9,619.8,112.0,371.0
2021-11-16T18:00,22.3,801.3,97.0,522.0
2021-11-16T19:00,24.9,825.7,107.0,598.0
2021-11-16T20:00,26.4,739.1,146.0,594.0
2021-11-16T21:00,27.6,634.5,170.0,528.0
2021-11-16T22:00,27.9,218.4,222.0,325.0
2021-11-16T23:00,27.5,146.4,148.0,197.0
2021-11-17T00:00,25.2,61.4,64.0,74.0
2021-11-17T01:00,22.8,0.0,4.0,4.0
2021-11-17T02:00,21.3,0.0,0.0,0.0
2021-11-17T03:00,21.1,0.0,0.0,0.0
2021-11-17T04:00,21.5,0.0,0.0,0.0
2021-11-17T05:00,21.0,0.0,0.0,0.0
2021-11-17T06:00,20.5,0.0,0.0,0.0
2021-11-17T07:00,19.4,0.0,0.0,0.0
2021-11-17T08:00,14.9,0.0,0.0,0.0
2021-11-17T09:00,13.2,0.0,0.0,0.0
2021-11-17T10:00,12.4,0.0,0.0,0.0
2021-11-17T11:00,11.7,0.0,0.0,0.0
2021-11-17T12:00,10.6,0.0,0.0,0.0
2021-11-17T13:00,10.7,0.0,0.0,0.0
2021-11-17T14:00,10.6,0.0,0.0,0.0
2021-11-17T15:00,12.2,74.3,33.0,41.0
2021-11-17T16:00,14.7,279.4,107.0,180.0
2021-11-17T17:00,17.7,301.7,178.0,303.0
2021-11-17T18:00,21.4,499.2,193.0,456.0
2021-11-17T19:00,23.7,575.2,199.0,539.0
2021-11-17T20:00,25.1,686.8,164.0,578.0
2021-11-17T21:00,25.9,714.7,139.0,540.0
2021-11-17T22:00,26.3,755.1,94.0,448.0
2021-11-17T23:00,26.1,665.2,73.0,294.0
2021-11-18T00:00,23.7,423.1,46.0,114.0
2021-11-18T01:00,22.6,18.9,4.0,5.0
2021-11-18T02:00,23.5,0.0,0.0,0.0
2021-11-18T03:00,22.7,0.0,0.0,0.0
2021-11-18T04:00,21.2,0.0,0.0,0.0
2021-11-18T05:00,19.2,0.0,0.0,0.0
2021-11-18T06:00,17.2,0.0,0.0,0.0
2021-11-18T07:00,16.7,0.0,0.0,0.0
2021-11-18T08:00,15.0,0.0,0.0,0.0
2021-11-18T09:00,12.8,0.0,0.0,0.0
2021-11-18T10:00,12.9,0.0,0.0,0.0
2021-11-18T11:00,12.4,0.0,0.0,0.0
2021-11-18T12:00,11.5,0.0,0.0,0.0
2021-11-18T13:00,11.8,0.0,0.0,0.0
2021-11-18T14:00,10.3,0.0,0.0,0.0
2021-11-18T15:00,12.6,236.1,22.0,47.0
2021-11-18T16:00,15.9,570.1,64.0,211.0
2021-11-18T17:00,19.7,727.8,84.0,383.0
2021-11-18T18:00,23.0,806.4,94.0,516.0
2021-11-18T19:00,25.0,842.2,100.0,595.0
2021-11-18T20:00,26.7,848.9,101.0,610.0
2021-11-18T21:00,27.9,827.8,97.0,559.0
2021-11-18T22:00,28.0,772.4,88.0,448.0
2021-11-18T23:00,27.7,654.8,74.0,290.0
2021-11-19T00:00,27.0,428.4,44.0,112.0
2021-11-19T01:00,23.4,19.1,4.0,5.0
2021-11-19T02:00,22.4,0.0,0.0,0.0
2021-11-19T03:00,21.0,0.0,0.0,0.0
2021-11-19T04:00,20.0,0.0,0.0,0.0
2021-11-19T05:00,19.3,0.0,0.0,0.0
2021-11-19T06:00,18.6,0.0,0.0,0.0
2021-11-19T07:00,17.9,0.0,0.0,0.0
2021-11-19T08:00,17.3,0.0,0.0,0.0
2021-11-19T09:00,16.9,0.0,0.0,0.0
2021-11-19T10:00,16.5,0.0,0.0,0.0
2021-11-19T11:00,15.9,0.0,0.0,0.0
2021-11-19T12:00,14.7,0.0,0.0,0.0
2021-11-19T13:00,14.4,0.0,0.0,0.0
2021-11-19T14:00,14.2,0.0,0.0,0.0
2021-11-19T15:00,15.3,115.2,29.0,41.0
2021-11-19T16:00,17.8,408.6,85.0,189.0
2021-11-19T17:00,20.8,706.9,85.0,373.0
2021-11-19T18:00,23.4,775.1,100.0,503.0
2021-11-19T19:00,25.4,809.4,107.0,580.0
2021-11-19T20:00,26.8,823.3,106.0,597.0
2021-11-19T21:00,27.5,736.7,125.0,534.0
2021-11-19T22:00,27.6,610.6,131.0,414.0
2021-11-19T23:00,27.2,207.5,148.0,216.0
2021-11-20T00:00,24.9,57.4,65.0,74.0
2021-11-20T01:00,23.4,0.0,4.0,4.0
2021-11-20T02:00,22.1,0.0,0.0,0.0
2021-11-20T03:00,20.7,0.0,0.0,0.0
2021-11-20T04:00,20.4,0.0,0.0,0.0
2021-11-20T05:00,19.3,0.0,0.0,0.0
2021-11-20T06:00,20.0,0.0,0.0,0.0
2021-11-20T07:00,16.3,0.0,0.0,0.0
2021-11-20T08:00,14.3,0.0,0.0,0.0
2021-11-20T09:00,13.4,0.0,0.0,0.0
2021-11-20T10:00,12.6,0.0,0.0,0.0
2021-11-20T11:00,12.2,0.0,0.0,0.0
2021-11-20T12:00,11.3,0.0,0.0,0.0
2021-11-20T13:00,10.5,0.0,0.0,0.0
2021-11-20T14:00,10.0,0.0,0.0,0.0
2021-11-20T15:00,11.6,156.1,24.0,40.0
2021-11-20T16:00,14.5,505.6,69.0,196.0
2021-11-20T17:00,17.7,678.2,91.0,365.0
2021-11-20T18:00,20.7,778.3,98.0,500.0
2021-11-20T19:00,22.7,822.6,101.0,579.0
2021-11-20T20:00,24.3,824.2,104.0,593.0
2021-11-20T21:00,25.3,707.9,133.0,524.0
2021-11-20T22:00,25.9,570.5,139.0,402.0
2021-11-20T23:00,25.9,248.8,141.0,222.0
2021-11-21T00:00,25.4,25.8,63.0,67.0
2021-11-21T01:00,23.9,0.0,3.0,3.0
2021-11-21T02:00,22.5,0.0,0.0,0.0
2021-11-21T03:00,21.0,0.0,0.0,0.0
2021-11-21T04:00,20.0,0.0,0.0,0.0
2021-11-21T05:00,19.3,0.0,0.0,0.0
2021-11-21T06:00,18.9,0.0,0.0,0.0
2021-11-21T07:00,20.0,0.0,0.0,0.0
2021-11-21T08:00,19.6,0.0,0.0,0.0
2021-11-21T09:00,17.3,0.0,0.0,0.0
2021-11-21T10:00,16.5,0.0,0.0,0.0
2021-11-21T11:00,16.1,0.0,0.0,0.0
2021-11-21T12:00,16.2,0.0,0.0,0.0
2021-11-21T13:00,16.4,0.0,0.0,0.0
2021-11-21T14:00,16.3,0.0,0.0,0.0
2021-11-21T15:00,16.5,9.9,27.0,28.0
2021-11-21T16:00,18.4,141.2,112.0,147.0
2021-11-21T17:00,22.1,594.0,111.0,349.0
2021-11-21T18:00,24.2,738.5,112.0,491.0
2021-11-21T19:00,26.0,552.0,199.0,518.0
2021-11-21T20:00,27.6,538.7,206.0,524.0
2021-11-21T21:00,28.4,675.0,143.0,514.0
2021-11-21T22:00,28.7,728.2,98.0,432.0
2021-11-21T23:00,28.5,627.6,76.0,279.0
2021-11-22T00:00,25.5,423.8,43.0,108.0
2021-11-22T01:00,23.5,19.1,3.0,4.0
2021-11-22T02:00,22.3,0.0,0.0,0.0
2021-11-22T03:00,21.5,0.0,0.0,0.0
2021-11-22T04:00,20.7,0.0,0.0,0.0
2021-11-22T05:00,19.9,0.0,0.0,0.0
2021-11-22T06:00,19.4,0.0,0.0,0.0
2021-11-22T07:00,19.1,0.0,0.0,0.0
2021-11-22T08:00,19.1,0.0,0.0,0.0
2021-11-22T09:00,18.7,0.0,0.0,0.0
2021-11-22T10:00,18.5,0.0,0.0,0.0
2021-11-22T11:00,18.2,0.0,0.0,0.0
2021-11-22T12:00,16.1,0.0,0.0,0.0
2021-11-22T13:00,15.2,0.0,0.0,0.0
2021-11-22T14:00,14.4,0.0,0.0,0.0
2021-11-22T15:00,16.9,80.7,26.0,34.0
2021-11-22T16:00,20.1,478.1,70.0,187.0
2021-11-22T17:00,22.6,697.0,83.0,360.0
2021-11-22T18:00,24.5,735.3,108.0,483.0
2021-11-22T19:00,26.4,805.5,103.0,566.0
2021-11-22T20:00,27.8,769.4,120.0,572.0
2021-11-22T21:00,28.8,742.1,116.0,522.0
2021-11-22T22:00,28.9,631.1,119.0,407.0
2021-11-22T23:00,28.6,485.1,98.0,254.0
2021-11-23T00:00,25.7,184.4,61.0,89.0
2021-11-23T01:00,24.4,0.0,3.0,3.0
2021-11-23T02:00,23.5,0.0,0.0,0.0
2021-11-23T03:00,22.4,0.0,0.0,0.0
2021-11-23T04:00,21.9,0.0,0.0,0.0
2021-11-23T05:00,21.3,0.0,0.0,0.0
2021-11-23T06:00,20.5,0.0,0.0,0.0
2021-11-23T07:00,19.8,0.0,0.0,0.0
2021-11-23T08:00,19.4,0.0,0.0,0.0
2021-11-23T09:00,19.5,0.0,0.0,0.0
2021-11-23T10:00,18.7,0.0,0.0,0.0
2021-11-23T11:00,18.5,0.0,0.0,0.0
2021-11-23T12:00,17.6,0.0,0.0,0.0
2021-11-23T13:00,18.2,0.0,0.0,0.0
2021-11-23T14:00,17.8,0.0,0.0,0.0
2021-11-23T15:00,18.5,0.0,20.0,20.0
2021-11-23T16:00,20.1,182.1,101.0,145.0
2021-11-23T17:00,22.3,339.9,158.0,292.0
2021-11-23T18:00,24.1,246.6,181.0,306.0
2021-11-23T19:00,25.6,421.5,233.0,474.0
2021-11-23T20:00,25.8,136.8,262.0,342.0
2021-11-23T21:00,26.1,88.1,231.0,279.0
2021-11-23T22:00,25.3,50.6,179.0,202.0
2021-11-23T23:00,23.8,9.4,68.0,71.0
2021-11-24T00:00,23.1,79.8,32.0,44.0
2021-11-24T01:00,21.2,0.0,3.0,3.0
2021-11-24T02:00,20.6,0.0,0.0,0.0
2021-11-24T03:00,20.4,0.0,0.0,0.0
2021-11-24T04:00,19.9,0.0,0.0,0.0
2021-11-24T05:00,18.7,0.0,0.0,0.0
2021-11-24T06:00,17.8,0.0,0.0,0.0
2021-11-24T07:00,17.9,0.0,0.0,0.0
2021-11-24T08:00,16.2,0.0,0.0,0.0
2021-11-24T09:00,16.7,0.0,0.0,0.0
2021-11-24T10:00,16.3,0.0,0.0,0.0
2021-11-24T11:00,15.2,0.0,0.0,0.0
2021-11-24T12:00,16.3,0.0,0.0,0.0
2021-11-24T13:00,14.8,0.0,0.0,0.0
2021-11-24T14:00,14.2,0.0,0.0,0.0
2021-11-24T15:00,14.8,166.8,18.0,34.0
2021-11-24T16:00,17.0,402.5,77.0,173.0
2021-11-24T17:00,19.1,634.1,95.0,343.0
2021-11-24T18:00,20.9,774.1,92.0,482.0
2021-11-24T19:00,22.4,733.0,127.0,544.0
2021-11-24T20:00,23.2,469.1,224.0,497.0
2021-11-24T21:00,23.6,265.6,253.0,397.0
2021-11-24T22:00,23.8,174.7,219.0,298.0
2021-11-24T23:00,23.5,182.3,145.0,203.0
2021-11-25T00:00,22.0,161.0,62.0,86.0
2021-11-25T01:00,20.4,0.0,3.0,3.0
2021-11-25T02:00,19.1,0.0,0.0,0.0
2021-11-25T03:00,18.2,0.0,0.0,0.0
2021-11-25T04:00,17.1,0.0,0.0,0.0
2021-11-25T05:00,16.6,0.0,0.0,0.0
2021-11-25T06:00,16.5,0.0,0.0,0.0
2021-11-25T07:00,17.2,0.0,0.0,0.0
2021-11-25T08:00,16.2,0.0,0.0,0.0
2021-11-25T09:00,15.6,0.0,0.0,0.0
2021-11-25T10:00,15.3,0.0,0.0,0.0
2021-11-25T11:00,14.7,0.0,0.0,0.0
2021-11-25T12:00,14.0,0.0,0.0,0.0
2021-11-25T13:00,14.2,0.0,0.0,0.0
2021-11-25T14:00,13.3,0.0,0.0,0.0
2021-11-25T15:00,13.2,169.6,18.0,34.0
2021-11-25T16:00,15.7,539.5,60.0,187.0
2021-11-25T17:00,17.8,703.6,82.0,355.0
2021-11-25T18:00,20.0,790.8,92.0,488.0
2021-11-25T19:00,22.3,816.2,100.0,562.0
2021-11-25T20:00,23.8,814.6,102.0,574.0
2021-11-25T21:00,24.3,789.0,99.0,525.0
2021-11-25T22:00,24.4,715.2,93.0,415.0
2021-11-25T23:00,24.2,606.6,74.0,266.0
2021-11-26T00:00,22.6,385.5,42.0,99.0
2021-11-26T01:00,21.0,19.1,2.0,3.0
2021-11-26T02:00,20.1,0.0,0.0,0.0
2021-11-26T03:00,19.0,0.0,0.0,0.0
2021-11-26T04:00,17.6,0.0,0.0,0.0
2021-11-26T05:00,16.5,0.0,0.0,0.0
2021-11-26T06:00,15.9,0.0,0.0,0.0
2021-11-26T07:00,15.4,0.0,0.0,0.0
2021-11-26T08:00,14.9,0.0,0.0,0.0
2021-11-26T09:00,14.4,0.0,0.0,0.0
2021-11-26T10:00,13.6,0.0,0.0,0.0
2021-11-26T11:00,13.4,0.0,0.0,0.0
2021-11-26T12:00,13.9,0.0,0.0,0.0
2021-11-26T13:00,13.3,0.0,0.0,0.0
2021-11-26T14:00,12.3,0.0,0.0,0.0
2021-11-26T15:00,13.4,161.7,16.0,31.0
2021-11-26T16:00,16.5,507.9,60.0,178.0
2021-11-26T17:00,19.3,680.7,81.0,343.0
2021-11-26T18:00,21.2,767.4,93.0,475.0
2021-11-26T19:00,23.1,807.8,98.0,553.0
2021-11-26T20:00,24.4,816.5,99.0,570.0
2021-11-26T21:00,25.1,796.0,95.0,523.0
2021-11-26T22:00,25.4,738.2,86.0,417.0
2021-11-26T23:00,25.2,618.9,71.0,266.0
2021-11-27T00:00,23.0,395.1,40.0,98.0
2021-11-27T01:00,21.6,19.1,2.0,3.0
2021-11-27T02:00,20.4,0.0,0.0,0.0
2021-11-27T03:00,19.0,0.0,0.0,0.0
2021-11-27T04:00,17.6,0.0,0.0,0.0
2021-11-27T05:00,16.6,0.0,0.0,0.0
2021-11-27T06:00,16.9,0.0,0.0,0.0
2021-11-27T07:00,15.4,0.0,0.0,0.0
2021-11-27T08:00,15.1,0.0,0.0,0.0
2021-11-27T09:00,15.8,0.0,0.0,0.0
2021-11-27T10:00,13.0,0.0,0.0,0.0
2021-11-27T11:00,11.9,0.0,0.0,0.0
2021-11-27T12:00,11.4,0.0,0.0,0.0
2021-11-27T13:00,10.2,0.0,0.0,0.0
2021-11-27T14:00,9.1,0.0,0.0,0.0
2021-11-27T15:00,10.3,153.5,16.0,30.0
2021-11-27T16:00,12.8,514.7,59.0,177.0
2021-11-27T17:00,15.5,686.1,80.0,342.0
2021-11-27T18:00,18.2,772.0,92.0,474.0
2021-11-27T19:00,20.1,811.8,97.0,552.0
2021-11-27T20:00,21.4,821.7,97.0,569.0
2021-11-27T21:00,22.5,801.0,94.0,523.0
2021-11-27T22:00,23.3,745.5,86.0,419.0
2021-11-27T23:00,23.6,628.0,71.0,268.0
2021-11-28T00:00,22.4,404.7,40.0,99.0
2021-11-28T01:00,20.6,19.1,2.0,3.0
2021-11-28T02:00,18.9,0.0,0.0,0.0
2021-11-28T03:00,17.7,0.0,0.0,0.0
2021-11-28T04:00,16.8,0.0,0.0,0.0
2021-11-28T05:00,18.1,0.0,0.0,0.0
2021-11-28T06:00,18.0,0.0,0.0,0.0
2021-11-28T07:00,17.2,0.0,0.0,0.0
2021-11-28T08:00,16.1,0.0,0.0,0.0
2021-11-28T09:00,12.0,0.0,0.0,0.0
2021-11-28T10:00,11.1,0.0,0.0,0.0
2021-11-28T11:00,10.5,0.0,0.0,0.0
2021-11-28T12:00,9.5,0.0,0.0,0.0
2021-11-28T13:00,9.3,0.0,0.0,0.0
2021-11-28T14:00,8.9,0.0,0.0,0.0
2021-11-28T15:00,10.0,156.2,15.0,29.0
2021-11-28T16:00,13.0,521.6,58.0,176.0
2021-11-28T17:00,16.3,694.2,79.0,342.0
2021-11-28T18:00,20.3,778.5,91.0,474.0
2021-11-28T19:00,23.2,819.2,96.0,553.0
2021-11-28T20:00,25.1,826.9,98.0,571.0
2021-11-28T21:00,26.2,807.8,94.0,525.0
2021-11-28T22:00,26.8,750.5,86.0,420.0
2021-11-28T23:00,26.9,633.7,71.0,269.0
2021-11-29T00:00,23.8,407.1,40.0,99.0
2021-11-29T01:00,21.9,19.1,2.0,3.0
2021-11-29T02:00,20.3,0.0,0.0,0.0
2021-11-29T03:00,19.3,0.0,0.0,0.0
2021-11-29T04:00,18.0,0.0,0.0,0.0
2021-11-29T05:00,17.1,0.0,0.0,0.0
2021-11-29T06:00,16.2,0.0,0.0,0.0
2021-11-29T07:00,15.7,0.0,0.0,0.0
2021-11-29T08:00,15.3,0.0,0.0,0.0
2021-11-29T09:00,14.8,0.0,0.0,0.0
2021-11-29T10:00,13.5,0.0,0.0,0.0
2021-11-29T11:00,12.7,0.0,0.0,0.0
2021-11-29T12:00,12.7,0.0,0.0,0.0
2021-11-29T13:00,11.4,0.0,0.0,0.0
2021-11-29T14:00,11.3,0.0,0.0,0.0
2021-11-29T15:00,12.6,147.6,15.0,28.0
2021-11-29T16:00,15.7,524.2,57.0,174.0
2021-11-29T17:00,18.9,699.7,78.0,341.0
2021-11-29T18:00,21.7,787.1,90.0,475.0
2021-11-29T19:00,23.7,828.5,96.0,556.0
2021-11-29T20:00,25.5,837.3,97.0,574.0
2021-11-29T21:00,26.8,816.4,94.0,528.0
2021-11-29T22:00,27.5,759.9,85.0,422.0
2021-11-29T23:00,27.5,642.5,70.0,270.0
2021-11-30T00:00,24.5,409.3,41.0,100.0
2021-11-30T01:00,22.3,19.1,2.0,3.0
2021-11-30T02:00,21.0,0.0,0.0,0.0
2021-11-30T03:00,20.6,0.0,0.0,0.0
2021-11-30T04:00,21.6,0.0,0.0,0.0
2021-11-30T05:00,20.6,0.0,0.0,0.0
2021-11-30T06:00,19.6,0.0,0.0,0.0
2021-11-30T07:00,18.7,0.0,0.0,0.0
2021-11-30T08:00,14.2,0.0,0.0,0.0
2021-11-30T09:00,12.9,0.0,0.0,0.0
2021-11-30T10:00,12.8,0.0,0.0,0.0
2021-11-30T11:00,12.5,0.0,0.0,0.0
2021-11-30T12:00,11.2,0.0,0.0,0.0
2021-11-30T13:00,10.6,0.0,0.0,0.0
2021-11-30T14:00,10.3,0.0,0.0,0.0
2021-11-30T15:00,11.5,150.3,14.0,27.0
2021-11-30T16:00,14.6,526.7,55.0,171.0
2021-11-30T17:00,17.8,705.2,75.0,338.0
2021-11-30T18:00,21.2,789.6,87.0,471.0
2021-11-30T19:00,23.9,821.4,95.0,549.0
2021-11-30T20:00,25.6,831.7,96.0,568.0
2021-11-30T21:00,26.6,815.5,91.0,523.0
2021-11-30T22:00,27.0,755.6,84.0,418.0
2021-11-30T23:00,27.1,631.7,71.0,267.0
2021-12-01T00:00,23.9,411.2,39.0,98.0
2021-12-01T01:00,22.0,19.1,2.0,3.0
2021-12-01T02:00,21.2,0.0,0.0,0.0
2021-12-01T03:00,20.2,0.0,0.0,0.0
2021-12-01T04:00,20.6,0.0,0.0,0.0
2021-12-01T05:00,18.0,0.0,0.0,0.0
2021-12-01T06:00,15.8,0.0,0.0,0.0
2021-12-01T07:00,14.9,0.0,0.0,0.0
2021-12-01T08:00,14.7,0.0,0.0,0.0
2021-12-01T09:00,15.0,0.0,0.0,0.0
2021-12-01T10:00,13.3,0.0,0.0,0.0
2021-12-01T11:00,13.5,0.0,0.0,0.0
2021-12-01T12:00,12.1,0.0,0.0,0.0
2021-12-01T13:00,11.4,0.0,0.0,0.0
2021-12-01T14:00,10.7,0.0,0.0,0.0
2021-12-01T15:00,12.7,141.2,13.0,25.0
2021-12-01T16:00,16.3,510.8,56.0,167.0
2021-12-01T17:00,19.6,689.1,78.0,333.0
2021-12-01T18:00,23.4,781.6,88.0,466.0
2021-12-01T19:00,26.1,768.8,113.0,536.0
2021-12-01T20:00,27.6,649.1,161.0,528.0
2021-12-01T21:00,28.4,575.8,168.0,472.0
2021-12-01T22:00,28.6,615.0,122.0,393.0
2021-12-01T23:00,28.5,514.0,89.0,248.0
2021-12-02T00:00,25.9,216.9,55.0,86.0
2021-12-02T01:00,25.7,0.0,3.0,3.0
2021-12-02T02:00,22.6,0.0,0.0,0.0
2021-12-02T03:00,21.0,0.0,0.0,0.0
2021-12-02T04:00,22.5,0.0,0.0,0.0
2021-12-02T05:00,19.4,0.0,0.0,0.0
2021-12-02T06:00,20.8,0.0,0.0,0.0
2021-12-02T07:00,17.7,0.0,0.0,0.0
2021-12-02T08:00,16.7,0.0,0.0,0.0
2021-12-02T09:00,15.5,0.0,0.0,0.0
2021-12-02T10:00,15.0,0.0,0.0,0.0
2021-12-02T11:00,14.3,0.0,0.0,0.0
2021-12-02T12:00,13.5,0.0,0.0,0.0
2021-12-02T13:00,12.7,0.0,0.0,0.0
2021-12-02T14:00,12.6,0.0,0.0,0.0
2021-12-02T15:00,13.7,107.8,14.0,23.0
2021-12-02T16:00,16.3,494.4,56.0,162.0
2021-12-02T17:00,19.3,634.5,85.0,318.0
2021-12-02T18:00,22.7,736.0,96.0,450.0
2021-12-02T19:00,25.1,768.5,105.0,526.0
2021-12-02T20:00,26.5,797.1,100.0,549.0
2021-12-02T21:00,27.3,786.6,93.0,507.0
2021-12-02T22:00,27.7,732.8,84.0,406.0
2021-12-02T23:00,27.8,612.7,70.0,259.0
2021-12-03T00:00,27.2,386.1,39.0,94.0
2021-12-03T01:00,26.2,19.1,2.0,3.0
2021-12-03T02:00,22.4,0.0,0.0,0.0
2021-12-03T03:00,21.0,0.0,0.0,0.0
2021-12-03T04:00,20.1,0.0,0.0,0.0
2021-12-03T05:00,19.0,0.0,0.0,0.0
2021-12-03T06:00,17.7,0.0,0.0,0.0
2021-12-03T07:00,17.9,0.0,0.0,0.0
2021-12-03T08:00,18.9,0.0,0.0,0.0
2021-12-03T09:00,18.3,0.0,0.0,0.0
2021-12-03T10:00,14.3,0.0,0.0,0.0
2021-12-03T11:00,12.6,0.0,0.0,0.0
2021-12-03T12:00,10.9,0.0,0.0,0.0
2021-12-03T13:00,10.0,0.0,0.0,0.0
2021-12-03T14:00,9.8,0.0,0.0,0.0
2021-12-03T15:00,10.9,121.9,12.0,22.0
2021-12-03T16:00,13.6,491.6,55.0,159.0
2021-12-03T17:00,16.5,666.7,78.0,321.0
2021-12-03T18:00,19.4,756.7,90.0,452.0
2021-12-03T19:00,21.8,799.2,95.0,531.0
2021-12-03T20:00,23.6,808.7,97.0,551.0
2021-12-03T21:00,24.9,788.9,93.0,507.0
2021-12-03T22:00,25.7,732.4,85.0,406.0
2021-12-03T23:00,26.0,614.1,70.0,259.0
2021-12-04T00:00,25.2,394.1,39.0,95.0
2021-12-04T01:00,24.8,19.1,2.0,3.0
2021-12-04T02:00,22.2,0.0,0.0,0.0
2021-12-04T03:00,20.2,0.0,0.0,0.0
2021-12-04T04:00,19.1,0.0,0.0,0.0
2021-12-04T05:00,17.6,0.0,0.0,0.0
2021-12-04T06:00,18.3,0.0,0.0,0.0
2021-12-04T07:00,16.7,0.0,0.0,0.0
2021-12-04T08:00,17.4,0.0,0.0,0.0
2021-12-04T09:00,14.2,0.0,0.0,0.0
2021-12-04T10:00,12.5,0.0,0.0,0.0
2021-12-04T11:00,12.3,0.0,0.0,0.0
2021-12-04T12:00,10.8,0.0,0.0,0.0
2021-12-04T13:00,9.9,0.0,0.0,0.0
2021-12-04T14:00,9.5,0.0,0.0,0.0
2021-12-04T15:00,10.3,111.7,12.0,21.0
2021-12-04T16:00,12.9,493.3,55.0,158.0
2021-12-04T17:00,16.0,677.2,77.0,322.0
2021-12-04T18:00,19.1,769.1,89.0,455.0
2021-12-04T19:00,21.4,811.7,95.0,536.0
2021-12-04T20:00,23.0,823.9,96.0,557.0
2021-12-04T21:00,24.1,806.4,92.0,514.0
2021-12-04T22:00,24.9,750.2,85.0,413.0
2021-12-04T23:00,25.1,635.0,70.0,265.0
2021-12-05T00:00,23.8,409.0,40.0,98.0
2021-12-05T01:00,22.9,19.1,2.0,3.0
2021-12-05T02:00,22.1,0.0,0.0,0.0
2021-12-05T03:00,20.0,0.0,0.0,0.0
2021-12-05T04:00,17.7,0.0,0.0,0.0
2021-12-05T05:00,19.1,0.0,0.0,0.0
2021-12-05T06:00,16.8,0.0,0.0,0.0
2021-12-05T07:00,14.4,0.0,0.0,0.0
2021-12-05T08:00,12.7,0.0,0.0,0.0
2021-12-05T09:00,12.4,0.0,0.0,0.0
2021-12-05T10:00,12.6,0.0,0.0,0.0
2021-12-05T11:00,9.7,0.0,0.0,0.0
2021-12-05T12:00,9.9,0.0,0.0,0.0
2021-12-05T13:00,10.1,0.0,0.0,0.0
2021-12-05T14:00,7.5,0.0,0.0,0.0
2021-12-05T15:00,8.2,113.7,12.0,21.0
2021-12-05T16:00,10.4,499.9,54.0,157.0
2021-12-05T17:00,13.6,682.1,76.0,321.0
2021-12-05T18:00,16.9,773.0,88.0,454.0
2021-12-05T19:00,19.6,814.9,94.0,535.0
2021-12-05T20:00,21.7,826.6,95.0,556.0
2021-12-05T21:00,23.1,806.6,92.0,513.0
2021-12-05T22:00,24.0,751.8,83.0,411.0
2021-12-05T23:00,24.0,632.8,69.0,263.0
2021-12-06T00:00,22.3,409.5,39.0,97.0
2021-12-06T01:00,20.7,19.1,2.0,3.0
2021-12-06T02:00,18.9,0.0,0.0,0.0
2021-12-06T03:00,20.2,0.0,0.0,0.0
2021-12-06T04:00,19.8,0.0,0.0,0.0
2021-12-06T05:00,18.7,0.0,0.0,0.0
2021-12-06T06:00,15.8,0.0,0.0,0.0
2021-12-06T07:00,13.1,0.0,0.0,0.0
2021-12-06T08:00,11.8,0.0,0.0,0.0
2021-12-06T09:00,11.0,0.0,0.0,0.0
2021-12-06T10:00,10.9,0.0,0.0,0.0
2021-12-06T11:00,10.4,0.0,0.0,0.0
2021-12-06T12:00,9.0,0.0,0.0,0.0
2021-12-06T13:00,8.4,0.0,0.0,0.0
2021-12-06T14:00,8.3,0.0,0.0,0.0
2021-12-06T15:00,8.6,102.9,12.0,20.0
2021-12-06T16:00,11.2,496.6,54.0,155.0
2021-12-06T17:00,14.6,678.6,76.0,318.0
2021-12-06T18:00,17.8,768.3,88.0,450.0
2021-12-06T19:00,20.4,804.9,96.0,530.0
2021-12-06T20:00,22.2,820.0,95.0,551.0
2021-12-06T21:00,23.4,800.8,92.0,509.0
2021-12-06T22:00,24.0,744.1,84.0,408.0
2021-12-06T23:00,24.0,627.1,69.0,261.0
2021-12-07T00:00,23.3,395.5,40.0,96.0
2021-12-07T01:00,22.8,19.1,2.0,3.0
2021-12-07T02:00,22.3,0.0,0.0,0.0
2021-12-07T03:00,20.8,0.0,0.0,0.0
2021-12-07T04:00,20.4,0.0,0.0,0.0
2021-12-07T05:00,16.4,0.0,0.0,0.0
2021-12-07T06:00,15.3,0.0,0.0,0.0
2021-12-07T07:00,13.4,0.0,0.0,0.0
2021-12-07T08:00,12.5,0.0,0.0,0.0
2021-12-07T09:00,11.2,0.0,0.0,0.0
2021-12-07T10:00,10.8,0.0,0.0,0.0
2021-12-07T11:00,10.1,0.0,0.0,0.0
2021-12-07T12:00,9.6,0.0,0.0,0.0
2021-12-07T13:00,9.9,0.0,0.0,0.0
2021-12-07T14:00,9.9,0.0,0.0,0.0
2021-12-07T15:00,10.4,13.1,14.0,15.0
2021-12-07T16:00,13.1,313.7,74.0,137.0
2021-12-07T17:00,16.2,341.7,146.0,267.0
2021-12-07T18:00,19.4,556.6,145.0,406.0
2021-12-07T19:00,21.7,530.5,185.0,470.0
2021-12-07T20:00,22.9,355.3,240.0,437.0
2021-12-07T21:00,23.7,286.8,236.0,385.0
2021-12-07T22:00,24.1,259.9,192.0,305.0
2021-12-07T23:00,24.0,98.1,146.0,176.0
2021-12-08T00:00,22.1,63.6,60.0,69.0
2021-12-08T01:00,20.1,0.0,2.0,2.0
2021-12-08T02:00,19.6,0.0,0.0,0.0
2021-12-08T03:00,18.7,0.0,0.0,0.0
2021-12-08T04:00,17.3,0.0,0.0,0.0
2021-12-08T05:00,16.1,0.0,0.0,0.0
2021-12-08T06:00,15.7,0.0,0.0,0.0
2021-12-08T07:00,15.6,0.0,0.0,0.0
2021-12-08T08:00,14.3,0.0,0.0,0.0
2021-12-08T09:00,13.9,0.0,0.0,0.0
2021-12-08T10:00,13.3,0.0,0.0,0.0
2021-12-08T11:00,13.0,0.0,0.0,0.0
2021-12-08T12:00,13.0,0.0,0.0,0.0
2021-12-08T13:00,11.7,0.0,0.0,0.0
2021-12-08T14:00,11.7,0.0,0.0,0.0
2021-12-08T15:00,11.8,26.6,13.0,15.0
2021-12-08T16:00,13.8,100.8,86.0,106.0
2021-12-08T17:00,15.5,147.8,146.0,198.0
2021-12-08T18:00,17.1,186.4,182.0,269.0
2021-12-08T19:00,19.6,565.9,170.0,473.0
2021-12-08T20:00,21.4,754.0,121.0,538.0
2021-12-08T21:00,22.3,777.2,101.0,504.0
2021-12-08T22:00,22.4,721.0,89.0,402.0
2021-12-08T23:00,22.2,605.4,70.0,255.0
2021-12-09T00:00,20.9,381.0,39.0,93.0
2021-12-09T01:00,19.3,0.0,3.0,3.0
2021-12-09T02:00,19.5,0.0,0.0,0.0
2021-12-09T03:00,19.3,0.0,0.0,0.0
2021-12-09T04:00,17.7,0.0,0.0,0.0
2021-12-09T05:00,17.7,0.0,0.0,0.0
2021-12-09T06:00,17.2,0.0,0.0,0.0
2021-12-09T07:00,14.6,0.0,0.0,0.0
2021-12-09T08:00,13.1,0.0,0.0,0.0
2021-12-09T09:00,11.8,0.0,0.0,0.0
2021-12-09T10:00,11.0,0.0,0.0,0.0
2021-12-09T11:00,10.4,0.0,0.0,0.0
2021-12-09T12:00,10.5,0.0,0.0,0.0
2021-12-09T13:00,10.5,0.0,0.0,0.0
2021-12-09T14:00,10.3,0.0,0.0,0.0
2021-12-09T15:00,10.7,67.7,10.0,15.0
2021-12-09T16:00,12.4,418.6,57.0,139.0
2021-12-09T17:00,14.3,509.3,97.0,275.0
2021-12-09T18:00,16.3,535.8,129.0,378.0
2021-12-09T19:00,18.0,616.5,143.0,472.0
2021-12-09T20:00,19.5,744.9,114.0,525.0
2021-12-09T21:00,20.4,666.6,123.0,468.0
2021-12-09T22:00,20.9,396.7,137.0,309.0
2021-12-09T23:00,20.3,396.1,95.0,216.0
2021-12-10T00:00,21.3,338.1,43.0,91.0
2021-12-10T01:00,20.2,0.0,2.0,2.0
2021-12-10T02:00,17.5,0.0,0.0,0.0
2021-12-10T03:00,16.2,0.0,0.0,0.0
2021-12-10T04:00,15.7,0.0,0.0,0.0
2021-12-10T05:00,14.7,0.0,0.0,0.0
2021-12-10T06:00,14.6,0.0,0.0,0.0
2021-12-10T07:00,14.1,0.0,0.0,0.0
2021-12-10T08:00,13.5,0.0,0.0,0.0
2021-12-10T09:00,13.1,0.0,0.0,0.0
2021-12-10T10:00,12.8,0.0,0.0,0.0
2021-12-10T11:00,12.9,0.0,0.0,0.0
2021-12-10T12:00,12.4,0.0,0.0,0.0
2021-12-10T13:00,11.4,0.0,0.0,0.0
2021-12-10T14:00,10.9,0.0,0.0,0.0
2021-12-10T15:00,10.8,68.9,10.0,15.0
2021-12-10T16:00,12.3,449.5,55.0,142.0
2021-12-10T17:00,13.6,653.5,79.0,306.0
2021-12-10T18:00,14.7,635.3,124.0,418.0
2021-12-10T19:00,15.6,592.0,167.0,482.0
2021-12-10T20:00,16.0,535.9,187.0,482.0
2021-12-10T21:00,16.5,652.1,145.0,482.0
2021-12-10T22:00,16.8,579.4,133.0,384.0
2021-12-10T23:00,16.6,379.8,114.0,230.0
2021-12-11T00:00,15.6,56.2,63.0,71.0
2021-12-11T01:00,14.8,0.0,2.0,2.0
2021-12-11T02:00,14.2,0.0,0.0,0.0
2021-12-11T03:00,13.6,0.0,0.0,0.0
2021-12-11T04:00,13.1,0.0,0.0,0.0
2021-12-11T05:00,12.5,0.0,0.0,0.0
2021-12-11T06:00,11.7,0.0,0.0,0.0
2021-12-11T07:00,12.1,0.0,0.0,0.0
2021-12-11T08:00,11.2,0.0,0.0,0.0
2021-12-11T09:00,8.6,0.0,0.0,0.0
2021-12-11T10:00,8.3,0.0,0.0,0.0
2021-12-11T11:00,8.1,0.0,0.0,0.0
2021-12-11T12:00,7.6,0.0,0.0,0.0
2021-12-11T13:00,7.2,0.0,0.0,0.0
2021-12-11T14:00,6.2,0.0,0.0,0.0
2021-12-11T15:00,6.6,84.0,10.0,16.0
2021-12-11T16:00,9.1,486.1,52.0,145.0
2021-12-11T17:00,11.3,683.5,77.0,313.0
2021-12-11T18:00,14.2,783.1,89.0,450.0
2021-12-11T19:00,16.3,833.0,95.0,537.0
2021-12-11T20:00,17.3,848.2,96.0,562.0
2021-12-11T21:00,17.9,831.3,93.0,522.0
2021-12-11T22:00,18.2,776.2,85.0,421.0
2021-12-11T23:00,18.0,657.9,71.0,272.0
2021-12-12T00:00,15.2,427.5,41.0,102.0
2021-12-12T01:00,13.7,19.1,2.0,3.0
2021-12-12T02:00,12.7,0.0,0.0,0.0
2021-12-12T03:00,11.7,0.0,0.0,0.0
2021-12-12T04:00,10.0,0.0,0.0,0.0
2021-12-12T05:00,9.5,0.0,0.0,0.0
2021-12-12T06:00,9.7,0.0,0.0,0.0
2021-12-12T07:00,9.2,0.0,0.0,0.0
2021-12-12T08:00,7.0,0.0,0.0,0.0
2021-12-12T09:00,7.1,0.0,0.0,0.0
2021-12-12T10:00,6.8,0.0,0.0,0.0
2021-12-12T11:00,6.3,0.0,0.0,0.0
2021-12-12T12:00,5.9,0.0,0.0,0.0
2021-12-12T13:00,5.5,0.0,0.0,0.0
2021-12-12T14:00,5.4,0.0,0.0,0.0
2021-12-12T15:00,5.8,71.1,10.0,15.0
2021-12-12T16:00,8.5,470.4,53.0,142.0
2021-12-12T17:00,12.0,678.7,76.0,309.0
2021-12-12T18:00,15.7,766.4,91.0,443.0
2021-12-12T19:00,18.5,829.5,93.0,532.0
2021-12-12T20:00,20.2,842.5,94.0,556.0
2021-12-12T21:00,21.2,824.5,91.0,516.0
2021-12-12T22:00,21.4,767.3,83.0,415.0
2021-12-12T23:00,21.3,641.1,71.0,267.0
2021-12-13T00:00,19.1,405.1,42.0,100.0
2021-12-13T01:00,17.1,19.1,2.0,3.0
2021-12-13T02:00,15.3,0.0,0.0,0.0
2021-12-13T03:00,14.0,0.0,0.0,0.0
2021-12-13T04:00,12.5,0.0,0.0,0.0
2021-12-13T05:00,14.2,0.0,0.0,0.0
2021-12-13T06:00,11.5,0.0,0.0,0.0
2021-12-13T07:00,10.0,0.0,0.0,0.0
2021-12-13T08:00,8.8,0.0,0.0,0.0
2021-12-13T09:00,8.1,0.0,0.0,0.0
2021-12-13T10:00,7.5,0.0,0.0,0.0
2021-12-13T11:00,7.1,0.0,0.0,0.0
2021-12-13T12:00,6.7,0.0,0.0,0.0
2021-12-13T13:00,6.7,0.0,0.0,0.0
2021-12-13T14:00,6.4,0.0,0.0,0.0
2021-12-13T15:00,7.0,57.8,9.0,13.0
2021-12-13T16:00,9.7,336.6,64.0,127.0
2021-12-13T17:00,12.7,492.0,109.0,277.0
2021-12-13T18:00,15.4,703.5,103.0,425.0
2021-12-13T19:00,17.7,685.7,132.0,494.0
2021-12-13T20:00,19.5,672.1,143.0,511.0
2021-12-13T21:00,20.7,623.3,147.0,468.0
2021-12-13T22:00,21.0,436.9,162.0,351.0
2021-12-13T23:00,21.1,290.8,125.0,214.0
2021-12-14T00:00,20.0,62.6,62.0,71.0
2021-12-14T01:00,18.9,0.0,3.0,3.0
2021-12-14T02:00,17.8,0.0,0.0,0.0
2021-12-14T03:00,18.5,0.0,0.0,0.0
2021-12-14T04:00,17.2,0.0,0.0,0.0
2021-12-14T05:00,15.3,0.0,0.0,0.0
2021-12-14T06:00,15.4,0.0,0.0,0.0
2021-12-14T07:00,15.2,0.0,0.0,0.0
2021-12-14T08:00,14.8,0.0,0.0,0.0
2021-12-14T09:00,14.5,0.0,0.0,0.0
2021-12-14T10:00,14.7,0.0,0.0,0.0
2021-12-14T11:00,14.7,0.0,0.0,0.0
2021-12-14T12:00,14.1,0.0,0.0,0.0
2021-12-14T13:00,14.7,0.0,0.0,0.0
2021-12-14T14:00,13.3,0.0,0.0,0.0
2021-12-14T15:00,13.8,14.7,8.0,9.0
2021-12-14T16:00,15.2,108.0,78.0,98.0
2021-12-14T17:00,15.4,0.0,80.0,80.0
2021-12-14T18:00,17.7,480.0,111.0,330.0
2021-12-14T19:00,19.6,632.1,146.0,479.0
2021-12-14T20:00,20.5,766.3,104.0,523.0
2021-12-14T21:00,21.9,660.7,124.0,464.0
2021-12-14T22:00,22.1,552.4,104.0,343.0
2021-12-14T23:00,21.9,515.7,75.0,233.0
2021-12-15T00:00,20.7,387.6,41.0,97.0
2021-12-15T01:00,18.7,19.1,2.0,3.0
2021-12-15T02:00,17.5,0.0,0.0,0.0
2021-12-15T03:00,17.1,0.0,0.0,0.0
2021-12-15T04:00,16.2,0.0,0.0,0.0
2021-12-15T05:00,16.0,0.0,0.0,0.0
2021-12-15T06:00,15.8,0.0,0.0,0.0
2021-12-15T07:00,14.7,0.0,0.0,0.0
2021-12-15T08:00,12.2,0.0,0.0,0.0
2021-12-15T09:00,12.3,0.0,0.0,0.0
2021-12-15T10:00,10.3,0.0,0.0,0.0
2021-12-15T11:00,8.8,0.0,0.0,0.0
2021-12-15T12:00,7.6,0.0,0.0,0.0
2021-12-15T13:00,6.8,0.0,0.0,0.0
2021-12-15T14:00,6.0,0.0,0.0,0.0
2021-12-15T15:00,6.5,74.4,8.0,13.0
2021-12-15T16:00,8.0,474.4,51.0,138.0
2021-12-15T17:00,9.7,668.6,77.0,303.0
2021-12-15T18:00,11.1,771.7,89.0,440.0
2021-12-15T19:00,11.8,819.7,96.0,527.0
2021-12-15T20:00,12.4,831.3,97.0,551.0
2021-12-15T21:00,13.0,810.6,94.0,511.0
2021-12-15T22:00,13.5,755.5,85.0,412.0
2021-12-15T23:00,13.5,570.2,82.0,257.0
2021-12-16T00:00,13.1,378.5,44.0,99.0
2021-12-16T01:00,11.7,19.1,3.0,4.0
2021-12-16T02:00,10.6,0.0,0.0,0.0
2021-12-16T03:00,9.5,0.0,0.0,0.0
2021-12-16T04:00,8.4,0.0,0.0,0.0
2021-12-16T05:00,7.4,0.0,0.0,0.0
2021-12-16T06:00,6.6,0.0,0.0,0.0
2021-12-16T07:00,6.1,0.0,0.0,0.0
2021-12-16T08:00,6.0,0.0,0.0,0.0
2021-12-16T09:00,6.9,0.0,0.0,0.0
2021-12-16T10:00,6.3,0.0,0.0,0.0
2021-12-16T11:00,5.9,0.0,0.0,0.0
2021-12-16T12:00,4.8,0.0,0.0,0.0
2021-12-16T13:00,2.5,0.0,0.0,0.0
2021-12-16T14:00,2.7,0.0,0.0,0.0
2021-12-16T15:00,2.5,75.4,8.0,13.0
2021-12-16T16:00,4.2,490.2,50.0,139.0
2021-12-16T17:00,6.8,692.6,75.0,308.0
2021-12-16T18:00,9.7,793.8,87.0,447.0
2021-12-16T19:00,12.1,836.4,93.0,532.0
2021-12-16T20:00,13.8,845.0,95.0,556.0
2021-12-16T21:00,15.1,820.5,92.0,514.0
2021-12-16T22:00,15.6,759.6,85.0,414.0
2021-12-16T23:00,15.4,647.0,70.0,269.0
2021-12-17T00:00,14.3,424.0,41.0,103.0
2021-12-17T01:00,12.8,19.1,3.0,4.0
2021-12-17T02:00,11.5,0.0,0.0,0.0
2021-12-17T03:00,10.5,0.0,0.0,0.0
2021-12-17T04:00,9.4,0.0,0.0,0.0
2021-12-17T05:00,8.7,0.0,0.0,0.0
2021-12-17T06:00,8.0,0.0,0.0,0.0
2021-12-17T07:00,6.9,0.0,0.0,0.0
2021-12-17T08:00,6.8,0.0,0.0,0.0
2021-12-17T09:00,8.1,0.0,0.0,0.0
2021-12-17T10:00,7.3,0.0,0.0,0.0
2021-12-17T11:00,5.0,0.0,0.0,0.0
2021-12-17T12:00,4.0,0.0,0.0,0.0
2021-12-17T13:00,2.7,0.0,0.0,0.0
2021-12-17T14:00,3.1,0.0,0.0,0.0
2021-12-17T15:00,2.6,61.2,8.0,12.0
2021-12-17T16:00,4.7,456.1,51.0,133.0
2021-12-17T17:00,7.4,648.0,78.0,295.0
2021-12-17T18:00,10.0,762.8,89.0,434.0
2021-12-17T19:00,11.8,813.0,95.0,521.0
2021-12-17T20:00,13.4,829.1,97.0,549.0
2021-12-17T21:00,14.6,814.7,94.0,513.0
2021-12-17T22:00,15.4,763.5,86.0,417.0
2021-12-17T23:00,15.7,651.8,70.0,271.0
2021-12-18T00:00,14.9,420.9,42.0,104.0
2021-12-18T01:00,13.4,19.1,3.0,4.0
2021-12-18T02:00,12.0,0.0,0.0,0.0
2021-12-18T03:00,12.3,0.0,0.0,0.0
2021-12-18T04:00,9.2,0.0,0.0,0.0
2021-12-18T05:00,9.6,0.0,0.0,0.0
2021-12-18T06:00,7.0,0.0,0.0,0.0
2021-12-18T07:00,6.2,0.0,0.0,0.0
2021-12-18T08:00,6.1,0.0,0.0,0.0
2021-12-18T09:00,5.8,0.0,0.0,0.0
2021-12-18T10:00,6.0,0.0,0.0,0.0
2021-12-18T11:00,5.3,0.0,0.0,0.0
2021-12-18T12:00,3.2,0.0,0.0,0.0
2021-12-18T13:00,4.2,0.0,0.0,0.0
2021-12-18T14:00,4.5,0.0,0.0,0.0
2021-12-18T15:00,4.7,62.1,8.0,12.0
2021-12-18T16:00,7.4,499.7,49.0,138.0
2021-12-18T17:00,10.7,704.8,75.0,310.0
2021-12-18T18:00,13.2,806.8,88.0,452.0
2021-12-18T19:00,15.1,854.3,94.0,541.0
2021-12-18T20:00,17.1,864.5,96.0,567.0
2021-12-18T21:00,18.3,845.6,93.0,528.0
2021-12-18T22:00,18.9,790.2,85.0,428.0
2021-12-18T23:00,18.8,675.8,71.0,280.0
2021-12-19T00:00,17.2,451.2,42.0,109.0
2021-12-19T01:00,15.7,19.1,3.0,4.0
2021-12-19T02:00,14.1,0.0,0.0,0.0
2021-12-19T03:00,12.9,0.0,0.0,0.0
2021-12-19T04:00,12.1,0.0,0.0,0.0
2021-12-19T05:00,11.1,0.0,0.0,0.0
2021-12-19T06:00,10.4,0.0,0.0,0.0
2021-12-19T07:00,10.1,0.0,0.0,0.0
2021-12-19T08:00,9.6,0.0,0.0,0.0
2021-12-19T09:00,7.8,0.0,0.0,0.0
2021-12-19T10:00,7.4,0.0,0.0,0.0
2021-12-19T11:00,7.6,0.0,0.0,0.0
2021-12-19T12:00,7.2,0.0,0.0,0.0
2021-12-19T13:00,7.2,0.0,0.0,0.0
2021-12-19T14:00,6.5,0.0,0.0,0.0
2021-12-19T15:00,6.1,62.9,7.0,11.0
2021-12-19T16:00,9.2,459.0,49.0,130.0
2021-12-19T17:00,12.4,662.5,74.0,294.0
2021-12-19T18:00,16.0,766.5,87.0,432.0
2021-12-19T19:00,18.1,817.0,93.0,520.0
2021-12-19T20:00,19.0,829.9,95.0,547.0
2021-12-19T21:00,19.7,812.2,92.0,510.0
2021-12-19T22:00,20.0,756.8,85.0,414.0
2021-12-19T23:00,19.9,644.6,71.0,271.0
2021-12-20T00:00,18.9,420.7,42.0,105.0
2021-12-20T01:00,16.2,19.1,3.0,4.0
2021-12-20T02:00,14.6,0.0,0.0,0.0
2021-12-20T03:00,14.3,0.0,0.0,0.0
2021-12-20T04:00,12.4,0.0,0.0,0.0
2021-12-20T05:00,13.5,0.0,0.0,0.0
2021-12-20T06:00,13.2,0.0,0.0,0.0
2021-12-20T07:00,10.8,0.0,0.0,0.0
2021-12-20T08:00,8.2,0.0,0.0,0.0
2021-12-20T09:00,7.3,0.0,0.0,0.0
2021-12-20T10:00,6.7,0.0,0.0,0.0
2021-12-20T11:00,6.5,0.0,0.0,0.0
2021-12-20T12:00,6.1,0.0,0.0,0.0
2021-12-20T13:00,5.6,0.0,0.0,0.0
2021-12-20T14:00,5.4,0.0,0.0,0.0
2021-12-20T15:00,5.6,47.8,7.0,10.0
2021-12-20T16:00,7.9,451.7,48.0,127.0
2021-12-20T17:00,11.0,656.1,74.0,291.0
2021-12-20T18:00,14.4,761.4,87.0,429.0
2021-12-20T19:00,16.9,812.1,94.0,518.0
2021-12-20T20:00,18.4,828.2,96.0,547.0
2021-12-20T21:00,19.5,813.6,93.0,512.0
2021-12-20T22:00,20.0,762.4,85.0,417.0
2021-12-20T23:00,20.0,648.8,72.0,274.0
2021-12-21T00:00,19.3,430.1,43.0,108.0
2021-12-21T01:00,17.0,19.1,4.0,5.0
2021-12-21T02:00,16.0,0.0,0.0,0.0
2021-12-21T03:00,14.5,0.0,0.0,0.0
2021-12-21T04:00,14.1,0.0,0.0,0.0
2021-12-21T05:00,15.1,0.0,0.0,0.0
2021-12-21T06:00,12.1,0.0,0.0,0.0
2021-12-21T07:00,12.1,0.0,0.0,0.0
2021-12-21T08:00,11.6,0.0,0.0,0.0
2021-12-21T09:00,10.5,0.0,0.0,0.0
2021-12-21T10:00,10.0,0.0,0.0,0.0
2021-12-21T11:00,9.7,0.0,0.0,0.0
2021-12-21T12:00,9.8,0.0,0.0,0.0
2021-12-21T13:00,9.4,0.0,0.0,0.0
2021-12-21T14:00,9.2,0.0,0.0,0.0
2021-12-21T15:00,9.1,0.0,5.0,5.0
2021-12-21T16:00,10.6,28.8,74.0,79.0
2021-12-21T17:00,12.6,60.7,142.0,162.0
2021-12-21T18:00,15.2,225.3,203.0,304.0
2021-12-21T19:00,16.9,172.5,238.0,328.0
2021-12-21T20:00,17.9,67.9,262.0,299.0
2021-12-21T21:00,19.3,246.4,238.0,365.0
2021-12-21T22:00,19.7,80.2,203.0,238.0
2021-12-21T23:00,19.7,25.6,119.0,127.0
2021-12-22T00:00,17.5,0.0,31.0,31.0
2021-12-22T01:00,17.1,0.0,2.0,2.0
2021-12-22T02:00,16.7,0.0,0.0,0.0
2021-12-22T03:00,15.5,0.0,0.0,0.0
2021-12-22T04:00,15.3,0.0,0.0,0.0
2021-12-22T05:00,13.0,0.0,0.0,0.0
2021-12-22T06:00,11.5,0.0,0.0,0.0
2021-12-22T07:00,13.0,0.0,0.0,0.0
2021-12-22T08:00,12.5,0.0,0.0,0.0
2021-12-22T09:00,9.8,0.0,0.0,0.0
2021-12-22T10:00,9.1,0.0,0.0,0.0
2021-12-22T11:00,7.8,0.0,0.0,0.0
2021-12-22T12:00,6.9,0.0,0.0,0.0
2021-12-22T13:00,6.7,0.0,0.0,0.0
2021-12-22T14:00,6.0,0.0,0.0,0.0
2021-12-22T15:00,6.2,49.1,6.0,9.0
2021-12-22T16:00,8.6,348.8,57.0,117.0
2021-12-22T17:00,11.5,325.8,131.0,238.0
2021-12-22T18:00,14.5,641.3,112.0,399.0
2021-12-22T19:00,17.0,784.6,94.0,503.0
2021-12-22T20:00,18.9,785.8,101.0,529.0
2021-12-22T21:00,20.2,732.6,110.0,488.0
2021-12-22T22:00,20.7,391.1,168.0,339.0
2021-12-22T23:00,20.9,446.0,103.0,243.0
2021-12-23T00:00,20.8,168.6,64.0,90.0
2021-12-23T01:00,20.8,0.0,4.0,4.0
2021-12-23T02:00,19.8,0.0,0.0,0.0
2021-12-23T03:00,19.3,0.0,0.0,0.0
2021-12-23T04:00,19.0,0.0,0.0,0.0
2021-12-23T05:00,18.2,0.0,0.0,0.0
2021-12-23T06:00,15.8,0.0,0.0,0.0
2021-12-23T07:00,14.7,0.0,0.0,0.0
2021-12-23T08:00,14.2,0.0,0.0,0.0
2021-12-23T09:00,13.8,0.0,0.0,0.0
2021-12-23T10:00,13.7,0.0,0.0,0.0
2021-12-23T11:00,13.4,0.0,0.0,0.0
2021-12-23T12:00,13.0,0.0,0.0,0.0
2021-12-23T13:00,12.4,0.0,0.0,0.0
2021-12-23T14:00,12.1,0.0,0.0,0.0
2021-12-23T15:00,12.2,0.0,4.0,4.0
2021-12-23T16:00,13.1,99.6,68.0,85.0
2021-12-23T17:00,14.5,24.4,102.0,110.0
2021-12-23T18:00,16.6,62.7,178.0,206.0
2021-12-23T19:00,17.7,3.8,195.0,197.0
2021-12-23T20:00,20.4,651.5,138.0,493.0
2021-12-23T21:00,21.6,756.8,100.0,491.0
2021-12-23T22:00,22.2,661.6,101.0,391.0
2021-12-23T23:00,22.1,482.1,96.0,248.0
2021-12-24T00:00,21.6,333.6,49.0,101.0
2021-12-24T01:00,20.9,19.1,4.0,5.0
2021-12-24T02:00,20.3,0.0,0.0,0.0
2021-12-24T03:00,20.8,0.0,0.0,0.0
2021-12-24T04:00,19.8,0.0,0.0,0.0
2021-12-24T05:00,18.6,0.0,0.0,0.0
2021-12-24T06:00,17.7,0.0,0.0,0.0
2021-12-24T07:00,17.0,0.0,0.0,0.0
2021-12-24T08:00,16.7,0.0,0.0,0.0
2021-12-24T09:00,14.6,0.0,0.0,0.0
2021-12-24T10:00,13.9,0.0,0.0,0.0
2021-12-24T11:00,11.9,0.0,0.0,0.0
2021-12-24T12:00,14.5,0.0,0.0,0.0
2021-12-24T13:00,13.5,0.0,0.0,0.0
2021-12-24T14:00,12.7,0.0,0.0,0.0
2021-12-24T15:00,12.4,0.0,1.0,1.0
2021-12-24T16:00,12.4,0.0,7.0,7.0
2021-12-24T17:00,12.4,0.0,28.0,28.0
2021-12-24T18:00,12.9,0.0,45.0,45.0
2021-12-24T19:00,13.2,0.0,39.0,39.0
2021-12-24T20:00,13.6,0.0,69.0,69.0
2021-12-24T21:00,13.7,0.0,44.0,44.0
2021-12-24T22:00,14.5,72.8,88.0,120.0
2021-12-24T23:00,14.7,56.8,84.0,102.0
2021-12-25T00:00,14.3,57.1,39.0,48.0
2021-12-25T01:00,13.8,0.0,2.0,2.0
2021-12-25T02:00,14.0,0.0,0.0,0.0
2021-12-25T03:00,13.9,0.0,0.0,0.0
2021-12-25T04:00,12.1,0.0,0.0,0.0
2021-12-25T05:00,11.6,0.0,0.0,0.0
2021-12-25T06:00,11.4,0.0,0.0,0.0
2021-12-25T07:00,10.7,0.0,0.0,0.0
2021-12-25T08:00,11.0,0.0,0.0,0.0
2021-12-25T09:00,11.7,0.0,0.0,0.0
2021-12-25T10:00,11.4,0.0,0.0,0.0
2021-12-25T11:00,11.5,0.0,0.0,0.0
2021-12-25T12:00,12.6,0.0,0.0,0.0
2021-12-25T13:00,11.3,0.0,0.0,0.0
2021-12-25T14:00,10.8,0.0,0.0,0.0
2021-12-25T15:00,11.2,0.0,7.0,7.0
2021-12-25T16:00,12.1,59.4,69.0,79.0
2021-12-25T17:00,13.4,187.3,142.0,203.0
2021-12-25T18:00,14.3,143.5,209.0,273.0
2021-12-25T19:00,15.0,92.1,247.0,295.0
2021-12-25T20:00,15.9,203.4,262.0,373.0
2021-12-25T21:00,16.6,173.7,245.0,335.0
2021-12-25T22:00,16.7,104.4,190.0,236.0
2021-12-25T23:00,16.8,119.4,114.0,152.0
2021-12-26T00:00,16.1,18.8,43.0,46.0
2021-12-26T01:00,15.2,0.0,4.0,4.0
2021-12-26T02:00,15.0,0.0,0.0,0.0
2021-12-26T03:00,14.8,0.0,0.0,0.0
2021-12-26T04:00,13.7,0.0,0.0,0.0
2021-12-26T05:00,13.4,0.0,0.0,0.0
2021-12-26T06:00,13.0,0.0,0.0,0.0
2021-12-26T07:00,12.5,0.0,0.0,0.0
2021-12-26T08:00,12.0,0.0,0.0,0.0
2021-12-26T09:00,12.0,0.0,0.0,0.0
2021-12-26T10:00,12.0,0.0,0.0,0.0
2021-12-26T11:00,11.7,0.0,0.0,0.0
2021-12-26T12:00,11.8,0.0,0.0,0.0
2021-12-26T13:00,11.5,0.0,0.0,0.0
2021-12-26T14:00,10.5,0.0,0.0,0.0
2021-12-26T15:00,10.6,0.0,6.0,6.0
2021-12-26T16:00,11.6,275.0,59.0,105.0
2021-12-26T17:00,13.1,566.4,84.0,268.0
2021-12-26T18:00,14.6,693.5,99.0,408.0
2021-12-26T19:00,16.0,750.5,106.0,497.0
2021-12-26T20:00,16.8,758.0,105.0,519.0
2021-12-26T21:00,17.2,602.8,130.0,443.0
2021-12-26T22:00,17.3,583.5,121.0,379.0
2021-12-26T23:00,16.7,509.3,89.0,252.0
2021-12-27T00:00,15.3,334.7,49.0,103.0
2021-12-27T01:00,14.1,18.1,5.0,6.0
2021-12-27T02:00,13.0,0.0,0.0,0.0
2021-12-27T03:00,12.4,0.0,0.0,0.0
2021-12-27T04:00,11.4,0.0,0.0,0.0
2021-12-27T05:00,11.0,0.0,0.0,0.0
2021-12-27T06:00,10.1,0.0,0.0,0.0
2021-12-27T07:00,9.0,0.0,0.0,0.0
2021-12-27T08:00,9.0,0.0,0.0,0.0
2021-12-27T09:00,9.5,0.0,0.0,0.0
2021-12-27T10:00,9.2,0.0,0.0,0.0
2021-12-27T11:00,8.8,0.0,0.0,0.0
2021-12-27T12:00,9.0,0.0,0.0,0.0
2021-12-27T13:00,8.8,0.0,0.0,0.0
2021-12-27T14:00,8.4,0.0,0.0,0.0
2021-12-27T15:00,8.5,0.0,4.0,4.0
2021-12-27T16:00,9.5,0.0,59.0,59.0
2021-12-27T17:00,10.6,21.6,125.0,132.0
2021-12-27T18:00,11.8,35.9,178.0,194.0
2021-12-27T19:00,13.0,101.7,227.0,280.0
2021-12-27T20:00,13.9,109.7,259.0,319.0
2021-12-27T21:00,14.6,132.6,240.0,309.0
2021-12-27T22:00,14.8,51.9,197.0,220.0
2021-12-27T23:00,14.6,34.2,133.0,144.0
2021-12-28T00:00,13.0,42.9,63.0,70.0
2021-12-28T01:00,11.6,0.0,5.0,5.0
2021-12-28T02:00,11.2,0.0,0.0,0.0
2021-12-28T03:00,10.8,0.0,0.0,0.0
2021-12-28T04:00,9.8,0.0,0.0,0.0
2021-12-28T05:00,9.0,0.0,0.0,0.0
2021-12-28T06:00,7.9,0.0,0.0,0.0
2021-12-28T07:00,6.6,0.0,0.0,0.0
2021-12-28T08:00,7.0,0.0,0.0,0.0
2021-12-28T09:00,6.7,0.0,0.0,0.0
2021-12-28T10:00,4.8,0.0,0.0,0.0
2021-12-28T11:00,4.9,0.0,0.0,0.0
2021-12-28T12:00,6.8,0.0,0.0,0.0
2021-12-28T13:00,6.8,0.0,0.0,0.0
2021-12-28T14:00,6.2,0.0,0.0,0.0
2021-12-28T15:00,6.5,17.4,5.0,6.0
2021-12-28T16:00,7.6,114.8,54.0,73.0
2021-12-28T17:00,9.2,231.7,119.0,194.0
2021-12-28T18:00,10.8,370.6,151.0,316.0
2021-12-28T19:00,12.0,535.0,163.0,442.0
2021-12-28T20:00,13.2,610.0,139.0,473.0
2021-12-28T21:00,13.5,304.9,168.0,327.0
2021-12-28T22:00,12.8,213.4,132.0,227.0
2021-12-28T23:00,11.3,24.7,74.0,82.0
2021-12-29T00:00,12.0,0.0,18.0,18.0
2021-12-29T01:00,11.0,0.0,2.0,2.0
2021-12-29T02:00,10.1,0.0,0.0,0.0
2021-12-29T03:00,9.0,0.0,0.0,0.0
2021-12-29T04:00,8.5,0.0,0.0,0.0
2021-12-29T05:00,8.6,0.0,0.0,0.0
2021-12-29T06:00,7.3,0.0,0.0,0.0
2021-12-29T07:00,8.2,0.0,0.0,0.0
2021-12-29T08:00,6.9,0.0,0.0,0.0
2021-12-29T09:00,7.8,0.0,0.0,0.0
2021-12-29T10:00,7.4,0.0,0.0,0.0
2021-12-29T11:00,7.4,0.0,0.0,0.0
2021-12-29T12:00,8.0,0.0,0.0,0.0
2021-12-29T13:00,6.3,0.0,0.0,0.0
2021-12-29T14:00,7.8,0.0,0.0,0.0
2021-12-29T15:00,7.7,17.5,6.0,7.0
2021-12-29T16:00,8.5,36.4,50.0,56.0
2021-12-29T17:00,9.7,145.4,135.0,182.0
2021-12-29T18:00,11.3,714.4,101.0,419.0
2021-12-29T19:00,12.4,751.1,111.0,503.0
2021-12-29T20:00,13.4,782.3,108.0,537.0
2021-12-29T21:00,14.0,422.8,161.0,382.0
2021-12-29T22:00,14.3,237.3,139.0,245.0
2021-12-29T23:00,14.4,239.6,107.0,185.0
2021-12-30T00:00,13.6,41.8,29.0,36.0
2021-12-30T01:00,12.7,0.0,3.0,3.0
2021-12-30T02:00,12.2,0.0,0.0,0.0
2021-12-30T03:00,11.6,0.0,0.0,0.0
2021-12-30T04:00,10.9,0.0,0.0,0.0
2021-12-30T05:00,10.5,0.0,0.0,0.0
2021-12-30T06:00,9.2,0.0,0.0,0.0
2021-12-30T07:00,8.3,0.0,0.0,0.0
2021-12-30T08:00,8.1,0.0,0.0,0.0
2021-12-30T09:00,7.9,0.0,0.0,0.0
2021-12-30T10:00,7.4,0.0,0.0,0.0
2021-12-30T11:00,6.8,0.0,0.0,0.0
2021-12-30T12:00,6.4,0.0,0.0,0.0
2021-12-30T13:00,6.5,0.0,0.0,0.0
2021-12-30T14:00,6.3,0.0,0.0,0.0
2021-12-30T15:00,6.5,0.0,6.0,6.0
2021-12-30T16:00,7.9,54.9,69.0,78.0
2021-12-30T17:00,9.6,123.8,145.0,185.0
2021-12-30T18:00,11.3,238.1,198.0,304.0
2021-12-30T19:00,12.9,193.3,255.0,356.0
2021-12-30T20:00,14.3,415.0,200.0,428.0
2021-12-30T21:00,15.2,561.0,162.0,456.0
2021-12-30T22:00,15.5,495.0,128.0,350.0
2021-12-30T23:00,15.4,332.8,96.0,205.0
2021-12-31T00:00,15.1,253.5,48.0,91.0
2021-12-31T01:00,13.3,16.8,6.0,7.0
2021-12-31T02:00,11.7,0.0,0.0,0.0
2021-12-31T03:00,11.0,0.0,0.0,0.0
2021-12-31T04:00,10.1,0.0,0.0,0.0
2021-12-31T05:00,9.8,0.0,0.0,0.0
2021-12-31T06:00,9.0,0.0,0.0,0.0
2021-12-31T07:00,8.4,0.0,0.0,0.0
2021-12-31T08:00,8.9,0.0,0.0,0.0
2021-12-31T09:00,9.3,0.0,0.0,0.0
2021-12-31T10:00,9.7,0.0,0.0,0.0
2021-12-31T11:00,10.2,0.0,0.0,0.0
2021-12-31T12:00,10.6,0.0,0.0,0.0
2021-12-31T13:00,10.9,0.0,0.0,0.0
2021-12-31T14:00,11.0,0.0,0.0,0.0
2021-12-31T15:00,10.8,0.0,4.0,4.0
2021-12-31T16:00,11.7,73.4,47.0,59.0
2021-12-31T17:00,12.1,0.0,60.0,60.0
2021-12-31T18:00,13.0,24.7,154.0,165.0
2021-12-31T19:00,13.3,7.6,132.0,136.0
2021-12-31T20:00,13.2,7.3,76.0,80.0
2021-12-31T21:00,13.3,0.0,66.0,66.0
2021-12-31T22:00,13.8,53.3,128.0,152.0
2021-12-31T23:00,13.3,0.0,48.0,48.0
