hour,month,pv_output_kW,load_demand_kW,p_ch_kW,p_dis_kW,p_def_kW,p_curt_kW,e_bat_kWh
17,12,0.2782895272575622,0.5163624429223744,0.0,0.23807291566481226,0.0,0.0,13.635
18,12,0.0006848985472532,1.702334336775234,0.0,1.7016494382279808,0.0,0.0,13.37252149212832
19,12,0.0,1.851959086297907,0.0,1.851959086297907,0.0,0.0,11.496426140431925
20,12,0.0,1.6294624429223743,0.0,1.6294624429223743,0.0,0.0,9.454576578403637
21,12,0.0,2.696832230925114,0.0,2.696832230925114,0.0,0.0,7.658003385884659
22,12,0.0,0.9291874429223744,0.0,0.27620608552598863,0.6529813573963859,0.0,4.684546053002407
23,12,0.0,0.9368374429223744,0.0,0.0,0.9368374429223744,0.0,4.38
0,1,0.0,0.6732124429223744,0.0,0.0,0.6732124429223744,0.0,4.38
1,1,0.0,0.8187874429223743,0.0,0.0,0.8187874429223743,0.0,4.38
2,1,0.0,3.5569499836004654,0.0,0.0,3.5569499836004654,0.0,4.38
3,1,0.0,4.601575114156559,0.0,0.0,4.601575114156559,0.0,4.38
4,1,0.0,2.992365801679401,0.0,0.0,2.992365801679401,0.0,4.38
5,1,0.0,3.25665692006532,0.0,0.0,3.25665692006532,0.0,4.38
6,1,0.0,3.515380946078697,0.0,0.0,3.515380946078697,0.0,4.38
7,1,0.0,5.031352591972127,0.0,0.0,5.031352591972127,0.0,4.38
8,1,0.1597019437714074,3.18658000152121,0.0,0.0,3.0268780577498027,0.0,4.38
9,1,2.1878370075305424,0.7573374429223744,1.430499564608168,0.0,0.0,0.0,4.38
10,1,3.737543725363189,1.200852847577326,2.536690877785863,0.0,0.0,0.0,5.677600997783799
11,1,4.69980241239988,3.649526024462074,1.0502763879378056,0.0,0.0,0.0,7.978657736740523
12,1,5.184213103151092,5.163249740708631,0.020963362442460998,0.0,0.0,0.0,8.93139823093922
13,1,5.253044503380112,4.828928216955847,0.42411628642426447,0.0,0.0,0.0,8.95041499508544
14,1,4.923259279909207,4.198628654924658,0.7246306249845489,0.0,0.0,0.0,9.335149130033015
15,1,4.207537918563742,2.615848310294325,1.5916896082694167,0.0,0.0,0.0,9.992495598915715
16,1,3.1251784769779603,0.5395374429223744,2.5856410340555858,0.0,0.0,0.0,11.436402666326705
17,1,1.8245609461499552,2.623361269846934,0.0,0.798800323696979,0.0,0.0,13.782014516024566
18,1,0.0012456076347484,5.353401664562304,0.0,5.352156056927555,0.0,0.0,12.901158097919792
19,1,0.0,7.538979768208685,0.0,2.37502165530883,5.163958112899856,0.0,6.999158178052507
20,1,0.0,3.594383336969451,0.0,0.0,3.594383336969451,0.0,4.38
21,1,0.0,0.6726874429223744,0.0,0.0,0.6726874429223744,0.0,4.38
22,1,0.0,0.8450374429223744,0.0,0.0,0.8450374429223744,0.0,4.38
23,1,0.0,0.8106124429223743,0.0,0.0,0.8106124429223743,0.0,4.38
0,1,0.0,1.4664863184243653,0.0,0.0,1.4664863184243653,0.0,4.38
1,1,0.0,2.0314014354800447,0.0,0.0,2.0314014354800447,0.0,4.38
2,1,0.0,0.7535374429223743,0.0,0.0,0.7535374429223743,0.0,4.38
3,1,0.0,0.9029374429223744,0.0,0.0,0.9029374429223744,0.0,4.38
4,1,0.0,0.8032624429223744,0.0,0.0,0.8032624429223744,0.0,4.38
5,1,0.0,0.8491624429223743,0.0,0.0,0.8491624429223743,0.0,4.38
6,1,0.0,0.8874124429223743,0.0,0.0,0.8874124429223743,0.0,4.38
7,1,0.0,0.8835874429223745,0.0,0.0,0.8835874429223745,0.0,4.38
8,1,0.0800289718002643,2.6686901604163413,0.0,0.0,2.588661188616077,0.0,4.38
9,1,1.230365109403985,4.575527863135833,0.0,0.0,3.3451627537318482,0.0,4.38
10,1,3.8105800664601457,3.0227435916946757,0.78783647476547,0.0,0.0,0.0,4.38
11,1,4.7490690119688015,3.4803964804545275,1.268672531514274,0.0,0.0,0.0,5.094781410042807
12,1,5.220281631694853,5.302472370059041,0.0,0.08219073836418822,0.0,0.0,6.245820822034025
13,1,5.2726742535478515,7.54534954920037,0.0,1.6096356411662218,0.6630396544862971,0.0,6.155177319557146
14,1,3.987004292272552,4.177217280260617,0.0,0.0,0.19021298798806496,0.0,4.38
15,1,3.0793691512432173,2.960350143004029,0.1190190082391882,0.0,0.0,0.0,4.38
16,1,2.881709984714075,1.054076622888759,1.827633361825316,0.0,0.0,0.0,4.487986659614355
17,1,1.845800115211957,0.5204374429223744,1.3253626722895826,0.0,0.0,0.0,6.146211378618325
18,1,0.0013520708014525,1.4076124429223744,0.0,1.406260372120922,0.0,0.0,7.348744768732897
19,1,0.0,1.2658624429223744,0.0,1.2658624429223744,0.0,0.0,5.79778140769986
20,1,0.0,2.1749196459800295,0.0,0.01962298431968859,2.155296661660341,0.0,4.401642762905971
21,1,0.0,2.2574966124885787,0.0,0.0,2.2574966124885787,0.0,4.38
22,1,0.0,2.7894349671572405,0.0,0.0,2.7894349671572405,0.0,4.38
23,1,0.0,1.3560580129894155,0.0,0.0,1.3560580129894155,0.0,4.38
0,1,0.0,1.1349253501479506,0.0,0.0,1.1349253501479506,0.0,4.38
1,1,0.0,1.1090864941353191,0.0,0.0,1.1090864941353191,0.0,4.38
2,1,0.0,0.8455624429223744,0.0,0.0,0.8455624429223744,0.0,4.38
3,1,0.0,0.7841374429223743,0.0,0.0,0.7841374429223743,0.0,4.38
4,1,0.0,1.0100374429223744,0.0,0.0,1.0100374429223744,0.0,4.38
5,1,0.0,0.8797624429223743,0.0,0.0,0.8797624429223743,0.0,4.38
6,1,0.0,1.0712374429223743,0.0,0.0,1.0712374429223743,0.0,4.38
7,1,0.0,3.016220052156786,0.0,0.0,3.016220052156786,0.0,4.38
8,1,0.1535268565981238,4.709364226439527,0.0,0.0,4.555837369841403,0.0,4.38
9,1,2.1806251012546034,3.3571474073004035,0.0,0.0,1.1765223060458,0.0,4.38
10,1,3.698776148472684,1.1790106007964904,2.5197655476761938,0.0,0.0,0.0,4.38
11,1,4.643058312986723,2.6917866874330536,1.951271625553669,0.0,0.0,0.0,6.666337555079938
12,1,5.080656340228148,0.6963624429223744,4.384293897305774,0.0,0.0,0.0,8.436891306852758
13,1,4.924122274082163,2.394646785723612,2.529475488358551,0.0,0.0,0.0,12.41521114894817
14,1,4.713525186936326,2.2092154201702754,2.5043097667660503,0.0,0.0,0.0,14.710566601995138
15,1,3.978786578325708,2.948280586584975,1.0305059917407333,0.0,0.0,0.0,16.983144271967785
16,1,2.8827979643126502,2.348347119637499,0.5344508446751512,0.0,0.0,0.0,17.918318030950594
17,1,1.7244542239591838,2.26347986109176,0.0,0.5390256371325761,0.0,0.0,18.4033318663686
18,1,0.0013551958541271,0.5005624429223744,0.0,0.4992072470682473,0.0,0.0,17.808730823904757
19,1,0.0,3.1333233022478533,0.0,3.1333233022478533,0.0,0.0,17.258050554769824
20,1,0.0,2.070350521894756,0.0,2.070350521894756,0.0,0.0,13.801634160309622
21,1,0.0,4.801004863969878,0.0,4.801004863969878,0.0,0.0,11.517726082687147
22,1,0.0,5.202162248904392,0.0,1.6690872790053959,3.533074969898996,0.0,6.2213835333240155
23,1,0.0,4.590058946730556,0.0,0.0,4.590058946730556,0.0,4.38
0,1,0.0,0.7155124429223744,0.0,0.0,0.7155124429223744,0.0,4.38
1,1,0.0,0.6464374429223744,0.0,0.0,0.6464374429223744,0.0,4.38
2,1,0.0,0.7191124429223744,0.0,0.0,0.7191124429223744,0.0,4.38
3,1,0.0,0.7535374429223743,0.0,0.0,0.7535374429223743,0.0,4.38
4,1,0.0,0.7803124429223743,0.0,0.0,0.7803124429223743,0.0,4.38
5,1,0.0,0.7917874429223744,0.0,0.0,0.7917874429223744,0.0,4.38
6,1,0.0,0.8338624429223743,0.0,0.0,0.8338624429223743,0.0,4.38
7,1,0.0,2.0137457310803732,0.0,0.0,2.0137457310803732,0.0,4.38
8,1,0.1525305653869125,4.567847485465768,0.0,0.0,4.415316920078855,0.0,4.38
9,1,2.190325356540292,2.5020597457940643,0.0,0.0,0.3117343892537723,0.0,4.38
10,1,3.7210057286518463,2.513837698896908,1.2071680297549383,0.0,0.0,0.0,4.38
11,1,4.683211257940275,0.6619624429223745,4.021248815017901,0.0,0.0,0.0,5.47565246136454
12,1,5.153566871915734,0.4475124429223744,4.70605442899336,0.0,0.0,0.0,9.12547200472006
13,1,5.199908917749061,0.3060124429223744,4.893896474826687,0.0,0.0,0.0,13.397019345694563
14,1,4.8492423984381965,0.4936374429223744,4.3556049555158225,0.0,0.0,0.0,17.839278853824954
15,1,4.1012961288309935,0.4630374429223743,1.2082826127886048,0.0,0.0,2.4299760731200144,21.7931210702
16,1,2.909605987532319,0.2792124429223744,0.0,0.0,0.0,2.6303935446099445,22.89
17,1,1.4818486621576343,2.527858056117264,0.0,1.0460093939596296,0.0,0.0,22.89
18,1,0.001346862380328,4.392570392083885,0.0,4.391223529703557,0.0,0.0,21.735753337821826
19,1,0.0,2.354751398762017,0.0,2.354751398762017,0.0,0.0,16.890090119908162
20,1,0.0,0.4699624429223744,0.0,0.4699624429223744,0.0,0.0,14.291533274963813
21,1,0.0,0.5082124429223744,0.0,0.5082124429223744,0.0,0.0,13.77289954858087
22,1,0.0,1.7276149436991888,0.0,1.7276149436991888,0.0,0.0,13.21205179967351
23,1,0.0,1.8476845411921456,0.0,1.8476845411921456,0.0,0.0,11.305498753068283
0,1,0.0,1.881487517234942,0.0,1.881487517234942,0.0,0.0,9.266403894723918
1,1,0.0,1.837202687381439,0.0,1.837202687381439,0.0,0.0,7.1899650664646675
2,1,0.0,0.5928874429223744,0.0,0.5928874429223744,0.0,0.0,5.162360699759401
3,1,0.0,0.6540874429223744,0.0,0.1159918669254947,0.5380955759968797,0.0,4.508016062170321
4,1,0.0,0.8149624429223744,0.0,0.0,0.8149624429223744,0.0,4.38
5,1,0.0,0.7382374429223744,0.0,0.0,0.7382374429223744,0.0,4.38
6,1,0.0,0.7994374429223744,0.0,0.0,0.7994374429223744,0.0,4.38
7,1,0.0,3.308818251852496,0.0,0.0,3.308818251852496,0.0,4.38
8,1,0.1589042202945639,0.9947374429223744,0.0,0.0,0.8358332226278105,0.0,4.38
9,1,2.2699849598214676,0.9411624429223744,1.3288225168990933,0.0,0.0,0.0,4.38
10,1,3.804217992584329,1.214406193400821,2.589811799183508,0.0,0.0,0.0,5.586526605202396
11,1,4.752094220098277,1.1951198765726694,3.5569743435256074,0.0,0.0,0.0,7.938021413062941
12,1,5.225447031597449,2.0339328115781203,3.1915142200193287,0.0,0.0,0.0,11.167764966835904
13,1,5.273146413329061,4.266088069096034,1.0070583442330276,0.0,0.0,0.0,14.06577490615094
14,1,4.938878597291761,3.841252134309322,1.0976264629824386,0.0,0.0,0.0,14.98024999147362
15,1,4.236468175003871,1.4617221224485577,2.7747460525553134,0.0,0.0,0.0,15.97697712762836
16,1,3.1614521961722,1.536346520363715,1.625105675808485,0.0,0.0,0.0,18.49668286576533
17,1,1.8722614889955824,1.427973493891174,0.44428799510440853,0.0,0.0,0.0,19.972459059200634
18,1,0.001569509628066,1.7938223137206313,0.0,1.7922528040925654,0.0,0.0,20.375928532790883
19,1,0.0,2.171444137267418,0.0,2.171444137267418,0.0,0.0,18.397525093267127
20,1,0.0,2.718865820008734,0.0,2.718865820008734,0.0,0.0,16.0005020845477
21,1,0.0,2.3185314060018616,0.0,2.3185314060018616,0.0,0.0,12.999122313916397
22,1,0.0,2.452643093467646,0.0,2.452643093467646,0.0,0.0,10.439604110791088
23,1,0.0,2.4817171191528486,0.0,2.4817171191528486,0.0,0.0,7.731970592723579
0,1,0.0,2.4355005627944073,0.0,0.5544926892896881,1.881007873504719,0.0,4.992171696752156
1,1,0.0,2.07359316465534,0.0,0.0,2.07359316465534,0.0,4.38
2,1,0.0,2.6002678164418285,0.0,0.0,2.6002678164418285,0.0,4.38
3,1,0.0,2.3415752201167175,0.0,0.0,2.3415752201167175,0.0,4.38
4,1,0.0,2.541092221794804,0.0,0.0,2.541092221794804,0.0,4.38
5,1,0.0,0.6885124429223743,0.0,0.0,0.6885124429223743,0.0,4.38
6,1,0.0,2.7122718876156173,0.0,0.0,2.7122718876156173,0.0,4.38
7,1,0.0,5.60044788806163,0.0,0.0,5.60044788806163,0.0,4.38
8,1,0.1571821207885458,2.7346799875036263,0.0,0.0,2.5774978667150803,0.0,4.38
9,1,2.2789631360793754,3.745021108623413,0.0,0.0,1.4660579725440375,0.0,4.38
10,1,3.8217932810528703,2.575044751012734,1.2467485300401364,0.0,0.0,0.0,4.38
11,1,4.77140017770712,0.3977874429223744,4.3736127347847455,0.0,0.0,0.0,5.512377500610314
12,1,5.264585833708094,0.3212874429223744,4.94329839078572,0.0,0.0,0.0,9.484825534436672
13,1,5.323622595097426,0.2677374429223744,5.055885152175051,0.0,0.0,0.0,13.974906100414753
14,1,4.9835090644033,4.0534672206696465,0.9300418437336537,0.0,0.0,0.0,18.567483078201168
15,1,4.29883105757183,2.1165316020213663,2.1822994555504636,0.0,0.0,0.0,19.412341953246187
16,1,3.162122447941407,1.2832679930040962,1.6459206710377872,0.0,0.0,0.2329337838995238,21.3947824195112
17,1,1.7304982251432082,2.2389323012559403,0.0,0.5084340761127322,0.0,0.0,22.89
18,1,0.0013307162748421,2.0748263064273074,0.0,2.0734955901524654,0.0,0.0,22.328557912318328
19,1,0.0,3.655287162606818,0.0,3.655287162606818,0.0,0.0,20.038873179256427
20,1,0.0,2.411309338265782,0.0,2.411309338265782,0.0,0.0,16.002388796983787
21,1,0.0,2.908103876174439,0.0,2.908103876174439,0.0,0.0,13.339512896089389
22,1,0.0,0.5732374429223743,0.0,0.5732374429223743,0.0,0.0,10.127933837026575
23,1,0.0,0.5120374429223744,0.0,0.5120374429223744,0.0,0.0,9.494857383776308
0,1,0.0,0.6045874429223744,0.0,0.6045874429223744,0.0,0.0,8.929366152293445
1,1,0.0,0.4666624429223743,0.0,0.4666624429223743,0.0,0.0,8.26165973427813
2,1,0.0,0.6925624429223745,0.0,0.6925624429223745,0.0,0.0,7.74627451198953
3,1,0.0,0.6770374429223743,0.0,0.6770374429223743,0.0,0.0,6.981400122575357
4,1,0.0,0.9105874429223744,0.0,0.9105874429223744,0.0,0.0,6.2336664391141055
5,1,0.0,0.7764874429223744,0.0,0.7678009801621036,0.008686462760270741,0.0,5.227988508510256
6,1,0.0,2.622557731976728,0.0,0.0,2.622557731976728,0.0,4.38
7,1,0.0,3.56856087474599,0.0,0.0,3.56856087474599,0.0,4.38
8,1,0.1506129994111941,5.668248298232059,0.0,0.0,5.517635298820864,0.0,4.38
9,1,2.211149202932551,0.9258624429223744,1.2852867600101767,0.0,0.0,0.0,4.38
10,1,3.7649113605671847,0.7919874429223743,2.9729239176448106,0.0,0.0,0.0,5.547823556699767
11,1,4.729356710204331,0.6084124429223744,4.120944267281956,0.0,0.0,0.0,8.24908548727612
12,1,5.160313534953438,0.3939624429223745,4.766351092031064,0.0,0.0,0.0,11.993576921553615
13,1,5.204351061900014,1.106085371890753,4.098265690009261,0.0,0.0,0.0,16.32469899180708
14,1,4.9295114280614705,2.0614413793696653,2.868070048691805,0.0,0.0,0.0,20.048921884377663
15,1,4.225554977017942,4.879033243474693,0.0,0.6534782664567507,0.0,0.0,22.655336513597266
16,1,2.936853351810825,3.62443959419508,0.0,0.6875862423842549,0.0,0.0,21.933456283374586
17,1,1.8388619457526736,0.7460020443659714,1.0928599013867022,0.0,0.0,0.0,21.173892795976442
18,1,0.001786772878283,0.8575761158902081,0.0,0.8557893430119251,0.0,0.0,22.167093297180465
19,1,0.0,0.4776124429223743,0.0,0.4776124429223743,0.0,0.0,21.221701824793076
20,1,0.0,1.4611624429223744,0.0,1.4611624429223744,0.0,0.0,20.694078192942552
21,1,0.0,0.5082124429223744,0.0,0.5082124429223744,0.0,0.0,19.07990835542259
22,1,0.0,0.4737874429223744,0.0,0.4737874429223744,0.0,0.0,18.518469443989183
23,1,0.0,0.4967374429223744,0.0,0.4967374429223744,0.0,0.0,17.995058236625923
0,1,0.0,2.634597939478539,0.0,2.634597939478539,0.0,0.0,17.446290623501824
1,1,0.0,0.7652374429223745,0.0,0.7652374429223745,0.0,0.0,14.535720087535386
2,1,0.0,2.3857390582760214,0.0,2.3857390582760214,0.0,0.0,13.6903016965467
3,1,0.0,0.6540874429223744,0.0,0.6540874429223744,0.0,0.0,11.054566245396797
4,1,0.0,0.6961624429223743,0.0,0.6961624429223743,0.0,0.0,10.331920778399414
5,1,0.0,0.7497124429223744,0.0,0.7497124429223744,0.0,0.0,9.562785086135872
6,1,0.0,0.9756124429223744,0.0,0.9756124429223744,0.0,0.0,8.734480271364422
7,1,0.0,2.454957813511779,0.0,2.454957813511779,0.0,0.0,7.656586091817376
8,1,0.1566811442101543,4.601619606725445,0.0,0.5106695325961034,3.934268929919188,0.0,4.944227147553966
9,1,2.220737469712782,0.6617374429223744,1.5590000267904078,0.0,0.0,0.0,4.38
10,1,3.757029655386908,0.5966874429223744,3.1603422124645335,0.0,0.0,0.0,5.7970817508442245
11,1,4.712062942420732,0.4857624429223744,4.2263004994983575,0.0,0.0,0.0,8.669778731274572
12,1,5.127947486574775,4.286776529645432,0.8411709569293429,0.0,0.0,0.0,12.511537700978804
13,1,5.188961058710991,1.030410668168496,4.158550390542494,0.0,0.0,0.0,13.276205460838803
14,1,4.36223250400903,0.2142124429223744,4.1480200610866556,0.0,0.0,0.0,17.056574646423876
15,1,3.309859434617674,0.2607624429223745,2.268601338798796,0.0,0.0,0.7804956528965037,20.827531504414566
16,1,1.8704152168008608,2.4957577232187376,0.0,0.6253425064178768,0.0,0.0,22.89
17,1,0.6355756993333567,0.3059874429223744,0.32958825641098227,0.0,0.0,0.0,22.198925797457452
18,1,0.0016868222003435,2.2203298325304957,0.0,2.218643010330152,0.0,0.0,22.498575411247508
19,1,0.0,1.4267374429223745,0.0,1.4267374429223745,0.0,0.0,20.046699986167944
20,1,0.0,0.5043874429223745,0.0,0.5043874429223745,0.0,0.0,18.469942554569105
21,1,0.0,0.7455874429223743,0.0,0.7455874429223743,0.0,0.0,17.912511151591946
22,1,0.0,0.7953124429223744,0.0,0.7953124429223744,0.0,0.0,17.088509673592057
23,1,0.0,0.6459124429223744,0.0,0.6459124429223744,0.0,0.0,16.20954687421743
0,1,0.0,2.9722722259521905,0.0,2.9722722259521905,0.0,0.0,15.495692046078677
1,1,0.0,0.5087374429223744,0.0,0.5087374429223744,0.0,0.0,12.210750070012386
2,1,0.0,0.8570374429223744,0.0,0.8570374429223744,0.0,0.0,11.648478628814553
3,1,0.0,0.7497124429223744,0.0,0.7497124429223744,0.0,0.0,10.701250952764696
4,1,0.0,0.7803124429223743,0.0,0.7803124429223743,0.0,0.0,9.872635346403676
5,1,0.0,0.8185624429223742,0.0,0.8185624429223742,0.0,0.0,9.010192642500186
6,1,0.0,3.2534177696803397,0.0,3.2534177696803397,0.0,0.0,8.10546678841537
7,1,0.0,5.162234160354794,0.0,0.11721447076053748,5.045019689594256,0.0,4.509558081129067
8,1,0.1569509490399083,5.399762004246577,0.0,0.0,5.242811055206669,0.0,4.38
9,1,2.2309970166857283,4.3857210512761755,0.0,0.0,2.1547240345904473,0.0,4.38
10,1,3.7985201922058978,4.075880233053939,0.0,0.0,0.27736004084804167,0.0,4.38
11,1,4.776466087008217,2.581991059131312,2.1944750278769045,0.0,0.0,0.0,4.38
12,1,5.305361932287939,0.6542874429223743,4.6510744893655644,0.0,0.0,0.0,6.3754779097299705
13,1,5.367344869353961,0.5318874429223743,4.835457426431587,0.0,0.0,0.0,10.604883407007058
14,1,5.031373344926931,0.2753874429223744,4.755985902004556,0.0,0.0,0.0,15.002164797082049
15,1,4.368582793930188,1.5583789315940972,2.810203862336091,0.0,0.0,0.0,19.327390111654427
16,1,3.293625294107877,0.2945124429223744,1.106993298377903,0.0,0.0,1.8921195528075998,21.8831916990039
17,1,1.9794634491708816,0.5357124429223744,0.0,0.0,0.0,1.4437510062485073,22.89
18,1,0.0021465188114946,2.657973451564823,0.0,2.6558269327533286,0.0,0.0,22.89
19,1,0.0,2.992690479090294,0.0,2.992690479090294,0.0,0.0,19.953878650005993
20,1,0.0,2.4124106985741154,0.0,2.4124106985741154,0.0,0.0,16.645251467556857
21,1,0.0,1.8303093675065705,0.0,1.8303093675065705,0.0,0.0,13.978082216337238
22,1,0.0,0.6191374429223744,0.0,0.6191374429223744,0.0,0.0,11.954436171653755
23,1,0.0,0.8526874429223743,0.0,0.8526874429223743,0.0,0.0,11.269886048582316
0,1,0.0,0.7881874429223744,0.0,0.7881874429223744,0.0,0.0,10.327105089927985
1,1,0.0,0.6273124429223743,0.0,0.6273124429223743,0.0,0.0,9.4556314886535
2,1,0.0,2.0335524468965973,0.0,2.0335524468965973,0.0,0.0,8.76202662619922
3,1,0.0,0.7076374429223743,0.0,0.7076374429223743,0.0,0.0,6.513560275475539
4,1,0.0,0.7611874429223743,0.0,0.7611874429223743,0.0,0.0,5.7311206137941735
5,1,0.0,0.7535374429223743,0.0,0.4607518982719733,0.292785544650401,0.0,4.889464248570871
6,1,0.0,3.5647251385400787,0.0,0.0,3.5647251385400787,0.0,4.38
7,1,0.0,1.8061634888791915,0.0,0.0,1.8061634888791915,0.0,4.38
8,1,0.1542868357549132,3.712729683442382,0.0,0.0,3.558442847687469,0.0,4.38
9,1,2.2125152018947647,2.688197717221598,0.0,0.0,0.47568251532683314,0.0,4.38
10,1,3.7443014358936018,3.0711954001985693,0.6731060356950325,0.0,0.0,0.0,4.38
11,1,4.729263299730539,2.440017744726936,2.2892455550036024,0.0,0.0,0.0,4.992300475683808
12,1,5.234244355756336,3.575781338867108,1.658463016889228,0.0,0.0,0.0,7.074759587603835
13,1,5.318845725476202,2.7004742816324097,2.6183714438437926,0.0,0.0,0.0,8.583449786005135
14,1,5.011122972302464,2.4090355590042023,2.6020874132982614,0.0,0.0,0.0,10.965401230283723
15,1,4.322007798401663,0.4401124429223744,3.8818953554792888,0.0,0.0,0.0,13.332602404564772
16,1,3.266412864271168,0.3289374429223743,2.9374754213487937,0.0,0.0,0.0,16.8641793642158
17,1,1.950780813737312,0.3480624429223743,1.6027183708149377,0.0,0.0,0.0,19.536670948938475
18,1,0.0021423954781044,0.6652624429223744,0.0,0.66312004744427,0.0,0.0,20.994855110333802
19,1,0.0,0.7379374429223744,0.0,0.7379374429223744,0.0,0.0,20.261487105042388
20,1,0.0,0.7761874429223743,0.0,0.7761874429223743,0.0,0.0,19.445370346556114
21,1,0.0,2.6515510825866353,0.0,2.6515510825866353,0.0,0.0,18.586944784242927
22,1,0.0,0.6726874429223744,0.0,0.6726874429223744,0.0,0.0,15.654434946794431
23,1,0.0,0.6841624429223745,0.0,0.6841624429223745,0.0,0.0,14.91044924902213
0,1,0.0,0.5622874429223743,0.0,0.5622874429223743,0.0,0.0,14.153767104050218
1,1,0.0,0.7575874429223743,0.0,0.7575874429223743,0.0,0.0,13.53187408383323
2,1,0.0,0.7690624429223745,0.0,0.7690624429223745,0.0,0.0,12.693973361515196
3,1,0.0,0.6005374429223743,0.0,0.6005374429223743,0.0,0.0,11.843374556740956
4,1,0.0,0.6234874429223745,0.0,0.6234874429223745,0.0,0.0,11.179162623021695
5,1,0.0,0.6120124429223743,0.0,0.6120124429223743,0.0,0.0,10.489563080671786
6,1,0.0,2.1721179115633547,0.0,2.1721179115633547,0.0,0.0,9.812650981071902
7,1,0.0,3.106993615941619,0.0,2.739580281528676,0.3674133344129431,0.0,7.410180044051848
8,1,0.1177061329366261,0.6502624429223743,0.0,0.0,0.5325563099857482,0.0,4.38
9,1,2.1899160188618394,0.6272874429223744,1.5626285759394651,0.0,0.0,0.0,4.38
10,1,3.732002290996046,0.7231374429223744,3.0088648480736717,0.0,0.0,0.0,5.801951644418875
11,1,4.729677496829526,0.4016374429223743,4.328040053907151,0.0,0.0,0.0,8.539984740837912
12,1,5.2453395287234175,0.4016124429223744,4.843727085801043,0.0,0.0,0.0,12.478573718456342
13,1,5.336289457234375,0.3595374429223744,4.976752014312,0.0,0.0,0.0,16.886641844105952
14,1,5.026999689780151,2.7313473114448,1.6195214451218491,0.0,0.0,0.6761309332135019,21.415994849785886
15,1,4.342376390268563,0.3098124429223743,0.0,0.0,0.0,4.032563947346189,22.89
16,1,3.3018838420864554,0.3098124429223743,0.0,0.0,0.0,2.992071399164081,22.89
17,1,1.9906389542688077,0.3518874429223744,0.0,0.0,0.0,1.6387515113464333,22.89
18,1,0.0023505824889655,0.5925874429223743,0.0,0.5902368604334088,0.0,0.0,22.89
19,1,0.0,0.5388124429223744,0.0,0.5388124429223744,0.0,0.0,22.23699975753788
20,1,0.0,1.9101123883243225,0.0,1.9101123883243225,0.0,0.0,21.64088859306048
21,1,0.0,2.072691456868157,0.0,2.072691456868157,0.0,0.0,19.527638209276823
22,1,0.0,0.6803374429223745,0.0,0.6803374429223745,0.0,0.0,17.23447383363769
23,1,0.0,1.86830843540934,0.0,1.86830843540934,0.0,0.0,16.481752683147374
0,1,0.0,1.8659564019677504,0.0,1.8659564019677504,0.0,0.0,14.414653354213426
1,1,0.0,1.839167620916474,0.0,1.839167620916474,0.0,0.0,12.350116823372026
2,1,0.0,0.8838124429223745,0.0,0.8838124429223745,0.0,0.0,10.315181127352933
3,1,0.0,0.7996624429223744,0.0,0.7996624429223744,0.0,0.0,9.337273872188236
4,1,0.0,0.6732124429223744,0.0,0.6732124429223744,0.0,0.0,8.45246761246475
5,1,0.0,0.9105874429223744,0.0,0.9105874429223744,0.0,0.0,7.707568978572529
6,1,0.0,2.646435585140436,0.0,2.09670876119417,0.549726823946266,0.0,6.700011816682054
7,1,0.0,2.743255650185851,0.0,0.0,2.743255650185851,0.0,4.38
8,1,0.1521620222488604,3.2866516876564664,0.0,0.0,3.134489665407606,0.0,4.38
9,1,2.267063030577809,0.7037874429223743,1.5632755876554347,0.0,0.0,0.0,4.38
10,1,3.835156918688004,0.7537374429223744,3.0814194757656295,0.0,0.0,0.0,5.803080416559361
11,1,4.833837014483864,0.4742874429223743,4.359549571561489,0.0,0.0,0.0,8.608201885370296
12,1,5.357815638787175,1.5021092464226622,3.8557063923645125,0.0,0.0,0.0,12.576974103970471
13,1,5.461832153657156,0.5433624429223743,4.918469710734781,0.0,0.0,0.0,16.087222901211327
14,1,5.156153504513907,1.008695120256748,2.5533721378368757,0.0,0.0,1.5940862464202832,20.56519202592055
15,1,4.462545376344803,0.958692133795428,0.0,0.0,0.0,3.5038532425493747,22.89
16,1,3.4039298149227117,0.2601124429223744,0.0,0.0,0.0,3.1438173720003375,22.89
17,1,2.0683593880305193,0.5318874429223743,0.0,0.0,0.0,1.536471945108145,22.89
18,1,0.0026013897836696,1.4458624429223743,0.0,1.4432610531387047,0.0,0.0,22.89
19,1,0.0,2.8437622662995823,0.0,2.8437622662995823,0.0,0.0,21.292662316746355
20,1,0.0,4.333801204179177,0.0,4.333801204179177,0.0,0.0,18.14526512780165
21,1,0.0,4.2121836329957905,0.0,4.2121836329957905,0.0,0.0,13.348594458552109
22,1,0.0,0.8297374429223743,0.0,0.8297374429223743,0.0,0.0,8.686323698117473
23,1,0.0,2.7449885424801197,0.0,2.7449885424801197,0.0,0.0,7.767886165697565
0,1,0.0,0.5355124429223743,0.0,0.3156703029806927,0.2198421399416816,0.0,4.7294286944240715
1,1,0.0,0.7728874429223744,0.0,0.0,0.7728874429223744,0.0,4.38
2,1,0.0,0.7191124429223744,0.0,0.0,0.7191124429223744,0.0,4.38
3,1,0.0,0.7879624429223744,0.0,0.0,0.7879624429223744,0.0,4.38
4,1,0.0,0.9909124429223743,0.0,0.0,0.9909124429223743,0.0,4.38
5,1,0.0,0.8568124429223744,0.0,0.0,0.8568124429223744,0.0,4.38
6,1,0.0,0.8721124429223743,0.0,0.0,0.8721124429223743,0.0,4.38
7,1,0.0,1.8365374429223744,0.0,0.0,1.8365374429223744,0.0,4.38
8,1,0.1523710797903761,1.0444624429223746,0.0,0.0,0.8920913631319984,0.0,4.38
9,1,2.174496434346666,0.9220624429223744,1.252433991424292,0.0,0.0,0.0,4.38
10,1,3.566759222757254,0.8799624429223744,2.68679677983488,0.0,0.0,0.0,5.520548015915491
11,1,4.767231163366207,2.381273036351339,2.3859581270148675,0.0,0.0,0.0,7.967351660566177
12,1,5.290524581570259,0.4857624429223744,4.8047621386478845,0.0,0.0,0.0,10.140248315783317
13,1,5.3714873389553,0.4092624429223744,4.962224896032926,0.0,0.0,0.0,14.516061397930976
14,1,4.971995616507037,0.3404124429223744,4.2319203513300625,0.0,0.0,0.3996628222546006,19.03550209211962
15,1,4.3457642137161985,0.2983374429223744,0.0,0.0,0.0,4.047426770793824,22.89
16,1,3.2624465890146808,0.2906874429223743,0.0,0.0,0.0,2.9717591460923063,22.89
17,1,1.9643609291417443,0.3289374429223743,0.0,0.0,0.0,1.63542348621937,22.89
18,1,0.0024749229956328,1.3923124429223743,0.0,1.3898375199267414,0.0,0.0,22.89
19,1,0.0,2.4744763937556593,0.0,2.4744763937556593,0.0,0.0,21.35120520733662
20,1,0.0,0.7226374429223744,0.0,0.7226374429223744,0.0,0.0,18.611485231922803
21,1,0.0,0.5541124429223744,0.0,0.5541124429223744,0.0,0.0,17.81136669267397
22,1,0.0,1.958489644355334,0.0,1.958489644355334,0.0,0.0,17.197837839777776
23,1,0.0,1.625892821542667,0.0,1.625892821542667,0.0,0.0,15.029330810299125
0,1,0.0,3.0020750346364817,0.0,3.0020750346364817,0.0,0.0,13.22905028175515
1,1,0.0,2.732340010889665,0.0,2.732340010889665,0.0,0.0,9.904927556181281
2,1,0.0,2.907302420823222,0.0,2.2571047565542672,0.6501976642689549,0.0,6.879382610237983
3,1,0.0,2.514330967527939,0.0,0.0,2.514330967527939,0.0,4.38
4,1,0.0,0.7305874429223743,0.0,0.0,0.7305874429223743,0.0,4.38
5,1,0.0,0.7994374429223744,0.0,0.0,0.7994374429223744,0.0,4.38
6,1,0.0,0.8415124429223744,0.0,0.0,0.8415124429223744,0.0,4.38
7,1,0.0,1.0406374429223744,0.0,0.0,1.0406374429223744,0.0,4.38
8,1,0.1504551496543313,2.9979651349557024,0.0,0.0,2.8475099853013712,0.0,4.38
9,1,2.018868514357888,3.1237049743210985,0.0,0.0,1.1048364599632103,0.0,4.38
10,1,3.663367869950932,2.715091407708503,0.9482764622424291,0.0,0.0,0.0,4.38
11,1,4.66382036588321,3.041713511770908,1.6221068541123023,0.0,0.0,0.0,5.243890163259341
12,1,5.186612724168576,2.507443908957403,2.679168815211173,0.0,0.0,0.0,6.721661498249503
13,1,5.264713155446726,5.767735112295576,0.0,0.5030219568488494,0.0,0.0,9.162477703207562
14,1,4.9527725441214425,2.0922650141044437,2.860507530016999,0.0,0.0,0.0,8.60541846450731
15,1,4.288709930948105,2.076711036853349,2.2119988940947564,0.0,0.0,0.0,11.211525554299252
16,1,3.241311982991529,0.3732624429223745,2.868049540069155,0.0,0.0,0.0,13.226858480242328
17,1,1.8837967025036615,0.4902624429223743,1.3935342595812872,0.0,0.0,0.0,15.839972678199153
18,1,0.0026467783256123,0.5221624429223743,0.0,0.519515664596762,0.0,0.0,17.10967571354502
19,1,0.0,0.4240624429223744,0.0,0.4240624429223744,0.0,0.0,16.534292915968397
20,1,0.0,0.4584874429223744,0.0,0.4584874429223744,0.0,0.0,16.064625587958247
21,1,0.0,0.5082124429223744,0.0,0.5082124429223744,0.0,0.0,15.55682889002163
22,1,0.0,0.6384874429223744,0.0,0.6384874429223744,0.0,0.0,14.993956739106194
23,1,0.0,0.4240624429223744,0.0,0.4240624429223744,0.0,0.0,14.286794453992904
0,1,0.0,2.6551613424005693,0.0,2.6551613424005693,0.0,0.0,13.817117356822509
1,1,0.0,1.8019649742898471,0.0,1.8019649742898471,0.0,0.0,10.87633843780584
2,1,0.0,0.6007624429223744,0.0,0.6007624429223744,0.0,0.0,8.880480502184673
3,1,0.0,0.7384624429223744,0.0,0.7384624429223744,0.0,0.0,8.215063219328472
4,1,0.0,0.5737624429223744,0.0,0.5737624429223744,0.0,0.0,7.397121445280667
5,1,0.0,0.6543124429223743,0.0,0.6543124429223743,0.0,0.0,6.761601213333139
6,1,0.0,0.5125624429223744,0.0,0.5125624429223744,0.0,0.0,6.0368565975945705
7,1,0.0,0.5622874429223743,0.0,0.5622874429223743,0.0,0.0,5.4691165731242295
8,1,0.1539632950591816,2.822029953849764,0.0,0.4209723529789378,2.2470943058116446,0.0,4.846295357185125
9,1,2.255684126890579,0.8072874429223743,1.4483966839682045,0.0,0.0,0.0,4.38
10,1,3.784623372706743,0.9954572544838742,2.7891661182228686,0.0,0.0,0.0,5.699864648953317
11,1,4.740987841161199,1.0730372007768632,3.667950640384336,0.0,0.0,0.0,8.241555375093865
12,1,5.23484118643634,0.7682332833652846,4.466607903071056,0.0,0.0,0.0,11.584153951528732
13,1,5.316899444163021,1.0243916112882685,4.292507832874753,0.0,0.0,0.0,15.654720899498502
14,1,5.009917318252135,0.8185767768105441,3.646195096665558,0.0,0.0,0.5451454447760327,19.566803857125006
15,1,4.336616228293959,3.009513292310461,0.0,0.0,0.0,1.3271029359834983,22.89
16,1,3.296616552880657,3.167462396552425,0.0,0.0,0.0,0.1291541563282319,22.89
17,1,2.0125362446379773,2.158850901663306,0.0,0.14631465702532864,0.0,0.0,22.89
18,1,0.0028842577994011,2.2825517702751066,0.0,2.2796675124757053,0.0,0.0,22.727898267117947
19,1,0.0,4.418999281283632,0.0,4.418999281283632,0.0,0.0,20.20225513564778
20,1,0.0,5.244706273752737,0.0,5.244706273752737,0.0,0.0,15.306332374495684
21,1,0.0,2.493593213614415,0.0,2.493593213614415,0.0,0.0,9.495324338263575
22,1,0.0,2.105067263511253,0.0,2.105067263511253,0.0,0.0,6.732334618103475
23,1,0.0,0.4355374429223744,0.0,0.017855793649506273,0.4176816492728681,0.0,4.399785785689073
0,1,0.0,0.7002124429223744,0.0,0.0,0.7002124429223744,0.0,4.38
1,1,0.0,3.032849107900869,0.0,0.0,3.032849107900869,0.0,4.38
2,1,0.0,0.5431624429223744,0.0,0.0,0.5431624429223744,0.0,4.38
3,1,0.0,0.5661124429223744,0.0,0.0,0.5661124429223744,0.0,4.38
4,1,0.0,0.6043624429223744,0.0,0.0,0.6043624429223744,0.0,4.38
5,1,0.0,0.8532124429223744,0.0,0.0,0.8532124429223744,0.0,4.38
6,1,0.0,0.8914624429223743,0.0,0.0,0.8914624429223743,0.0,4.38
7,1,0.0,6.473344400424866,0.0,0.0,6.473344400424866,0.0,4.38
8,1,0.1135566597801447,6.89370905507366,0.0,0.0,6.780152395293515,0.0,4.38
9,1,2.145557036709071,0.8455374429223743,1.3000195937866967,0.0,0.0,0.0,4.38
10,1,3.6864442241998705,1.0659336356023823,2.6205105885974884,0.0,0.0,0.0,5.5651043829825975
11,1,4.6489496503103895,1.0465147061274966,3.602434944182893,0.0,0.0,0.0,7.9540068289715755
12,1,5.137166735552135,0.2945124429223744,4.842654292629761,0.0,0.0,0.0,11.238136633649148
13,1,5.208634037661894,0.8127171358669165,4.395916901794978,0.0,0.0,0.0,15.65306518223557
14,1,4.88994657862512,0.5667624429223743,3.5415904707035066,0.0,0.0,0.7815936649992397,19.660913314494234
15,1,4.252418091139332,0.4452624429223744,0.0,0.0,0.0,3.8071556482169577,22.89
16,1,3.2590246150955284,0.4722624429223744,0.0,0.0,0.0,2.786762172173154,22.89
17,1,1.9909991661476192,0.4047624429223744,0.0,0.0,0.0,1.5862367232252448,22.89
18,1,0.0030696510995862,1.3396624429223742,0.0,1.336592791822788,0.0,0.0,22.89
19,1,0.0,0.3331624429223744,0.0,0.3331624429223744,0.0,0.0,21.408629234064268
20,1,0.0,0.5428624429223744,0.0,0.5428624429223744,0.0,0.0,21.03937401095235
21,1,0.0,2.112619405417757,0.0,2.112619405417757,0.0,0.0,20.437699117026742
22,1,0.0,0.9987531408913972,0.0,0.9987531408913972,0.0,0.0,18.096190414018796
23,1,0.0,0.5617624429223744,0.0,0.5617624429223744,0.0,0.0,16.98920453491216
0,1,0.0,0.5087374429223744,0.0,0.5087374429223744,0.0,0.0,16.36655872064553
1,1,0.0,0.7116874429223744,0.0,0.7116874429223744,0.0,0.0,15.802681464855205
2,1,0.0,0.5737624429223744,0.0,0.5737624429223744,0.0,0.0,15.013853235088307
3,1,0.0,0.5661124429223744,0.0,0.5661124429223744,0.0,0.0,14.3778952442242
4,1,0.0,0.8034874429223744,0.0,0.8034874429223744,0.0,0.0,13.750412816242315
5,1,0.0,0.7958374429223743,0.0,0.7958374429223743,0.0,0.0,12.859817342364437
6,1,0.0,0.8149624429223744,0.0,0.8149624429223744,0.0,0.0,11.97769395299869
7,1,0.0,1.8751000284065695,0.0,1.8751000284065695,0.0,0.0,11.074364626493296
8,1,0.1817231493220236,2.2083818004514946,0.0,2.026658651129471,0.0,0.0,8.99592896222985
9,1,2.251203456733029,1.7409068723533816,0.5102965843796474,0.0,0.0,0.0,6.749456463752531
10,1,3.792182426494481,0.4513374429223744,3.3408449835721066,0.0,0.0,0.0,7.214811774492283
11,1,4.755498273262283,0.8018989162692753,3.953599356993008,0.0,0.0,0.0,10.2614480675713
12,1,5.250445203050335,0.7716032975161118,4.478841905534223,0.0,0.0,0.0,13.86700061042759
13,1,5.334216055003167,3.470704209088277,1.86351184591489,0.0,0.0,0.0,17.95172275498422
14,1,5.040928436944981,3.603372280007505,1.4375561569374757,0.0,0.0,0.0,19.651331281802186
15,1,4.374284492583647,3.4144991316663353,0.9597853609173117,0.0,0.0,0.0,20.96247369438491
16,1,3.3586657490142806,2.9139109934668275,0.44475475554745314,0.0,0.0,0.0,21.837871743325486
17,1,2.061989800903528,3.9967083724138974,0.0,1.9347185715103694,0.0,0.0,22.243526273217505
18,1,0.0032875950694403,3.007426840314272,0.0,3.004139245244832,0.0,0.0,20.09854735822646
19,1,0.0,2.537647734884568,0.0,2.537647734884568,0.0,0.0,16.76785970521343
20,1,0.0,1.1052124429223744,0.0,1.1052124429223744,0.0,0.0,13.954284225443194
21,1,0.0,0.4087624429223744,0.0,0.4087624429223744,0.0,0.0,12.72886607192631
22,1,0.0,0.5734624429223742,0.0,0.5734624429223742,0.0,0.0,12.275640448201777
23,1,0.0,0.4317124429223744,0.0,0.4317124429223744,0.0,0.0,11.639796896391644
0,1,0.0,0.3672124429223743,0.0,0.3672124429223743,0.0,0.0,11.161120059260227
1,1,0.0,0.5890624429223744,0.0,0.5890624429223744,0.0,0.0,10.753958133984417
2,1,0.0,0.8226124429223745,0.0,0.8226124429223745,0.0,0.0,10.100808419798156
3,1,0.0,0.6770374429223743,0.0,0.6770374429223743,0.0,0.0,9.188694031576963
4,1,0.0,0.8723374429223744,0.0,0.8723374429223744,0.0,0.0,8.437987169268064
5,1,0.0,0.7841374429223743,0.0,0.7841374429223743,0.0,0.0,7.470722712517952
6,1,0.0,0.9947374429223744,0.0,0.9947374429223744,0.0,0.0,6.601248320968555
7,1,0.0,4.7283030304711655,0.0,1.0084739559416018,3.7198290745295637,0.0,5.498245651739733
8,1,0.1817208293391034,3.566197307856843,0.0,0.0,3.3844764785177395,0.0,4.38
9,1,2.237808678144797,2.2383142536111196,0.0,0.0,0.000505575466322572,0.0,4.38
10,1,3.7466586324230846,3.312253435676216,0.4344051967468685,0.0,0.0,0.0,4.38
11,1,4.657992332162684,0.5663374429223744,4.09165488924031,0.0,0.0,0.0,4.77628216063143
12,1,4.972405334684886,2.5227791161081563,2.44962621857673,0.0,0.0,0.0,8.50887348449446
13,1,4.916861884377109,5.723227541252485,0.0,0.8063656568753759,0.0,0.0,10.743626356381677
14,1,4.776454046568603,3.4266932572449056,1.3497607893236978,0.0,0.0,0.0,9.849415086706507
15,1,3.96323745562823,3.7139697770099582,0.24926767861827193,0.0,0.0,0.0,11.08082034085905
16,1,3.1304481720339905,0.8279454346561343,2.302502737377856,0.0,0.0,0.0,11.308233808243292
17,1,1.8452641206998717,0.9996785788385932,0.8455855418612784,0.0,0.0,0.0,13.4088730633353
18,1,0.0028729728869647,2.9269757753077466,0.0,2.924102802420782,0.0,0.0,14.180343224843861
19,1,0.0,0.3246124429223744,0.0,0.3246124429223744,0.0,0.0,10.937503337146527
20,1,0.0,1.3923124429223743,0.0,1.3923124429223743,0.0,0.0,10.577496236817913
21,1,0.0,2.3824450993414263,0.0,2.3824450993414263,0.0,0.0,9.03336554719613
22,1,0.0,0.4852624429223744,0.0,0.4852624429223744,0.0,0.0,6.391100023045533
23,1,0.0,2.31124200573942,0.0,1.3280302441009073,0.9832117616385128,0.0,5.852903538220759
0,1,0.0,0.4054624429223744,0.0,0.0,0.4054624429223744,0.0,4.38
1,1,0.0,1.9696621585895788,0.0,0.0,1.9696621585895788,0.0,4.38
2,1,0.0,1.752111995255163,0.0,0.0,1.752111995255163,0.0,4.38
3,1,0.0,0.6390124429223745,0.0,0.0,0.6390124429223745,0.0,4.38
4,1,0.0,0.4628374429223744,0.0,0.0,0.4628374429223744,0.0,4.38
5,1,0.0,0.4284124429223743,0.0,0.0,0.4284124429223743,0.0,4.38
6,1,0.0,1.7552122960022825,0.0,0.0,1.7552122960022825,0.0,4.38
7,1,0.0,2.426287093645736,0.0,0.0,2.426287093645736,0.0,4.38
8,1,0.0117082084990635,1.980929254845628,0.0,0.0,1.9692210463465647,0.0,4.38
9,1,0.5291201751290793,2.6792948040308717,0.0,0.0,2.1501746289017927,0.0,4.38
10,1,1.1506196403118545,1.6251142610962117,0.0,0.0,0.4744946207843572,0.0,4.38
11,1,2.602378516391479,2.013420714645561,0.5889578017459183,0.0,0.0,0.0,4.38
12,1,3.342186728189337,0.3098124429223743,3.032374285266963,0.0,0.0,0.0,4.917389186810061
13,1,3.050502972428656,2.018857682793125,1.0316452896355313,0.0,0.0,0.0,7.684268236057972
14,1,3.511955082655307,3.2424428601260087,0.2695122225292983,0.0,0.0,0.0,8.62561858361579
15,1,2.854439072594102,4.139290834147485,0.0,1.2848517615533832,0.0,0.0,8.871544303988719
16,1,2.0720659595071176,3.085890053336245,0.0,1.0138240938291276,0.0,0.0,7.446438108799468
17,1,1.0901423648067907,3.684526360638028,0.0,1.7507702148821702,0.8436137809490669,0.0,6.321930133741203
18,1,0.0021193048111192,4.076094813047891,0.0,0.0,4.073975508236772,0.0,4.38
19,1,0.0,1.6882770368429962,0.0,0.0,1.6882770368429962,0.0,4.38
20,1,0.0,0.5734624429223742,0.0,0.0,0.5734624429223742,0.0,4.38
21,1,0.0,0.3705124429223744,0.0,0.0,0.3705124429223744,0.0,4.38
22,1,0.0,0.3896374429223744,0.0,0.0,0.3896374429223744,0.0,4.38
23,1,0.0,0.5887624429223743,0.0,0.0,0.5887624429223743,0.0,4.38
0,1,0.0,0.3098374429223745,0.0,0.0,0.3098374429223745,0.0,4.38
1,1,0.0,0.3327874429223744,0.0,0.0,0.3327874429223744,0.0,4.38
2,1,0.0,2.768372229268257,0.0,0.0,2.768372229268257,0.0,4.38
3,1,0.0,2.4626020549862577,0.0,0.0,2.4626020549862577,0.0,4.38
4,1,0.0,0.6007624429223744,0.0,0.0,0.6007624429223744,0.0,4.38
5,1,0.0,2.9926168491962333,0.0,0.0,2.9926168491962333,0.0,4.38
6,1,0.0,2.350795984499803,0.0,0.0,2.350795984499803,0.0,4.38
7,1,0.0,5.047106454119202,0.0,0.0,5.047106454119202,0.0,4.38
8,1,0.0939068145628582,3.392688187741324,0.0,0.0,3.298781373178466,0.0,4.38
9,1,1.5341934263271,2.74765336110489,0.0,0.0,1.2134599347777901,0.0,4.38
10,1,2.795948453041318,3.932845970809864,0.0,0.0,1.136897517768546,0.0,4.38
11,1,3.827469352199804,0.2218624429223744,3.6056069092774297,0.0,0.0,0.0,4.38
12,1,4.31893180654413,0.4722624429223744,3.8466693636217557,0.0,0.0,0.0,7.67020621459285
13,1,4.069040727429026,2.5091389157271777,1.559901811701848,0.0,0.0,0.0,11.18051785655118
14,1,3.7670576711381822,0.3417624429223743,3.425295228215808,0.0,0.0,0.0,12.604076060238311
15,1,2.861080934674922,2.260039263752303,0.6010416709226192,0.0,0.0,0.0,15.730032561908533
16,1,1.969592648912557,0.3192624429223744,1.6503302059901825,0.0,0.0,0.0,16.278568108611307
17,1,1.7695285315071343,0.3282624429223745,1.4412660885847597,0.0,0.0,0.0,17.784737167639854
18,1,0.0031097559422446,0.5160874429223743,0.0,0.5129776869801297,0.0,0.0,19.10012675572171
19,1,0.0,1.6306960365216616,0.0,1.6306960365216616,0.0,0.0,18.531034535545068
20,1,0.0,1.6329249963211236,0.0,1.6329249963211236,0.0,0.0,16.72194743665674
21,1,0.0,2.1074826337198727,0.0,2.1074826337198727,0.0,0.0,14.910357208832448
22,1,0.0,2.3818585892880857,0.0,2.3818585892880857,0.0,0.0,12.572246784946003
23,1,0.0,1.9862552071280437,0.0,1.9862552071280437,0.0,0.0,9.929677486817008
0,1,0.0,1.3766834218236454,0.0,1.3766834218236454,0.0,0.0,7.725959171532773
1,1,0.0,2.2605338284937293,0.0,1.639011542714674,0.6215222857790552,0.0,6.198519829712608
2,1,0.0,2.280437295659813,0.0,0.0,2.280437295659813,0.0,4.38
3,1,0.0,1.7704981245809757,0.0,0.0,1.7704981245809757,0.0,4.38
4,1,0.0,2.245540253263052,0.0,0.0,2.245540253263052,0.0,4.38
5,1,0.0,2.012262292322447,0.0,0.0,2.012262292322447,0.0,4.38
6,1,0.0,1.961885235357933,0.0,0.0,1.961885235357933,0.0,4.38
7,1,0.0,3.8518351567876215,0.0,0.0,3.8518351567876215,0.0,4.38
8,1,0.0232865760566697,4.252703132465418,0.0,0.0,4.229416556408748,0.0,4.38
9,1,0.7322444217533158,3.0450842668170734,0.0,0.0,2.3128398450637575,0.0,4.38
10,1,1.5361541626301027,0.3442624429223744,1.1918917197077283,0.0,0.0,0.0,4.38
11,1,2.4974428528532253,0.3671874429223744,2.130255409930851,0.0,0.0,0.0,5.467959240806967
12,1,3.2236246517649447,0.5127624429223744,2.7108622088425705,0.0,0.0,0.0,7.412481033990338
13,1,4.138906458687605,0.2983374429223744,3.8405690157652304,0.0,0.0,0.0,9.887041563278952
14,1,4.640850085494909,1.482190086366738,3.1586599991281714,0.0,0.0,0.0,13.392931693320204
15,1,4.111328047444824,2.415222724598679,1.6961053228461456,0.0,0.0,0.0,16.27645015965526
16,1,3.056136820663441,0.3847624429223744,2.671374377741067,0.0,0.0,0.0,17.824862990165357
17,1,1.8677789270416123,0.4542624429223743,1.413516484119238,0.0,0.0,0.0,20.263663433585776
18,1,0.0029986998529832,1.0860874429223744,0.0,1.0830887430693912,0.0,0.0,21.55415241781836
19,1,0.0,0.5505124429223744,0.0,0.5505124429223744,0.0,0.0,20.352188898569853
20,1,0.0,0.5887624429223743,0.0,0.5887624429223743,0.0,0.0,19.74124797782597
21,1,0.0,1.6597960331714663,0.0,1.6597960331714663,0.0,0.0,19.087854748703997
22,1,0.0,0.4776124429223743,0.0,0.4776124429223743,0.0,0.0,17.245845189858127
23,1,0.0,0.6920374429223743,0.0,0.6920374429223743,0.0,0.0,16.71579109553564
0,1,0.0,0.6122374429223745,0.0,0.6122374429223745,0.0,0.0,15.947764456140122
1,1,0.0,0.4819624429223744,0.0,0.4819624429223744,0.0,0.0,15.268295429071422
2,1,0.0,0.5010874429223744,0.0,0.5010874429223744,0.0,0.0,14.733403917208241
3,1,0.0,0.5202124429223743,0.0,0.5202124429223743,0.0,0.0,14.17728434675857
4,1,0.0,0.7155124429223744,0.0,0.7155124429223744,0.0,0.0,13.599936394140093
5,1,0.0,0.5163874429223744,0.0,0.5163874429223744,0.0,0.0,12.805834182841021
6,1,0.0,2.2443118268503213,0.0,2.2443118268503213,0.0,0.0,12.232724060127397
7,1,0.0,4.543502375943493,0.0,4.543502375943493,0.0,0.0,9.741872149788128
8,1,0.0519011276969368,3.8219292585431353,0.0,0.2875364352030902,3.482491695643108,0.0,4.699144874581764
9,1,0.5220449743516379,0.5507874429223744,0.0,0.0,0.02874246857073648,0.0,4.38
10,1,0.7501182447974832,0.5163624429223744,0.2337558018751088,0.0,0.0,0.0,4.38
11,1,1.4126655775868662,0.6504624429223743,0.7622031346644919,0.0,0.0,0.0,4.593447541092969
12,1,2.9020638129601037,1.5885354261758762,1.3135283867842276,0.0,0.0,0.0,5.289433583999548
13,1,3.764161974053494,1.7590765600137588,2.005085414039735,0.0,0.0,0.0,6.488857386240618
14,1,3.697812516174931,3.7722790739326895,0.0,0.07446655775775834,0.0,0.0,8.319788217446433
15,1,2.7672357823019427,2.5618674944484625,0.20536828785348016,0.0,0.0,0.0,8.237131757766655
16,1,2.1732788633530853,3.481537503708136,0.0,1.3082586403550507,0.0,0.0,8.424666493138709
17,1,1.5684679920822897,3.197172783436661,0.0,1.6287047913543713,0.0,0.0,6.972520165132872
18,1,0.0026999042210819,4.182944307839074,0.0,0.7068891391812281,3.4733552644367642,0.0,5.164659399041901
19,1,0.0,2.5326831884425065,0.0,0.0,2.5326831884425065,0.0,4.38
20,1,0.0,3.1094086846404134,0.0,0.0,3.1094086846404134,0.0,4.38
21,1,0.0,2.814660932345955,0.0,0.0,2.814660932345955,0.0,4.38
22,1,0.0,4.585552851500127,0.0,0.0,4.585552851500127,0.0,4.38
23,1,0.0,0.5923624429223744,0.0,0.0,0.5923624429223744,0.0,4.38
0,1,0.0,0.6925624429223745,0.0,0.0,0.6925624429223745,0.0,4.38
1,1,0.0,0.5316874429223744,0.0,0.0,0.5316874429223744,0.0,4.38
2,1,0.0,0.5508124429223744,0.0,0.0,0.5508124429223744,0.0,4.38
3,1,0.0,0.5508124429223744,0.0,0.0,0.5508124429223744,0.0,4.38
4,1,0.0,0.7384624429223744,0.0,0.0,0.7384624429223744,0.0,4.38
5,1,0.0,0.7308124429223744,0.0,0.0,0.7308124429223744,0.0,4.38
6,1,0.0,2.550499952343187,0.0,0.0,2.550499952343187,0.0,4.38
7,1,0.0,4.543204709634749,0.0,0.0,4.543204709634749,0.0,4.38
8,1,0.0352160020407223,3.5079901108706304,0.0,0.0,3.472774108829908,0.0,4.38
9,1,0.6360313861229355,0.5622624429223744,0.07376894320056115,0.0,0.0,0.0,4.38
10,1,1.2943009063629074,0.5010624429223745,0.793238463440533,0.0,0.0,0.0,4.44736573806627
11,1,2.086185603511278,2.2326283493130625,0.0,0.14644274580178473,0.0,0.0,5.171750997360125
12,1,2.39446835930622,0.5472124429223744,1.8472559163838458,0.0,0.0,0.0,5.009194341086157
13,1,4.215470728220923,2.398761674823,1.8167090533979233,0.0,0.0,0.0,6.6961244826368205
14,1,3.384489444347928,3.1003551260504243,0.2841343182975038,0.0,0.0,0.0,8.35519044769938
15,1,2.7219833534259723,0.8042821475593805,1.9177012058665919,0.0,0.0,0.0,8.614674141140805
16,1,2.5597594045401,0.9372460824821992,1.6225133220579009,0.0,0.0,0.0,10.36600656500611
17,1,0.9146334693780006,1.2063989678006666,0.0,0.29176549842266597,0.0,0.0,11.847789109806644
18,1,0.0028330107648729,1.0061304736457788,0.0,1.003297462880906,0.0,0.0,11.523893625717653
19,1,0.0,1.3117624429223744,0.0,1.3117624429223744,0.0,0.0,10.410107063290704
20,1,0.0,0.7800124429223744,0.0,0.7800124429223744,0.0,0.0,8.953870507241184
21,1,0.0,0.6000124429223744,0.0,0.6000124429223744,0.0,0.0,8.087937846796303
22,1,0.0,0.7953124429223744,0.0,0.7953124429223744,0.0,0.0,7.4218272743921165
23,1,0.0,0.8182624429223744,0.0,0.8182624429223744,0.0,0.0,6.538896764059678
0,1,0.0,2.409049414842104,0.0,1.126369720476234,1.2826796943658703,0.0,5.6304804727461075
1,1,0.0,0.5546374429223744,0.0,0.0,0.5546374429223744,0.0,4.38
2,1,0.0,0.5546374429223744,0.0,0.0,0.5546374429223744,0.0,4.38
3,1,0.0,1.8820266518907152,0.0,0.0,1.8820266518907152,0.0,4.38
4,1,0.0,2.7098263007326566,0.0,0.0,2.7098263007326566,0.0,4.38
5,1,0.0,0.5967124429223744,0.0,0.0,0.5967124429223744,0.0,4.38
6,1,0.0,2.7421744936884145,0.0,0.0,2.7421744936884145,0.0,4.38
7,1,0.0,2.7792457126267305,0.0,0.0,2.7792457126267305,0.0,4.38
8,1,0.0636064360193211,2.871234789344689,0.0,0.0,2.807628353325368,0.0,4.38
9,1,0.3171785610252494,0.6617124429223744,0.0,0.0,0.344533881897125,0.0,4.38
10,1,2.279727653190799,0.6311124429223745,1.6486152102684246,0.0,0.0,0.0,4.38
11,1,2.99806869332754,0.6119874429223744,2.3860812504051654,0.0,0.0,0.0,5.885749612427294
12,1,3.8294840734736777,2.471790336634351,1.3576937368393267,0.0,0.0,0.0,8.065094892639088
13,1,3.657324438542094,2.211044767573127,1.4462796709689671,0.0,0.0,0.0,9.30518509475471
14,1,3.104659343704477,1.4033021894560798,1.7013571542483974,0.0,0.0,0.0,10.626206339251965
15,1,2.5700132715193407,0.5163874429223744,2.0536258285969664,0.0,0.0,0.0,12.180236580216624
16,1,1.9963449198661432,0.5087374429223744,1.4876074769437686,0.0,0.0,0.0,14.056064019486945
17,1,1.6458378031663474,0.7384374429223743,0.9074003602439731,0.0,0.0,0.0,15.414906400280417
18,1,0.0028699037478379,0.8450374429223744,0.0,0.8421675391745365,0.0,0.0,16.243776201821447
19,1,0.0,2.440023285784893,0.0,2.440023285784893,0.0,0.0,15.308677546177096
20,1,0.0,3.536429279098072,0.0,3.536429279098072,0.0,0.0,12.599380246141498
21,1,0.0,2.4570230548152603,0.0,2.4570230548152603,0.0,0.0,8.672582253437886
22,1,0.0,3.8451877689781218,0.0,1.4086512790938126,2.4365364898843094,0.0,5.944241579779451
23,1,0.0,2.267638167807953,0.0,0.0,2.267638167807953,0.0,4.38
0,1,0.0,0.6770374429223743,0.0,0.0,0.6770374429223743,0.0,4.38
1,1,0.0,0.6846874429223744,0.0,0.0,0.6846874429223744,0.0,4.38
2,1,0.0,0.8761624429223743,0.0,0.0,0.8761624429223743,0.0,4.38
3,1,0.0,0.7076374429223743,0.0,0.0,0.7076374429223743,0.0,4.38
4,1,0.0,0.7114624429223743,0.0,0.0,0.7114624429223743,0.0,4.38
5,1,0.0,0.6846874429223744,0.0,0.0,0.6846874429223744,0.0,4.38
6,1,0.0,0.6808624429223744,0.0,0.0,0.6808624429223744,0.0,4.38
7,1,0.0,1.202594146232844,0.0,0.0,1.202594146232844,0.0,4.38
8,1,0.0237941920561236,1.2580097209096106,0.0,0.0,1.234215528853487,0.0,4.38
9,1,0.7359387198654034,2.3584148783251013,0.0,0.0,1.622476158459698,0.0,4.38
10,1,1.6096428532580545,1.2258791628741084,0.3837636903839461,0.0,0.0,0.0,4.38
11,1,3.2827385625968417,0.5622624429223744,2.7204761196744673,0.0,0.0,0.0,4.730592793874397
12,1,0.6729671600600771,1.2688678171326038,0.0,0.5959006570725267,0.0,0.0,7.215932363628006
13,1,0.8265433790479242,1.1428643657713788,0.0,0.31632098672345466,0.0,0.0,6.554181771419246
14,1,1.450080662462791,3.4354365869555297,0.0,1.641493476028769,0.3438624484639696,0.0,6.20290361827814
15,1,2.0696816125351307,0.7919874429223743,1.2776941696127564,0.0,0.0,0.0,4.38
16,1,1.8586453254460744,0.7766874429223743,1.0819578825237,0.0,0.0,0.0,5.547323611865936
17,1,1.5465082876238214,0.6464124429223744,0.900095844701447,0.0,0.0,0.0,6.5358321288707515
18,1,0.0037275894308756,3.2007511815596335,0.0,2.681678741863158,0.5153448502656,0.0,7.3581952885181385
19,1,0.0,2.901975183314388,0.0,0.0,2.901975183314388,0.0,4.38
20,1,0.0,0.8601124429223744,0.0,0.0,0.8601124429223744,0.0,4.38
21,1,0.0,0.8524624429223744,0.0,0.0,0.8524624429223744,0.0,4.38
22,1,0.0,0.8409874429223744,0.0,0.0,0.8409874429223744,0.0,4.38
23,1,0.0,0.8715874429223743,0.0,0.0,0.8715874429223743,0.0,4.38
0,1,0.0,0.7803124429223743,0.0,0.0,0.7803124429223743,0.0,4.38
1,1,0.0,0.9909124429223743,0.0,0.0,0.9909124429223743,0.0,4.38
2,1,0.0,0.8262124429223744,0.0,0.0,0.8262124429223744,0.0,4.38
3,1,0.0,0.9947374429223744,0.0,0.0,0.9947374429223744,0.0,4.38
4,1,0.0,0.8606374429223743,0.0,0.0,0.8606374429223743,0.0,4.38
5,1,0.0,0.8376874429223743,0.0,0.0,0.8376874429223743,0.0,4.38
6,1,0.0,0.7994374429223744,0.0,0.0,0.7994374429223744,0.0,4.38
7,1,0.0,1.941238370580781,0.0,0.0,1.941238370580781,0.0,4.38
8,1,0.069597877222036,2.9451324690514853,0.0,0.0,2.8755345918294495,0.0,4.38
9,1,1.011211148269183,2.4961663508472873,0.0,0.0,1.4849552025781043,0.0,4.38
10,1,2.397763779791488,0.9373374429223744,1.4604263368691137,0.0,0.0,0.0,4.38
11,1,3.6964826271251576,0.8876124429223744,2.8088701842027834,0.0,0.0,0.0,5.714352378236294
12,1,2.072475947664207,0.8837874429223742,1.1886885047418327,0.0,0.0,0.0,8.280780260952687
13,1,3.828696330046028,1.9967439234894988,1.8319524065565294,0.0,0.0,0.0,9.366900729500808
14,1,3.964983616566721,2.211925696977748,1.753057919588973,0.0,0.0,0.0,11.040800417552742
15,1,2.9601637676436434,0.6272874429223744,2.332876324721269,0.0,0.0,0.0,12.642642447897575
16,1,1.5940571725531527,0.6349374429223744,0.9591197296307783,0.0,0.0,0.0,14.774327115027369
17,1,0.9209340816961448,0.8378874429223744,0.08304663877377039,0.0,0.0,0.0,15.650751565626948
18,1,0.0025446290316821,0.7415374429223744,0.0,0.7389928138906924,0.0,0.0,15.726638673478543
19,1,0.0,0.7759624429223744,0.0,0.7759624429223744,0.0,0.0,14.905807118260418
20,1,0.0,4.723761187728524,0.0,4.723761187728524,0.0,0.0,14.043905235890948
21,1,0.0,2.5349210322399065,0.0,2.5349210322399065,0.0,0.0,8.79693591002162
22,1,0.0,0.8677624429223744,0.0,0.8677624429223744,0.0,0.0,5.981107956467758
23,1,0.0,1.0745374429223742,0.0,0.5735763478580784,0.5009610950642958,0.0,5.0171594191063305
0,1,0.0,0.9909124429223743,0.0,0.0,0.9909124429223743,0.0,4.38
1,1,0.0,0.9985624429223744,0.0,0.0,0.9985624429223744,0.0,4.38
2,1,0.0,0.8185624429223742,0.0,0.0,0.8185624429223742,0.0,4.38
3,1,0.0,1.8422697088312905,0.0,0.0,1.8422697088312905,0.0,4.38
4,1,0.0,1.8052559675448037,0.0,0.0,1.8052559675448037,0.0,4.38
5,1,0.0,0.8223874429223744,0.0,0.0,0.8223874429223744,0.0,4.38
6,1,0.0,2.674838524066047,0.0,0.0,2.674838524066047,0.0,4.38
7,1,0.0,3.346164302860623,0.0,0.0,3.346164302860623,0.0,4.38
8,1,0.2141902511015887,5.09047814565572,0.0,0.0,4.876287894554132,0.0,4.38
9,1,2.2246369375779285,4.9994721695478,0.0,0.0,2.7748352319698713,0.0,4.38
10,1,3.7839201982984614,2.6144918365626286,1.1694283617358328,0.0,0.0,0.0,4.38
11,1,4.8031160346834225,2.8188954907564847,1.9842205439269378,0.0,0.0,0.0,5.448723947813805
12,1,5.3573775917604705,5.12956050680844,0.22781708495203024,0.0,0.0,0.0,7.262096683979903
13,1,5.479686438471632,6.478368201178139,0.0,0.9986817627065063,0.0,0.0,7.470302228190619
14,1,5.192052195458274,5.182104141227707,0.009948054230567216,0.0,0.0,0.0,6.360867768205469
15,1,4.50913253857091,6.379595923260363,0.0,1.7912871715178995,0.0791762131715541,0.0,6.369959562893547
16,1,3.4732430812702706,0.4475124429223744,3.025730638347896,0.0,0.0,0.0,4.38
17,1,2.1611566326447855,0.5010624429223745,1.660094189722411,0.0,0.0,0.0,7.145347931852437
18,1,0.0053808856564536,0.8182624429223744,0.0,0.8128815572659208,0.0,0.0,8.662628019997733
19,1,0.0,2.581556561338725,0.0,2.581556561338725,0.0,0.0,7.75952929823035
20,1,0.0,4.7337050482995595,0.0,0.460329089869553,4.273375958430006,0.0,4.89143628314813
21,1,0.0,5.645564505461982,0.0,0.0,5.645564505461982,0.0,4.38
22,1,0.0,5.86481629224353,0.0,0.0,5.86481629224353,0.0,4.38
23,1,0.0,2.899737745683369,0.0,0.0,2.899737745683369,0.0,4.38
0,1,0.0,2.9016805400681,0.0,0.0,2.9016805400681,0.0,4.38
1,1,0.0,3.1634540903753834,0.0,0.0,3.1634540903753834,0.0,4.38
2,1,0.0,2.794365078015451,0.0,0.0,2.794365078015451,0.0,4.38
3,1,0.0,0.6617374429223744,0.0,0.0,0.6617374429223744,0.0,4.38
4,1,0.0,0.6732124429223744,0.0,0.0,0.6732124429223744,0.0,4.38
5,1,0.0,0.6732124429223744,0.0,0.0,0.6732124429223744,0.0,4.38
6,1,0.0,0.8379124429223743,0.0,0.0,0.8379124429223743,0.0,4.38
7,1,0.0,1.886575437109868,0.0,0.0,1.886575437109868,0.0,4.38
8,1,0.0856119592604524,3.729053053988516,0.0,0.0,3.6434410947280633,0.0,4.38
9,1,0.7051219233822011,2.4519887476246245,0.0,0.0,1.7468668242424235,0.0,4.38
10,1,1.9670496321449833,0.7116624429223743,1.255387189222609,0.0,0.0,0.0,4.38
11,1,2.892140902177116,0.4475124429223744,2.4446284592547416,0.0,0.0,0.0,5.527454166864457
12,1,4.040287182840389,1.5415337210644748,2.498753461775914,0.0,0.0,0.0,7.761932378249805
13,1,4.337098228233635,0.6957970440597547,3.64130118417388,0.0,0.0,0.0,10.045940197903557
14,1,3.69834552905119,0.7794667683813148,2.9188787606698754,0.0,0.0,0.0,13.374389442520277
15,1,3.829211970406137,0.7263497636322437,3.1028622067738936,0.0,0.0,0.0,16.042584985892812
16,1,3.1352171310403527,0.8334129638690837,2.301804167171269,0.0,0.0,0.0,18.879047990539103
17,1,1.8533478789907236,0.8446808930155939,1.0086669859751298,0.0,0.0,0.0,20.983295703046675
18,1,0.005550285860421,3.4778727732613146,0.0,3.4723224874008936,0.0,0.0,21.905413870976293
19,1,0.0,3.939175797442812,0.0,3.939175797442812,0.0,0.0,18.046804223478134
20,1,0.0,0.6114874429223744,0.0,0.6114874429223744,0.0,0.0,13.669248683628608
21,1,0.0,0.6497374429223743,0.0,0.6497374429223743,0.0,0.0,12.989683000058449
22,1,0.0,0.6650374429223744,0.0,0.6650374429223744,0.0,0.0,12.267604318666546
23,1,0.0,0.6535624429223743,0.0,0.6535624429223743,0.0,0.0,11.528517208684669
0,1,0.0,0.5316874429223744,0.0,0.5316874429223744,0.0,0.0,10.802177832915092
1,1,0.0,0.7269874429223744,0.0,0.7269874429223744,0.0,0.0,10.211280780073839
2,1,0.0,0.7537624429223744,0.0,0.7537624429223744,0.0,0.0,9.403330371680003
3,1,0.0,0.6005374429223743,0.0,0.6005374429223743,0.0,0.0,8.565616827563518
4,1,0.0,0.6196624429223744,0.0,0.6196624429223744,0.0,0.0,7.89818870787686
5,1,0.0,0.7805374429223744,0.0,0.7805374429223744,0.0,0.0,7.209501102086
6,1,0.0,0.7767124429223744,0.0,0.7767124429223744,0.0,0.0,6.342012850928797
7,1,0.0,1.5381874429223743,0.0,0.9886202232154262,0.5495672197069481,0.0,5.47876876915144
8,1,0.2350793052077299,5.014245862600714,0.0,0.0,4.779166557392984,0.0,4.38
9,1,2.016225702343089,1.8591868547438557,0.15703884759923326,0.0,0.0,0.0,4.38
10,1,3.5541022991531026,0.4781124429223744,3.075989856230728,0.0,0.0,0.0,4.523588882960854
11,1,3.5144153820424093,0.3519124429223743,3.162502939120035,0.0,0.0,0.0,7.3361328340014555
12,1,4.719054641423587,0.5433624429223743,4.1756921985012125,0.0,0.0,0.0,10.22787187046386
13,1,4.379873508884006,6.013842785292677,0.0,1.6339692764086706,0.0,0.0,14.046178187952965
14,1,2.832503017529888,0.5318874429223743,2.300615574607514,0.0,0.0,0.0,12.22994191660384
15,1,0.8165172592502012,0.4628124429223744,0.35370481632782685,0.0,0.0,0.0,14.333779931895362
16,1,0.576368278701789,0.5316624429223744,0.04470583577941456,0.0,0.0,0.0,14.65723912205881
17,1,0.1056288211201215,0.6043374429223745,0.0,0.49870862180225295,0.0,0.0,14.69812226921211
18,1,0.0176338472375247,0.6497374429223743,0.0,0.6321035956848496,0.0,0.0,14.14375868584943
19,1,0.0,2.638773572378831,0.0,2.638773572378831,0.0,0.0,13.441109890857277
20,1,0.0,0.9177124429223744,0.0,0.9177124429223744,0.0,0.0,10.50781993544378
21,1,0.0,2.030066736841335,0.0,2.030066736841335,0.0,0.0,9.487652916356522
22,1,0.0,2.1354400459461544,0.0,2.1354400459461544,0.0,0.0,7.230925658612475
23,1,0.0,2.1736743764496045,0.0,0.42908217506620067,1.7445922013834039,0.0,4.857010396559339
0,1,0.0,0.7573624429223743,0.0,0.0,0.7573624429223743,0.0,4.38
1,1,0.0,0.7803124429223743,0.0,0.0,0.7803124429223743,0.0,4.38
2,1,0.0,2.1309410775662085,0.0,0.0,2.1309410775662085,0.0,4.38
3,1,0.0,0.8109124429223743,0.0,0.0,0.8109124429223743,0.0,4.38
4,1,0.0,0.9564874429223744,0.0,0.0,0.9564874429223744,0.0,4.38
5,1,0.0,1.996156193158598,0.0,0.0,1.996156193158598,0.0,4.38
6,1,0.0,0.7420624429223743,0.0,0.0,0.7420624429223743,0.0,4.38
7,1,0.0,0.9258874429223743,0.0,0.0,0.9258874429223743,0.0,4.38
8,1,0.1409173092077436,2.6303297277266706,0.0,0.0,2.489412418518927,0.0,4.38
9,1,1.3900347403527702,2.0830961724219312,0.0,0.0,0.693061432069161,0.0,4.38
10,1,2.6932144050371987,0.8417124429223743,1.8515019621148243,0.0,0.0,0.0,4.38
11,1,4.322032623364491,0.5737374429223745,3.748295180442116,0.0,0.0,0.0,6.07334694892413
12,1,5.315292259814605,0.5125374429223744,4.8027548168922305,0.0,0.0,0.0,9.501528634733846
13,1,5.422995386110712,0.4819374429223744,4.941057943188337,0.0,0.0,0.0,13.894285954544921
14,1,5.092072767085168,0.6428124429223744,4.449260324162793,0.0,0.0,0.0,18.413763190689057
15,1,4.393338261337782,2.807598279318726,0.44425454091467564,0.0,0.0,1.14148544110438,22.483610857255414
16,1,3.5004188154027225,2.213776319616233,0.0,0.0,0.0,1.2866424957864897,22.89
17,1,2.171407478090746,2.5599173114005267,0.0,0.3885098333097807,0.0,0.0,22.89
18,1,0.0060286226639053,2.4715750633431943,0.0,2.465546440679289,0.0,0.0,22.458001998777217
19,1,0.0,0.6267874429223744,0.0,0.6267874429223744,0.0,0.0,19.71646162755875
20,1,0.0,0.8488624429223743,0.0,0.8488624429223743,0.0,0.0,19.019493746450497
21,1,0.0,3.021003372922609,0.0,3.021003372922609,0.0,0.0,18.075579376364775
22,1,0.0,0.7109374429223744,0.0,0.7109374429223744,0.0,0.0,14.71626782944711
23,1,0.0,0.7300624429223743,0.0,0.7300624429223743,0.0,0.0,13.925691216921964
0,1,0.0,0.6693874429223744,0.0,0.6693874429223744,0.0,0.0,13.113841283114187
1,1,0.0,0.7229374429223744,0.0,0.7229374429223744,0.0,0.0,12.369458059958959
2,1,0.0,0.7229374429223744,0.0,0.7229374429223744,0.0,0.0,11.565519747550896
3,1,0.0,0.9220624429223744,0.0,0.9220624429223744,0.0,0.0,10.761575453637583
4,1,0.0,5.1548962906156675,0.0,4.8164057622378795,0.3384905283777879,0.0,9.736186103175868
5,1,0.0,0.9335374429223744,0.0,0.0,0.9335374429223744,0.0,4.38
6,1,0.0,0.8685124429223743,0.0,0.0,0.8685124429223743,0.0,4.38
7,1,0.0,4.81681153488758,0.0,0.0,4.81681153488758,0.0,4.38
8,1,0.1892744974052263,3.5711884033993018,0.0,0.0,3.3819139059940753,0.0,4.38
9,1,2.0859960075675312,1.8978418214527144,0.18815418611481682,0.0,0.0,0.0,4.38
10,1,3.6605267336571647,0.9922955309876784,2.668231202669486,0.0,0.0,0.0,4.552147408428517
11,1,4.161650366509559,0.9817698997367996,3.17988046677276,0.0,0.0,0.0,6.99338980451888
12,1,4.655229999960067,0.9219120868489526,3.7333179131111143,0.0,0.0,0.0,9.902834906451876
13,1,5.046160627251363,1.9288128035178984,3.117347823733465,0.0,0.0,0.0,13.318761745686846
14,1,4.689085650804913,4.320724030418899,0.36836162038601383,0.0,0.0,0.0,16.17119530698468
15,1,3.5331605056575364,4.482052119129344,0.0,0.9488916134718077,0.0,0.0,16.508264131216063
16,1,3.093405628306797,4.224952024939134,0.0,1.1315463966323374,0.0,0.0,15.45283280097565
17,1,1.1704022957041065,0.4542624429223743,0.7161398527817322,0.0,0.0,0.0,14.194226267798493
18,1,0.006211835472554,2.000387685731375,0.0,1.9941758502588212,0.0,0.0,14.849545632555936
19,1,0.0,2.4723325066266466,0.0,2.4723325066266466,0.0,0.0,12.631403716791027
20,1,0.0,0.7532374429223743,0.0,0.7532374429223743,0.0,0.0,9.881346874686487
21,1,0.0,0.5770624429223744,0.0,0.5770624429223744,0.0,0.0,9.043474743964891
22,1,0.0,0.7570624429223743,0.0,0.7570624429223743,0.0,0.0,8.40156787595673
23,1,0.0,0.5770624429223744,0.0,0.5770624429223744,0.0,0.0,7.559429430561379
0,2,0.0,0.4628374429223744,0.0,0.4628374429223744,0.0,0.0,6.9175137462708705
1,2,0.0,0.4934374429223743,0.0,0.4934374429223743,0.0,0.0,6.402657195563829
2,2,0.0,0.6849124429223743,0.0,0.6849124429223743,0.0,0.0,5.8537588420536775
3,2,0.0,1.6605728063254943,0.0,0.6399259701787879,1.0206468361467063,0.0,5.091860393953913
4,2,0.0,1.7592220195985204,0.0,0.0,1.7592220195985204,0.0,4.38
5,2,0.0,1.6167520314341932,0.0,0.0,1.6167520314341932,0.0,4.38
6,2,0.0,0.4628374429223744,0.0,0.0,0.4628374429223744,0.0,4.38
7,2,0.0,0.6772624429223744,0.0,0.0,0.6772624429223744,0.0,4.38
8,2,0.2275564421808772,0.6619624429223745,0.0,0.0,0.43440600074149727,0.0,4.38
9,2,2.0242200599467237,0.5472124429223744,1.4770076170243494,0.0,0.0,0.0,4.38
10,2,2.598079751318863,0.3404124429223744,2.2576673083964884,0.0,0.0,0.0,5.731708907419628
11,2,3.706845382880491,0.2639124429223744,3.4429329399581166,0.0,0.0,0.0,7.79788336738936
12,2,1.0094582405471058,1.3150746834261078,0.0,0.305616442879002,0.0,0.0,10.948863775627153
13,2,3.9065581845037416,0.3192624429223744,3.587295741581367,0.0,0.0,0.0,10.608865459802754
14,2,1.2869420541258685,2.273571086318658,0.0,0.9866290321927895,0.0,0.0,13.89209375710889
15,2,3.894704034430931,2.4671931119430277,1.4275109224879032,0.0,0.0,0.0,12.794424888696154
16,2,2.372623050908968,0.3462624429223744,2.026360607986594,0.0,0.0,0.0,14.100998229431509
17,2,0.8140237772047813,0.3750874429223745,0.43893633428240675,0.0,0.0,0.0,15.955714450982411
18,2,0.0044545437300056,1.2928624429223745,0.0,1.2884078991923689,0.0,0.0,16.35747873832547
19,2,0.0,2.433325967459716,0.0,2.433325967459716,0.0,0.0,14.923995382621436
20,2,0.0,3.3242610910557406,0.0,3.3242610910557406,0.0,0.0,12.216639621095451
21,2,0.0,2.6473014164394613,0.0,2.6473014164394613,0.0,0.0,8.517923113634073
22,2,0.0,2.8656199676192657,0.0,1.0715448028049785,1.7940751648142872,0.0,5.57232035737378
23,2,0.0,0.5311624429223745,0.0,0.0,0.5311624429223745,0.0,4.38
0,2,0.0,0.6543124429223743,0.0,0.0,0.6543124429223743,0.0,4.38
1,2,0.0,0.4475374429223744,0.0,0.0,0.4475374429223744,0.0,4.38
2,2,0.0,1.7904621905664853,0.0,0.0,1.7904621905664853,0.0,4.38
3,2,0.0,0.5625124429223745,0.0,0.0,0.5625124429223745,0.0,4.38
4,2,0.0,0.4704874429223744,0.0,0.0,0.4704874429223744,0.0,4.38
5,2,0.0,0.6198874429223744,0.0,0.0,0.6198874429223744,0.0,4.38
6,2,0.0,3.784397744124772,0.0,0.0,3.784397744124772,0.0,4.38
7,2,0.0,4.578855948111382,0.0,0.0,4.578855948111382,0.0,4.38
8,2,0.074955731614332,3.614099186304388,0.0,0.0,3.539143454690056,0.0,4.38
9,2,1.203257552735417,2.0669166666543983,0.0,0.0,0.8636591139189813,0.0,4.38
10,2,3.1469503282506355,1.8167622432656656,1.3301880849849699,0.0,0.0,0.0,4.38
11,2,4.198568584684528,0.3750874429223745,3.8234811417621537,0.0,0.0,0.0,5.597679388738296
12,2,4.779182629200553,0.3327624429223744,4.4464201862781785,0.0,0.0,0.0,9.09781445123606
13,2,5.0317740868144325,0.5757624429223744,4.456011643892058,0.0,0.0,0.0,13.168367810990267
14,2,4.790283562732802,0.6207624429223744,4.169521119810428,0.0,0.0,0.0,17.247888645349178
15,2,4.033556672849726,2.566252843100261,1.467303829749465,0.0,0.0,0.0,21.065299882630764
16,2,3.275144362392715,0.5917624429223743,0.5256092098592401,0.0,0.0,2.1577727096111006,22.408749769929774
17,2,1.9794551896508223,1.6356917359389278,0.0,0.0,0.0,0.34376345371189454,22.89
18,2,0.0054161447322732,3.0220385689373814,0.0,3.0166224242051083,0.0,0.0,22.89
19,2,0.0,0.4996624429223744,0.0,0.4996624429223744,0.0,0.0,19.532633091943705
20,2,0.0,1.6678089946074328,0.0,1.6678089946074328,0.0,0.0,18.9765136840154
21,2,0.0,3.9743950696774295,0.0,3.9743950696774295,0.0,0.0,17.12024904503509
22,2,0.0,1.908318505424437,0.0,1.908318505424437,0.0,0.0,12.69668747719563
23,2,0.0,1.9796190280988375,0.0,1.9796190280988375,0.0,0.0,10.572613284147083
0,2,0.0,0.3327874429223744,0.0,0.3327874429223744,0.0,0.0,8.369133971377979
1,2,0.0,0.3748624429223743,0.0,0.3748624429223743,0.0,0.0,7.998706535817281
2,2,0.0,0.3863374429223744,0.0,0.3863374429223744,0.0,0.0,7.581443768213315
3,2,0.0,0.5892874429223743,0.0,0.5892874429223743,0.0,0.0,7.151406413922194
4,2,0.0,0.6084124429223744,0.0,0.6084124429223744,0.0,0.0,6.495460100467518
5,2,0.0,0.5548624429223744,0.0,0.5548624429223744,0.0,0.0,5.818221298783837
6,2,0.0,0.3672124429223743,0.0,0.3672124429223743,0.0,0.0,5.200586443437781
7,2,0.0,1.9391582631653792,0.0,0.3699692878265984,1.5691889753387809,0.0,4.791828374879854
8,2,0.0231262762673684,1.9822339448719937,0.0,0.0,1.9591076686046254,0.0,4.38
9,2,0.2908660510909581,0.6045624429223744,0.0,0.0,0.3136963918314163,0.0,4.38
10,2,1.113804632105637,0.8678529509093487,0.2459516811962883,0.0,0.0,0.0,4.38
11,2,0.4813456983173039,0.2907124429223744,0.19063325539492948,0.0,0.0,0.0,4.605234299808406
12,2,1.4106821438550077,0.4592124429223744,0.9514697009326333,0.0,0.0,0.0,4.779810283117512
13,2,4.942135573775984,1.8410114438812812,3.1011241298947025,0.0,0.0,0.0,5.6511382394736245
14,2,4.619999502996315,1.5496061919859232,3.070393311010392,0.0,0.0,0.0,8.491084308000904
15,2,4.164343012683327,0.4407624429223745,3.7235805697609523,0.0,0.0,0.0,11.30297755444017
16,2,3.247458310901251,3.651255579370487,0.0,0.40379726846923614,0.0,0.0,14.713173319143657
17,2,2.0298652232723375,1.735659890525886,0.29420533274645155,0.0,0.0,0.0,14.263635630163174
18,2,0.0061389175768113,3.433972191469848,0.0,3.4278332738930364,0.0,0.0,14.533091447153645
19,2,0.0,3.9794620463636834,0.0,3.9794620463636834,0.0,0.0,10.71694049644808
20,2,0.0,3.1652443919049547,0.0,1.7123831293140273,1.4528612625909274,0.0,6.286513747713529
21,2,0.0,2.1725489139122156,0.0,0.0,2.1725489139122156,0.0,4.38
22,2,0.0,2.3793321713117286,0.0,0.0,2.3793321713117286,0.0,4.38
23,2,0.0,2.545422734700506,0.0,0.0,2.545422734700506,0.0,4.38
0,2,0.0,2.940117498434147,0.0,0.0,2.940117498434147,0.0,4.38
1,2,0.0,2.6080952862888243,0.0,0.0,2.6080952862888243,0.0,4.38
2,2,0.0,1.9687753442595344,0.0,0.0,1.9687753442595344,0.0,4.38
3,2,0.0,2.2760311578088466,0.0,0.0,2.2760311578088466,0.0,4.38
4,2,0.0,2.282288587325322,0.0,0.0,2.282288587325322,0.0,4.38
5,2,0.0,1.376911975373397,0.0,0.0,1.376911975373397,0.0,4.38
6,2,0.0,1.7313083468286554,0.0,0.0,1.7313083468286554,0.0,4.38
7,2,0.0,3.0864874710801766,0.0,0.0,3.0864874710801766,0.0,4.38
8,2,0.3049165952056545,0.4666624429223743,0.0,0.0,0.1617458477167198,0.0,4.38
9,2,2.2906083981297383,3.632809552306064,0.0,0.0,1.3422011541763257,0.0,4.38
10,2,3.776823471624904,3.134706164945107,0.6421173066797969,0.0,0.0,0.0,4.38
11,2,4.762223864053616,0.7904604836503386,3.971763380403277,0.0,0.0,0.0,4.968157343147193
12,2,5.277627914772587,0.8523345609850174,4.42529335378757,0.0,0.0,0.0,8.606179912110498
13,2,5.3922107295956065,2.695876643104965,2.6963340864906415,0.0,0.0,0.0,12.659788965321873
14,2,5.1429198128693345,2.616871886832406,2.5260479260369286,0.0,0.0,0.0,15.129768201128302
15,2,4.524295054770496,1.967776275763881,2.5565187790066153,0.0,0.0,0.0,17.443820946105234
16,2,3.526257073030092,0.5622624429223744,2.9639946301077176,0.0,0.0,0.0,19.785848285581718
17,2,2.2246656586569484,0.3507624429223744,0.4243444289083048,0.0,0.0,1.4495587868262692,22.501235870406052
18,2,0.0075309371586503,4.049417619070234,0.0,4.041886681911584,0.0,0.0,22.89
19,2,0.0,5.911248577476924,0.0,5.911248577476924,0.0,0.0,18.388873378861675
20,2,0.0,4.891089288279979,0.0,4.891089288279979,0.0,0.0,11.805713373845261
21,2,0.0,2.2820676530664135,0.0,1.7762215073838188,0.5058461456825947,0.0,6.358338796811838
22,2,0.0,0.7264624429223744,0.0,0.0,0.7264624429223744,0.0,4.38
23,2,0.0,0.6000124429223744,0.0,0.0,0.6000124429223744,0.0,4.38
0,2,0.0,2.8033395659363745,0.0,0.0,2.8033395659363745,0.0,4.38
1,2,0.0,0.4819624429223744,0.0,0.0,0.4819624429223744,0.0,4.38
2,2,0.0,0.7805374429223744,0.0,0.0,0.7805374429223744,0.0,4.38
3,2,0.0,0.6387874429223743,0.0,0.0,0.6387874429223743,0.0,4.38
4,2,0.0,0.6693874429223744,0.0,0.0,0.6693874429223744,0.0,4.38
5,2,0.0,0.8761624429223743,0.0,0.0,0.8761624429223743,0.0,4.38
6,2,0.0,0.6732124429223744,0.0,0.0,0.6732124429223744,0.0,4.38
7,2,0.0,0.9067624429223744,0.0,0.0,0.9067624429223744,0.0,4.38
8,2,0.3609980765882498,1.6185124429223745,0.0,0.0,1.2575143663341248,0.0,4.38
9,2,2.402491150216149,2.8367268710460127,0.0,0.0,0.43423572082986395,0.0,4.38
10,2,3.8991263902416144,2.42327402735944,1.4758523628821743,0.0,0.0,0.0,4.38
11,2,4.88138045071572,0.4513374429223744,4.430043007793346,0.0,0.0,0.0,5.732343115534018
12,2,5.417714405911466,1.0407939370245614,4.376920468886905,0.0,0.0,0.0,9.791712098229068
13,2,5.542703086101918,2.173846610105865,3.368856475996053,0.0,0.0,0.0,13.802586611097112
14,2,5.260110575587212,0.9197590617307804,4.340351513856431,0.0,0.0,0.0,16.889841763171077
15,2,4.597024808153649,2.66987148639584,1.927153321757809,0.0,0.0,0.0,20.867523227359587
16,2,3.585941763873956,2.964444693913387,0.2796209775303998,0.0,0.0,0.3418760924301693,22.633726966052567
17,2,2.277767276161246,2.6910470772778115,0.0,0.41327980111656526,0.0,0.0,22.89
18,2,0.0080269887126465,2.412808133051105,0.0,2.4047811443384584,0.0,0.0,22.429588557844763
19,2,0.0,2.6633463469039267,0.0,2.6633463469039267,0.0,0.0,19.750547701133847
20,2,0.0,3.57425096108103,0.0,3.57425096108103,0.0,0.0,16.783379313117134
21,2,0.0,3.3257506675157464,0.0,3.3257506675157464,0.0,0.0,12.80128524201937
22,2,0.0,1.7914888005289331,0.0,1.7914888005289331,0.0,0.0,9.095910258916666
23,2,0.0,4.461193053415487,0.0,2.4410752007651126,2.0201178526503742,0.0,7.099860016106337
0,2,0.0,3.230128155452837,0.0,0.0,3.230128155452837,0.0,4.38
1,2,0.0,0.6158374429223743,0.0,0.0,0.6158374429223743,0.0,4.38
2,2,0.0,0.6579124429223744,0.0,0.0,0.6579124429223744,0.0,4.38
3,2,0.0,0.6120124429223743,0.0,0.0,0.6120124429223743,0.0,4.38
4,2,0.0,0.6961624429223743,0.0,0.0,0.6961624429223743,0.0,4.38
5,2,0.0,0.9144124429223744,0.0,0.0,0.9144124429223744,0.0,4.38
6,2,0.0,2.3249651321745723,0.0,0.0,2.3249651321745723,0.0,4.38
7,2,0.0,4.883011748716163,0.0,0.0,4.883011748716163,0.0,4.38
8,2,0.3823265711366782,4.719035850674549,0.0,0.0,4.336709279537871,0.0,4.38
9,2,2.4593995877713035,3.976862742475841,0.0,0.0,1.5174631547045374,0.0,4.38
10,2,3.9664311062486863,2.562002163280446,1.4044289429682402,0.0,0.0,0.0,4.38
11,2,4.937693447199955,0.4169124429223744,4.5207810042775805,0.0,0.0,0.0,5.667385405351231
12,2,5.469709523211498,0.3327624429223744,5.136947080289124,0.0,0.0,0.0,9.811469591975325
13,2,5.591798384137089,0.2753874429223744,5.3164109412147145,0.0,0.0,0.0,14.520596975060998
14,2,5.318213854369286,0.2182624429223744,3.812651604603203,0.0,0.0,1.2872998068437083,19.394500147930565
15,2,4.662304085950912,0.3282624429223745,0.0,0.0,0.0,4.334041643028537,22.89
16,2,3.636344531839693,0.3507624429223744,0.0,0.0,0.0,3.2855820889173186,22.89
17,2,2.3178434569503716,0.3102624429223743,0.0,0.0,0.0,2.0075810140279975,22.89
18,2,0.0083353492787046,0.5237374429223745,0.0,0.5154020936436698,0.0,0.0,22.89
19,2,0.0,2.2892898894447997,0.0,2.2892898894447997,0.0,0.0,22.31560197496202
20,2,0.0,0.9595550646578626,0.0,0.9595550646578626,0.0,0.0,19.764253042404906
21,2,0.0,2.183874596054064,0.0,2.183874596054064,0.0,0.0,18.69483076941159
22,2,0.0,0.5885374429223744,0.0,0.5885374429223744,0.0,0.0,16.260882645559477
23,2,0.0,0.8259124429223743,0.0,0.8259124429223743,0.0,0.0,15.604937530703046
0,2,0.0,0.7346374429223743,0.0,0.7346374429223743,0.0,0.0,14.684424269365529
1,2,0.0,0.6043624429223744,0.0,0.6043624429223744,0.0,0.0,13.865633760407007
2,2,0.0,2.933294062916966,0.0,2.933294062916966,0.0,0.0,13.19203620993662
3,2,0.0,4.212328181498418,0.0,4.212328181498418,0.0,0.0,9.922686772048618
4,2,0.0,1.9816134421734568,0.0,0.7604440942138617,1.221169347959595,0.0,5.227627506437963
5,2,0.0,0.8838124429223745,0.0,0.0,0.8838124429223745,0.0,4.38
6,2,0.0,0.9105874429223744,0.0,0.0,0.9105874429223744,0.0,4.38
7,2,0.0,2.0214741419674187,0.0,0.0,2.0214741419674187,0.0,4.38
8,2,0.3900307072263332,3.955101489894094,0.0,0.0,3.565070782667761,0.0,4.38
9,2,2.4594427556085794,2.265283097167502,0.1941596584410772,0.0,0.0,0.0,4.38
10,2,3.9581134023848903,3.4296383399928247,0.5284750623920655,0.0,0.0,0.0,4.558046172029617
11,2,4.922012102505518,2.908948743178544,2.0130633593269742,0.0,0.0,0.0,5.042663579620061
12,2,5.450269970788265,2.7015016473748252,2.74876832341344,0.0,0.0,0.0,6.88867474346182
13,2,5.534020719706204,4.089715043237705,1.444305676468499,0.0,0.0,0.0,9.409391423914826
14,2,5.242492368157626,4.144427227326345,1.098065140831281,0.0,0.0,0.0,10.733907797132856
15,2,4.583673406794825,3.415074856543555,1.1685985502512697,0.0,0.0,0.0,11.740915491257295
16,2,3.426820188796175,0.9875261873834628,2.439294001412712,0.0,0.0,0.0,12.81261972697276
17,2,1.6306435254468288,0.3327624429223744,1.2978810825244544,0.0,0.0,0.0,15.04968670791135
18,2,2.4842023696448265,1.2546124429223744,1.2295899267224522,0.0,0.0,0.0,16.239998323572568
19,2,0.0,3.3934382728055565,0.0,3.3934382728055565,0.0,0.0,17.367693911567123
20,2,0.0,2.1553194137589493,0.0,2.1553194137589493,0.0,0.0,13.584622290793012
21,2,0.0,2.7166227348424337,0.0,2.7166227348424337,0.0,0.0,11.181745758570841
22,2,0.0,0.4890874429223744,0.0,0.4890874429223744,0.0,0.0,8.153028000831732
23,2,0.0,0.5770624429223744,0.0,0.5770624429223744,0.0,0.0,7.607737215162017
0,2,0.0,0.5393374429223744,0.0,0.5393374429223744,0.0,0.0,6.964358560877879
1,2,0.0,0.7690624429223745,0.0,0.7690624429223745,0.0,0.0,6.363036695937084
2,2,0.0,0.6158374429223743,0.0,0.6158374429223743,0.0,0.0,5.505583459386492
3,2,0.0,0.6426124429223744,0.0,0.39370443484349377,0.24890800807888064,0.0,4.818960410957689
4,2,0.0,0.6693874429223744,0.0,0.0,0.6693874429223744,0.0,4.38
5,2,0.0,0.6885124429223743,0.0,0.0,0.6885124429223743,0.0,4.38
6,2,0.0,0.8876374429223743,0.0,0.0,0.8876374429223743,0.0,4.38
7,2,0.0,2.649566688423515,0.0,0.0,2.649566688423515,0.0,4.38
8,2,0.4075152173831052,0.8685124429223743,0.0,0.0,0.4609972255392691,0.0,4.38
9,2,2.4677670716013056,0.6311124429223745,1.8366546286789311,0.0,0.0,0.0,4.38
10,2,3.9442762942280902,0.4857624429223744,3.4585138513057156,0.0,0.0,0.0,6.064677568660151
11,2,4.901294952424206,0.3557124429223744,4.545582509501831,0.0,0.0,0.0,9.237071027124227
12,2,5.409644709496281,5.266603311843214,0.14304139765306711,0.0,0.0,0.0,13.406749531790675
13,2,5.51687760287555,2.71602275871889,2.8008548441566603,0.0,0.0,0.0,13.537968053909465
14,2,5.238122282170735,2.806041923356627,2.4320803588141082,0.0,0.0,0.0,16.107326168857135
15,2,4.591031145633288,3.5541192080216613,1.0369119376116265,0.0,0.0,0.0,18.33845429765222
16,2,3.5940805665291378,0.4227624429223744,3.1713181236067634,0.0,0.0,0.0,19.289714583906946
17,2,2.3011399480239247,0.5017624429223744,0.7530710103700746,0.0,0.0,1.0463064947314757,22.19910462903785
18,2,0.5115128311972649,1.1596624429223743,0.0,0.6481496117251094,0.0,0.0,22.89
19,2,0.0,2.7024585168966104,0.0,2.7024585168966104,0.0,0.0,22.167192734433915
20,2,0.0,2.997158586895788,0.0,2.997158586895788,0.0,0.0,19.15342911820593
21,2,0.0,0.4890874429223744,0.0,0.4890874429223744,0.0,0.0,15.810924732806376
22,2,0.0,0.6996874429223743,0.0,0.6996874429223743,0.0,0.0,15.265465609806762
23,2,0.0,0.5120374429223744,0.0,0.5120374429223744,0.0,0.0,14.485129023543129
0,2,0.0,0.4284124429223743,0.0,0.4284124429223743,0.0,0.0,13.914067702014167
1,2,0.0,0.7116874429223744,0.0,0.7116874429223744,0.0,0.0,13.436268525067296
2,2,0.0,0.5967124429223744,0.0,0.5967124429223744,0.0,0.0,12.64253532770266
3,2,0.0,1.953482791254317,0.0,1.953482791254317,0.0,0.0,11.977026951607886
4,2,0.0,2.05606086760617,0.0,2.05606086760617,0.0,0.0,9.798310581997864
5,2,0.0,1.9322450188741584,0.0,1.9322450188741584,0.0,0.0,7.505142802781403
6,2,0.0,2.889458249784344,0.0,0.8696902505859693,2.019767999198375,0.0,5.350023697617563
7,2,0.0,5.248425766170826,0.0,0.0,5.248425766170826,0.0,4.38
8,2,0.3624725104328704,3.486969999348241,0.0,0.0,3.1244974889153703,0.0,4.38
9,2,2.3840003287937375,0.5393374429223744,1.844662885871363,0.0,0.0,0.0,4.38
10,2,3.779486501620793,0.4704624429223744,3.3090240586984185,0.0,0.0,0.0,6.07266547412125
11,2,4.773747657134631,2.812746613170618,1.9610010439640133,0.0,0.0,0.0,9.109088809107813
12,2,4.681738360915804,2.359112340942898,2.322626019972906,0.0,0.0,0.0,10.908602086185917
13,2,4.034079557894401,2.1767324920551037,1.8573470658392974,0.0,0.0,0.0,13.040003792792024
14,2,4.276263258710437,4.119295975312826,0.156967283397611,0.0,0.0,0.0,14.74447433307249
15,2,3.83031481385764,3.060633379957848,0.7696814338997919,0.0,0.0,0.0,14.888524546066845
16,2,2.502537515369689,0.5937624429223743,1.9087750724473147,0.0,0.0,0.0,15.594868898586686
17,2,1.2065132202358226,0.4837624429223744,0.7227507773134483,0.0,0.0,0.0,17.346584798830982
18,2,0.5818365275237184,1.995187387613505,0.0,1.4133508600897864,0.0,0.0,18.009878759364433
19,2,0.0,1.7845040310599394,0.0,1.7845040310599394,0.0,0.0,16.43321814408098
20,2,0.0,4.5637192239236635,0.0,4.5637192239236635,0.0,0.0,14.442489332386382
21,2,0.0,2.553745748977413,0.0,2.553745748977413,0.0,0.0,9.35127374921836
22,2,0.0,0.3781624429223744,0.0,0.3781624429223744,0.0,0.0,6.502219687998205
23,2,0.0,0.4355374429223744,0.0,0.4355374429223744,0.0,0.0,6.080316429598394
0,2,0.0,2.4859333763075564,0.0,1.0884878546471308,1.3974455216604256,0.0,5.59439989491496
1,2,0.0,0.4016374429223743,0.0,0.0,0.4016374429223743,0.0,4.38
2,2,0.0,1.742583100435893,0.0,0.0,1.742583100435893,0.0,4.38
3,2,0.0,0.4284124429223743,0.0,0.0,0.4284124429223743,0.0,4.38
4,2,0.0,0.4857874429223743,0.0,0.0,0.4857874429223743,0.0,4.38
5,2,0.0,0.4666624429223743,0.0,0.0,0.4666624429223743,0.0,4.38
6,2,0.0,0.7422874429223744,0.0,0.0,0.7422874429223744,0.0,4.38
7,2,0.0,0.7881874429223744,0.0,0.0,0.7881874429223744,0.0,4.38
8,2,0.3291221069834453,2.7796326317935,0.0,0.0,2.450510524810055,0.0,4.38
9,2,2.1723146192082377,3.034452131556326,0.0,0.0,0.8621375123480886,0.0,4.38
10,2,3.622814699019921,0.3480874429223743,3.2747272560975467,0.0,0.0,0.0,4.38
11,2,4.356419146042947,0.2562874429223744,4.100131703120573,0.0,0.0,0.0,7.3857346192184545
12,2,5.250729151732214,0.2600874429223745,4.990641708809839,0.0,0.0,0.0,11.149200568714976
13,2,4.956357095788913,0.2922624429223744,4.664094652866539,0.0,0.0,0.0,15.730249838361953
14,2,4.1004086782920846,0.4947624429223744,3.1352570822513584,0.0,0.0,0.4703891531183517,20.01177309852667
15,2,3.3280362259441976,2.4212563034042116,0.0,0.0,0.0,0.906779922539986,22.89
16,2,2.999981732408741,2.427668639469378,0.0,0.0,0.0,0.5723130929393632,22.89
17,2,2.170599896259481,0.3417624429223743,0.0,0.0,0.0,1.8288374533371068,22.89
18,2,0.4786333260506229,1.2631624429223742,0.0,0.7845291168717513,0.0,0.0,22.89
19,2,0.0,1.0784374429223744,0.0,1.0784374429223744,0.0,0.0,22.014527488391913
20,2,0.0,0.5466874429223744,0.0,0.5466874429223744,0.0,0.0,20.811066754839842
21,2,0.0,1.7381665143365876,0.0,1.7381665143365876,0.0,0.0,20.200995022693352
22,2,0.0,1.5884328537639285,0.0,1.5884328537639285,0.0,0.0,18.26129024805171
23,2,0.0,3.386220762571498,0.0,3.386220762571498,0.0,0.0,16.488648745638994
0,2,0.0,2.4653549188164305,0.0,2.4653549188164305,0.0,0.0,12.709670036623974
1,2,0.0,0.4513624429223744,0.0,0.4513624429223744,0.0,0.0,9.958269510096859
2,2,0.0,0.5278624429223744,0.0,0.5278624429223744,0.0,0.0,9.454524399468024
3,2,0.0,1.2372755838602714,0.0,1.2372755838602714,0.0,0.0,8.86539836883146
4,2,0.0,0.6234874429223745,0.0,0.6234874429223745,0.0,0.0,7.484517350543474
5,2,0.0,0.6387874429223743,0.0,0.6387874429223743,0.0,0.0,6.788655418719962
6,2,0.0,2.6195119940331777,0.0,1.5193271083607343,1.1001848856724434,0.0,6.075712869924308
7,2,0.0,0.8761624429223743,0.0,0.0,0.8761624429223743,0.0,4.38
8,2,0.447087499977788,0.8226124429223745,0.0,0.0,0.37552494294458644,0.0,4.38
9,2,2.44794051606185,0.7919874429223743,1.6559530731394758,0.0,0.0,0.0,4.38
10,2,3.899462796824878,0.5892874429223743,3.3101753539025034,0.0,0.0,0.0,5.900506759256447
11,2,4.857120921891385,0.5280624429223744,4.32905847896901,0.0,0.0,0.0,8.939983042675667
12,2,5.3759352687208555,0.8926441733319295,4.4832910953889265,0.0,0.0,0.0,12.915156285593016
13,2,5.484898046827569,0.9917478110533148,4.493150235774254,0.0,0.0,0.0,17.032138277919852
14,2,5.205902972322536,0.5622624429223744,1.8855326666037004,0.0,0.0,2.7581078627964617,21.158364965900834
15,2,4.559099285898443,0.4227624429223744,0.0,0.0,0.0,4.136336842976069,22.89
16,2,3.561235166284962,0.4407624429223745,0.0,0.0,0.0,3.1204727233625875,22.89
17,2,2.279552012751089,0.4092624429223743,0.0,0.0,0.0,1.8702895698287145,22.89
18,2,0.7206712558590096,0.5311624429223745,0.0,0.0,0.0,0.18950881293663513,22.89
19,2,0.0,2.250485182512626,0.0,2.250485182512626,0.0,0.0,22.89
20,2,0.0,1.789080734314481,0.0,1.789080734314481,0.0,0.0,20.37768300436075
21,2,0.0,0.5964124429223744,0.0,0.5964124429223744,0.0,0.0,18.380405937797647
22,2,0.0,0.5313874429223744,0.0,0.5313874429223744,0.0,0.0,17.714576335818585
23,2,0.0,0.3819874429223744,0.0,0.3819874429223744,0.0,0.0,17.12133641595326
0,2,0.0,0.5548624429223744,0.0,0.5548624429223744,0.0,0.0,16.694884027586294
1,2,0.0,0.5854624429223744,0.0,0.5854624429223744,0.0,0.0,16.07543081711768
2,2,0.0,0.5087374429223744,0.0,0.5087374429223744,0.0,0.0,15.42181175598471
3,2,0.0,2.9396445014527557,0.0,2.9396445014527557,0.0,0.0,14.853846201117546
4,2,0.0,0.5622874429223743,0.0,0.5622874429223743,0.0,0.0,11.571945842229393
5,2,0.0,0.5469874429223744,0.0,0.5469874429223744,0.0,0.0,10.944173534756041
6,2,0.0,2.73916641982959,0.0,2.73916641982959,0.0,0.0,10.333479540894364
7,2,0.0,0.5393374429223744,0.0,0.5393374429223744,0.0,0.0,7.275270514827332
8,2,0.3067469538756169,3.146046348190963,0.0,2.0538039155173493,0.7854954787979969,0.0,6.673097054974244
9,2,2.216635943100859,0.6695874429223744,1.5470485001784846,0.0,0.0,0.0,4.38
10,2,3.5567134832165443,0.3327874429223744,3.22392604029417,0.0,0.0,0.0,5.801049117650733
11,2,4.153548963726449,0.3174624429223744,3.8360865208040744,0.0,0.0,0.0,8.762449806067886
12,2,3.9204512020948994,3.1494241102432685,0.7710270918516309,0.0,0.0,0.0,12.286279939653442
13,2,4.874888479291273,0.8545526234640415,4.0203358558272315,0.0,0.0,0.0,12.994573715844849
14,2,4.943077082443219,0.8909267032906201,4.052150379152599,0.0,0.0,0.0,16.687831169857915
15,2,4.473127439389975,0.5307624429223744,2.6988949075458373,0.0,0.0,1.2434700889217631,20.41046950935191
16,2,3.1945629974843275,0.2877624429223744,0.0,0.0,0.0,2.9068005545619533,22.89
17,2,1.5980675317058448,0.4974624429223744,0.0,0.0,0.0,1.1006050887834704,22.89
18,2,0.4627975188214344,2.1296062521026635,0.0,1.6668087332812291,0.0,0.0,22.89
19,2,0.0,3.392120002861816,0.0,3.392120002861816,0.0,0.0,21.028560711347456
20,2,0.0,1.743365249372463,0.0,1.743365249372463,0.0,0.0,17.24028309054688
21,2,0.0,2.8493051488151413,0.0,2.8493051488151413,0.0,0.0,15.293246103128583
22,2,0.0,2.887055973401757,0.0,2.887055973401757,0.0,0.0,12.111008484098756
23,2,0.0,0.9589206657820384,0.0,0.9589206657820384,0.0,0.0,8.886514010349723
0,2,0.0,0.8209704234427551,0.0,0.8209704234427551,0.0,0.0,7.815482935664415
1,2,0.0,1.0547264047209586,0.0,1.0547264047209586,0.0,0.0,6.89852120786896
2,2,0.0,0.9574687015380074,0.0,0.9574687015380074,0.0,0.0,5.7204617720504665
3,2,0.0,1.0968141147328558,0.0,0.24264237866681682,0.854171736066039,0.0,4.651021080089698
4,2,0.0,3.6904269085666423,0.0,0.0,3.6904269085666423,0.0,4.38
5,2,0.0,1.356544820152222,0.0,0.0,1.356544820152222,0.0,4.38
6,2,0.0,0.6579124429223744,0.0,0.0,0.6579124429223744,0.0,4.38
7,2,0.0,1.8986490175961783,0.0,0.0,1.8986490175961783,0.0,4.38
8,2,0.3597121482704457,2.364822977309326,0.0,0.0,2.0051108290388804,0.0,4.38
9,2,0.8260531042057402,1.5725874429223743,0.0,0.0,0.7465343387166341,0.0,4.38
10,2,1.4291590160518568,0.7346124429223744,0.6945465731294824,0.0,0.0,0.0,4.38
11,2,0.957004163666312,1.7720990430368102,0.0,0.5713875052341002,0.24370737413639798,0.0,5.018221401876948
12,2,4.683180681473396,0.3404124429223744,4.342768238551022,0.0,0.0,0.0,4.38
13,2,5.123712865462118,0.2639124429223744,4.8598004225397435,0.0,0.0,0.0,8.370637937054164
14,2,5.168420062148022,0.2902624429223743,4.8781576192256475,0.0,0.0,0.0,12.836585354458336
15,2,4.280369772891355,0.3642624429223743,3.9161073299689804,0.0,0.0,0.0,17.319627470062766
16,2,3.556637430437782,0.5172624429223744,2.1448206730821004,0.0,0.0,0.8945543144333072,20.918723867564317
17,2,2.2604754532717677,2.387006627140101,0.0,0.12653117386833346,0.0,0.0,22.89
18,2,0.8513066089362786,0.5313874429223744,0.15380288590738736,0.0,0.0,0.16611628010651688,22.748638495004805
19,2,0.0057322984375378,3.303980569069664,0.0,3.298248270632126,0.0,0.0,22.89
20,2,0.0,4.80580171494217,0.0,4.80580171494217,0.0,0.0,19.205163476794233
21,2,0.0,2.1001492898701875,0.0,2.1001492898701875,0.0,0.0,13.835889805222662
22,2,0.0,0.6499624429223744,0.0,0.6499624429223744,0.0,0.0,11.489385035749281
23,2,0.0,0.5579374429223745,0.0,0.5579374429223745,0.0,0.0,10.763163761589565
0,2,0.0,0.6581374429223744,0.0,0.6581374429223744,0.0,0.0,10.139760412108657
1,2,0.0,0.5163874429223744,0.0,0.5163874429223744,0.0,0.0,9.404395796137388
2,2,0.0,0.7422874429223744,0.0,0.7422874429223744,0.0,0.0,8.827410483938058
3,2,0.0,0.7767124429223744,0.0,0.7767124429223744,0.0,0.0,7.998011464143481
4,2,0.0,0.7499374429223744,0.0,0.7499374429223744,0.0,0.0,7.130140816718775
5,2,0.0,0.6387874429223743,0.0,0.6387874429223743,0.0,0.0,6.292180864327707
6,2,0.0,0.6196624429223744,0.0,0.6196624429223744,0.0,0.0,5.578411400677594
7,2,0.0,2.2962625702977593,0.0,0.4528449492734602,1.8434176210242992,0.0,4.8860072901546765
8,2,0.4828363316475374,4.704794319352292,0.0,0.0,4.221957987704754,0.0,4.38
9,2,2.4299139018810627,2.1790331681276536,0.25088073375340914,0.0,0.0,0.0,4.38
10,2,3.8841611433988454,0.4360624429223744,3.448098700476471,0.0,0.0,0.0,4.610626429290578
11,2,4.863662503620574,0.3595624429223744,4.5041000606982,0.0,0.0,0.0,7.78035868562253
12,2,5.4167845778192225,0.3824874429223744,5.034297134896848,0.0,0.0,0.0,11.920988517416248
13,2,5.547124585898959,1.7695771838632823,3.7775474020356765,0.0,0.0,0.0,16.54924535504546
14,2,5.260217851477443,0.8519866331920232,3.119005244800656,0.0,0.0,1.2892259734847635,20.022296200087368
15,2,4.568901475496035,2.8954060575751357,0.0,0.0,0.0,1.6734954179208992,22.89
16,2,3.4717339375296996,2.349069809954562,0.0,0.0,0.0,1.1226641275751374,22.89
17,2,2.269318013172385,2.4591178118309887,0.0,0.18979979865860352,0.0,0.0,22.89
18,2,0.9367001938155728,4.249365768624085,0.0,3.3126655748085128,0.0,0.0,22.677873239239148
19,2,0.0057679206129381,1.2084874429223744,0.0,1.2027195223094362,0.0,0.0,18.975517376037356
20,2,0.0,1.7300403176428651,0.0,1.7300403176428651,0.0,0.0,17.631268113755173
21,2,0.0,0.7035124429223744,0.0,0.7035124429223744,0.0,0.0,15.697621648492863
22,2,0.0,0.5541124429223744,0.0,0.5541124429223744,0.0,0.0,14.911299688910798
23,2,0.0,0.5808874429223745,0.0,0.5808874429223745,0.0,0.0,14.291958898149774
0,2,0.0,0.6887374429223745,0.0,0.6887374429223745,0.0,0.0,13.642687518367303
1,2,0.0,0.7461124429223744,0.0,0.7461124429223744,0.0,0.0,12.872865064222532
2,2,0.0,0.7002124429223744,0.0,0.7002124429223744,0.0,0.0,12.03890691381346
3,2,0.0,2.801909625454378,0.0,2.801909625454378,0.0,0.0,11.256246892136854
4,2,0.0,2.4038363272524808,0.0,2.4038363272524808,0.0,0.0,8.12439947274135
5,2,0.0,0.6846874429223744,0.0,0.6846874429223744,0.0,0.0,5.437422440117494
6,2,0.0,0.7497124429223744,0.0,0.261283535647097,0.4884289072752774,0.0,4.672068674976366
7,2,0.0,4.202557920042895,0.0,0.0,4.202557920042895,0.0,4.38
8,2,0.5267384236954108,2.6403361657539643,0.0,0.0,2.1135977420585537,0.0,4.38
9,2,2.475315284907879,3.792264871510507,0.0,0.0,1.316949586602628,0.0,4.38
10,2,3.911059366881086,2.5731177410559076,1.3379416258251782,0.0,0.0,0.0,4.38
11,2,4.540562827042088,0.7001874429223744,3.8403753841197132,0.0,0.0,0.0,5.610392740865933
12,2,5.256047521007263,1.6598463845243892,3.5962011364828737,0.0,0.0,0.0,9.142112889519773
13,2,5.529680482625561,1.9804277839608615,3.5492526986646995,0.0,0.0,0.0,12.449414744252037
14,2,5.190765349075276,0.3404124429223744,4.850352906152902,0.0,0.0,0.0,15.713661190663979
15,2,4.580390284350119,0.3098124429223743,2.9521281199572535,0.0,0.0,1.318449721470491,20.174692848504126
16,2,3.6016624146562943,0.4745124429223744,0.0,0.0,0.0,3.12714997173392,22.89
17,2,1.9150778572010136,0.5127624429223744,0.0,0.0,0.0,1.4023154142786391,22.89
18,2,0.8998390762513551,0.5772874429223743,0.0,0.0,0.0,0.32255163332898074,22.89
19,2,0.0057723733848631,0.4661374429223744,0.0,0.46036506953751133,0.0,0.0,22.89
20,2,0.0,0.4470124429223744,0.0,0.4470124429223744,0.0,0.0,22.37528490229222
21,2,0.0,0.6423124429223743,0.0,0.6423124429223743,0.0,0.0,21.875496442052267
22,2,0.0,0.5655874429223744,0.0,0.5655874429223744,0.0,0.0,21.15734678699461
23,2,0.0,0.6191374429223744,0.0,0.6191374429223744,0.0,0.0,20.524976775975993
0,2,0.0,0.7308124429223744,0.0,0.7308124429223744,0.0,0.0,19.832729718751505
1,2,0.0,0.5852374429223745,0.0,0.5852374429223745,0.0,0.0,19.015615506258438
2,2,0.0,0.5584624429223743,0.0,0.5584624429223743,0.0,0.0,18.36126232274077
3,2,0.0,0.5775874429223743,0.0,0.5775874429223743,0.0,0.0,17.73684244867424
4,2,0.0,0.6120124429223743,0.0,0.6120124429223743,0.0,0.0,17.09103507680157
5,2,0.0,0.6081874429223744,0.0,0.6081874429223744,0.0,0.0,16.406732614141813
6,2,0.0,3.751935250833603,0.0,3.751935250833603,0.0,0.0,15.726702648285597
7,2,0.0,1.8416351535682152,0.0,1.8416351535682152,0.0,0.0,11.531541291965993
8,2,0.0567409670264959,3.107796328373537,0.0,3.051055361347041,0.0,0.0,9.47226892094053
9,2,1.772632524044876,2.5069437188473795,0.0,0.7343111948025036,0.0,0.0,6.060586787125097
10,2,3.621217540959736,1.5340097006740272,2.087207840285709,0.0,0.0,0.0,5.2394560011428215
11,2,4.817781002852394,0.5969124429223743,4.22086855993002,0.0,0.0,0.0,7.159599420089635
12,2,5.417790154349883,0.5242374429223744,4.893552711427509,0.0,0.0,0.0,11.042704829909084
13,2,5.590956954487152,0.2218624429223744,5.369094511564778,0.0,0.0,0.0,15.544861397482741
14,2,5.333414396566747,0.3712624429223744,2.6140459924071093,0.0,0.0,2.3481059612372635,20.48477516949447
15,2,4.543305532121562,0.3057624429223745,0.0,0.0,0.0,4.237543089199187,22.89
16,2,3.366112113277292,0.2877624429223744,0.0,0.0,0.0,3.0783496703549176,22.89
17,2,1.8219895594367783,0.4407624429223744,0.0,0.0,0.0,1.3812271165144039,22.89
18,2,1.0048258147710605,1.2737374429223745,0.0,0.268911628151314,0.0,0.0,22.89
19,2,0.0057345248235003,4.729208092296058,0.0,4.723473567472557,0.0,0.0,22.589232225050083
20,2,0.0,2.062440134720526,0.0,2.062440134720526,0.0,0.0,17.306185898085904
21,2,0.0,2.2831821252073476,0.0,2.2831821252073476,0.0,0.0,14.99930318038809
22,2,0.0,2.7501682543278374,0.0,2.7501682543278374,0.0,0.0,12.445461375161184
23,2,0.0,0.5847124429223745,0.0,0.5847124429223745,0.0,0.0,9.369201892372384
0,2,0.0,0.7193374429223744,0.0,0.7193374429223744,0.0,0.0,8.715140670729953
1,2,0.0,0.7690624429223745,0.0,0.7690624429223745,0.0,0.0,7.910482619843338
2,2,0.0,0.6349624429223744,0.0,0.6349624429223744,0.0,0.0,7.050195280692174
3,2,0.0,0.8646874429223744,0.0,0.8646874429223744,0.0,0.0,6.339909003395095
4,2,0.0,0.8761624429223743,0.0,0.8761624429223743,0.0,0.0,5.3726397278631675
5,2,0.0,0.6808624429223744,0.0,0.011196794041058224,0.6696656488813162,0.0,4.392525346748406
6,2,0.0,0.7114624429223743,0.0,0.0,0.7114624429223743,0.0,4.38
7,2,0.0,2.5913861260473583,0.0,0.0,2.5913861260473583,0.0,4.38
8,2,0.6209058272610884,4.8286516130474695,0.0,0.0,4.207745785786381,0.0,4.38
9,2,2.661756434015972,3.2147843744173503,0.0,0.0,0.5530279404013783,0.0,4.38
10,2,4.129196210509204,0.5546124429223744,3.5745837675868297,0.0,0.0,0.0,4.38
11,2,5.105496396877131,0.4513374429223744,4.654158953954757,0.0,0.0,0.0,7.669683235400012
12,2,5.637225126925848,0.5510124429223744,5.086212684003474,0.0,0.0,0.0,11.95305615514854
13,2,5.783040529902541,0.4974624429223744,5.285578086980166,0.0,0.0,0.0,16.634287654628803
14,2,5.511825707842634,0.3021624429223744,1.5108857958286133,0.0,0.0,3.6987774690916466,21.49926661492367
15,2,4.834915434803726,0.4745124429223744,0.0,0.0,0.0,4.360402991881352,22.89
16,2,3.6694257946235074,0.4821624429223743,0.0,0.0,0.0,3.187263351701133,22.89
17,2,2.1816660264285352,0.3251124429223744,0.0,0.0,0.0,1.8565535835061608,22.89
18,2,0.4024576857704608,0.4355374429223744,0.0,0.03307975715191358,0.0,0.0,22.89
19,2,0.0057835053146757,4.487008587328724,0.0,4.481225082014048,0.0,0.0,22.85298746214687
20,2,0.0,2.7843379883964205,0.0,2.7843379883964205,0.0,0.0,17.838997515700967
21,2,0.0,2.1310046370988065,0.0,2.1310046370988065,0.0,0.0,14.723489976938627
22,2,0.0,0.7838374429223743,0.0,0.7838374429223743,0.0,0.0,12.338954596363134
23,2,0.0,0.8450374429223744,0.0,0.8450374429223744,0.0,0.0,11.46184277270859
0,2,0.0,0.6043624429223744,0.0,0.6043624429223744,0.0,0.0,10.516240650850705
1,2,0.0,0.6349624429223744,0.0,0.6349624429223744,0.0,0.0,9.839949423223922
2,2,0.0,0.6693874429223744,0.0,0.6693874429223744,0.0,0.0,9.129411859638813
3,2,0.0,0.8723374429223744,0.0,0.8723374429223744,0.0,0.0,8.380347004344014
4,2,0.0,0.8952874429223744,0.0,0.8952874429223744,0.0,0.0,7.40416817509453
5,2,0.0,0.7420624429223743,0.0,0.7420624429223743,0.0,0.0,6.4022983704698655
6,2,0.0,0.7458874429223743,0.0,0.7458874429223743,0.0,0.0,5.571887027259438
7,2,0.0,1.5955624429223745,0.0,0.3191820092795694,1.276380433642805,0.0,4.737188870161904
8,2,0.6603837996834105,2.9487733792064494,0.0,0.0,2.288389579523039,0.0,4.38
9,2,2.6997802252500187,3.253634377878669,0.0,0.0,0.5538541526286505,0.0,4.38
10,2,4.17253069788573,2.1201407782383277,2.052389919647402,0.0,0.0,0.0,4.38
11,2,5.167019837675435,4.654830916374595,0.5121889213008393,0.0,0.0,0.0,6.26952789053333
12,2,5.702047114469902,5.785726385667978,0.0,0.08367927119807561,0.0,0.0,6.741083424255204
13,2,5.815976367618125,0.5089624429223745,5.307013924695751,0.0,0.0,0.0,6.647437177994342
14,2,5.543519118670968,0.3710124429223744,5.172506675748593,0.0,0.0,0.0,11.533460916389938
15,2,4.864521682584005,0.3557124429223744,4.50880923966163,0.0,0.0,0.0,16.29590924709768
16,2,3.8160301328411,0.3518874429223744,2.652541129221069,0.0,0.0,0.8116015606976563,20.447498186906717
17,2,2.4496317224750253,0.5471874429223743,0.0,0.0,0.0,1.9024442795526508,22.89
18,2,1.0756682323029223,0.4240624429223744,0.0,0.0,0.0,0.6516057893805479,22.89
19,2,0.0115568142536123,2.1847698345984403,0.0,2.173213020344828,0.0,0.0,22.89
20,2,0.0,0.7111624429223744,0.0,0.7111624429223744,0.0,0.0,20.45749066736676
21,2,0.0,0.5770624429223744,0.0,0.5770624429223744,0.0,0.0,19.6614581532841
22,2,0.0,0.7914874429223744,0.0,0.7914874429223744,0.0,0.0,19.015524364256734
23,2,0.0,0.6535624429223743,0.0,0.6535624429223743,0.0,0.0,18.12956904787174
0,2,0.0,0.5928874429223744,0.0,0.5928874429223744,0.0,0.0,17.39799475228944
1,2,0.0,0.6234874429223745,0.0,0.6234874429223745,0.0,0.0,16.734333376434584
2,2,0.0,1.8144081276642487,0.0,1.8144081276642487,0.0,0.0,16.03641494249009
3,2,0.0,4.499735434849191,0.0,4.499735434849191,0.0,0.0,14.00539238937421
4,2,0.0,0.6846874429223744,0.0,0.6846874429223744,0.0,0.0,8.968358109510282
5,2,0.0,0.7229374429223744,0.0,0.7229374429223744,0.0,0.0,8.20187862465111
6,2,0.0,0.6999874429223744,0.0,0.6999874429223744,0.0,0.0,7.392574094189325
7,2,0.0,7.359343374393805,0.0,1.9910571912262938,5.368286183167511,0.0,6.608955459644449
8,2,0.6563989395746135,5.0439503660331235,0.0,0.0,4.38755142645851,0.0,4.38
9,2,2.656425401330459,2.7170946972177648,0.0,0.0,0.06066929588730563,0.0,4.38
10,2,4.087750195120715,3.01104289356379,1.076707301556925,0.0,0.0,0.0,4.38
11,2,5.0340766526380705,5.994925195104393,0.0,0.8857788328347058,0.07506970963161708,0.0,5.371646211000412
12,2,5.553527428695213,3.5005060089981095,2.053021419697104,0.0,0.0,0.0,4.38
13,2,5.667212807355885,4.470939965200261,1.1962728421556248,0.0,0.0,0.0,6.270868859709683
14,2,5.383268059184229,4.462730543421568,0.9205375157626614,0.0,0.0,0.0,7.372680637940163
15,2,4.7206144787066675,4.645095961489613,0.07551851721705471,0.0,0.0,0.0,8.220540434670205
16,2,3.702173700988501,5.091783760365743,0.0,1.389610059377242,0.0,0.0,8.290097323195186
17,2,2.379412781666713,2.1818313009312966,0.19758148073541637,0.0,0.0,0.0,6.734319784711209
18,2,1.0540746469240951,0.3054874429223745,0.7485872040017206,0.0,0.0,0.0,6.916306430773677
19,2,0.0002231798640043,1.9798673670280584,0.0,1.9796441871640542,0.0,0.0,7.605810087373961
20,2,0.0,0.4317124429223744,0.0,0.4317124429223744,0.0,0.0,5.389389386868194
21,2,0.0,0.5005624429223744,0.0,0.46982497067395856,0.03073747224841583,0.0,4.906031807220627
22,2,0.0,0.6729124429223744,0.0,0.0,0.6729124429223744,0.0,4.38
23,2,0.0,0.4776124429223743,0.0,0.0,0.4776124429223743,0.0,4.38
0,2,0.0,0.3863374429223744,0.0,0.0,0.3863374429223744,0.0,4.38
1,2,0.0,0.4360624429223744,0.0,0.0,0.4360624429223744,0.0,4.38
2,2,0.0,0.5546374429223744,0.0,0.0,0.5546374429223744,0.0,4.38
3,2,0.0,1.9228082500376216,0.0,0.0,1.9228082500376216,0.0,4.38
4,2,0.0,0.8493874429223744,0.0,0.0,0.8493874429223744,0.0,4.38
5,2,0.0,1.973967048561362,0.0,0.0,1.973967048561362,0.0,4.38
6,2,0.0,0.9297124429223744,0.0,0.0,0.9297124429223744,0.0,4.38
7,2,0.0,3.4057334354312676,0.0,0.0,3.4057334354312676,0.0,4.38
8,2,0.6736991756020311,2.9515854642599297,0.0,0.0,2.2778862886578986,0.0,4.38
9,2,2.6251811089602537,0.6196374429223743,2.0055436660378794,0.0,0.0,0.0,4.38
10,2,4.0371867708674944,0.6542874429223743,3.38289932794512,0.0,0.0,0.0,6.227322120774026
11,2,4.985881147361826,0.5318874429223743,4.453993704439451,0.0,0.0,0.0,9.343402183173994
12,2,5.500757374401271,0.2607624429223745,5.239994931478897,0.0,0.0,0.0,13.446240064794514
13,2,5.627214572667905,2.3665256551179583,3.2606889175499463,0.0,0.0,0.0,18.27333310638275
14,2,5.361485756979261,1.7230846522029823,1.750549051999622,0.0,0.0,1.8878520527766562,21.27724889822999
15,2,4.7312740279883165,1.7810262187535622,0.0,0.0,0.0,2.9502478092347544,22.89
16,2,3.7281100234806512,0.4452624429223744,0.0,0.0,0.0,3.282847580558277,22.89
17,2,2.413713352852206,2.666979732246856,0.0,0.2532663793946499,0.0,0.0,22.89
18,2,1.056653659529332,2.5850667763632957,0.0,1.5284131168339636,0.0,0.0,22.606374026637553
19,2,0.0003330763232564,0.5122624429223744,0.0,0.511929366599118,0.0,0.0,20.89474219900966
20,2,0.0,0.3705124429223744,0.0,0.3705124429223744,0.0,0.0,20.321436154959102
21,2,0.0,0.4164124429223744,0.0,0.4164124429223744,0.0,0.0,19.90649971289467
22,2,0.0,0.6308374429223743,0.0,0.6308374429223743,0.0,0.0,19.44015812487914
23,2,0.0,2.4659669556952375,0.0,2.4659669556952375,0.0,0.0,18.733678264399177
0,2,0.0,0.6237124429223744,0.0,0.6237124429223744,0.0,0.0,15.97200423714928
1,2,0.0,2.664858399995291,0.0,2.664858399995291,0.0,0.0,15.273481300580777
2,2,0.0,2.193617138216551,0.0,2.193617138216551,0.0,0.0,12.288970136898735
3,2,0.0,2.7315741801531055,0.0,2.7315741801531055,0.0,0.0,9.832158295690936
4,2,0.0,2.590110769629418,0.0,2.1363310998803664,0.4537796697490517,0.0,6.772774657196538
5,2,0.0,0.8034874429223744,0.0,0.0,0.8034874429223744,0.0,4.38
6,2,0.0,0.6464374429223744,0.0,0.0,0.6464374429223744,0.0,4.38
7,2,0.0,2.8934565668881533,0.0,0.0,2.8934565668881533,0.0,4.38
8,2,0.743658816763322,4.21648319884122,0.0,0.0,3.4728243820778983,0.0,4.38
9,2,2.7287996879931207,1.682103665437945,1.0466960225551756,0.0,0.0,0.0,4.38
10,2,4.145581090094461,0.4245624429223744,3.7210186471720865,0.0,0.0,0.0,5.344485966753033
11,2,5.115972625641263,0.3633624429223744,4.752610182718889,0.0,0.0,0.0,8.773283945485852
12,2,5.65434352034634,0.3174624429223744,5.336881077423966,0.0,0.0,0.0,13.152828988285606
13,2,5.778354569425049,0.2868624429223744,5.22892670385215,0.0,0.0,0.26256542265052385,18.071023780963717
14,2,5.5049161912353215,0.4439124429223743,0.0,0.0,0.0,5.061003748312947,22.89
15,2,4.850533102587137,0.2002624429223743,0.0,0.0,0.0,4.650270659664763,22.89
16,2,3.8081676353570937,0.2047624429223744,0.0,0.0,0.0,3.6034051924347192,22.89
17,2,2.4522334055218686,0.3712624429223744,0.0,0.0,0.0,2.080970962599494,22.89
18,2,1.057831337527362,0.3284374429223744,0.0,0.0,0.0,0.7293938946049876,22.89
19,2,0.0003354201127624,2.713876345473717,0.0,2.7135409253609546,0.0,0.0,22.89
20,2,0.0,2.1247202589442944,0.0,2.1247202589442944,0.0,0.0,19.85002743359352
21,2,0.0,5.515148116540484,0.0,5.515148116540484,0.0,0.0,17.469642098958783
22,2,0.0,5.04749035165004,0.0,5.04749035165004,0.0,0.0,11.290726612932767
23,2,0.0,4.11947014487607,0.0,1.1204430175035363,2.9990271273725337,0.0,5.635429747664702
0,2,0.0,0.7040374429223744,0.0,0.0,0.7040374429223744,0.0,4.38
1,2,0.0,0.7499374429223744,0.0,0.0,0.7499374429223744,0.0,4.38
2,2,0.0,0.5775874429223743,0.0,0.0,0.5775874429223743,0.0,4.38
3,2,0.0,0.7843624429223743,0.0,0.0,0.7843624429223743,0.0,4.38
4,2,0.0,0.6502624429223743,0.0,0.0,0.6502624429223743,0.0,4.38
5,2,0.0,0.6885124429223743,0.0,0.0,0.6885124429223743,0.0,4.38
6,2,0.0,0.6579124429223744,0.0,0.0,0.6579124429223744,0.0,4.38
7,2,0.0,2.595581605681745,0.0,0.0,2.595581605681745,0.0,4.38
8,2,0.7703311735017538,2.882570859733573,0.0,0.0,2.112239686231819,0.0,4.38
9,2,2.7496258760704047,0.5737374429223745,2.17588843314803,0.0,0.0,0.0,4.38
10,2,4.157604910875372,2.326569190953939,1.8310357199214327,0.0,0.0,0.0,6.3857499708992975
11,2,5.086872729765567,2.7692921289572783,2.3175806008082884,0.0,0.0,0.0,8.073650257746095
12,2,5.595729528893457,3.8888229140653254,1.706906614828132,0.0,0.0,0.0,10.210101883087663
13,2,5.697394614021265,2.0998010001614658,3.5975936138597993,0.0,0.0,0.0,11.783644161185707
14,2,5.412241674775151,0.3957624429223745,5.016479231852776,0.0,0.0,0.0,15.100208647177267
15,2,4.756017728479017,0.4272624429223745,3.432886308510473,0.0,0.0,0.8958689770461694,19.724993825165722
16,2,3.7440261025824695,0.4362624429223744,0.0,0.0,0.0,3.307763659660095,22.89
17,2,2.4175330130785695,0.6117624429223742,0.0,0.0,0.0,1.8057705701561952,22.89
18,2,1.0467993632953114,0.4096624429223743,0.0,0.0,0.0,0.6371369203729371,22.89
19,2,0.0003315137969191,2.69658395797824,0.0,2.6962524441813205,0.0,0.0,22.89
20,2,0.0,2.046318559380695,0.0,2.046318559380695,0.0,0.0,19.86824902083323
21,2,0.0,2.749082991220687,0.0,2.749082991220687,0.0,0.0,17.57482948160234
22,2,0.0,0.4814374429223744,0.0,0.4814374429223744,0.0,0.0,14.493718556996312
23,2,0.0,0.6155374429223743,0.0,0.6155374429223743,0.0,0.0,13.954118818281447
0,2,0.0,0.3213124429223744,0.0,0.3213124429223744,0.0,0.0,13.264215058342645
1,2,0.0,2.6722057274397635,0.0,2.6722057274397635,0.0,0.0,12.904080869263774
2,2,0.0,2.678032877890154,0.0,2.678032877890154,0.0,0.0,9.90900280314495
3,2,0.0,0.7537624429223744,0.0,0.7537624429223744,0.0,0.0,6.907310311945629
4,2,0.0,0.5928874429223744,0.0,0.5928874429223744,0.0,0.0,6.0624267636952665
5,2,0.0,0.7996624429223744,0.0,0.7996624429223744,0.0,0.0,5.397860933982254
6,2,0.0,2.5629245257676914,0.0,0.1084081050693038,2.4545164206983876,0.0,4.501516088589999
7,2,0.0,2.08812549048608,0.0,0.0,2.08812549048608,0.0,4.38
8,2,0.5884642335062118,1.5343624429223746,0.0,0.0,0.9458982094161628,0.0,4.38
9,2,2.5165037502095746,0.7231374429223744,1.7933663072872004,0.0,0.0,0.0,4.38
10,2,3.981362009169308,0.3480874429223743,3.6332745662469335,0.0,0.0,0.0,6.033765804942041
11,2,4.955644234717003,2.650901823004605,2.3047424117123976,0.0,0.0,0.0,9.38427874713104
12,2,5.384661363698461,0.3147624429223745,5.069898920776087,0.0,0.0,0.0,11.509733403397005
13,2,5.587666425272315,0.5757624429223744,5.01190398234994,0.0,0.0,0.0,16.185352626891483
14,2,5.360613545607154,0.4542624429223744,2.25762461601221,0.0,0.0,2.6487264866725697,20.80773023316092
15,2,4.695569745727956,0.5037624429223744,0.0,0.0,0.0,4.191807302805581,22.89
16,2,3.681609300782256,0.4567624429223743,0.0,0.0,0.0,3.2248468578598817,22.89
17,2,2.3881883384973515,0.4207624429223744,0.0,0.0,0.0,1.967425895574977,22.89
18,2,1.035458209922455,2.080867062410958,0.0,1.0454088524885032,0.0,0.0,22.89
19,2,0.0004409757304877,0.8755382644608991,0.0,0.8750972887304114,0.0,0.0,21.71794194534167
20,2,0.0,1.435992598960356,0.0,1.435992598960356,0.0,0.0,20.736817719193517
21,2,0.0,2.670235599329675,0.0,2.670235599329675,0.0,0.0,19.126825392210684
22,2,0.0,0.5772874429223743,0.0,0.5772874429223743,0.0,0.0,16.13299179856696
23,2,0.0,0.4661374429223744,0.0,0.4661374429223744,0.0,0.0,15.485726655504596
0,2,0.0,0.5395624429223744,0.0,0.5395624429223744,0.0,0.0,14.963081776023252
1,2,0.0,0.3060124429223744,0.0,0.3060124429223744,0.0,0.0,14.35810803651745
2,2,0.0,0.5969374429223744,0.0,0.5969374429223744,0.0,0.0,14.014995703783155
3,2,0.0,0.7269874429223744,0.0,0.7269874429223744,0.0,0.0,13.34568550528992
4,2,0.0,0.6043624429223744,0.0,0.6043624429223744,0.0,0.0,12.530552982586277
5,2,0.0,0.8302624429223744,0.0,0.8302624429223744,0.0,0.0,11.852908266858151
6,2,0.0,0.8417374429223744,0.0,0.8417374429223744,0.0,0.0,10.921966094403075
7,2,0.0,1.4270374429223742,0.0,1.4270374429223742,0.0,0.0,9.978149302816314
8,2,0.7980179581961315,1.835307418080906,0.0,1.0372894598847744,0.0,0.0,8.378037918017508
9,2,2.7253678744824263,1.8996469964363336,0.8257208780460927,0.0,0.0,0.0,7.214926703539013
10,2,4.100547393195869,0.5969124429223743,3.503634950273495,0.0,0.0,0.0,7.976640292051238
11,2,5.004893420929097,0.2906874429223743,4.7142059780067225,0.0,0.0,0.0,11.208712158151437
12,2,5.468797939557986,0.5082624429223744,4.960535496635612,0.0,0.0,0.0,15.55768308015857
13,2,5.558494745553339,0.4092624429223743,2.987021058256563,0.0,0.0,2.1622112443744013,20.13412293414018
14,2,5.266955118620243,0.6522624429223745,0.0,0.0,0.0,4.614692675697868,22.89
15,2,4.6217776940672035,0.6972624429223744,0.0,0.0,0.0,3.924515251144829,22.89
16,2,3.6227036438924354,0.5307624429223745,0.0,0.0,0.0,3.091941200970061,22.89
17,2,2.3393899228107182,0.5037624429223744,0.0,0.0,0.0,1.8356274798883438,22.89
18,2,0.9907157690752812,0.6616624429223743,0.0,0.0,0.0,0.32905332615290694,22.89
19,2,0.0004406285024127,0.3556624429223743,0.0,0.3552218144199616,0.0,0.0,22.89
20,2,0.0,1.6738583364420718,0.0,1.6738583364420718,0.0,0.0,22.491615746432235
21,2,0.0,1.7139101334370757,0.0,1.7139101334370757,0.0,0.0,20.61436261764461
22,2,0.0,1.8344342917606684,0.0,1.8344342917606684,0.0,0.0,18.692157500710966
23,2,0.0,1.7965901254070236,0.0,1.7965901254070236,0.0,0.0,16.634744079254776
0,2,0.0,1.466241767828622,0.0,1.466241767828622,0.0,0.0,14.619736490500951
1,2,0.0,1.477287443903056,0.0,1.477287443903056,0.0,0.0,12.975208145134092
2,2,0.0,1.5968227760707892,0.0,1.5968227760707892,0.0,0.0,11.318265814928072
3,2,0.0,1.601320584414944,0.0,1.601320584414944,0.0,0.0,9.527223837488405
4,2,0.0,1.5656557516666003,0.0,1.5656557516666003,0.0,0.0,7.731107218308174
5,2,0.0,4.229190801872694,0.0,1.421937705913051,2.8072530959596427,0.0,5.974964764531549
6,2,0.0,2.7360961351224646,0.0,0.0,2.7360961351224646,0.0,4.38
7,2,0.0,2.0221729590704345,0.0,0.0,2.0221729590704345,0.0,4.38
8,2,0.8242960697313323,2.2335830232861853,0.0,0.0,1.4092869535548531,0.0,4.38
9,2,2.742727967277016,0.6313624429223744,2.1113655243546416,0.0,0.0,0.0,4.38
10,2,4.152717956963633,2.025909363901659,2.126808593061974,0.0,0.0,0.0,6.328376323730682
11,2,5.137808988377034,2.089292727707492,3.048516260669542,0.0,0.0,0.0,8.29104658930188
12,2,5.709682168270816,0.4898124429223743,5.219869725348442,0.0,0.0,0.0,11.104353035549087
13,2,5.864201544652528,0.4630374429223743,5.401164101730154,0.0,0.0,0.0,15.921633528684373
14,2,5.566293971492358,0.4400874429223744,2.1490322184377786,0.0,0.0,2.9771743101322046,20.9064959711798
15,2,4.894935500262119,0.1957624429223744,0.0,0.0,0.0,4.6991730573397446,22.89
16,2,3.84082598616819,0.4407624429223744,0.0,0.0,0.0,3.4000635432458157,22.89
17,2,2.480141935576496,0.2945124429223744,0.0,0.0,0.0,2.1856294926541215,22.89
18,2,1.0445145938799782,0.3628624429223744,0.0,0.0,0.0,0.6816521509576039,22.89
19,2,0.0005603331736031,3.316019913307755,0.0,3.315459580134152,0.0,0.0,22.89
20,2,0.0,0.4584874429223744,0.0,0.4584874429223744,0.0,0.0,19.170272682041904
21,2,0.0,3.4206640577979623,0.0,3.4206640577979623,0.0,0.0,18.655862255042425
22,2,0.0,0.5961874429223744,0.0,0.5961874429223744,0.0,0.0,14.817952050827877
23,2,0.0,0.5464624429223744,0.0,0.5464624429223744,0.0,0.0,14.149019029114386
0,2,0.0,0.6849124429223743,0.0,0.6849124429223743,0.0,0.0,13.53587455489672
1,2,0.0,0.5928874429223744,0.0,0.5928874429223744,0.0,0.0,12.767381370882086
2,2,0.0,2.824551616032599,0.0,2.824551616032599,0.0,0.0,12.102138383956447
3,2,0.0,0.8073124429223744,0.0,0.8073124429223744,0.0,0.0,8.932861070630022
4,2,0.0,0.7305874429223743,0.0,0.7305874429223743,0.0,0.0,8.026992669014227
5,2,0.0,0.9450124429223744,0.0,0.9450124429223744,0.0,0.0,7.207208911976702
6,2,0.0,0.7917874429223744,0.0,0.7917874429223744,0.0,0.0,6.146813286473294
7,2,0.0,0.8032624429223744,0.0,0.7827544445178708,0.02050799840450357,0.0,5.258342254398297
8,2,0.8350093720879973,0.7229374429223744,0.11207192916562292,0.0,0.0,0.0,4.38
9,2,2.6497681244000244,0.6731874429223744,1.97658068147765,0.0,0.0,0.0,4.483459671748388
10,2,3.988156338813564,0.5584374429223744,3.4297188958911895,0.0,0.0,0.0,6.308150546775074
11,2,4.694961902326757,0.3939874429223744,4.300974459404382,0.0,0.0,0.0,9.474378616333421
12,2,5.358376139816238,1.557073383021578,3.8013027567946605,0.0,0.0,0.0,13.445068790616487
13,2,5.500457208915717,2.7569528416290403,2.7435043672866763,0.0,0.0,0.0,16.95461526346494
14,2,5.569695835643057,3.0462057305894046,2.5234901050536527,0.0,0.0,0.0,19.48765113057052
15,2,4.888638157072246,2.867446215527998,1.161422535838672,0.0,0.0,0.8597694057055763,21.817617567390553
16,2,3.852325625775552,2.931690385311887,0.0,0.0,0.0,0.9206352404636649,22.89
17,2,2.5098125777663953,2.601212872670681,0.0,0.09140029490428558,0.0,0.0,22.89
18,2,1.060387018818187,3.0583216910946973,0.0,1.9979346722765103,0.0,0.0,22.787415961094588
19,2,0.0006713566523296,3.2395237361659226,0.0,3.238852379513593,0.0,0.0,20.54501178780277
20,2,0.0,5.789701325767476,0.0,5.789701325767476,0.0,0.0,16.909774399999847
21,2,0.0,5.041493378043627,0.0,5.041493378043627,0.0,0.0,10.411285317096024
22,2,0.0,3.5037990600112505,0.0,0.33162138434532484,3.1721776756659255,0.0,4.7522610747924325
23,2,0.0,3.483512170378785,0.0,0.0,3.483512170378785,0.0,4.38
0,2,0.0,3.652363370519341,0.0,0.0,3.652363370519341,0.0,4.38
1,2,0.0,3.1442561301350205,0.0,0.0,3.1442561301350205,0.0,4.38
2,2,0.0,3.4480998646466667,0.0,0.0,3.4480998646466667,0.0,4.38
3,2,0.0,3.5066763442280706,0.0,0.0,3.5066763442280706,0.0,4.38
4,2,0.0,0.8952874429223744,0.0,0.0,0.8952874429223744,0.0,4.38
5,2,0.0,0.7535374429223743,0.0,0.0,0.7535374429223743,0.0,4.38
6,2,0.0,0.9526624429223745,0.0,0.0,0.9526624429223745,0.0,4.38
7,2,0.0,2.6934476365664,0.0,0.0,2.6934476365664,0.0,4.38
8,2,0.9522798216907132,3.6222946504870386,0.0,0.0,2.6700148287963255,0.0,4.38
9,2,2.879255486399273,0.8455374429223743,2.033718043476899,0.0,0.0,0.0,4.38
10,2,4.286319545849887,1.9081233090865863,2.3781962367633005,0.0,0.0,0.0,6.258148040295978
11,2,5.21580442517899,4.125690358652954,1.090114066526036,0.0,0.0,0.0,8.454469692858828
12,2,5.703160960365492,4.0318769956405935,1.671283964724898,0.0,0.0,0.0,9.461241231621825
13,2,5.790051828982686,3.4459466731167776,2.3441051558659085,0.0,0.0,0.0,11.004767947939541
14,2,5.492830502822947,0.3057624429223745,5.1870680599005725,0.0,0.0,0.0,13.169721263305147
15,2,4.823945978666659,0.3327624429223744,4.491183535744285,0.0,0.0,0.0,17.960476347907477
16,2,3.790127803571822,0.3372624429223744,0.8458055401906932,0.0,0.0,2.6070598204587547,22.108738862815112
17,2,2.454164267675805,0.2967624429223743,0.0,0.0,0.0,2.157401824753431,22.89
18,2,1.029323292709217,2.3363761570971375,0.0,1.3070528643879205,0.0,0.0,22.89
19,2,0.000669533704936,4.399098942881042,0.0,4.3984294091761065,0.0,0.0,21.422459208942993
20,2,0.0,4.501292686543226,0.0,4.501292686543226,0.0,0.0,16.48389672279525
21,2,0.0,4.373576792481497,0.0,4.373576792481497,0.0,0.0,11.429608204239363
22,2,0.0,2.3601649632976236,0.0,1.9043450038686967,0.45581995942892695,0.0,6.5184960970104
23,2,0.0,2.515536191059763,0.0,0.0,2.515536191059763,0.0,4.38
0,2,0.0,3.597034785621176,0.0,0.0,3.597034785621176,0.0,4.38
1,2,0.0,3.979095440796713,0.0,0.0,3.979095440796713,0.0,4.38
2,2,0.0,3.664976756660715,0.0,0.0,3.664976756660715,0.0,4.38
3,2,0.0,2.7658048607373704,0.0,0.0,2.7658048607373704,0.0,4.38
4,2,0.0,0.5967124429223744,0.0,0.0,0.5967124429223744,0.0,4.38
5,2,0.0,0.6234874429223745,0.0,0.0,0.6234874429223745,0.0,4.38
6,2,0.0,0.6617374429223744,0.0,0.0,0.6617374429223744,0.0,4.38
7,2,0.0,3.769108401011758,0.0,0.0,3.769108401011758,0.0,4.38
8,2,0.9986609075365772,2.288777409898232,0.0,0.0,1.2901165023616548,0.0,4.38
9,2,2.950536665871162,2.321515294725254,0.6290213711459076,0.0,0.0,0.0,4.38
10,2,4.365633672288486,0.7269624429223744,3.6386712293661114,0.0,0.0,0.0,4.961124668926786
11,2,5.312410697245801,0.6695874429223744,4.642823254323427,0.0,0.0,0.0,8.322752006017275
12,2,5.813793086283249,2.2225848505451893,3.59120823573806,0.0,0.0,0.0,12.612238696889827
13,2,5.603663444040443,2.176255717665707,3.4274077263747356,0.0,0.0,0.0,15.930302394660094
14,2,5.033881049448767,0.9404205161647112,4.0934605332840555,0.0,0.0,0.0,19.09714233007309
15,2,5.02143194526241,1.0514473378450555,0.011326986098212597,0.0,0.0,3.958657621319142,22.879533326894045
16,2,3.986159247610196,0.3633624429223744,0.0,0.0,0.0,3.622796804687822,22.89
17,2,2.594293784335525,0.5739624429223744,0.0,0.0,0.0,2.0203313414131507,22.89
18,2,1.0748870260894867,2.41704878408864,0.0,1.3421617579991534,0.0,0.0,22.89
19,2,0.0007944892195808,2.2909135279747113,0.0,2.2901190387551305,0.0,0.0,21.382467373391865
20,2,0.0,3.6236593239157706,0.0,3.6236593239157706,0.0,0.0,18.810141558529143
21,2,0.0,0.6153124429223744,0.0,0.6153124429223744,0.0,0.0,14.739849066014752
22,2,0.0,0.6535624429223743,0.0,0.6535624429223743,0.0,0.0,14.048670414976286
23,2,0.0,0.6956374429223744,0.0,0.6956374429223744,0.0,0.0,13.314520955740711
0,3,0.0,0.6426124429223744,0.0,0.6426124429223744,0.0,0.0,12.533103161658795
1,3,0.0,0.8685124429223743,0.0,0.8685124429223743,0.0,0.0,11.8112437589454
2,3,0.0,0.9029374429223744,0.0,0.9029374429223744,0.0,0.0,10.835619852839425
3,3,0.0,0.9335374429223744,0.0,0.9335374429223744,0.0,0.0,9.821316239504897
4,3,0.0,0.9526624429223745,0.0,0.9526624429223745,0.0,0.0,8.772628650385986
5,3,0.0,2.191608718094142,0.0,2.191608718094142,0.0,0.0,7.70244664087796
6,3,0.0,1.8476568663550736,0.0,0.7659443705810531,1.0817124957740205,0.0,5.240458694198613
7,3,0.0,3.636888934919961,0.0,0.0,3.636888934919961,0.0,4.38
8,3,1.0490838513272531,2.4227537037440596,0.0,0.0,1.3736698524168065,0.0,4.38
9,3,2.9454447315047454,2.6856709150420772,0.2597738164626682,0.0,0.0,0.0,4.38
10,3,4.329942444595591,0.4895874429223744,3.840355001673217,0.0,0.0,0.0,4.620084496459606
11,3,5.253443354262918,0.4054374429223744,4.848005911340544,0.0,0.0,0.0,8.169372871763061
12,3,5.746289917914033,1.4706642873134608,4.275625630600572,0.0,0.0,0.0,12.650119592679266
13,3,5.836301594341238,1.277542690696512,4.558758903644726,0.0,0.0,0.0,16.602045723866922
14,3,5.546955319081612,1.8966031008974664,2.2438284915854734,0.0,0.0,1.4065237265986728,20.81585697805049
15,3,4.877135683071249,2.13217751769107,0.0,0.0,0.0,2.7449581653801793,22.89
16,3,3.8465442936872942,0.9343140244644548,0.0,0.0,0.0,2.9122302692228397,22.89
17,3,2.493142218868413,0.4542624429223743,0.0,0.0,0.0,2.0388797759460386,22.89
18,3,1.029628332597886,1.0593124429223744,0.0,0.029684110324488255,0.0,0.0,22.89
19,3,0.0007829438860882,0.4049374429223744,0.0,0.4041544990362862,0.0,0.0,22.856645784724662
20,3,0.0,0.4584874429223744,0.0,0.4584874429223744,0.0,0.0,22.402522006746498
21,3,0.0,0.4929124429223744,0.0,0.4929124429223744,0.0,0.0,21.887345446061357
22,3,0.0,0.5273374429223745,0.0,0.5273374429223745,0.0,0.0,21.33348480776118
23,3,0.0,2.4126213577332716,0.0,2.4126213577332716,0.0,0.0,20.740939510842523
0,3,0.0,2.452724946709366,0.0,2.452724946709366,0.0,0.0,18.02997085575494
1,3,0.0,0.4628374429223744,0.0,0.4628374429223744,0.0,0.0,15.2738702113745
2,3,0.0,0.4551874429223744,0.0,0.4551874429223744,0.0,0.0,14.753771488342968
3,3,0.0,0.6428374429223744,0.0,0.6428374429223744,0.0,0.0,14.242266745254218
4,3,0.0,0.4972624429223744,0.0,0.4972624429223744,0.0,0.0,13.519891902193127
5,3,0.0,0.7193374429223744,0.0,0.7193374429223744,0.0,0.0,12.961100119632148
6,3,0.0,2.526465882331128,0.0,2.526465882331128,0.0,0.0,12.15275045148766
7,3,0.0,2.6646806001251333,0.0,2.6646806001251333,0.0,0.0,9.313633489031641
8,3,1.0161079646193882,1.4157874429223745,0.0,0.3996794783029862,0.0,0.0,6.319119005434716
9,3,2.8482511585275847,0.4245624429223744,2.4236887156052105,0.0,0.0,0.0,5.8699547956648255
10,3,4.205603553207871,0.4898124429223743,3.715791110285496,0.0,0.0,0.0,8.110761650608772
11,3,5.123659153073486,0.7072093500612856,4.416449803012201,0.0,0.0,0.0,11.546260620440071
12,3,5.6084744733951,0.790591809789609,4.8178826636054914,0.0,0.0,0.0,15.629723523785056
13,3,5.709101150948946,0.4407624429223745,3.0339219304463723,0.0,0.0,2.2344167775801993,20.084557108912207
14,3,5.432708646567515,1.2119754835935082,0.0,0.0,0.0,4.220733162974007,22.89
15,3,4.759068802250955,0.9481396561683108,0.0,0.0,0.0,3.810929146082644,22.89
16,3,3.739804945847464,1.05970373348477,0.0,0.0,0.0,2.6801012123626937,22.89
17,3,2.430534876471188,1.0630778825398504,0.0,0.0,0.0,1.3674569939313375,22.89
18,3,1.0051333239592388,0.4321624429223744,0.0,0.0,0.0,0.5729708810368644,22.89
19,3,0.0008836797519143,1.0741624429223744,0.0,1.0732787631704601,0.0,0.0,22.89
20,3,0.0,1.4000315654878863,0.0,1.4000315654878863,0.0,0.0,21.683601498173683
21,3,0.0,1.8694880699848455,0.0,1.8694880699848455,0.0,0.0,20.10990517746275
22,3,0.0,1.6864816942852745,0.0,1.6864816942852745,0.0,0.0,18.008488739374616
23,3,0.0,1.942686834200952,0.0,1.942686834200952,0.0,0.0,16.112745548120795
0,3,0.0,0.4513624429223744,0.0,0.4513624429223744,0.0,0.0,13.928968537175706
1,3,0.0,0.4972624429223744,0.0,0.4972624429223744,0.0,0.0,13.421581123944147
2,3,0.0,0.5240374429223744,0.0,0.5240374429223744,0.0,0.0,12.86259378832551
3,3,0.0,0.5546374429223744,0.0,0.5546374429223744,0.0,0.0,12.273504840299193
4,3,0.0,0.7461124429223744,0.0,0.7461124429223744,0.0,0.0,11.65001395526427
5,3,0.0,0.7537624429223744,0.0,0.7537624429223744,0.0,0.0,10.811273265114897
6,3,0.0,0.7767124429223744,0.0,0.7767124429223744,0.0,0.0,9.963926266651463
7,3,0.0,3.0245399795762467,0.0,3.0245399795762467,0.0,0.0,9.090773027818537
8,3,1.0297798244913576,2.417376002809893,0.0,1.1658521115036022,0.2217440668149333,0.0,5.690662415763651
9,3,2.8049121471051857,0.3710374429223744,2.433874704182811,0.0,0.0,0.0,4.38
10,3,4.14231436039353,0.4706874429223743,3.6716269174711558,0.0,0.0,0.0,6.631040722446943
11,3,4.986067302931602,0.3687624429223744,4.617304860009227,0.0,0.0,0.0,10.026939037545517
12,3,5.476240202398331,2.899210921389618,2.5770292810087128,0.0,0.0,0.0,14.297660755819148
13,3,5.556626354096955,1.94057951960018,3.6160468344967747,0.0,0.0,0.0,16.681368141221622
14,3,5.2768893359666835,1.2756729337322013,3.0958169906653317,0.0,0.0,0.9053994115691508,20.02623843507334
15,3,4.574014052036853,1.287626861461565,0.0,0.0,0.0,3.2863871905752884,22.89
16,3,3.68512071963138,2.96638343893932,0.0,0.0,0.0,0.7187372806920602,22.89
17,3,2.345841334139112,2.77268123820045,0.0,0.426839904061338,0.0,0.0,22.89
18,3,0.9521391961633212,5.478383038301841,0.0,4.52624384213852,0.0,0.0,22.41003662665732
19,3,0.0008906243134136,2.831859847545499,0.0,2.8309692232320853,0.0,0.0,17.320444739478805
20,3,0.0,3.0249044639905818,0.0,3.0249044639905818,0.0,0.0,14.136975796459991
21,3,0.0,2.276684181153928,0.0,2.276684181153928,0.0,0.0,10.735323437938007
22,3,0.0,2.9307783104656684,0.0,2.9307783104656684,0.0,0.0,8.175000617717519
23,3,0.0,0.6690874429223743,0.0,0.4437096355142315,0.22537780740814284,0.0,4.879015844496045
0,3,0.0,2.3463234737084093,0.0,0.0,2.3463234737084093,0.0,4.38
1,3,0.0,0.4666624429223743,0.0,0.0,0.4666624429223743,0.0,4.38
2,3,0.0,2.008624959347203,0.0,0.0,2.008624959347203,0.0,4.38
3,3,0.0,2.0090126978988203,0.0,0.0,2.0090126978988203,0.0,4.38
4,3,0.0,1.7528004863233446,0.0,0.0,1.7528004863233446,0.0,4.38
5,3,0.0,1.7674536806323435,0.0,0.0,1.7674536806323435,0.0,4.38
6,3,0.0,3.661397425887507,0.0,0.0,3.661397425887507,0.0,4.38
7,3,0.0,0.5890624429223744,0.0,0.0,0.5890624429223744,0.0,4.38
8,3,0.8278057604482238,3.11143662391161,0.0,0.0,2.2836308634633857,0.0,4.38
9,3,2.279987896759442,2.129195717111413,0.15079217964802893,0.0,0.0,0.0,4.38
10,3,3.1522954037118573,3.7915132215198,0.0,0.12405395699425555,0.515163860813687,0.0,4.519517531759597
11,3,4.402615750987385,3.809042377934426,0.5935733730529593,0.0,0.0,0.0,4.38
12,3,4.75241830013981,2.814827216449205,1.9375910836906054,0.0,0.0,0.0,4.929193791245642
13,3,5.142058561741176,4.951308165330599,0.19075039641057678,0.0,0.0,0.0,6.72192846514087
14,3,4.7657836040456765,4.770794829271494,0.0,0.005011225225817206,0.0,0.0,6.898421714511895
15,3,4.547557253154943,2.926085933296879,1.6214713198580637,0.0,0.0,0.0,6.892785663052669
16,3,3.693046452355761,0.8966398277589454,2.7964066245968158,0.0,0.0,0.0,8.393067342716817
17,3,2.358125371812725,0.2652624429223744,2.0928629288903506,0.0,0.0,0.0,10.98051269832339
18,3,0.8708131247854011,2.3342845537235446,0.0,1.4634714289381434,0.0,0.0,12.917042973517905
19,3,0.0008906243134136,0.3590374429223744,0.0,0.3581468186089608,0.0,0.0,11.270986502043685
20,3,0.0,0.4125874429223743,0.0,0.4125874429223743,0.0,0.0,10.868150575264625
21,3,0.0,0.4470124429223744,0.0,0.4470124429223744,0.0,0.0,10.404079261641318
22,3,0.0,3.040664714233521,0.0,3.040664714233521,0.0,0.0,9.901285136177
23,3,0.0,3.0729718939852244,0.0,1.8679883870146412,1.2049835069705832,0.0,6.481166761372497
0,3,0.0,0.4628374429223744,0.0,0.0,0.4628374429223744,0.0,4.38
1,3,0.0,0.5163874429223744,0.0,0.0,0.5163874429223744,0.0,4.38
2,3,0.0,0.7346374429223743,0.0,0.0,0.7346374429223743,0.0,4.38
3,3,0.0,3.0568655845499,0.0,0.0,3.0568655845499,0.0,4.38
4,3,0.0,0.7881874429223744,0.0,0.0,0.7881874429223744,0.0,4.38
5,3,0.0,0.6158374429223743,0.0,0.0,0.6158374429223743,0.0,4.38
6,3,0.0,0.7690624429223745,0.0,0.0,0.7690624429223745,0.0,4.38
7,3,0.0,0.7384624429223744,0.0,0.0,0.7384624429223744,0.0,4.38
8,3,1.0962519305362894,1.6821900157254124,0.0,0.0,0.5859380851891229,0.0,4.38
9,3,2.8427825103526803,0.4781124429223744,2.364670067430306,0.0,0.0,0.0,4.38
10,3,4.167884608549386,0.5165874429223745,3.6512971656270112,0.0,0.0,0.0,6.568254517690739
11,3,5.061155593499775,0.8180242958784567,4.243131297621318,0.0,0.0,0.0,9.947230857108728
12,3,5.545804892875308,4.910282244675292,0.6355226482000162,0.0,0.0,0.0,13.87405045490451
13,3,5.629935939588513,4.668198354987596,0.9617375846009173,0.0,0.0,0.0,14.462222929519596
14,3,5.317381162927897,1.083601835568561,4.233779327359336,0.0,0.0,0.0,15.352311299274165
15,3,4.6520969629902025,1.3421978329295108,3.3098991300606917,0.0,0.0,0.0,19.270714336985186
16,3,3.638233089492149,0.9626227244117632,0.6004950116979562,0.0,0.0,2.0751153533824294,22.33419250160323
17,3,2.33614864233125,0.7377624429223744,0.0,0.0,0.0,1.5983861994088757,22.89
18,3,0.9440742376465582,2.0941680808428176,0.0,1.1500938431962595,0.0,0.0,22.89
19,3,0.0010863653100598,4.239394844309276,0.0,4.238308478999216,0.0,0.0,21.596046984647575
20,3,0.0,2.7957205649334673,0.0,2.7957205649334673,0.0,0.0,16.827533751306248
21,3,0.0,0.3241624429223744,0.0,0.3241624429223744,0.0,0.0,13.681934762136763
22,3,0.0,1.0271898275732765,0.0,1.0271898275732765,0.0,0.0,13.317193467517162
23,3,0.0,0.9333870198390324,0.0,0.9333870198390324,0.0,0.0,12.16141549138622
0,3,0.0,0.7187286495275763,0.0,0.7187286495275763,0.0,0.0,11.111171737979314
1,3,0.0,0.3480874429223743,0.0,0.3480874429223743,0.0,0.0,10.302452958530882
2,3,0.0,0.5280874429223744,0.0,0.5280874429223744,0.0,0.0,9.910779468002021
3,3,0.0,0.5127874429223744,0.0,0.5127874429223744,0.0,0.0,9.316564979569879
4,3,0.0,0.3174874429223744,0.0,0.3174874429223744,0.0,0.0,8.739563182192137
5,3,0.0,0.5166124429223744,0.0,0.5166124429223744,0.0,0.0,8.38231612792313
6,3,0.0,0.5739874429223745,0.0,0.5739874429223745,0.0,0.0,7.8010053147319365
7,3,0.0,0.4169374429223744,0.0,0.4169374429223744,0.0,0.0,7.155130623063069
8,3,1.0864696830615614,0.5051374429223744,0.581332240139187,0.0,0.0,0.0,6.685972359472758
9,3,2.7425624114669587,0.3750874429223745,2.367474968544584,0.0,0.0,0.0,7.224127200076874
10,3,3.768958405880886,0.3822624429223744,3.3866959629585116,0.0,0.0,0.0,9.41577552011079
11,3,4.558824466574844,0.4947624429223745,4.06406202365247,0.0,0.0,0.0,12.55102705146993
12,3,5.204935387337523,0.7332624429223744,4.471672944415149,0.0,0.0,0.0,16.31348646318491
13,3,5.431888437341427,0.6072624429223745,2.631597441708123,0.0,0.0,2.193028552710929,20.453482356788165
14,3,5.198623146449867,0.8367624429223743,0.0,0.0,0.0,4.361860703527492,22.89
15,3,4.585004928735313,3.697285025052363,0.0,0.0,0.0,0.8877199036829504,22.89
16,3,3.601409320786779,0.8457624429223745,0.0,0.0,0.0,2.7556468778644043,22.89
17,3,2.329335306112987,0.7447624429223745,0.0,0.0,0.0,1.5845728631906124,22.89
18,3,0.9510377876066916,3.9244651795262833,0.0,2.973427391919592,0.0,0.0,22.89
19,3,0.0010785526783731,4.839199458200303,0.0,4.83812090552193,0.0,0.0,19.54353056784645
20,3,0.0,5.572629835887188,0.0,5.572629835887188,0.0,0.0,14.098257139897669
21,3,0.0,0.5401624429223744,0.0,0.5401624429223744,0.0,0.0,7.8259826290729855
22,3,0.0,0.3054874429223745,0.0,0.3054874429223745,0.0,0.0,7.217967400567636
23,3,0.0,0.3819874429223744,0.0,0.3819874429223744,0.0,0.0,6.874104059054885
0,3,0.0,0.2830624429223743,0.0,0.2830624429223743,0.0,0.0,6.444129277472668
1,3,0.0,0.5127874429223744,0.0,0.5127874429223744,0.0,0.0,6.125505724148994
2,3,0.0,0.3519124429223743,0.0,0.3519124429223743,0.0,0.0,5.548295136742444
3,3,0.0,0.3939874429223744,0.0,0.3939874429223744,0.0,0.0,5.1521686796841815
4,3,0.0,0.4207624429223744,0.0,0.29199121527943733,0.12877122764293708,0.0,4.7086793254887125
5,3,0.0,0.6581374429223744,0.0,0.0,0.6581374429223744,0.0,4.38
6,3,0.0,0.6734374429223744,0.0,0.0,0.6734374429223744,0.0,4.38
7,3,0.0058658815952888,1.6951339876006664,0.0,0.0,1.6892681060053776,0.0,4.38
8,3,1.1059827020998871,1.3730373815702226,0.0,0.0,0.26705467947033545,0.0,4.38
9,3,2.774806060657194,1.7257183181378255,1.0490877425193683,0.0,0.0,0.0,4.38
10,3,4.085150610613635,3.2524718377015054,0.8326787729121294,0.0,0.0,0.0,5.351512112705309
11,3,4.859985135851809,1.82730524352973,3.0326798923220792,0.0,0.0,0.0,6.122626217106683
12,3,5.433337268876732,0.5532624429223745,4.880074825954358,0.0,0.0,0.0,8.931107231880498
13,3,5.299444955017021,1.6344830466375009,3.6649619083795204,0.0,0.0,0.0,13.45055241256289
14,3,3.432752462473464,3.6927532569695543,0.0,0.26000079449609004,0.0,0.0,16.844852126848306
15,3,4.077128848613028,5.711615285219523,0.0,1.6344864366064948,0.0,0.0,16.552140821580743
16,3,3.428292206342958,4.322445451460356,0.0,0.8941532451173981,0.0,0.0,14.712015850874165
17,3,2.1627235277113765,0.6927624429223744,1.4699610847890021,0.0,0.0,0.0,13.705349966335216
18,3,0.8754104958978809,2.7498120255044256,0.0,1.8744015296065446,0.0,0.0,15.066844060591825
19,3,0.0010802888187479,0.5761624429223745,0.0,0.5750821541036266,0.0,0.0,12.956531802952245
20,3,0.0,0.6976624429223743,0.0,0.6976624429223743,0.0,0.0,12.30905760798599
21,3,0.0,0.6031624429223743,0.0,0.6031624429223743,0.0,0.0,11.523567861596316
22,3,0.0,0.4231624429223743,0.0,0.4231624429223743,0.0,0.0,10.844469590985229
23,3,0.0,0.4186624429223745,0.0,0.4186624429223745,0.0,0.0,10.368029632516558
0,3,0.0,0.4432624429223745,0.0,0.4432624429223745,0.0,0.0,9.896654160115293
1,3,0.0,0.3082624429223745,0.0,0.3082624429223745,0.0,0.0,9.39757916911341
2,3,0.0,0.4387624429223744,0.0,0.4387624429223744,0.0,0.0,9.050500843464114
3,3,0.0,0.4072624429223744,0.0,0.4072624429223744,0.0,0.0,8.556488592864
4,3,0.0,0.4133374429223744,0.0,0.4133374429223744,0.0,0.0,8.097940786183722
5,3,0.0,0.4515874429223744,0.0,0.4515874429223744,0.0,0.0,7.6325509976063906
6,3,0.0,0.4515874429223744,0.0,0.4515874429223744,0.0,0.0,7.124092126111852
7,3,0.0057345248235003,2.181182937165807,0.0,1.985555527573814,0.18989288476849286,0.0,6.615630861987513
8,3,0.647266408757845,4.520260413682825,0.0,0.0,3.8729940049249802,0.0,4.38
9,3,2.1351219644972765,2.223295228009821,0.0,0.0,0.08817326351254451,0.0,4.38
10,3,4.059881594497874,0.3937624429223744,3.6661191515754994,0.0,0.0,0.0,4.38
11,3,4.9485422376772235,0.5127624429223744,4.435779794754849,0.0,0.0,0.0,7.775987673390012
12,3,5.438829609158075,0.5442624429223744,4.894567166235701,0.0,0.0,0.0,11.885081891471012
13,3,5.524163954126682,0.6997624429223744,4.824401511204308,0.0,0.0,0.0,16.419384381987534
14,3,5.229480120794998,0.6252624429223743,2.159860105068065,0.0,0.0,2.444357572804558,20.888913743912326
15,3,4.593539874239236,2.7054940563471614,0.0,0.0,0.0,1.888045817892075,22.89
16,3,3.5741747224180735,0.5647624429223744,0.0,0.0,0.0,3.0094122794956992,22.89
17,3,1.989094175708226,0.7872624429223745,0.0,0.0,0.0,1.2018317327858516,22.89
18,3,0.7857954895548122,0.5941624429223744,0.0,0.0,0.0,0.19163304663243774,22.89
19,3,0.0010859312749661,1.4476624429223743,0.0,1.4465765116474083,0.0,0.0,22.89
20,3,0.0,1.9159382899673765,0.0,1.9159382899673765,0.0,0.0,21.26085819689926
21,3,0.0,1.371394614529708,0.0,1.371394614529708,0.0,0.0,19.10308624573146
22,3,0.0,3.7434880146863376,0.0,3.7434880146863376,0.0,0.0,17.558560546342108
23,3,0.0,3.776145650909034,0.0,3.776145650909034,0.0,0.0,13.342417336186184
0,3,0.0,1.482003022746019,0.0,1.482003022746019,0.0,0.0,9.089327164014895
1,3,0.0,3.568447470711545,0.0,2.6990106098956295,0.8694368608159158,0.0,7.420074656343034
2,3,0.0,4.674665330569792,0.0,0.0,4.674665330569792,0.0,4.38
3,3,0.0,1.8381258764505797,0.0,0.0,1.8381258764505797,0.0,4.38
4,3,0.0,2.303904846916422,0.0,0.0,2.303904846916422,0.0,4.38
5,3,0.0,2.303548517969637,0.0,0.0,2.303548517969637,0.0,4.38
6,3,0.0,2.2964748900873477,0.0,0.0,2.2964748900873477,0.0,4.38
7,3,0.0,2.8327590043295015,0.0,0.0,2.8327590043295015,0.0,4.38
8,3,0.097916945844395,2.5019725226759735,0.0,0.0,2.4040555768315786,0.0,4.38
9,3,1.0883334453671074,0.3557124429223744,0.732621002444733,0.0,0.0,0.0,4.38
10,3,3.2026802591917796,1.6718217246937546,1.530858534498025,0.0,0.0,0.0,5.058896743154794
11,3,4.295879130384213,0.3462624429223744,3.9496166874618384,0.0,0.0,0.0,6.477505829130092
12,3,5.379789441946096,0.4092624429223743,4.970526999023722,0.0,0.0,0.0,10.137577226312567
13,3,5.529253684429091,0.6207624429223744,4.908491241506717,0.0,0.0,0.0,14.743905945947075
14,3,4.924086716354337,0.4857624429223744,3.8810176809946433,0.0,0.0,0.5573065924373188,19.292980090824027
15,3,4.599175262179157,0.4767624429223743,0.0,0.0,0.0,4.122412819256783,22.89
16,3,3.620270818854425,0.4362624429223744,0.0,0.0,0.0,3.1840083759320503,22.89
17,3,2.3853634895847757,0.5622624429223744,0.0,0.0,0.0,1.8231010466624014,22.89
18,3,0.9606525046858816,1.705844924947681,0.0,0.7451924202617994,0.0,0.0,22.89
19,3,0.0014410418632904,5.825587342807564,0.0,5.824146300944274,0.0,0.0,22.05044193398893
20,3,0.0,2.0455618978418553,0.0,2.0455618978418553,0.0,0.0,15.488717922543426
21,3,0.0,0.3972874429223744,0.0,0.3972874429223744,0.0,0.0,13.183963358209457
22,3,0.0,2.456818068781962,0.0,2.456818068781962,0.0,0.0,12.736326168921893
23,3,0.0,2.7112311035863814,0.0,2.7112311035863814,0.0,0.0,9.968134748459708
0,3,0.0,0.4054624429223744,0.0,0.4054624429223744,0.0,0.0,6.913208112197494
1,3,0.0,0.4398874429223743,0.0,0.4398874429223743,0.0,0.0,6.456333360330315
2,3,0.0,0.4781374429223743,0.0,0.4781374429223743,0.0,0.0,5.960666450585331
3,3,0.0,0.7116874429223744,0.0,0.7116874429223744,0.0,0.0,5.421896818154867
4,3,0.0,0.7652374429223745,0.0,0.21294994378657284,0.5522874991358017,0.0,4.619956916606716
5,3,0.0,0.7461124429223744,0.0,0.0,0.7461124429223744,0.0,4.38
6,3,0.0,0.5699374429223745,0.0,0.0,0.5699374429223745,0.0,4.38
7,3,0.0118239805691144,0.5967124429223744,0.0,0.0,0.58488846235326,0.0,4.38
8,3,1.2708610596337608,0.5737624429223744,0.6970986167113864,0.0,0.0,0.0,4.38
9,3,2.9490442126496696,0.7422624429223743,2.2067817697272956,0.0,0.0,0.0,5.026224490503892
10,3,4.292962083886754,0.4972374429223745,3.7957246409643792,0.0,0.0,0.0,7.07197061270461
11,3,5.181593379399237,0.4245624429223744,4.757030936476863,0.0,0.0,0.0,10.590790541816538
12,3,5.643407086850754,0.3557124429223744,5.287694643928379,0.0,0.0,0.0,15.000962375773646
13,3,5.713184240118538,1.7440443755640942,3.2212143295461853,0.0,0.0,0.747925535008259,19.90334776763738
14,3,5.402377403322856,1.4691293018390543,0.0,0.0,0.0,3.933248101483802,22.89
15,3,4.696813946466065,0.4439124429223743,0.0,0.0,0.0,4.252901503543691,22.89
16,3,3.7058439398794896,0.1989124429223743,0.0,0.0,0.0,3.5069314969571153,22.89
17,3,2.0189872978396157,0.2906874429223743,0.0,0.0,0.0,1.7282998549172415,22.89
18,3,0.8853636037473296,0.5466874429223744,0.0,0.0,0.0,0.3386761608249552,22.89
19,3,0.0013411331170911,2.1337936524683068,0.0,2.1324525193512156,0.0,0.0,22.89
20,3,0.0,3.460199890053434,0.0,3.460199890053434,0.0,0.0,20.486597487054855
21,3,0.0,1.955947810922623,0.0,1.955947810922623,0.0,0.0,16.586656918173837
22,3,0.0,1.6090667410933033,0.0,1.6090667410933033,0.0,0.0,14.382057245023317
23,3,0.0,1.5119505049137163,0.0,1.5119505049137163,0.0,0.0,12.568399247971582
0,3,0.0,0.4743124429223744,0.0,0.4743124429223744,0.0,0.0,10.86417711606195
1,3,0.0,0.6849124429223743,0.0,0.6849124429223743,0.0,0.0,10.329538905803808
2,3,0.0,0.5469874429223744,0.0,0.5469874429223744,0.0,0.0,9.557511563978503
3,3,0.0,0.5699374429223745,0.0,0.5699374429223745,0.0,0.0,8.94094767590857
4,3,0.0,0.7767124429223744,0.0,0.7767124429223744,0.0,0.0,8.29851089702934
5,3,0.0,0.7728874429223744,0.0,0.7728874429223744,0.0,0.0,7.42299093791146
6,3,0.0,2.401578212740245,0.0,1.9266468727143202,0.47493134002592496,0.0,6.551775507363661
7,3,0.0118640555164397,3.8058479658597326,0.0,0.0,3.793983910343293,0.0,4.38
8,3,0.9182844709538986,3.80446025129851,0.0,0.0,2.8861757803446118,0.0,4.38
9,3,2.053590581377871,3.840596662942547,0.0,0.0,1.7870060815646762,0.0,4.38
10,3,3.576245946528364,3.660184981577517,0.0,0.0,0.08393903504915334,0.0,4.38
11,3,4.813264313786718,3.765423681960115,1.047840631826603,0.0,0.0,0.0,4.38
12,3,4.843102622265743,2.6760259472077905,2.1670766750579524,0.0,0.0,0.0,5.351738159561877
13,3,4.046381002345579,0.5127624429223744,3.533618559423205,0.0,0.0,0.0,7.361446559837475
14,3,3.3311240690642863,0.2983374429223744,3.032786626141912,0.0,0.0,0.0,10.638535709185325
15,3,2.243192222445064,0.3021624429223744,1.9410297795226898,0.0,0.0,0.0,13.451255414106415
16,3,1.0228004189691342,1.6381073949731215,0.0,0.6153069760039873,0.0,0.0,15.251495963726533
17,3,0.3740934477401442,1.641044454454125,0.0,1.2669510067139806,0.0,0.0,14.557804275217412
18,3,0.3006629934799899,3.347901222253284,0.0,3.047238228773294,0.0,0.0,13.1294456514791
19,3,0.0115523614816872,3.3747471682060115,0.0,3.3631948067243242,0.0,0.0,9.693948527474419
20,3,0.0,2.675844925620168,0.0,1.3500064882748997,1.3258384373452685,0.0,5.902117173590999
21,3,0.0,2.413203539161118,0.0,0.0,2.413203539161118,0.0,4.38
22,3,0.0,3.3507482762593073,0.0,0.0,3.3507482762593073,0.0,4.38
23,3,0.0,2.8655153359251595,0.0,0.0,2.8655153359251595,0.0,4.38
0,3,0.0,0.5469874429223744,0.0,0.0,0.5469874429223744,0.0,4.38
1,3,0.0,0.7461124429223744,0.0,0.0,0.7461124429223744,0.0,4.38
2,3,0.0,0.5661124429223744,0.0,0.0,0.5661124429223744,0.0,4.38
3,3,0.0,2.1351224313288317,0.0,0.0,2.1351224313288317,0.0,4.38
4,3,0.0,2.1835748457413935,0.0,0.0,2.1835748457413935,0.0,4.38
5,3,0.0,0.5852374429223745,0.0,0.0,0.5852374429223745,0.0,4.38
6,3,0.0,0.5890624429223744,0.0,0.0,0.5890624429223744,0.0,4.38
7,3,0.0118774138322148,2.477497737768886,0.0,0.0,2.465620323936671,0.0,4.38
8,3,0.5719964430210323,2.64758252772254,0.0,0.0,2.075586084701508,0.0,4.38
9,3,2.2988514288242805,0.6081624429223744,1.690688985901906,0.0,0.0,0.0,4.38
10,3,3.7977140238955944,0.5584374429223744,3.23927658097322,0.0,0.0,0.0,5.948247326939963
11,3,4.464356593825643,0.6963624429223744,3.767994150903269,0.0,0.0,0.0,8.952984746765388
12,3,4.938358459767988,0.4742874429223743,4.4640710168456135,0.0,0.0,0.0,12.44827619460587
13,3,4.4518676284619705,2.44553597221818,2.0063316562437903,0.0,0.0,0.0,16.589429860136217
14,3,3.770123417310728,2.2894468543833297,1.4806765629273984,0.0,0.0,0.0,18.450716281439572
15,3,2.6948982547263665,0.9220366110693412,1.7728616436570253,0.0,0.0,0.0,19.824377948433625
16,3,1.163781675667745,0.9227663334428152,0.24101534222492982,0.0,0.0,0.0,21.469132633480434
17,3,0.9002900138263279,1.1070617151278694,0.0,0.20677170130154154,0.0,0.0,21.692736347534453
18,3,0.2105188131295763,3.974985106383483,0.0,3.764466293253907,0.0,0.0,21.459554879158304
19,3,0.0176071306059745,4.593962594231748,0.0,4.576355463625773,0.0,0.0,17.214265670277857
20,3,0.0,4.302145379236259,0.0,4.302145379236259,0.0,0.0,12.053184581028827
21,3,0.0,3.0394953429157,0.0,2.5012670484945945,0.5382282944211054,0.0,7.201117924482168
22,3,0.0,2.826655926466966,0.0,0.0,2.826655926466966,0.0,4.38
23,3,0.0,2.7081118243427325,0.0,0.0,2.7081118243427325,0.0,4.38
0,3,0.0,2.595408733957734,0.0,0.0,2.595408733957734,0.0,4.38
1,3,0.0,2.436346712936954,0.0,0.0,2.436346712936954,0.0,4.38
2,3,0.0,0.8111374429223744,0.0,0.0,0.8111374429223744,0.0,4.38
3,3,0.0,0.6426124429223744,0.0,0.0,0.6426124429223744,0.0,4.38
4,3,0.0,0.8302624429223744,0.0,0.0,0.8302624429223744,0.0,4.38
5,3,0.0,0.6693874429223744,0.0,0.0,0.6693874429223744,0.0,4.38
6,3,0.0,0.8608624429223745,0.0,0.0,0.8608624429223745,0.0,4.38
7,3,0.0119263943233902,2.7191277204042557,0.0,0.0,2.7072013260808654,0.0,4.38
8,3,0.8040597944250878,1.4155624429223743,0.0,0.0,0.6115026484972865,0.0,4.38
9,3,1.9697408420406457,0.6196624429223744,1.3500783991182712,0.0,0.0,0.0,4.38
10,3,3.748484210739279,1.0801105793384485,2.66837363140083,0.0,0.0,0.0,5.6327487863834165
11,3,4.995122778379074,1.1704318265761828,3.8246909518028915,0.0,0.0,0.0,8.108789392772056
12,3,5.123563184464864,0.5087124429223744,4.614850741542489,0.0,0.0,0.0,11.657900274039665
13,3,4.90857742737214,0.4666374429223744,4.441939984449765,0.0,0.0,0.0,15.94040862229563
14,3,3.003400045430646,0.6542874429223743,2.3491126025082716,0.0,0.0,0.0,20.062657120380198
15,3,2.7152719783078796,3.4655692794512896,0.0,0.75029730114341,0.0,0.0,22.242802509392817
16,3,2.717539007770896,0.6351624429223743,1.6093400803963935,0.0,0.0,0.4730364844521282,21.39636836699435
17,3,1.721153791403627,0.3786874429223744,0.0,0.0,0.0,1.3424663484812527,22.89
18,3,0.3478269102763274,0.7149874429223744,0.0,0.367160532646047,0.0,0.0,22.89
19,3,0.0013729044859504,1.5606124429223742,0.0,1.5592395384364237,0.0,0.0,22.475784373025977
20,3,0.0,4.883990712348747,0.0,4.883990712348747,0.0,0.0,20.71670679941074
21,3,0.0,1.6983429393017209,0.0,1.6983429393017209,0.0,0.0,15.206675667858526
22,3,0.0,1.816067298978826,0.0,1.816067298978826,0.0,0.0,13.290537772134028
23,3,0.0,2.1580915970275747,0.0,2.1580915970275747,0.0,0.0,11.24154224705617
0,3,0.0,1.858074114581085,0.0,1.858074114581085,0.0,0.0,8.806608320793094
1,3,0.0,2.0982397768817456,0.0,2.0651179193290448,0.033121857552700806,0.0,6.710131201636605
2,3,0.0,0.7267624429223744,0.0,0.0,0.7267624429223744,0.0,4.38
3,3,0.0,0.9258874429223743,0.0,0.0,0.9258874429223743,0.0,4.38
4,3,0.0,0.9526624429223745,0.0,0.0,0.9526624429223745,0.0,4.38
5,3,0.0,0.7764874429223744,0.0,0.0,0.7764874429223744,0.0,4.38
6,3,0.0,0.9603124429223744,0.0,0.0,0.9603124429223744,0.0,4.38
7,3,0.0304122096365884,0.9526624429223745,0.0,0.0,0.922250233285786,0.0,4.38
8,3,1.3208129760521392,1.4538124429223744,0.0,0.0,0.13299946687023523,0.0,4.38
9,3,2.973757246627602,0.8493624429223743,2.1243948037052274,0.0,0.0,0.0,4.38
10,3,4.286643230541629,0.5852124429223744,3.7014307876192545,0.0,0.0,0.0,6.352025836821555
11,3,5.196800483960485,0.5163624429223744,4.68043804103811,0.0,0.0,0.0,9.788053389738977
12,3,5.680284434684192,1.7383719215860505,3.9419125130981416,0.0,0.0,0.0,14.133058508420909
13,3,5.743508184719888,1.849170177873197,3.8943380068466906,0.0,0.0,0.0,17.792644879135313
14,3,5.443531782673969,1.4170077574860394,1.5959718615781957,0.0,0.0,2.4305521636097343,21.40821295283195
15,3,4.750153274180454,1.6690762345336567,0.0,0.0,0.0,3.0810770396467975,22.89
16,3,3.706587917038571,1.6661717693327938,0.0,0.0,0.0,2.0404161477057774,22.89
17,3,2.3766942105772655,2.2826555597652987,0.0,0.0,0.0,0.09403865081196683,22.89
18,3,0.8935063896695632,0.5619874429223745,0.0,0.0,0.0,0.33151894674718874,22.89
19,3,0.0018027453697314,0.4776124429223743,0.0,0.4758096975526429,0.0,0.0,22.89
20,3,0.0,0.7073374429223744,0.0,0.7073374429223744,0.0,0.0,22.353007020097614
21,3,0.0,3.0439731160180683,0.0,3.0439731160180683,0.0,0.0,21.554710703518193
22,3,0.0,2.2330484008284985,0.0,2.2330484008284985,0.0,0.0,18.119277582485758
23,3,0.0,2.345234628479842,0.0,2.345234628479842,0.0,0.0,15.598975313482581
0,3,0.0,0.7728874429223744,0.0,0.7728874429223744,0.0,0.0,12.95199371589809
1,3,0.0,0.6387874429223743,0.0,0.6387874429223743,0.0,0.0,12.07964221161495
2,3,0.0,0.6655624429223743,0.0,0.6655624429223743,0.0,0.0,11.35864241955389
3,3,0.0,0.6923374429223743,0.0,0.6923374429223743,0.0,0.0,10.607416655356852
4,3,0.0,0.7076374429223743,0.0,0.7076374429223743,0.0,0.0,9.825964297081224
5,3,0.0,0.6770374429223743,0.0,0.6770374429223743,0.0,0.0,9.027236807329999
6,3,0.0,0.8264374429223744,0.0,0.8264374429223744,0.0,0.0,8.26304262846433
7,3,0.0237763809684235,2.07803163937331,0.0,2.0542552584048863,0.0,0.0,7.330209213807344
8,3,0.8861100535455414,3.8085808070405287,0.0,0.5594280346297117,2.363042718865276,0.0,5.011468083169036
9,3,1.996396667911247,0.5431374429223744,1.4532592249888725,0.0,0.0,0.0,4.38
10,3,1.561428952026141,3.0515128193186847,0.0,1.1955534020890417,0.2945304652035019,0.0,5.729538532190055
11,3,2.674318082505933,2.5776165864134466,0.09670149609248657,0.0,0.0,0.0,4.38
12,3,2.3062661709724877,3.2612425771094555,0.0,0.07955458946627508,0.8754218166706929,0.0,4.469802289961393
13,3,4.504048626388581,7.576084137842103,0.0,0.0,3.072035511453522,0.0,4.38
14,3,4.275558846419767,3.9869068345933703,0.2886520118263971,0.0,0.0,0.0,4.38
15,3,4.207446736700116,1.890036424863211,2.317410311836905,0.0,0.0,0.0,4.648058514514341
16,3,3.2710151266497434,1.385813985638753,1.8852011410109903,0.0,0.0,0.0,6.80014273183151
17,3,2.2134854511941575,1.5633299579067794,0.6501554932873781,0.0,0.0,0.0,8.550894346666977
18,3,0.7725522257423915,1.2676624429223744,0.0,0.49511021717998294,0.0,0.0,9.154693683184616
19,3,0.0017895507028827,1.9516439490954645,0.0,1.9498543983925818,0.0,0.0,8.59577612997525
20,3,0.0,3.832830101983334,0.0,1.784583189964161,2.048246912019173,0.0,6.394622833545246
21,3,0.0,3.660797979438646,0.0,0.0,3.660797979438646,0.0,4.38
22,3,0.0,0.4584874429223744,0.0,0.0,0.4584874429223744,0.0,4.38
23,3,0.0,0.4737874429223744,0.0,0.0,0.4737874429223744,0.0,4.38
0,3,0.0,0.7269874429223744,0.0,0.0,0.7269874429223744,0.0,4.38
1,3,0.0,2.8274056487344716,0.0,0.0,2.8274056487344716,0.0,4.38
2,3,0.0,0.5699374429223745,0.0,0.0,0.5699374429223745,0.0,4.38
3,3,0.0,0.5852374429223745,0.0,0.0,0.5852374429223745,0.0,4.38
4,3,0.0,0.6081874429223744,0.0,0.0,0.6081874429223744,0.0,4.38
5,3,0.0,0.6081874429223744,0.0,0.0,0.6081874429223744,0.0,4.38
6,3,0.0,0.6579124429223744,0.0,0.0,0.6579124429223744,0.0,4.38
7,3,0.0352629853273697,4.279338729989412,0.0,0.0,4.244075744662043,0.0,4.38
8,3,1.1041890086371555,2.900812354810575,0.0,0.0,1.7966233461734193,0.0,4.38
9,3,2.52874427982691,4.559147480087031,0.0,0.0,2.0304032002601207,0.0,4.38
10,3,2.52633641425259,1.854643201672274,0.6716932125803161,0.0,0.0,0.0,4.38
11,3,4.4801704124408,2.3514237830789577,2.1287466293618422,0.0,0.0,0.0,5.003833216995846
12,3,5.119004879697245,3.528357675488534,1.590647204208711,0.0,0.0,0.0,6.980914647337884
13,3,5.059692443279833,2.414502221975423,2.6451902213044103,0.0,0.0,0.0,8.458267072534992
14,3,4.821295150733082,0.930475365534357,3.890819785198725,0.0,0.0,0.0,10.915092901415306
15,3,4.935570792931834,0.4283874429223744,4.50718335000946,0.0,0.0,0.0,14.528946705126298
16,3,3.8147075244922544,0.6083874429223743,3.20632008156988,0.0,0.0,0.0,18.715458751199748
17,3,2.4348003423774385,0.4475124429223744,1.2877207443229843,0.0,0.0,0.6995671551320797,21.69379994848009
18,3,0.9531890024185052,2.614207065243013,0.0,1.661018062824508,0.0,0.0,22.89
19,3,0.0021588888116652,2.515417708947123,0.0,2.5132588201354578,0.0,0.0,21.014444846565336
20,3,0.0,4.161046915972448,0.0,4.161046915972448,0.0,0.0,18.17652426111506
21,3,0.0,2.5251144698041696,0.0,2.5251144698041696,0.0,0.0,13.477831568393972
22,3,0.0,5.427830227375845,0.0,5.427830227375845,0.0,0.0,10.626324938708189
23,3,0.0,2.36486879916624,0.0,0.10336944149051422,2.2614993576757256,0.0,4.496740509133691
0,3,0.0,0.6464374429223744,0.0,0.0,0.6464374429223744,0.0,4.38
1,3,0.0,2.3649566265827273,0.0,0.0,2.3649566265827273,0.0,4.38
2,3,0.0,2.6900108664098257,0.0,0.0,2.6900108664098257,0.0,4.38
3,3,0.0,2.8593387359754345,0.0,0.0,2.8593387359754345,0.0,4.38
4,3,0.0,2.5801660207494335,0.0,0.0,2.5801660207494335,0.0,4.38
5,3,0.0,2.536655972676647,0.0,0.0,2.536655972676647,0.0,4.38
6,3,0.0,2.888395172840942,0.0,0.0,2.888395172840942,0.0,4.38
7,3,0.0463212554658353,4.403820034998108,0.0,0.0,4.357498779532273,0.0,4.38
8,3,1.4006325712932806,4.4141555818342555,0.0,0.0,3.013523010540975,0.0,4.38
9,3,3.0285409435680237,3.694453168067727,0.0,0.0,0.6659122244997033,0.0,4.38
10,3,4.3118014479404465,2.034505688617398,2.2772957593230485,0.0,0.0,0.0,4.38
11,3,5.1675778053032575,4.158840899116587,1.0087369061866704,0.0,0.0,0.0,6.495835036303508
12,3,5.656988981207425,0.5357124429223744,5.12127653828505,0.0,0.0,0.0,7.4330746029373875
13,3,5.731454531247739,2.195126116190163,3.5363284150575764,0.0,0.0,0.0,12.191415039614453
14,3,5.412695448302683,3.5769884124212563,1.835707035881427,0.0,0.0,0.0,15.47730580213031
15,3,4.7181488610783875,2.484404211742156,2.2337446493362316,0.0,0.0,0.0,17.183073779051306
16,3,3.662021917847981,2.768783381197311,0.8932385366506699,0.0,0.0,0.0,19.25874442406947
17,3,2.279020791911654,2.727907655729789,0.0,0.44888686381813514,0.0,0.0,20.088791091975615
18,3,0.8701005449006582,3.3035929899992387,0.0,2.4334924450985804,0.0,0.0,19.581749568999168
19,3,0.0019937041309109,4.455803854619969,0.0,4.453810150489058,0.0,0.0,16.83297787394354
20,3,0.0,6.544744225630332,0.0,6.544744225630332,0.0,0.0,11.802011475483676
21,3,0.0,5.283865360790903,0.0,0.025500842795969224,5.258364517994934,0.0,4.408808734915644
22,3,0.0,1.5353758299345548,0.0,0.0,1.5353758299345548,0.0,4.38
23,3,0.0,1.8002061123714963,0.0,0.0,1.8002061123714963,0.0,4.38
0,3,0.0,1.7021260971390424,0.0,0.0,1.7021260971390424,0.0,4.38
1,3,0.0,0.5892874429223743,0.0,0.0,0.5892874429223743,0.0,4.38
2,3,0.0,0.4590124429223744,0.0,0.0,0.4590124429223744,0.0,4.38
3,3,0.0,0.5240374429223744,0.0,0.0,0.5240374429223744,0.0,4.38
4,3,0.0,0.5737624429223744,0.0,0.0,0.5737624429223744,0.0,4.38
5,3,0.0,0.6464374429223744,0.0,0.0,0.6464374429223744,0.0,4.38
6,3,0.0,0.6579124429223744,0.0,0.0,0.6579124429223744,0.0,4.38
7,3,0.0511058081447184,2.146201648319824,0.0,0.0,2.0950958401751056,0.0,4.38
8,3,1.2954017150971688,3.154210923746025,0.0,0.0,1.8588092086488561,0.0,4.38
9,3,2.988761819314486,1.7853061154172545,1.2034557038972313,0.0,0.0,0.0,4.38
10,3,4.245612737852128,0.2983374429223744,3.947275294929754,0.0,0.0,0.0,5.49849066384275
11,3,5.049549630981175,0.3282624429223745,4.7212871880588,0.0,0.0,0.0,9.16713098217281
12,3,5.501692473739612,0.3397624429223744,5.161930030817238,0.0,0.0,0.0,13.555327419784627
13,3,5.5784506060609775,0.6477624429223743,4.880541650481435,0.0,0.0,0.050146512657168074,18.353315830583746
14,3,5.294783825009727,0.4477624429223743,0.0,0.0,0.0,4.847021382087353,22.89
15,3,4.635953769098065,0.5442624429223744,0.0,0.0,0.0,4.091691326175691,22.89
16,3,3.623396243623067,2.412620001394925,0.0,0.0,0.0,1.210776242228142,22.89
17,3,2.322043574447315,2.8855201629910576,0.0,0.5634765885437427,0.0,0.0,22.89
18,3,0.9121281196517764,2.4548281284336464,0.0,1.5427000087818699,0.0,0.0,22.25329819725408
19,3,0.0022940711197649,4.337718752854776,0.0,4.33542468173501,0.0,0.0,20.510110131382636
20,3,0.0,2.412100456371821,0.0,2.412100456371821,0.0,0.0,15.611178098848058
21,3,0.0,2.0448838435868093,0.0,2.0448838435868093,0.0,0.0,12.885435448346255
22,3,0.0,2.382708834816583,0.0,2.382708834816583,0.0,0.0,10.574599802422028
23,3,0.0,3.2139253308616436,0.0,3.098766113724994,0.11515921713664934,0.0,7.88194501821717
0,3,0.0,3.38974620702426,0.0,0.0,3.38974620702426,0.0,4.38
1,3,0.0,0.989523406874942,0.0,0.0,0.989523406874942,0.0,4.38
2,3,0.0,2.262568571328741,0.0,0.0,2.262568571328741,0.0,4.38
3,3,0.0,0.8129888632594131,0.0,0.0,0.8129888632594131,0.0,4.38
4,3,0.0,0.9905049921047996,0.0,0.0,0.9905049921047996,0.0,4.38
5,3,0.0,0.6734374429223744,0.0,0.0,0.6734374429223744,0.0,4.38
6,3,0.0,0.6005374429223743,0.0,0.0,0.6005374429223743,0.0,4.38
7,3,0.0604938927562008,0.5967124429223744,0.0,0.0,0.5362185501661736,0.0,4.38
8,3,1.4440507583201942,3.636816937551558,0.0,0.0,2.1927661792313637,0.0,4.38
9,3,3.0346127359241746,3.0830844961167463,0.0,0.0,0.04847176019257171,0.0,4.38
10,3,4.267650316895305,2.4953677562800167,1.7722825606152885,0.0,0.0,0.0,4.38
11,3,5.092396435535761,2.822022008375741,2.27037442716002,0.0,0.0,0.0,6.027783117827319
12,3,5.526697776151481,0.9549280018140388,4.571769774337443,0.0,0.0,0.0,8.138707235415227
13,3,5.581777282393862,4.902016859002294,0.679760423391568,0.0,0.0,0.0,12.389498707212425
14,3,5.268014396729541,3.388936534530626,1.8790778621989146,0.0,0.0,0.0,13.021564216494772
15,3,4.600992986314871,2.77273594056442,1.8282570457504512,0.0,0.0,0.0,14.768810319848944
16,3,3.59469990477466,2.9052341266515618,0.6894657781230982,0.0,0.0,0.0,16.46883449252311
17,3,2.304083935251971,3.3701870181249505,0.0,1.0661030828729796,0.0,0.0,17.109953807714632
18,3,0.8966021170976282,3.4319653104154892,0.0,2.535363193317861,0.0,0.0,15.904928984155942
19,3,0.002383254783842,4.600667625833798,0.0,4.598284371049956,0.0,0.0,13.039155771545872
20,3,0.0,2.376640751522273,0.0,2.376640751522273,0.0,0.0,7.841482430794319
21,3,0.0,3.627148641601939,0.0,0.6855036505223687,2.9416449910795706,0.0,5.154915980994311
22,3,0.0,0.4366624429223744,0.0,0.0,0.4366624429223744,0.0,4.38
23,3,0.0,0.4321624429223744,0.0,0.0,0.4321624429223744,0.0,4.38
0,3,0.0,0.4792624429223743,0.0,0.0,0.4792624429223743,0.0,4.38
1,3,0.0,0.3982624429223745,0.0,0.0,0.3982624429223745,0.0,4.38
2,3,0.0,2.5077216275811938,0.0,0.0,2.5077216275811938,0.0,4.38
3,3,0.0,2.5883898365774054,0.0,0.0,2.5883898365774054,0.0,4.38
4,3,0.0,2.5140507830855308,0.0,0.0,2.5140507830855308,0.0,4.38
5,3,0.0,0.5240374429223744,0.0,0.0,0.5240374429223744,0.0,4.38
6,3,0.0,0.5661124429223744,0.0,0.0,0.5661124429223744,0.0,4.38
7,3,0.0652360015449163,2.473865538730861,0.0,0.0,2.4086295371859445,0.0,4.38
8,3,1.3904960042604442,5.3341103810390935,0.0,0.0,3.9436143767786493,0.0,4.38
9,3,2.910292498074028,1.623392416907519,1.286900081166509,0.0,0.0,0.0,4.38
10,3,4.093350808694715,1.5350613888990503,2.5582894197956643,0.0,0.0,0.0,5.57681017508971
11,3,4.895939159116162,0.5557624429223744,4.340176716193788,0.0,0.0,0.0,7.95603765035818
12,3,5.32774300092141,1.6180517319075312,3.709691269013879,0.0,0.0,0.0,11.992541104380292
13,3,5.374838556087372,2.023680174019198,3.3511583820681743,0.0,0.0,0.0,15.442829556215791
14,3,5.060424065773467,1.288496919092634,3.7719271466808326,0.0,0.0,0.0,18.55977677000848
15,3,4.316205630786156,1.1885267389821528,0.8834761597513284,0.0,0.0,2.2442027320526745,22.068208400442828
16,3,3.214158000934749,0.6657624429223745,0.0,0.0,0.0,2.5483955580123743,22.89
17,3,2.1960016422972077,0.8142624429223744,0.0,0.0,0.0,1.3817391993748334,22.89
18,3,0.8589446744993144,3.291923380747183,0.0,2.4329787062478685,0.0,0.0,22.89
19,3,0.002383254783842,2.491780680953743,0.0,2.489397426169901,0.0,0.0,20.13908797841579
20,3,0.0,0.6706624429223743,0.0,0.6706624429223743,0.0,0.0,17.32431297114477
21,3,0.0,1.6453137186263596,0.0,1.6453137186263596,0.0,0.0,16.56597159901812
22,3,0.0,1.5183231732131857,0.0,1.5183231732131857,0.0,0.0,14.705545041840562
23,3,0.0,1.7406363193374113,0.0,1.7406363193374113,0.0,0.0,12.98868256271272
0,3,0.0,5.029193853979313,0.0,5.029193853979313,0.0,0.0,11.020405503353535
1,3,0.0,1.664146077096437,0.0,0.8430653642186946,0.8210807128777423,0.0,5.333389152782873
2,3,0.0,0.3251374429223744,0.0,0.0,0.3251374429223744,0.0,4.38
3,3,0.0,0.3710374429223744,0.0,0.0,0.3710374429223744,0.0,4.38
4,3,0.0,0.5931124429223744,0.0,0.0,0.5931124429223744,0.0,4.38
5,3,0.0,0.4016374429223743,0.0,0.0,0.4016374429223743,0.0,4.38
6,3,0.0,0.6275374429223743,0.0,0.0,0.6275374429223743,0.0,4.38
7,3,0.0793908071283085,2.144275606493584,0.0,0.0,2.0648847993652755,0.0,4.38
8,3,1.4807056139741217,4.111240943614957,0.0,0.0,2.6305353296408356,0.0,4.38
9,3,3.0729118796792902,4.4020474550522835,0.0,0.0,1.3291355753729932,0.0,4.38
10,3,4.336112307586993,1.386117812867424,2.949994494719569,0.0,0.0,0.0,4.38
11,3,5.199459829610875,1.728048891848496,3.4714109377623794,0.0,0.0,0.0,7.124520511243198
12,3,5.661375310885076,1.3389833982937656,4.322391912591311,0.0,0.0,0.0,10.354239311536398
13,3,5.755448970436739,1.4363740857357552,4.319074884700984,0.0,0.0,0.0,14.375836839258428
14,3,5.456477206710141,1.916271231722137,3.540205974988004,0.0,0.0,0.0,18.3945299783035
15,3,4.765522295163717,0.6612624429223743,1.2910167530224745,0.0,0.0,2.8132430992188686,21.68867167391921
16,3,3.7186819492725176,0.6567624429223743,0.0,0.0,0.0,3.061919506350143,22.89
17,3,2.379988555752435,0.3577624429223743,0.0,0.0,0.0,2.0222261128300607,22.89
18,3,0.9168568286871804,1.1776624429223743,0.0,0.2608056142351939,0.0,0.0,22.89
19,3,0.0026446949571625,3.997260514900554,0.0,3.9946158199433914,0.0,0.0,22.595001260582375
20,3,0.0,2.59403654774279,0.0,2.59403654774279,0.0,0.0,18.076655856099208
21,3,0.0,0.3666874429223744,0.0,0.3666874429223744,0.0,0.0,15.142395397276596
22,3,0.0,0.3934624429223743,0.0,0.3934624429223743,0.0,0.0,14.727603368012952
23,3,0.0,0.5925874429223743,0.0,0.5925874429223743,0.0,0.0,14.282522101124002
0,3,0.0,0.3366124429223744,0.0,0.3366124429223744,0.0,0.0,13.612189618329202
1,3,0.0,0.3786874429223744,0.0,0.3786874429223744,0.0,0.0,13.231412642494753
2,3,0.0,0.4092874429223743,0.0,0.4092874429223743,0.0,0.0,12.80303879453718
3,3,0.0,0.6122374429223745,0.0,0.6122374429223745,0.0,0.0,12.34004817996272
4,3,0.0,0.4513624429223744,0.0,0.4513624429223744,0.0,0.0,11.647475247538482
5,3,0.0,0.5163874429223744,0.0,0.5163874429223744,0.0,0.0,11.13688345355252
6,3,0.0,3.0619989674826593,0.0,3.0619989674826593,0.0,0.0,10.552731092363713
7,3,0.0888596422195658,0.7537624429223744,0.0,0.6649028007028086,0.0,0.0,7.088890866934261
8,3,1.5732815675074006,0.4781374429223743,1.0951441245850262,0.0,0.0,0.0,6.336705472890262
9,3,3.1837911934435352,0.4742874429223743,2.709503750521161,0.0,0.0,0.0,7.355938572573596
10,3,4.457357939964336,0.4054374429223744,4.051920497041961,0.0,0.0,0.0,9.877659238044442
11,3,5.297297765895647,0.2754124429223744,5.021885322973272,0.0,0.0,0.0,13.648866978856372
12,3,5.754445442216029,0.2906874429223743,4.9064393321517565,0.0,0.0,0.5573186671418977,18.323039707071214
13,3,5.8090614249256936,0.2652624429223744,0.0,0.0,0.0,5.543798982003319,22.89
14,3,5.488594153496532,1.824252082945685,0.0,0.0,0.0,3.664342070550847,22.89
15,3,4.786440747430966,4.621546392387859,0.0,0.0,0.0,0.16489435504310723,22.89
16,3,3.7268403254114055,2.5548759117937063,0.0,0.0,0.0,1.1719644136176992,22.89
17,3,2.3802519033457745,2.4779059694837064,0.0,0.09765406613793193,0.0,0.0,22.89
18,3,0.9119070334722088,4.178789276698024,0.0,3.266882243225815,0.0,0.0,22.779505423433616
19,3,0.0027733309394883,5.0670277219903355,0.0,5.064254391050847,0.0,0.0,19.083057814419774
20,3,0.0,2.3105843903764693,0.0,2.3105843903764693,0.0,0.0,13.35270390014947
21,3,0.0,4.225035769081364,0.0,4.225035769081364,0.0,0.0,10.738070531183324
22,3,0.0,1.7063241633650286,0.0,1.393473499677022,0.3128506636880066,0.0,5.956948115344894
23,3,0.0,0.6767374429223744,0.0,0.0,0.6767374429223744,0.0,4.38
0,3,0.0,0.4322374429223744,0.0,0.0,0.4322374429223744,0.0,4.38
1,3,0.0,0.6466624429223744,0.0,0.0,0.6466624429223744,0.0,4.38
2,3,0.0,0.5240374429223744,0.0,0.0,0.5240374429223744,0.0,4.38
3,3,0.0,0.7346374429223743,0.0,0.0,0.7346374429223743,0.0,4.38
4,3,0.0,0.7690624429223745,0.0,0.0,0.7690624429223745,0.0,4.38
5,3,0.0,0.7690624429223745,0.0,0.0,0.7690624429223745,0.0,4.38
6,3,0.0,0.7767124429223744,0.0,0.0,0.7767124429223744,0.0,4.38
7,3,0.0785859802083139,3.84532774467076,0.0,0.0,3.766741764462446,0.0,4.38
8,3,1.2192575107020431,1.2587374429223743,0.0,0.0,0.03947993222033119,0.0,4.38
9,3,2.6201123321734356,0.4398624429223744,2.180249889251061,0.0,0.0,0.0,4.38
10,3,3.429593708665387,1.6248607464632845,1.8047329622021024,0.0,0.0,0.0,6.40984925339491
11,3,3.6198335803437542,0.2945124429223744,3.32532113742138,0.0,0.0,0.0,8.090124311141912
12,3,3.221400857974469,0.3021624429223744,2.9192384150520945,0.0,0.0,0.0,11.18618334023931
13,3,3.308953206073151,1.439922917804282,1.8690302882688687,0.0,0.0,0.0,13.90425142385016
14,3,1.7126648153793635,2.038556166246753,0.0,0.3258913508673895,0.0,0.0,15.644536453783838
15,3,2.097220903461291,1.952566660130825,0.14465424333046628,0.0,0.0,0.0,15.275683812773021
16,3,1.5807730250855156,0.6007374429223744,0.9800355821631412,0.0,0.0,0.0,15.410376869151008
17,3,1.4772327150370603,0.4283874429223744,1.048845272114686,0.0,0.0,0.0,16.322926580078004
18,3,0.266611918700158,2.659909298848538,0.0,2.3932973801483803,0.0,0.0,17.29955772784147
19,3,0.0020405799210312,0.5388124429223744,0.0,0.5367718630013432,0.0,0.0,14.590688132676808
20,3,0.0,2.3359097690725186,0.0,2.3359097690725186,0.0,0.0,13.983124089555783
21,3,0.0,2.076096941903406,0.0,2.076096941903406,0.0,0.0,11.339127893934673
22,3,0.0,2.5446763303923277,0.0,2.5446763303923277,0.0,0.0,8.989154102510659
23,3,0.0,2.5302714493967087,0.0,1.5271762962071023,1.0030951531896064,0.0,6.108723704867304
0,3,0.0,0.9162573887263294,0.0,0.0,0.9162573887263294,0.0,4.38
1,3,0.0,3.0121706061280085,0.0,0.0,3.0121706061280085,0.0,4.38
2,3,0.0,3.4682938329070296,0.0,0.0,3.4682938329070296,0.0,4.38
3,3,0.0,2.863601121174222,0.0,0.0,2.863601121174222,0.0,4.38
4,3,0.0,2.700403239396171,0.0,0.0,2.700403239396171,0.0,4.38
5,3,0.0,2.7678261962262725,0.0,0.0,2.7678261962262725,0.0,4.38
6,3,0.0,0.6120124429223743,0.0,0.0,0.6120124429223743,0.0,4.38
7,3,0.0898769383086755,2.7019894146264325,0.0,0.0,2.612112476317757,0.0,4.38
8,3,1.189459944861915,1.2116616477267943,0.0,0.0,0.022201702864879325,0.0,4.38
9,3,1.6889237861387516,1.0133590067307865,0.6755647794079651,0.0,0.0,0.0,4.38
10,3,2.6815870170569034,3.148762910232846,0.0,0.46717589317594266,0.0,0.0,5.009133549000375
11,3,4.58061971000983,1.1194970254795178,3.461122684530312,0.0,0.0,0.0,4.480290428560073
12,3,5.100409975031453,0.8904797109547435,4.209930264076709,0.0,0.0,0.0,7.703570464803849
13,3,5.055282546900977,0.4209874429223744,4.6342951039786024,0.0,0.0,0.0,11.624343424556807
14,3,4.928646336137706,2.486493693517341,2.4421526426203646,0.0,0.0,0.0,15.940524273113237
15,3,4.47519778637916,2.4735535837464027,2.001644202632757,0.0,0.0,0.0,18.21514944371165
16,3,3.4459988695438826,0.5352624429223743,2.9107364266215083,0.0,0.0,0.0,20.079532001985505
17,3,1.6953122410837926,0.3327624429223744,0.10658043440242322,0.0,0.0,1.255969363758995,22.79072314999199
18,3,0.6923760370632487,0.3466624429223744,0.0,0.0,0.0,0.34571359414087427,22.89
19,3,0.0022143489301408,3.917799751883003,0.0,3.9155854029528623,0.0,0.0,22.89
20,3,0.0,4.4430881861279445,0.0,4.4430881861279445,0.0,0.0,18.456617484376334
21,3,0.0,2.736198046089618,0.0,2.736198046089618,0.0,0.0,13.425768790615878
22,3,0.0,0.4393624429223745,0.0,0.4393624429223745,0.0,0.0,10.327464475796418
23,3,0.0,0.6958624429223743,0.0,0.6958624429223743,0.0,0.0,9.829942891484947
0,3,0.0,0.4092874429223743,0.0,0.4092874429223743,0.0,0.0,9.041964345011374
1,3,0.0,0.4284124429223743,0.0,0.4284124429223743,0.0,0.0,8.578493324895035
2,3,0.0,0.5087374429223744,0.0,0.5087374429223744,0.0,0.0,8.093363358035617
3,3,0.0,0.5622874429223743,0.0,0.5622874429223743,0.0,0.0,7.517271577815564
4,3,0.0,0.5393374429223744,0.0,0.5393374429223744,0.0,0.0,6.88053664597815
5,3,0.0,0.6426124429223744,0.0,0.6426124429223744,0.0,0.0,6.269786720897488
6,3,0.0,2.502842115343941,0.0,1.0261929287848643,1.4766491865590765,0.0,5.542083267478689
7,3,0.1097203601834882,1.6146806978688684,0.0,0.0,1.5049603376853802,0.0,4.38
8,3,1.4313836029930378,0.5240374429223744,0.9073461600706634,0.0,0.0,0.0,4.38
9,3,2.373860050251612,0.4857624429223744,1.8880976073292375,0.0,0.0,0.0,5.22531464088818
10,3,2.6876684283409618,0.3977874429223744,2.2898809854185873,0.0,0.0,0.0,6.984347519897115
11,3,2.622978316114866,0.3518874429223744,2.2710908731924917,0.0,0.0,0.0,9.117741277799425
12,3,4.234179190455709,0.3102624429223743,3.923916747533335,0.0,0.0,0.0,11.233679794416414
13,3,4.152616908148842,0.2947624429223744,3.857854465226468,0.0,0.0,0.0,14.889616382367281
14,3,4.30082748411563,0.4317624429223743,3.869065041193256,0.0,0.0,0.0,18.48415018141784
15,3,3.38464310101515,0.5847624429223743,0.8593130378875634,0.0,0.0,1.9405676202052122,22.089275148484656
16,3,1.8671891130141072,0.3642624429223743,0.0,0.0,0.0,1.5029266700917328,22.89
17,3,1.314972551041869,0.4902624429223743,0.0,0.0,0.0,0.8247101081194947,22.89
18,3,0.7482094791010205,0.4906624429223743,0.0,0.0,0.0,0.2575470361786462,22.89
19,3,0.0026686536943351,1.6131540313966926,0.0,1.6104853777023576,0.0,0.0,22.89
20,3,0.0,0.5543374429223743,0.0,0.5543374429223743,0.0,0.0,21.065851795743384
21,3,0.0,3.6828545256500793,0.0,3.6828545256500793,0.0,0.0,20.437959896666545
22,3,0.0,3.456191887791573,0.0,3.456191887791573,0.0,0.0,16.266407011029315
23,3,0.0,3.3860327555811853,0.0,3.3860327555811853,0.0,0.0,12.351442740996735
0,3,0.0,0.4398874429223743,0.0,0.4398874429223743,0.0,0.0,8.515811503320537
1,3,0.0,0.4857874429223743,0.0,0.4857874429223743,0.0,0.0,8.017497980033738
2,3,0.0,0.5278624429223744,0.0,0.5278624429223744,0.0,0.0,7.467185456830912
3,3,0.0,0.5393374429223744,0.0,0.5393374429223744,0.0,0.0,6.86920624480708
4,3,0.0,0.5546374429223744,0.0,0.5546374429223744,0.0,0.0,6.258224409883287
5,3,0.0,0.5240374429223744,0.0,0.5240374429223744,0.0,0.0,5.629906604039227
6,3,0.0,3.2497250762460475,0.0,0.5792879211370736,2.670437155108974,0.0,5.036250378425344
7,3,0.0729617836675148,3.417096784869451,0.0,0.0,3.3441350012019364,0.0,4.38
8,3,1.0506551648226412,3.4384770838276033,0.0,0.0,2.387821919004962,0.0,4.38
9,3,2.081727893940929,1.9949150710233812,0.086812822917548,0.0,0.0,0.0,4.38
10,3,2.861336922713789,0.4628124429223744,2.3985244797914147,0.0,0.0,0.0,4.460908489718915
11,3,3.6544500173896863,0.6045624429223744,3.049887574467312,0.0,0.0,0.0,6.696306018804037
12,3,4.52032876251484,0.5701374429223743,3.9501913195924656,0.0,0.0,0.0,9.53883802290158
13,3,3.969717435789077,0.5739624429223744,3.395754992866703,0.0,0.0,0.0,13.220581706314817
14,3,4.012935254575027,0.5548374429223744,3.458097811652653,0.0,0.0,0.0,16.385698612836897
15,3,3.290446042851952,0.3748374429223745,2.9156085999295773,0.0,0.0,0.0,19.609038812299513
16,3,2.3907915991864055,0.5624874429223744,0.6041606615666193,0.0,0.0,1.224143494697412,22.326815956768066
17,3,1.8137952520486424,0.4668874429223744,0.0,0.0,0.0,1.346907809126268,22.89
18,3,0.5453178385513295,2.77952840119582,0.0,2.2342105626444906,0.0,0.0,22.89
19,3,0.0023542283837526,4.752851017596617,0.0,4.750496789212865,0.0,0.0,20.358416448657188
20,3,0.0,3.253454647058222,0.0,3.253454647058222,0.0,0.0,14.975503350012485
21,3,0.0,2.444832639064704,0.0,2.444832639064704,0.0,0.0,11.288744489288012
22,3,0.0,1.801062888370473,0.0,1.801062888370473,0.0,0.0,8.518207653051133
23,3,0.0,1.9583370372407356,0.0,1.8505286545335724,0.1078083827071632,0.0,6.477152186206775
0,3,0.0,0.5278624429223744,0.0,0.0,0.5278624429223744,0.0,4.38
1,3,0.0,2.822477152152399,0.0,0.0,2.822477152152399,0.0,4.38
2,3,0.0,0.5775874429223743,0.0,0.0,0.5775874429223743,0.0,4.38
3,3,0.0,0.5890624429223744,0.0,0.0,0.5890624429223744,0.0,4.38
4,3,0.0,2.551465979733528,0.0,0.0,2.551465979733528,0.0,4.38
5,3,0.0,0.5661124429223744,0.0,0.0,0.5661124429223744,0.0,4.38
6,3,0.0,0.5890624429223744,0.0,0.0,0.5890624429223744,0.0,4.38
7,3,0.133370255293069,4.999900576003025,0.0,0.0,4.866530320709956,0.0,4.38
8,3,1.5469753413398295,4.038817260492127,0.0,0.0,2.491841919152298,0.0,4.38
9,3,3.1049858902477556,3.535149661686691,0.0,0.0,0.43016377143893525,0.0,4.38
10,3,4.332223266236142,0.4092624429223744,3.922960823313768,0.0,0.0,0.0,4.38
11,3,5.168836740236636,0.5012874429223744,4.667549297314261,0.0,0.0,0.0,8.037539439078904
12,3,5.622614333708985,1.491361026901036,4.131253306807949,0.0,0.0,0.0,12.38946872301314
13,3,5.659653237448147,3.4651844014634183,2.1944688359847286,0.0,0.0,0.0,16.24155497422689
14,3,5.316700281741219,1.82965341532152,3.487046866419699,0.0,0.0,0.0,18.28782251861066
15,3,4.619820196858325,0.3892624429223743,1.4482775495675595,0.0,0.0,2.7822802043683916,21.53944995927082
16,3,3.557611592689948,0.6747624429223744,0.0,0.0,0.0,2.8828491497675737,22.89
17,3,2.216618994444671,2.949726974730744,0.0,0.7331079802860732,0.0,0.0,22.89
18,3,0.8514520860261342,3.7841443406801463,0.0,2.932692254654012,0.0,0.0,22.059000155245133
19,3,0.0032875950694403,6.036274915934923,0.0,6.032987320865483,0.0,0.0,18.734680114233758
20,3,0.0,2.829922408316212,0.0,2.829922408316212,0.0,0.0,11.895845365727734
21,3,0.0,3.02365757506861,0.0,3.02365757506861,0.0,0.0,8.687717178232742
22,3,0.0,2.3626504852554597,0.0,0.776085992612989,1.5865644926424707,0.0,5.2598602590809245
23,3,0.0,3.0715303883147915,0.0,0.0,3.0715303883147915,0.0,4.38
0,3,0.0,2.6324417065039794,0.0,0.0,2.6324417065039794,0.0,4.38
1,3,0.0,0.4092874429223743,0.0,0.0,0.4092874429223743,0.0,4.38
2,3,0.0,0.4398874429223743,0.0,0.0,0.4398874429223743,0.0,4.38
3,3,0.0,0.6543124429223743,0.0,0.0,0.6543124429223743,0.0,4.38
4,3,0.0,0.6925624429223745,0.0,0.0,0.6925624429223745,0.0,4.38
5,3,0.0,0.6810874429223743,0.0,0.0,0.6810874429223743,0.0,4.38
6,3,0.0,2.7229206098450582,0.0,0.0,2.7229206098450582,0.0,4.38
7,3,0.1474781291141304,2.4614994526442424,0.0,0.0,2.314021323530112,0.0,4.38
8,3,1.5944472716707323,3.188875300665636,0.0,0.0,1.5944280289949035,0.0,4.38
9,3,3.1142246140825156,2.9323427159726663,0.18188189810984934,0.0,0.0,0.0,4.38
10,3,4.296952343632566,2.535351124905371,1.7616012187271952,0.0,0.0,0.0,4.54964042659155
11,3,5.097768519261284,0.4632624429223745,4.634506076338909,0.0,0.0,0.0,6.192681078935722
12,3,5.511046846446765,2.372275218722436,3.1387716277243287,0.0,0.0,0.0,10.515352153666168
13,3,5.554881100922228,2.32226942561961,3.2326116753026177,0.0,0.0,0.0,13.443072369204366
14,3,5.241285515939724,0.5647624429223744,4.67652307301735,0.0,0.0,0.0,16.45842212614982
15,3,4.569120843826315,3.3982006243817637,1.1709202194445516,0.0,0.0,0.0,20.820786825171865
16,3,3.553356036059172,3.2601485694410215,0.29320746661815056,0.0,0.0,0.0,21.91310084398127
17,3,2.259514005925168,2.7424526109680736,0.0,0.4829386050429054,0.0,0.0,22.18662807190962
18,3,0.8664391004086444,2.5972126030803215,0.0,1.7307735026716773,0.0,0.0,21.638999229041286
19,3,0.0035461468175395,2.9934640369968397,0.0,2.9899178901793,0.0,0.0,19.67637647668944
20,3,0.0,2.743455665735612,0.0,2.743455665735612,0.0,0.0,16.285876531738445
21,3,0.0,2.2700725994581266,0.0,2.2700725994581266,0.0,0.0,13.174761610532757
22,3,0.0,3.816773899620179,0.0,3.816773899620179,0.0,0.0,10.60039520996212
23,3,0.0,1.902293974959525,0.0,1.6681641635892004,0.23412981137032451,0.0,6.271895499267606
0,3,0.0,0.9537163737575596,0.0,0.0,0.9537163737575596,0.0,4.38
1,3,0.0,1.0295240425099943,0.0,0.0,1.0295240425099943,0.0,4.38
2,3,0.0,1.031454681050539,0.0,0.0,1.031454681050539,0.0,4.38
3,3,0.0,0.8503542120615017,0.0,0.0,0.8503542120615017,0.0,4.38
4,3,0.0,0.9056152301154916,0.0,0.0,0.9056152301154916,0.0,4.38
5,3,0.0,1.1482544763659428,0.0,0.0,1.1482544763659428,0.0,4.38
6,3,0.0,4.328563991292712,0.0,0.0,4.328563991292712,0.0,4.38
7,3,0.1642468900282362,4.983773536554752,0.0,0.0,4.819526646526516,0.0,4.38
8,3,1.6193388492005751,1.5335199211364372,0.08581892806413793,0.0,0.0,0.0,4.38
9,3,3.118328389059969,2.159406842424659,0.95892154663531,0.0,0.0,0.0,4.460072157592153
10,3,4.2714189116425265,0.8446743367014571,3.426744574941069,0.0,0.0,0.0,5.354781379625688
11,3,5.004123361335095,1.230860098477342,3.7732632628577534,0.0,0.0,0.0,8.552092820094137
12,3,5.410146839965262,1.1272224335839671,4.282924406381294,0.0,0.0,0.0,12.072848883649813
13,3,5.481977525310837,1.2872928377207091,4.194684687590128,0.0,0.0,0.0,16.069317795743057
14,3,5.158740808765042,1.1440693139827505,3.114418797703036,0.0,0.0,0.9002526970792553,19.983624718694916
15,3,4.271124670763003,1.3080100636684613,0.0,0.0,0.0,2.9631146070945418,22.89
16,3,3.294691534546368,1.2102028288779108,0.0,0.0,0.0,2.0844887056684573,22.89
17,3,2.0391508380283185,1.1442130068110474,0.0,0.0,0.0,0.8949378312172711,22.89
18,3,0.7809934355488617,3.028044113678878,0.0,2.247050678130016,0.0,0.0,22.89
19,3,0.0031150805920895,2.067342404639861,0.0,2.0642273240477715,0.0,0.0,20.341003368969258
20,3,0.0,1.0848225692219948,0.0,1.0848225692219948,0.0,0.0,17.99934161945178
21,3,0.0,2.5646491353880587,0.0,2.5646491353880587,0.0,0.0,16.768691032465032
22,3,0.0,2.2602565735191256,0.0,2.2602565735191256,0.0,0.0,13.859254041976245
23,3,0.0,0.8784344717715983,0.0,0.8784344717715983,0.0,0.0,11.295062681860546
0,3,0.0,2.3250716589995557,0.0,2.3250716589995557,0.0,0.0,10.29848222121818
1,3,0.0,1.5454421362176178,0.0,1.5454421362176178,0.0,0.0,7.660673220644948
2,3,0.0,1.6857993592157996,0.0,1.3461836386843609,0.33961572053143874,0.0,5.90731620846863
3,3,0.0,1.3641830574530878,0.0,0.0,1.3641830574530878,0.0,4.38
4,3,0.0,0.5395624429223744,0.0,0.0,0.5395624429223744,0.0,4.38
5,3,0.0,0.3672124429223743,0.0,0.0,0.3672124429223743,0.0,4.38
6,3,0.0,0.3442624429223744,0.0,0.0,0.3442624429223744,0.0,4.38
7,3,0.1792008035904737,2.6282931315343268,0.0,0.0,2.4490923279438532,0.0,4.38
8,3,1.6760087754891255,3.0097972920215224,0.0,0.0,1.3337885165323968,0.0,4.38
9,3,3.176532945595321,0.2227624429223743,2.953770502672947,0.0,0.0,0.0,4.38
10,3,4.355301480869903,0.9921039377102808,3.363197543159622,0.0,0.0,0.0,7.137020689190807
11,3,5.147939555320463,1.0392227422518472,4.108716813068616,0.0,0.0,0.0,10.276293964107534
12,3,5.548380089683875,2.6566418039691566,2.8917382857147187,0.0,0.0,0.0,14.11158470801487
13,3,5.565489532789806,2.994123416678092,2.5713661161117143,0.0,0.0,0.0,16.811000635055837
14,3,5.230637459070773,1.2735494386278985,3.940432963645734,0.0,0.0,0.016655056797140855,19.21142444603876
15,3,4.545027444068896,1.298937164077234,0.0,0.0,0.0,3.2460902799916616,22.89
16,3,3.5298119903159413,1.3617663926265582,0.0,0.0,0.0,2.168045597689383,22.89
17,3,2.2385909998573714,0.5962624429223744,0.0,0.0,0.0,1.642328556934997,22.89
18,3,0.8447069461017114,3.540861054786091,0.0,2.6961541086843797,0.0,0.0,22.89
19,3,0.0037747197412919,3.2630393607767867,0.0,3.259264641035495,0.0,0.0,19.830390949159792
20,3,0.0,2.4217961208202716,0.0,2.4217961208202716,0.0,0.0,16.131656541784103
21,3,0.0,0.4501624429223744,0.0,0.4501624429223744,0.0,0.0,13.383218393770298
22,3,0.0,2.6171315140533924,0.0,2.6171315140533924,0.0,0.0,12.872326873403264
23,3,0.0,2.0806316673034297,0.0,2.0806316673034297,0.0,0.0,9.902117694194281
0,3,0.0,2.2016830789475508,0.0,2.2016830789475508,0.0,0.0,7.540722737963746
1,3,0.0,0.4898374429223744,0.0,0.4898374429223744,0.0,0.0,5.041886917192278
2,3,0.0,0.2601124429223744,0.0,0.09332624998300748,0.16678619293936692,0.0,4.485925131507608
3,3,0.0,0.2907124429223744,0.0,0.0,0.2907124429223744,0.0,4.38
4,3,0.0,0.3442624429223744,0.0,0.0,0.3442624429223744,0.0,4.38
5,3,0.0,0.4668874429223744,0.0,0.0,0.4668874429223744,0.0,4.38
6,3,0.0,4.006020237638469,0.0,0.0,4.006020237638469,0.0,4.38
7,3,0.1899562815529748,2.8267190283227728,0.0,0.0,2.636762746769798,0.0,4.38
8,3,1.6789879485676218,3.76232405635342,0.0,0.0,2.083336107785798,0.0,4.38
9,3,3.195005016742214,3.135384485160537,0.05962053158167713,0.0,0.0,0.0,4.38
10,3,4.3673020453910905,2.3144923631294656,2.052809682261625,0.0,0.0,0.0,4.435670349847992
11,3,5.143357484380175,2.5547369604799557,2.5886205239002194,0.0,0.0,0.0,6.352471520858948
12,3,5.537805232658242,3.4033412513622423,2.1344639812959993,0.0,0.0,0.0,8.769635610073339
13,3,5.569028979318347,2.3080629518810554,3.2609660274372914,0.0,0.0,0.0,10.762778263731853
14,3,5.237309102559357,2.5271565941505347,2.7101525084088225,0.0,0.0,0.0,13.807906348712507
15,3,4.55737839234244,0.7377624429223744,3.819615949420066,0.0,0.0,0.0,16.338765046298228
16,3,3.5436088054369472,0.7467624429223744,2.796846362514573,0.0,0.0,0.0,19.90579068338925
17,3,2.249992561953872,0.6322624429223744,0.3985425976500799,0.0,0.0,1.2191875213814178,22.517787059238263
18,3,0.8506233642782934,0.7246624429223744,0.0,0.0,0.0,0.12596092135591908,22.89
19,3,0.0039871880007089,2.8585960697084403,0.0,2.8546088817077315,0.0,0.0,22.89
20,3,0.0,3.983481359507688,0.0,3.983481359507688,0.0,0.0,19.649345975674336
21,3,0.0,4.645393528549431,0.0,4.645393528549431,0.0,0.0,15.127019939221855
22,3,0.0,0.5536624429223744,0.0,0.5536624429223744,0.0,0.0,9.85302428423186
23,3,0.0,0.3736624429223745,0.0,0.3736624429223745,0.0,0.0,9.224411050328245
0,4,0.0,0.2103874429223744,0.0,0.2103874429223744,0.0,0.0,8.800162437946895
1,4,0.0,0.3789124429223744,0.0,0.3789124429223744,0.0,0.0,8.561291947049565
2,4,0.0,0.2027374429223744,0.0,0.2027374429223744,0.0,0.0,8.131079953019361
3,4,0.0,0.2027374429223744,0.0,0.2027374429223744,0.0,0.0,7.900893722718398
4,4,0.0,2.152523729369185,0.0,2.152523729369185,0.0,0.0,7.670707002050239
5,4,0.0,0.2601124429223744,0.0,0.2601124429223744,0.0,0.0,5.226740920534981
6,4,0.0,2.484236257147261,0.0,0.48563663653706884,1.9985996206101921,0.0,4.931403704027755
7,4,0.1905629172555842,4.742533426162802,0.0,0.0,4.5519705089072175,0.0,4.38
8,4,1.586956322602045,2.3841110251999256,0.0,0.0,0.7971547025978805,0.0,4.38
9,4,3.0247373059578777,2.3694799123706565,0.6552573935872212,0.0,0.0,0.0,4.38
10,4,4.143243584811065,2.6094655038165313,1.533778080994534,0.0,0.0,0.0,4.992075318541647
11,4,4.881571688205731,4.128308796621035,0.7532628915846962,0.0,0.0,0.0,6.424785854481544
12,4,5.223001030934999,4.880534996963028,0.34246603397197095,0.0,0.0,0.0,7.128424202487962
13,4,5.184314894760139,5.239827120136983,0.0,0.05551222537684364,0.0,0.0,7.448331295373246
14,4,4.711541368081639,5.739931275050046,0.0,1.0283899069684068,0.0,0.0,7.385298860891114
15,4,4.176689127076614,6.079993737981199,0.0,1.6183368037632877,0.2849678071412973,0.0,6.2175928860967336
16,4,3.3381640052428923,1.656643532063342,1.6815204731795503,0.0,0.0,0.0,4.38
17,4,2.1249425532707265,0.8772624429223743,1.2476801103483521,0.0,0.0,0.0,5.950805523532306
18,4,0.793905659297344,3.2254214426580012,0.0,2.409747268125648,0.02176851523500911,0.0,7.116356269298632
19,4,0.0036048987344709,5.230332267022683,0.0,0.0,5.226727368288212,0.0,4.38
20,4,0.0,0.7111624429223744,0.0,0.0,0.7111624429223744,0.0,4.38
21,4,0.0,2.0980111051715955,0.0,0.0,2.0980111051715955,0.0,4.38
22,4,0.0,1.7760162441745644,0.0,0.0,1.7760162441745644,0.0,4.38
23,4,0.0,4.391591775258134,0.0,0.0,4.391591775258134,0.0,4.38
0,4,0.0,0.5467624429223743,0.0,0.0,0.5467624429223743,0.0,4.38
1,4,0.0,0.3307624429223744,0.0,0.0,0.3307624429223744,0.0,4.38
2,4,0.0,0.3172624429223744,0.0,0.0,0.3172624429223744,0.0,4.38
3,4,0.0,0.4387624429223744,0.0,0.0,0.4387624429223744,0.0,4.38
4,4,0.0,0.2767624429223743,0.0,0.0,0.2767624429223743,0.0,4.38
5,4,0.0,0.2722624429223744,0.0,0.0,0.2722624429223744,0.0,4.38
6,4,0.0,2.4263822989771637,0.0,0.0,2.4263822989771637,0.0,4.38
7,4,0.1729122350181117,2.217242002329958,0.0,0.0,2.0443297673118463,0.0,4.38
8,4,1.4084829382490875,2.1490208328817144,0.0,0.0,0.7405378946326269,0.0,4.38
9,4,2.838723700014323,2.2437982151384546,0.5949254848758683,0.0,0.0,0.0,4.38
10,4,4.175006435202244,1.9382560339089556,2.236750401293288,0.0,0.0,0.0,4.935785485122786
11,4,4.913147886408689,2.5608393567871732,2.352308529621516,0.0,0.0,0.0,7.025393698323768
12,4,5.317056705774616,0.7377624429223744,4.579294262852241,0.0,0.0,0.0,9.22300983329082
13,4,5.338215785207633,0.7222624429223744,4.615953342285259,0.0,0.0,0.0,13.501266544704075
14,4,5.017074337031798,3.24813450997062,1.7689398270611782,0.0,0.0,0.0,17.813979971205598
15,4,4.3649250805040545,3.2541621483660093,1.1107629321380452,0.0,0.0,0.0,19.46679145259234
16,4,3.389323852008233,3.689319141701995,0.0,0.2999952896937619,0.0,0.0,20.504653699054195
17,4,2.1314969568475064,0.9987624429223744,1.132734513925132,0.0,0.0,0.0,20.163927633895437
18,4,0.7891842420107941,1.0216624429223744,0.0,0.23247820091158033,0.0,0.0,21.22233513593623
19,4,0.0039325863859206,3.8997864461085032,0.0,3.8958538597225827,0.0,0.0,20.95828907163901
20,4,0.0,4.202410369045649,0.0,4.202410369045649,0.0,0.0,16.533412294075823
21,4,0.0,5.178886507076071,0.0,5.178886507076071,0.0,0.0,11.760155842530214
22,4,0.0,3.003360969302278,0.0,1.3182986097727611,1.6850623595295167,0.0,5.87752103968589
23,4,0.0,1.7803503576257136,0.0,0.0,1.7803503576257136,0.0,4.38
0,4,0.0,2.0709643018532837,0.0,0.0,2.0709643018532837,0.0,4.38
1,4,0.0,1.7597342860592406,0.0,0.0,1.7597342860592406,0.0,4.38
2,4,0.0,1.3761158389062895,0.0,0.0,1.3761158389062895,0.0,4.38
3,4,0.0,1.3778565642291072,0.0,0.0,1.3778565642291072,0.0,4.38
4,4,0.0,1.937187752985502,0.0,0.0,1.937187752985502,0.0,4.38
5,4,0.0,1.5020957067424372,0.0,0.0,1.5020957067424372,0.0,4.38
6,4,0.0,0.2142124429223744,0.0,0.0,0.2142124429223744,0.0,4.38
7,4,0.208485392502083,3.0594784537686053,0.0,0.0,2.8509930612665224,0.0,4.38
8,4,1.600574326113443,3.380694409914365,0.0,0.0,1.7801200838009221,0.0,4.38
9,4,3.0144080597715432,3.336343079560491,0.0,0.0,0.3219350197889477,0.0,4.38
10,4,4.121563947544929,1.949229845558452,2.172334101986477,0.0,0.0,0.0,4.38
11,4,4.865787053932122,0.6367624429223743,4.229024611009748,0.0,0.0,0.0,6.410131931112122
12,4,5.245976733865005,0.7827624429223744,4.463214290942631,0.0,0.0,0.0,10.362412554067822
13,4,5.263127292840032,1.5707026180142512,3.692424674825781,0.0,0.0,0.0,14.533743132231162
14,4,4.936739697117167,1.3081062005160022,3.6286334966011644,0.0,0.0,0.0,17.984853864760236
15,4,4.289666228986138,1.4782141942869396,1.61923238025854,0.0,0.0,1.1922196544406582,21.3764740868587
16,4,3.32507934909845,3.4994367354759386,0.0,0.17435738637748877,0.0,0.0,22.89
17,4,2.103082770999921,2.7943293844088397,0.0,0.6912466134089188,0.0,0.0,22.69189476992287
18,4,0.7871086271938341,1.8796624429223745,0.0,1.0925538157285404,0.0,0.0,21.90649747015665
19,4,0.0041095920158227,1.0306624429223743,0.0,1.0265528509065516,0.0,0.0,20.665124221835388
20,4,0.0,2.50730848705956,0.0,2.50730848705956,0.0,0.0,19.498728691331305
21,4,0.0,0.7561624429223746,0.0,0.7561624429223746,0.0,0.0,16.649830088895346
22,4,0.0,0.9091624429223744,0.0,0.9091624429223744,0.0,0.0,15.79062710801331
23,4,0.0,0.6571624429223744,0.0,0.6571624429223744,0.0,0.0,14.757566950235908
0,4,0.0,0.6502624429223745,0.0,0.6502624429223745,0.0,0.0,14.010841397578496
1,4,0.0,0.3982624429223744,0.0,0.3982624429223744,0.0,0.0,13.271951123287488
2,4,0.0,0.3127624429223744,0.0,0.3127624429223744,0.0,0.0,12.819404215189522
3,4,0.0,0.2677624429223744,0.0,0.2677624429223744,0.0,0.0,12.464009746478611
4,4,0.0,0.5152624429223744,0.0,0.5152624429223744,0.0,0.0,12.159748137422623
5,4,0.0,0.2409874429223744,0.0,0.2409874429223744,0.0,0.0,11.574247722528689
6,4,0.0,0.2983624429223744,0.0,0.2983624429223744,0.0,0.0,11.300408605558498
7,4,0.2225418933770758,0.2333374429223744,0.0,0.0107955495452986,0.0,0.0,10.961372206080544
8,4,1.5513350630957266,0.2767624429223743,1.2745726201733523,0.0,0.0,0.0,10.949104925733293
9,4,3.053682193634733,1.2492624429223742,1.8044197507123587,0.0,0.0,0.0,12.140623053825772
10,4,4.153776157270226,0.6432624429223746,3.5105137143478515,0.0,0.0,0.0,13.827484695373785
11,4,4.894481835469963,0.7512624429223744,4.143219392547589,0.0,0.0,0.0,17.10935040254404
12,4,5.25736114860549,0.8412624429223744,2.0398516338570674,0.0,0.0,2.376247071826048,20.98285518635706
13,4,5.270989569520266,1.1022624429223742,0.0,0.0,0.0,4.168727126597892,22.89
14,4,4.943691939436034,0.9807624429223744,0.0,0.0,0.0,3.96292949651366,22.89
15,4,4.294106332220003,0.9382624429223744,0.0,0.0,0.0,3.3558438892976286,22.89
16,4,3.3354292086419055,0.9987624429223744,0.0,0.0,0.0,2.336666765719531,22.89
17,4,2.1123004970204207,0.8842624429223743,0.0,0.0,0.0,1.2280380540980462,22.89
18,4,0.7880202333927099,2.568737393532423,0.0,1.7807171601397132,0.0,0.0,22.89
19,4,0.0041062065420918,3.0921316556002374,0.0,3.088025449058146,0.0,0.0,20.86624997336377
20,4,0.0,0.7921624429223744,0.0,0.7921624429223744,0.0,0.0,17.356704059602762
21,4,0.0,0.9046624429223744,0.0,0.9046624429223744,0.0,0.0,16.456380920644115
22,4,0.0,2.1109518229604225,0.0,2.1109518229604225,0.0,0.0,15.428188629866867
23,4,0.0,0.6211624429223745,0.0,0.6211624429223745,0.0,0.0,13.028967725962904
0,4,0.0,0.6097624429223745,0.0,0.6097624429223745,0.0,0.0,12.322964399350052
1,4,0.0,0.3397624429223744,0.0,0.3397624429223744,0.0,0.0,11.629913602651634
2,4,0.0,0.2812624429223744,0.0,0.2812624429223744,0.0,0.0,11.24374002831519
3,4,0.0,0.3712624429223744,0.0,0.3712624429223744,0.0,0.0,10.924056339435396
4,4,0.0,0.5017624429223744,0.0,0.5017624429223744,0.0,0.0,10.502077147309297
5,4,0.0,0.2002624429223743,0.0,0.2002624429223743,0.0,0.0,9.931768619683117
6,4,0.0,0.7810327006254867,0.0,0.7810327006254867,0.0,0.0,9.704146996369309
7,4,0.1994269667582473,1.574850470926374,0.0,1.3754235041681266,0.0,0.0,8.816410368924814
8,4,1.2002497092189914,1.4267290291143813,0.0,0.22647931989538983,0.0,0.0,7.253065001288319
9,4,3.0984347614152856,2.5321627825004636,0.5662719789148221,0.0,0.0,0.0,6.995638457870711
10,4,4.250724012098048,0.7557624429223744,3.4949615691756737,0.0,0.0,0.0,7.525159672130183
11,4,4.991864084848674,0.8592624429223743,4.1326016419263,0.0,0.0,0.0,10.793319473173538
12,4,5.339831614635204,0.7872624429223745,4.55256917171283,0.0,0.0,0.0,14.657882460985679
13,4,5.338133583091465,4.0126134446281725,1.3255201384632924,0.0,0.0,0.0,18.915359166094607
14,4,4.998072199414411,4.249683102320226,0.7483890970941847,0.0,0.0,0.0,20.155019936895016
15,4,4.358799684945334,5.213082609627765,0.0,0.8542829246824315,0.0,0.0,20.85494256808163
16,4,3.366271586848556,2.698178253887229,0.6680933329613272,0.0,0.0,0.0,19.883772597530115
17,4,2.0919212769041433,2.5970333237291285,0.0,0.5051120468249852,0.0,0.0,20.508610038517705
18,4,0.8118530210502098,3.869617743712955,0.0,3.0577647226627453,0.0,0.0,19.934376965777098
19,4,0.0036987635998933,0.8191624429223744,0.0,0.8154636793224811,0.0,0.0,16.458160203968042
20,4,0.0,0.7741624429223743,0.0,0.7741624429223743,0.0,0.0,15.531071311372239
21,4,0.0,2.261726215603552,0.0,2.261726215603552,0.0,0.0,14.65092964705627
22,4,0.0,1.8847202569492985,0.0,1.8847202569492985,0.0,0.0,12.079562734868881
23,4,0.0,0.7966624429223743,0.0,0.7966624429223743,0.0,0.0,9.936764634329023
0,4,0.0,0.6232624429223745,0.0,0.6232624429223745,0.0,0.0,9.030995931011487
1,4,0.0,0.3757624429223745,0.0,0.3757624429223745,0.0,0.0,8.32236914427871
2,4,0.0,0.5062624429223744,0.0,0.5062624429223744,0.0,0.0,7.895138076846679
3,4,0.0,0.2902624429223743,0.0,0.2902624429223743,0.0,0.0,7.319529994775451
4,4,0.0,2.004752011009467,0.0,2.004752011009467,0.0,0.0,6.989506900149314
5,4,0.0,2.1691052244906195,0.0,0.2903525593956492,1.8787526650949702,0.0,4.710133527833157
6,4,0.0,2.334544974957487,0.0,0.0,2.334544974957487,0.0,4.38
7,4,0.1947817014199929,4.7605775726320525,0.0,0.0,4.565795871212059,0.0,4.38
8,4,1.408529826055238,2.0334017336393955,0.0,0.0,0.6248719075841576,0.0,4.38
9,4,3.0685559871652313,3.293038976927611,0.0,0.0,0.22448298976237968,0.0,4.38
10,4,4.219578979289455,0.7197624429223743,3.4998165363670806,0.0,0.0,0.0,4.38
11,4,4.977318600010024,1.685975496779481,3.291343103230543,0.0,0.0,0.0,7.653731554213466
12,4,5.250912222963531,0.6792624429223744,4.571649780041156,0.0,0.0,0.0,10.732570256447039
13,4,5.279683399864376,0.6862624429223744,4.593420956942001,0.0,0.0,0.0,15.00920121012465
14,4,5.036168458577589,0.9852624429223744,3.8304358624307966,0.0,0.0,0.22047015322441865,19.30640513422095
15,4,4.381893586517706,0.7537624429223744,0.0,0.0,0.0,3.628131143595332,22.89
16,4,3.386002547708001,0.8367624429223743,0.0,0.0,0.0,2.5492401047856266,22.89
17,4,2.1501088794867096,0.7872624429223745,0.0,0.0,0.0,1.3628464365643351,22.89
18,4,0.8002662052971263,0.9766624429223744,0.0,0.17639623762524803,0.0,0.0,22.89
19,4,0.0046975209634038,0.7066624429223745,0.0,0.7019649219589706,0.0,0.0,22.68939347617803
20,4,0.0,3.1511587715959446,0.0,3.1511587715959446,0.0,0.0,21.891082774245906
21,4,0.0,0.5581624429223744,0.0,0.5581624429223744,0.0,0.0,18.307396071577124
22,4,0.0,0.6796624429223743,0.0,0.6796624429223743,0.0,0.0,17.672599219722677
23,4,0.0,1.8017921794640008,0.0,1.8017921794640008,0.0,0.0,16.899616158491725
0,4,0.0,1.6106667849854288,0.0,1.6106667849854288,0.0,0.0,14.850415393415796
1,4,0.0,1.4650112613175406,0.0,1.4650112613175406,0.0,0.0,13.018549187406247
2,4,0.0,0.4056874429223743,0.0,0.4056874429223743,0.0,0.0,11.352313722313847
3,4,0.0,0.2907124429223744,0.0,0.2907124429223744,0.0,0.0,10.890896634984507
4,4,0.0,0.3595624429223744,0.0,0.3595624429223744,0.0,0.0,10.560247353575447
5,4,0.0,0.3672124429223743,0.0,0.3672124429223743,0.0,0.0,10.151288500672024
6,4,0.0,0.5319124429223744,0.0,0.5319124429223744,0.0,0.0,9.733627115933094
7,4,0.2875404513771309,2.063614287191527,0.0,1.776073835814396,0.0,0.0,9.128636325250167
8,4,1.7674382209248332,2.117460844667669,0.0,0.3500226237428359,0.0,0.0,7.108540076806941
9,4,3.2082339100893726,1.2942624429223744,1.9139714671669983,0.0,0.0,0.0,6.71041889840398
10,4,4.327946531060012,0.9637237455340368,3.3642227855259748,0.0,0.0,0.0,8.501390537966511
11,4,5.073035631710393,0.5982624429223744,4.474773188788019,0.0,0.0,0.0,11.649477694045284
12,4,5.4441183615141115,0.6657624429223745,4.778355918591737,0.0,0.0,0.0,15.836915861838806
13,4,5.4364538602202,1.34148316824849,2.758205287692725,0.0,0.0,1.3367654042789852,20.308653691558924
14,4,5.007475275131516,2.5395555764174245,0.0,0.0,0.0,2.4679196987140917,22.89
15,4,4.400751092050222,2.6186910344148644,0.0,0.0,0.0,1.7820600576353578,22.89
16,4,3.394025829775391,2.074720317765092,0.0,0.0,0.0,1.319305512010299,22.89
17,4,2.1318154468480732,0.7312624429223744,0.0,0.0,0.0,1.4005530039256988,22.89
18,4,0.7841643996856801,0.8146624429223743,0.0,0.03049804323669425,0.0,0.0,22.89
19,4,0.0046879721913423,0.9091624429223744,0.0,0.904474470731032,0.0,0.0,22.855304608799635
20,4,0.0,0.8236624429223744,0.0,0.8236624429223744,0.0,0.0,21.826349884539876
21,4,0.0,0.6121624429223744,0.0,0.6121624429223744,0.0,0.0,20.889320195033154
22,4,0.0,0.5986624429223745,0.0,0.5986624429223745,0.0,0.0,20.19289490196773
23,4,0.0,0.7651624429223745,0.0,0.7651624429223745,0.0,0.0,19.511823465369105
0,4,0.0,0.6502624429223745,0.0,0.6502624429223745,0.0,0.0,18.641326952430006
1,4,0.0,0.5962624429223744,0.0,0.5962624429223744,0.0,0.0,17.901541885169117
2,4,0.0,0.3442624429223743,0.0,0.3442624429223743,0.0,0.0,17.22318643609128
3,4,0.0,2.2847880502835523,0.0,2.2847880502835523,0.0,0.0,16.831523716161644
4,4,0.0,2.4672153483860435,0.0,2.4672153483860435,0.0,0.0,14.23214186582447
5,4,0.0,0.2448124429223743,0.0,0.2448124429223743,0.0,0.0,11.425146669850108
6,4,0.0,0.4936624429223744,0.0,0.4936624429223744,0.0,0.0,11.146611922661467
7,4,0.2652076362270731,1.0254124429223743,0.0,0.7602048066953012,0.0,0.0,10.58494725994294
8,4,1.6610402204731949,0.2272624429223744,1.4337777775508205,0.0,0.0,0.0,9.72001940906205
9,4,3.0392583565929185,0.3802624429223744,2.658995913670544,0.0,0.0,0.0,11.06206440226465
10,4,4.112959825895925,1.178852221301568,2.934107604594357,0.0,0.0,0.0,13.550975922455178
11,4,4.867393184182112,1.271779322563527,3.595613861618585,0.0,0.0,0.0,16.297478334973416
12,4,5.102669613993792,0.7197624429223745,3.4468747106246354,0.0,0.0,0.9360324604467825,19.663294657975428
13,4,5.230972309571784,0.9672624429223744,0.0,0.0,0.0,4.2637098666494095,22.89
14,4,4.938976858300358,1.404625334482099,0.0,0.0,0.0,3.534351523818259,22.89
15,4,4.263848438598734,1.3369473060915444,0.0,0.0,0.0,2.926901132507189,22.89
16,4,3.312315205268004,1.6093122958116926,0.0,0.0,0.0,1.7030029094563113,22.89
17,4,2.0842286302452684,1.2383917760619647,0.0,0.0,0.0,0.8458368541833037,22.89
18,4,0.7617311147443344,2.1398288482976504,0.0,1.378097733553316,0.0,0.0,22.89
19,4,0.0047769275543084,1.4738813083990283,0.0,1.46910438084472,0.0,0.0,21.321815673362828
20,4,0.0,3.110028050010678,0.0,3.110028050010678,0.0,0.0,19.650047522097196
21,4,0.0,2.1761935504361487,0.0,2.1761935504361487,0.0,0.0,16.110934608320694
22,4,0.0,1.3533991612794352,0.0,1.3533991612794352,0.0,0.0,13.634414512198545
23,4,0.0,1.9052857767493476,0.0,1.9052857767493476,0.0,0.0,12.094203605148184
0,4,0.0,0.5917624429223743,0.0,0.5917624429223743,0.0,0.0,9.925897425849792
1,4,0.0,0.3262624429223744,0.0,0.3262624429223744,0.0,0.0,9.252429998416735
2,4,0.0,0.4792624429223743,0.0,0.4792624429223743,0.0,0.0,8.88111799604207
3,4,0.0,0.2272624429223744,0.0,0.2272624429223744,0.0,0.0,8.335678235105627
4,4,0.0,0.2317624429223743,0.0,0.2317624429223743,0.0,0.0,8.077033728123032
5,4,0.0,0.4324624429223744,0.0,0.4324624429223744,0.0,0.0,7.8132671967821254
6,4,0.0,2.251924575518534,0.0,2.251924575518534,0.0,0.0,7.321084790009487
7,4,0.2978816386590657,2.409139957802538,0.0,0.33227799444179607,1.778980324701676,0.0,4.758173896416496
8,4,1.718784112326165,1.457586115684541,0.2611979966416238,0.0,0.0,0.0,4.38
9,4,3.145373005264199,1.640935768049299,1.5044372372149,0.0,0.0,0.0,4.624564723545637
10,4,4.267899197181199,0.5667624429223743,3.701136754258825,0.0,0.0,0.0,6.033202209293191
11,4,5.013806666155426,3.0583928482959983,1.9554138178594274,0.0,0.0,0.0,9.49871240807979
12,4,5.386717358343021,3.680751053105069,1.705966305237952,0.0,0.0,0.0,11.32970952338991
13,4,5.417833244920273,4.682013236278027,0.7358200086422464,0.0,0.0,0.0,12.92716357409708
14,4,5.089722180423666,4.892380791933137,0.1973413884905293,0.0,0.0,0.0,13.616192292465001
15,4,4.416211696678893,4.999533028006409,0.0,0.5833213313275163,0.0,0.0,13.800986041423855
16,4,3.4200627833002595,4.237291506181476,0.0,0.8172287228812167,0.0,0.0,13.137020756186086
17,4,2.1509649915437925,1.4583981207522485,0.692566870791544,0.0,0.0,0.0,12.206804754805352
18,4,0.783896577126796,2.7628631995766515,0.0,1.9789666224498554,0.0,0.0,12.855346774887535
19,4,0.005195114943241,0.7831624429223744,0.0,0.7779673279791334,0.0,0.0,10.602739095552876
20,4,0.0,1.4836624429223746,0.0,1.4836624429223746,0.0,0.0,9.717180091216512
21,4,0.0,0.8461624429223744,0.0,0.8461624429223744,0.0,0.0,8.028315589478161
22,4,0.0,0.6031624429223743,0.0,0.6031624429223743,0.0,0.0,7.065107242653704
23,4,0.0,0.5176624429223744,0.0,0.5176624429223744,0.0,0.0,6.378505889322363
0,4,0.0,0.3037624429223744,0.0,0.3037624429223744,0.0,0.0,5.789228495558425
1,4,0.0,0.4612624429223744,0.0,0.4612624429223744,0.0,0.0,5.4434407735905825
2,4,0.0,0.4027624429223744,0.0,0.4027624429223744,0.0,0.0,4.918361378467881
3,4,0.0,0.2180374429223743,0.0,0.07016512547789623,0.1478723174444781,0.0,4.459873394361448
4,4,0.0,0.2562874429223744,0.0,0.0,0.2562874429223744,0.0,4.38
5,4,0.0,0.3903874429223744,0.0,0.0,0.3903874429223744,0.0,4.38
6,4,0.0,0.3136624429223744,0.0,0.0,0.3136624429223744,0.0,4.38
7,4,0.3156620018805945,2.120930931808286,0.0,0.0,1.8052689299276916,0.0,4.38
8,4,1.752423478740358,1.424649060291987,0.3277744184483711,0.0,0.0,0.0,4.38
9,4,3.160165490073565,2.3693336713800672,0.7908318186934977,0.0,0.0,0.0,4.68696488372787
10,4,4.259231057514446,1.6500002234590736,2.6092308340553725,0.0,0.0,0.0,5.427591430207566
11,4,4.991844591847562,1.8449826873363528,3.1468619045112085,0.0,0.0,0.0,7.871197866603724
12,4,5.342535920143051,2.0535327899031506,3.2890031302399008,0.0,0.0,0.0,10.818389541827846
13,4,5.340338807344196,2.1692620741825692,3.1710767331616267,0.0,0.0,0.0,13.898805627362572
14,4,4.99870610073209,2.1496189217923307,2.849087178939759,0.0,0.0,0.0,16.868877074307044
15,4,4.329366072060859,0.8302624429223745,3.4991036291384843,0.0,0.0,0.0,19.53745810515922
16,4,3.350052779759737,0.8907624429223745,0.0800979753539956,0.0,0.0,2.379192361483367,22.814971676003168
17,4,2.078356745152229,0.7897624429223742,0.0,0.0,0.0,1.288594302229855,22.89
18,4,0.7766348137154475,3.948513034917966,0.0,3.1718782212025185,0.0,0.0,22.89
19,4,0.0051993684871593,5.553840938220137,0.0,5.548641569732978,0.0,0.0,19.27849605393588
20,4,0.0,0.8641624429223744,0.0,0.8641624429223744,0.0,0.0,12.960595643625778
21,4,0.0,0.6661624429223745,0.0,0.6661624429223745,0.0,0.0,11.976568935095317
22,4,0.0,1.9179247908695352,0.0,1.9179247908695352,0.0,0.0,11.217999049047904
23,4,0.0,1.8753558388907816,0.0,1.8753558388907816,0.0,0.0,9.034011915997572
0,4,0.0,1.7884266149976118,0.0,1.7884266149976118,0.0,0.0,6.898455909289605
1,4,0.0,0.3622624429223744,0.0,0.3622624429223744,0.0,0.0,4.861850052153894
2,4,0.0,0.3082624429223745,0.0,0.06086152040650815,0.24740092251586632,0.0,4.4493088200727415
3,4,0.0,0.3127624429223744,0.0,0.0,0.3127624429223744,0.0,4.38
4,4,0.0,0.2448124429223743,0.0,0.0,0.2448124429223743,0.0,4.38
5,4,0.0,0.4668874429223744,0.0,0.0,0.4668874429223744,0.0,4.38
6,4,0.0,0.3251374429223744,0.0,0.0,0.3251374429223744,0.0,4.38
7,4,0.306571871514225,0.4668874429223744,0.0,0.0,0.1603155714081494,0.0,4.38
8,4,1.69957647462104,2.5304167685400474,0.0,0.0,0.8308402939190074,0.0,4.38
9,4,2.9693938499365,1.7698880344288244,1.1995058155076757,0.0,0.0,0.0,4.38
10,4,3.766601019408022,1.9562388507753712,1.8103621686326508,0.0,0.0,0.0,5.503778784375786
11,4,4.647336387022319,2.0586489653871256,2.5886874216351936,0.0,0.0,0.0,7.199870866889023
12,4,4.063528707241196,2.104277995848359,1.959250711392837,0.0,0.0,0.0,9.625206576687525
13,4,4.209339277217518,1.728951912985273,2.480387364232245,0.0,0.0,0.0,11.460874462190434
14,4,3.997956274792979,2.1165281059106587,1.8814281688823202,0.0,0.0,0.0,13.784855475560146
15,4,3.3875162317850163,1.0032624429223744,2.384253788862642,0.0,0.0,0.0,15.547692086481145
16,4,3.1262195439151936,1.0167624429223745,2.1094571009928194,0.0,0.0,0.0,17.781704147088085
17,4,2.040254416697639,0.7582624429223744,1.2819919737752645,0.0,0.0,0.0,19.758285273846376
18,4,0.7547811545195751,1.3591185011186209,0.0,0.6043373465990458,0.0,0.0,20.959550511045187
19,4,0.0028615881668813,1.3228205341713777,0.0,1.3199589460044965,0.0,0.0,20.2712051005994
20,4,0.0,2.7209803419127323,0.0,2.7209803419127323,0.0,0.0,18.767750985614814
21,4,0.0,3.005800856422986,0.0,3.005800856422986,0.0,0.0,15.66846821976322
22,4,0.0,3.0893395576849394,0.0,3.0893395576849394,0.0,0.0,12.244667664884693
23,4,0.0,3.0168512176483517,0.0,3.0168512176483517,0.0,0.0,8.72559964885296
0,4,0.0,0.6412624429223744,0.0,0.6412624429223744,0.0,0.0,5.288991209021842
1,4,0.0,0.5557624429223744,0.0,0.15667553160924716,0.39908691131312723,0.0,4.55848186103084
2,4,0.0,1.7504914803574831,0.0,0.0,1.7504914803574831,0.0,4.38
3,4,0.0,1.427596669516472,0.0,0.0,1.427596669516472,0.0,4.38
4,4,0.0,0.3865624429223743,0.0,0.0,0.3865624429223743,0.0,4.38
5,4,0.0,0.4522624429223744,0.0,0.0,0.4522624429223744,0.0,4.38
6,4,0.0,0.2452624429223743,0.0,0.0,0.2452624429223743,0.0,4.38
7,4,0.323717618041425,2.528401351502792,0.0,0.0,2.204683733461367,0.0,4.38
8,4,1.6692118386005006,4.537916237901411,0.0,0.0,2.86870439930091,0.0,4.38
9,4,3.0191629483763505,4.0034139016648735,0.0,0.0,0.9842509532885231,0.0,4.38
10,4,4.1810843238612065,0.7287624429223744,3.452321880938832,0.0,0.0,0.0,4.38
11,4,4.920241088389049,1.0392086957658917,3.8810323926231574,0.0,0.0,0.0,7.615470105081682
12,4,5.291432329695009,0.8682624429223744,4.4231698867726355,0.0,0.0,0.0,11.25285438438819
13,4,5.304719140105431,0.9222624429223744,4.3824566971830565,0.0,0.0,0.0,15.398510832613411
14,4,4.970252115905449,2.9753776163137413,1.9948744995917078,0.0,0.0,0.0,19.506200038154837
15,4,4.302424266613744,0.8007624429223745,1.6150704738949468,0.0,0.0,1.8865913497964224,21.37608802198181
16,4,3.3248798368321193,0.8052624429223746,0.0,0.0,0.0,2.5196173939097446,22.89
17,4,2.075538933816569,0.7917624429223743,0.0,0.0,0.0,1.2837764908941947,22.89
18,4,0.7474550810532615,2.7970918125809825,0.0,2.049636731527721,0.0,0.0,22.89
19,4,0.0054270576418524,1.4926624429223745,0.0,1.487235385280522,0.0,0.0,20.55460172620161
20,4,0.0,0.6886624429223744,0.0,0.6886624429223744,0.0,0.0,18.859978494097128
21,4,0.0,2.6132427085182397,0.0,2.6132427085182397,0.0,0.0,18.07527306725992
22,4,0.0,4.042013741354659,0.0,4.042013741354659,0.0,0.0,15.097557862571001
23,4,0.0,2.770852978647473,0.0,2.770852978647473,0.0,0.0,10.491672067823183
0,4,0.0,2.1464223480177673,0.0,2.1464223480177673,0.0,0.0,7.334142871496143
1,4,0.0,2.237996753416993,0.0,0.44586548198335874,1.7921312714336344,0.0,4.888112952870658
2,4,0.0,2.2144782716691456,0.0,0.0,2.2144782716691456,0.0,4.38
3,4,0.0,0.2218624429223744,0.0,0.0,0.2218624429223744,0.0,4.38
4,4,0.0,0.2256874429223743,0.0,0.0,0.2256874429223743,0.0,4.38
5,4,0.0,0.2830624429223743,0.0,0.0,0.2830624429223743,0.0,4.38
6,4,0.0,2.1992223750366344,0.0,0.0,2.1992223750366344,0.0,4.38
7,4,0.3493105205880038,3.147142935902594,0.0,0.0,2.7978324153145904,0.0,4.38
8,4,1.729027912094412,3.5071129830422993,0.0,0.0,1.7780850709478873,0.0,4.38
9,4,3.1005153315055893,0.5712624429223744,2.529252888583215,0.0,0.0,0.0,4.38
10,4,4.194104228165864,0.6612624429223743,3.53284178524349,0.0,0.0,0.0,6.751281953103299
11,4,4.9327993112324595,1.1151723275746068,3.8176269836578527,0.0,0.0,0.0,10.06355945712042
12,4,5.3050377539891995,3.352580195128981,1.9524575588602184,0.0,0.0,0.0,13.642975669748294
13,4,5.31727693576365,4.738774106134102,0.5785028296295485,0.0,0.0,0.0,15.47367827353308
14,4,4.973402525741524,2.782510996853124,2.1908915288884003,0.0,0.0,0.0,16.016116926236727
15,4,4.2899305132571115,0.7782624429223745,3.511668070334737,0.0,0.0,0.0,18.070439636895625
16,4,3.2907828327278854,0.7357624429223745,1.628111574668823,0.0,0.0,0.9269088151366878,21.363284624883217
17,4,2.0712340862598473,0.9132624429223744,0.0,0.0,0.0,1.157971643337473,22.89
18,4,0.7604437368423796,0.7291624429223744,0.0,0.0,0.0,0.031281293920005226,22.89
19,4,0.005571826483741,1.4161624429223745,0.0,1.4105906164386335,0.0,0.0,22.89
20,4,0.0,0.6121624429223744,0.0,0.6121624429223744,0.0,0.0,21.282133893789762
21,4,0.0,0.7471624429223742,0.0,0.7471624429223742,0.0,0.0,20.58434824391523
22,4,0.0,0.7066624429223743,0.0,0.7066624429223743,0.0,0.0,19.73267463395464
23,4,0.0,0.6436624429223744,0.0,0.6436624429223744,0.0,0.0,18.92715971111778
0,4,0.0,0.2902624429223743,0.0,0.2902624429223743,0.0,0.0,18.193452163161233
1,4,0.0,0.2227624429223743,0.0,0.2227624429223743,0.0,0.0,17.86258123273326
2,4,0.0,0.3892624429223744,0.0,0.3892624429223744,0.0,0.0,17.608652954216527
3,4,0.0,2.4296165758084123,0.0,2.4296165758084123,0.0,0.0,17.1649292590813
4,4,0.0,0.4668874429223744,0.0,0.4668874429223744,0.0,0.0,14.395376502181248
5,4,0.0,0.3174874429223744,0.0,0.3174874429223744,0.0,0.0,13.863151557083112
6,4,0.0,3.568628215314321,0.0,3.568628215314321,0.0,0.0,13.501232272805375
7,4,0.3675481965218884,2.080533397961216,0.0,1.7129852014393276,0.0,0.0,9.43316682849545
8,4,1.7704858902368523,1.7975604806211636,0.0,0.02707459038431126,0.0,0.0,7.480372126954598
9,4,3.1606852990958396,2.212999464310192,0.9476858347856476,0.0,0.0,0.0,7.449506669310641
10,4,4.2583576167986585,4.486884516929108,0.0,0.22852690013044974,0.0,0.0,8.338314400382508
11,4,5.008320801498713,5.7716474145706265,0.0,0.7633266130719134,0.0,0.0,8.077787470977203
12,4,5.386535313981702,2.4613052437406653,2.925230070241037,0.0,0.0,0.0,7.2075721133440664
13,4,5.39763084184305,3.068786000592545,2.328844841250505,0.0,0.0,0.0,9.951118772610481
14,4,4.9868787707956015,0.6927624429223744,4.294116327873227,0.0,0.0,0.0,12.135388567198673
15,4,4.237489465400862,0.7242624429223743,3.5132270224784876,0.0,0.0,0.0,16.163024457587067
16,4,3.209046810715445,0.6972624429223744,2.5117843677930702,0.0,0.0,0.0,19.458380081517518
17,4,1.9127119824866348,0.8412624429223743,1.0714495395642605,0.0,0.0,0.0,21.814484467583057
18,4,0.7337595651827415,0.6571624429223744,0.0750996181835459,0.0,0.0,0.001497504076821296,22.81955238010591
19,4,0.003444251321704,2.093846858875472,0.0,2.0904026075537683,0.0,0.0,22.89
20,4,0.0,2.175324332448498,0.0,2.175324332448498,0.0,0.0,20.5064383240519
21,4,0.0,2.6463450966572672,0.0,2.6463450966572672,0.0,0.0,18.025990743119745
22,4,0.0,2.191358108031091,0.0,2.191358108031091,0.0,0.0,15.008385100001957
23,4,0.0,2.675306741953712,0.0,2.675306741953712,0.0,0.0,12.509527608587344
0,4,0.0,0.4792624429223743,0.0,0.4792624429223743,0.0,0.0,9.45874148823673
1,4,0.0,0.2137624429223744,0.0,0.2137624429223744,0.0,0.0,8.912199116508438
2,4,0.0,0.2103874429223744,0.0,0.2103874429223744,0.0,0.0,8.668426992891956
3,4,0.0,0.4209874429223744,0.0,0.4209874429223744,0.0,0.0,8.428503137480797
4,4,0.0,0.4668874429223744,0.0,0.4668874429223744,0.0,0.0,7.948411962567812
5,4,0.0,2.625453157803258,0.0,2.625453157803258,0.0,0.0,7.415974378714328
6,4,0.0,2.4053673846069796,0.0,0.03673830054077768,2.368629084066202,0.0,4.421897657975087
7,4,0.3797573705667681,0.2983624429223744,0.08139492764439371,0.0,0.0,0.0,4.38
8,4,1.7517223518275045,1.927642395816556,0.0,0.06696215977812262,0.10895788421092897,0.0,4.456366111779698
9,4,3.1778758893757932,0.2922624429223744,2.885613446453419,0.0,0.0,0.0,4.38
10,4,4.224863179877669,0.3912624429223744,3.8336007369552947,0.0,0.0,0.0,7.087336076473532
11,4,4.9810972951334005,0.4812624429223744,4.499834852211026,0.0,0.0,0.0,10.684200964062855
12,4,5.28948475383278,0.5397624429223744,4.749722310910405,0.0,0.0,0.0,14.906328936092669
13,4,5.477882389111637,0.7422624429223743,3.758475351461148,0.0,0.0,0.9771445947281148,19.363134268279342
14,4,5.136343169285772,0.5847624429223744,0.0,0.0,0.0,4.551580726363397,22.89
15,4,4.416879415920383,3.4656900109130415,0.0,0.0,0.0,0.9511894050073417,22.89
16,4,3.39659303696436,0.7177624429223743,0.0,0.0,0.0,2.678830594041986,22.89
17,4,2.135125825999551,0.7287624429223744,0.0,0.0,0.0,1.4063633830771765,22.89
18,4,0.8182938442125434,2.6176481367395943,0.0,1.799354292527051,0.0,0.0,22.89
19,4,0.0046672900580265,2.702048456814735,0.0,2.6973811667567085,0.0,0.0,20.837521338366365
20,4,0.0,4.480448542613151,0.0,4.480448542613151,0.0,0.0,17.76062732439759
21,4,0.0,4.233595666709835,0.0,4.233595666709835,0.0,0.0,12.649648555860743
22,4,0.0,1.6604925334089269,0.0,1.6604925334089269,0.0,0.0,7.820033643497218
23,4,0.0,1.435623244198414,0.0,1.3548505372624162,0.0807727069359978,0.0,5.9256869475416645
0,4,0.0,1.578279288720347,0.0,0.0,1.578279288720347,0.0,4.38
1,4,0.0,1.422753682358726,0.0,0.0,1.422753682358726,0.0,4.38
2,4,0.0,1.6465854629091206,0.0,0.0,1.6465854629091206,0.0,4.38
3,4,0.0,1.4529842085810838,0.0,0.0,1.4529842085810838,0.0,4.38
4,4,0.0,0.3901624429223743,0.0,0.0,0.3901624429223743,0.0,4.38
5,4,0.0,0.4322374429223744,0.0,0.0,0.4322374429223744,0.0,4.38
6,4,0.0,0.4704874429223744,0.0,0.0,0.4704874429223744,0.0,4.38
7,4,0.3652439390486253,0.3786874429223744,0.0,0.0,0.013443503873749096,0.0,4.38
8,4,1.2219244477623177,2.193205333622669,0.0,0.0,0.9712808858603512,0.0,4.38
9,4,2.4130218888237653,2.255009061350319,0.15801282747344647,0.0,0.0,0.0,4.38
10,4,2.9960105341889407,2.226028445930745,0.7699820882581956,0.0,0.0,0.0,4.528306843992369
11,4,3.8645916221317456,0.6522624429223745,3.2123291792093713,0.0,0.0,0.0,5.250993766205174
12,4,3.955717856677776,1.6414436472233938,2.3142742094543824,0.0,0.0,0.0,8.266034241296406
13,4,3.830644375429987,4.4060509977860445,0.0,0.5754066223560574,0.0,0.0,10.43824844903973
14,4,3.513860603704986,4.191854882317417,0.0,0.6779942786124304,0.0,0.0,9.781739246100582
15,4,3.486279929758983,4.087614938862877,0.0,0.6013350091038938,0.0,0.0,9.00817813198973
16,4,3.206773198462729,2.698241248688028,0.5085319497747012,0.0,0.0,0.0,8.322076900057594
17,4,2.059390301051249,3.4227621949735987,0.0,1.3633718939223498,0.0,0.0,8.79941400656568
18,4,0.764882024281026,0.7831624429223742,0.0,0.018280418641348217,0.0,0.0,7.243838355053609
19,4,0.0063909205325048,0.7246624429223743,0.0,0.7182715223898695,0.0,0.0,7.2229805218725245
20,4,0.0,0.6661624429223745,0.0,0.6661624429223745,0.0,0.0,6.403437448018516
21,4,0.0,0.4456624429223744,0.0,0.4456624429223744,0.0,0.0,5.643344725442475
22,4,0.0,1.8995043573631232,0.0,0.6615505286461161,1.237953828717007,0.0,5.134839381017781
23,4,0.0,1.4478192982046043,0.0,0.0,1.4478192982046043,0.0,4.38
0,4,0.0,2.5968248809766,0.0,0.0,2.5968248809766,0.0,4.38
1,4,0.0,1.3073606713221797,0.0,0.0,1.3073606713221797,0.0,4.38
2,4,0.0,1.566727374255103,0.0,0.0,1.566727374255103,0.0,4.38
3,4,0.0,1.3057868185879895,0.0,0.0,1.3057868185879895,0.0,4.38
4,4,0.0,1.581858302120299,0.0,0.0,1.581858302120299,0.0,4.38
5,4,0.0,1.889917195456293,0.0,0.0,1.889917195456293,0.0,4.38
6,4,0.0,2.0086744356033863,0.0,0.0,2.0086744356033863,0.0,4.38
7,4,0.4273398724533822,2.485533003734218,0.0,0.0,2.0581931312808357,0.0,4.38
8,4,1.851904468162804,0.2868874429223744,1.5650170252404296,0.0,0.0,0.0,4.38
9,4,3.2257976258605674,0.5082624429223744,2.717535182938193,0.0,0.0,0.0,5.849082257986175
10,4,4.300770392448936,0.6477624429223743,3.653007949526562,0.0,0.0,0.0,8.400076040828074
11,4,5.033024251226028,0.7152624429223744,4.317761808303653,0.0,0.0,0.0,11.829311495473409
12,4,5.406924366670972,0.7557624429223744,4.651161923748598,0.0,0.0,0.0,15.882736316066849
13,4,5.414781839861297,0.8052624429223743,2.81258964212366,0.0,0.0,1.7969297548152623,20.249349329713237
14,4,5.059543630609492,0.8547624429223744,0.0,0.0,0.0,4.204781187687118,22.89
15,4,4.375920606267324,2.8683536351260948,0.0,0.0,0.0,1.5075669711412294,22.89
16,4,3.3109868681710215,2.9305177573077077,0.0,0.0,0.0,0.3804691108633138,22.89
17,4,1.7544219580500011,3.921227463103161,0.0,2.1668055050531603,0.0,0.0,22.89
18,4,0.7167528196684193,0.6616624429223744,0.05509037674604489,0.0,0.0,0.0,20.417109270226643
19,4,0.0037625667586682,2.617435394144045,0.0,2.613672827385377,0.0,0.0,20.468834587398437
20,4,0.0,3.8330720070637145,0.0,3.8330720070637145,0.0,0.0,17.485881584276285
21,4,0.0,2.3255528640301426,0.0,2.3255528640301426,0.0,0.0,13.111122360199076
22,4,0.0,0.4276624429223744,0.0,0.4276624429223744,0.0,0.0,10.456816428760833
23,4,0.0,0.5491624429223744,0.0,0.5491624429223744,0.0,0.0,9.968685257126603
0,4,0.0,1.763406572742557,0.0,1.763406572742557,0.0,0.0,9.34187193250682
1,4,0.0,1.5826222409330029,0.0,1.5826222409330029,0.0,0.0,7.32911020278845
2,4,0.0,0.2065624429223743,0.0,0.2065624429223743,0.0,0.0,5.522663030450567
3,4,0.0,0.3213124429223744,0.0,0.3213124429223744,0.0,0.0,5.2868832153786585
4,4,0.0,0.3442624429223744,0.0,0.3442624429223744,0.0,0.0,4.920121704368199
5,4,0.0,0.5242624429223744,0.0,0.1289253318761846,0.39533711104618985,0.0,4.527162623261127
6,4,0.0,2.2698741028772145,0.0,0.0,2.2698741028772145,0.0,4.38
7,4,0.4260029730586156,1.2245374429223743,0.0,0.0,0.7985344698637586,0.0,4.38
8,4,1.783725558820803,0.2272624429223744,1.5564631158984286,0.0,0.0,0.0,4.38
9,4,3.036816060166608,1.0672624429223745,1.9695536172442336,0.0,0.0,0.0,5.841608877647841
10,4,4.017762985402026,0.4632624429223745,3.5545005424796514,0.0,0.0,0.0,7.691164036291879
11,4,4.688013357253714,3.670743773788198,1.0172695834655165,0.0,0.0,0.0,11.02916994092572
12,4,4.67240119097847,3.7152621141248257,0.9571390768536445,0.0,0.0,0.0,11.98451636697017
13,4,4.5773096718714426,2.7601023678920713,1.8172073039793712,0.0,0.0,0.0,12.883402206461518
14,4,4.092535012499675,3.3231305980049743,0.7694044144947005,0.0,0.0,0.0,14.590028202705549
15,4,3.5797219626987182,2.7899151913492712,0.789806771349447,0.0,0.0,0.0,15.31262643478701
16,4,2.9010584156328294,0.5847624429223744,2.316295972710455,0.0,0.0,0.0,16.054391890194317
17,4,1.8172817601633415,0.4432624429223745,1.374019317240967,0.0,0.0,0.0,18.229813444485938
18,4,0.7665688432137671,2.431617166089711,0.0,1.6650483228759438,0.0,0.0,19.520298091029584
19,4,0.006191625122376,2.630433611273718,0.0,2.624241986151342,0.0,0.0,17.61939198451784
20,4,0.0,2.8779750539495494,0.0,2.8779750539495494,0.0,0.0,14.62336760041611
21,4,0.0,1.7137709300367543,0.0,1.7137709300367543,0.0,0.0,11.337572095066594
22,4,0.0,1.5640826315500094,0.0,1.5640826315500094,0.0,0.0,9.380893543313485
23,4,0.0,1.9686070567417988,0.0,1.9686070567417988,0.0,0.0,7.595087573031971
0,4,0.0,1.939170004849176,0.0,0.8472352758633528,1.0919347289858232,0.0,5.3473749094644765
1,4,0.0,2.1873626268336435,0.0,0.0,2.1873626268336435,0.0,4.38
2,4,0.0,2.245673271411269,0.0,0.0,2.245673271411269,0.0,4.38
3,4,0.0,2.345364109806396,0.0,0.0,2.345364109806396,0.0,4.38
4,4,0.0,0.5127874429223744,0.0,0.0,0.5127874429223744,0.0,4.38
5,4,0.0,0.3404374429223743,0.0,0.0,0.3404374429223743,0.0,4.38
6,4,0.0,0.3480874429223743,0.0,0.0,0.3480874429223743,0.0,4.38
7,4,0.4396528017284907,4.960311105975864,0.0,0.0,4.520658304247374,0.0,4.38
8,4,1.8152857953934467,6.6808718381943235,0.0,0.0,4.865586042800877,0.0,4.38
9,4,3.1675785461266903,2.1026435466169136,1.0649349995097768,0.0,0.0,0.0,4.38
10,4,4.239642522161048,0.4632624429223745,3.776380079238673,0.0,0.0,0.0,5.380346051404021
11,4,4.979219414401028,2.710325731792371,2.268893682608657,0.0,0.0,0.0,8.927726327663052
12,4,5.357637794741686,1.60395297351564,3.753684821226046,0.0,0.0,0.0,11.05911928342614
13,4,5.370986927271155,0.6252624429223743,4.745724484348781,0.0,0.0,0.0,14.585405808442577
14,4,5.029843192139175,0.7897624429223744,4.093848899825342,0.0,0.0,0.1462318493914596,19.04381107407212
15,4,4.341945548623742,0.8212624429223744,0.0,0.0,0.0,3.5206831057013677,22.89
16,4,3.3417708077747488,0.8997624429223744,0.0,0.0,0.0,2.4420083648523745,22.89
17,4,2.0831570817787677,0.8682624429223744,0.0,0.0,0.0,1.2148946388563933,22.89
18,4,0.7341494729073115,1.4701624429223743,0.0,0.7360129700150628,0.0,0.0,22.89
19,4,0.0068546663843112,1.8913340048803429,0.0,1.8844793384960317,0.0,0.0,22.04943640222947
20,4,0.0,1.635933991147949,0.0,1.635933991147949,0.0,0.0,19.897250068982327
21,4,0.0,1.8453151468360935,0.0,1.8453151468360935,0.0,0.0,18.02887993902249
22,4,0.0,0.5311624429223745,0.0,0.5311624429223745,0.0,0.0,15.92134299941519
23,4,0.0,0.6526624429223744,0.0,0.6526624429223744,0.0,0.0,15.314689818222567
0,4,0.0,0.4792624429223743,0.0,0.4792624429223743,0.0,0.0,14.569264430018281
1,4,0.0,2.2294477905307435,0.0,2.2294477905307435,0.0,0.0,14.02188061616171
2,4,0.0,0.3980374429223744,0.0,0.3980374429223744,0.0,0.0,11.475530835101805
3,4,0.0,0.4630624429223743,0.0,0.4630624429223743,0.0,0.0,11.020904157894849
4,4,0.0,0.3557374429223744,0.0,0.3557374429223744,0.0,0.0,10.492005610126844
5,4,0.0,0.3748624429223743,0.0,0.3748624429223743,0.0,0.0,10.085689052222431
6,4,0.0,0.3978124429223744,0.0,0.3978124429223744,0.0,0.0,9.657526672143176
7,4,0.4683310107125838,0.3366124429223744,0.1317185677902094,0.0,0.0,0.0,9.203149338449277
8,4,1.8681918956302896,0.2065624429223743,1.6616294527079154,0.0,0.0,0.0,9.326920539805304
9,4,3.2178835530377587,0.5332624429223745,2.6846211101153843,0.0,0.0,0.0,10.88829615582188
10,4,4.268320917047327,0.5622624429223744,3.7060584741249527,0.0,0.0,0.0,13.410985892299859
11,4,4.97483583660267,0.6567624429223744,4.3180733936802955,0.0,0.0,0.0,16.893600614848292
12,4,5.32778881977872,0.8437624429223745,2.0627094230287204,0.0,0.0,2.421316953827626,20.951489948710442
13,4,5.323502255150839,4.345776750290783,0.0,0.0,0.0,0.9777255048600555,22.89
14,4,4.976570785841474,2.978020141729435,0.0,0.0,0.0,1.998550644112039,22.89
15,4,4.299604679488554,0.9607624429223744,0.0,0.0,0.0,3.3388422365661796,22.89
16,4,3.310137438876112,0.9742624429223744,0.0,0.0,0.0,2.3358749959537377,22.89
17,4,2.0617072201171864,0.9337624429223744,0.0,0.0,0.0,1.127944777194812,22.89
18,4,0.7299067547233545,3.740864831481714,0.0,3.0109580767583592,0.0,0.0,22.89
19,4,0.0070115496975284,2.553026239572925,0.0,2.546014689875397,0.0,0.0,19.450370226282626
20,4,0.0,3.2993868457622826,0.0,3.2993868457622826,0.0,0.0,16.54178548771066
21,4,0.0,0.8146624429223743,0.0,0.8146624429223743,0.0,0.0,12.772441739767606
22,4,0.0,0.5806624429223743,0.0,0.5806624429223743,0.0,0.0,11.84170822675145
23,4,0.0,0.6751624429223744,0.0,0.6751624429223744,0.0,0.0,11.178308734985768
0,4,0.0,0.4837624429223744,0.0,0.4837624429223744,0.0,0.0,10.406939453414063
1,4,0.0,2.4303726309709273,0.0,2.4303726309709273,0.0,0.0,9.854239646303023
2,4,0.0,0.2333374429223744,0.0,0.2333374429223744,0.0,0.0,7.077518602889905
3,4,0.0,0.2907124429223744,0.0,0.2907124429223744,0.0,0.0,6.81092177324498
4,4,0.0,0.2945374429223744,0.0,0.2945374429223744,0.0,0.0,6.478771022503254
5,4,0.0,0.2792374429223744,0.0,0.2792374429223744,0.0,0.0,6.142249019753892
6,4,0.0,0.2830624429223743,0.0,0.2830624429223743,0.0,0.0,5.823206947334379
7,4,0.4812037794387591,2.4026047824032433,0.0,0.9800790879727456,0.9413219149917386,0.0,5.49979367539368
8,4,1.86999308566597,1.0447624429223743,0.8252306427435956,0.0,0.0,0.0,4.38
9,4,3.24275118031663,0.4902624429223744,2.7524887373942555,0.0,0.0,0.0,5.15569183269132
10,4,4.309754567168017,0.7827624429223743,3.526992124245643,0.0,0.0,0.0,7.742970532271769
11,4,5.025909636949371,3.244793760569298,1.7811158763800732,0.0,0.0,0.0,11.058361827288467
12,4,5.369193660128181,0.9222624429223744,4.446931217205806,0.0,0.0,0.0,12.732682639345564
13,4,5.35123020668587,0.8052624429223746,4.545967763763496,0.0,0.0,0.0,16.91305620547878
14,4,5.024931089543852,0.9897624429223744,1.8117042169312776,0.0,0.0,2.2234644296902,21.186730852949776
15,4,4.347545555768884,0.8007624429223745,0.0,0.0,0.0,3.546783112846509,22.89
16,4,3.3266337009096483,0.7087624429223743,0.0,0.0,0.0,2.617871257987274,22.89
17,4,2.0627120057456496,0.9177624429223744,0.0,0.0,0.0,1.144949562823275,22.89
18,4,0.7315556377455085,0.7111624429223744,0.0,0.0,0.0,0.020393194823134064,22.89
19,4,0.0073066278222228,4.6650842616021695,0.0,4.657777633779947,0.0,0.0,22.89
20,4,0.0,0.5761624429223745,0.0,0.5761624429223745,0.0,0.0,17.56707223464366
21,4,0.0,3.784840041488513,0.0,3.784840041488513,0.0,0.0,16.908598946802105
22,4,0.0,2.944248898724352,0.0,2.944248898724352,0.0,0.0,12.58302846879105
23,4,0.0,3.474826996952196,0.0,3.474826996952196,0.0,0.0,9.21800753676543
0,4,0.0,0.2452624429223743,0.0,0.2452624429223743,0.0,0.0,5.246458209493219
1,4,0.0,0.3712624429223744,0.0,0.3712624429223744,0.0,0.0,4.96612549226259
2,4,0.0,0.2409874429223744,0.0,0.1415355020847567,0.09945194083761769,0.0,4.54177483258858
3,4,0.0,0.2639374429223743,0.0,0.0,0.2639374429223743,0.0,4.38
4,4,0.0,0.2907124429223744,0.0,0.0,0.2907124429223744,0.0,4.38
5,4,0.0,0.5127874429223744,0.0,0.0,0.5127874429223744,0.0,4.38
6,4,0.005763467841013,0.3404374429223743,0.0,0.0,0.3346739750813613,0.0,4.38
7,4,0.4466641329613297,0.4745374429223744,0.0,0.0,0.0278733099610447,0.0,4.38
8,4,1.7208497736541346,1.6192176902921729,0.10163208336196172,0.0,0.0,0.0,4.38
9,4,3.0485243716550614,1.737954942189441,1.3105694294656205,0.0,0.0,0.0,4.475567347496069
10,4,4.171191933773591,0.5577624429223743,3.613429490851217,0.0,0.0,0.0,5.707931917729084
11,4,4.953682177167079,0.6162624429223744,4.337419734244705,0.0,0.0,0.0,9.105786405028901
12,4,5.34365416440938,1.5784325420557073,3.765221622353673,0.0,0.0,0.0,13.18459422618954
13,4,5.329309339066088,1.8798120074152065,3.449497331650882,0.0,0.0,0.0,16.725482829536073
14,4,4.972806478352582,2.768297064094493,2.204509414258089,0.0,0.0,0.0,19.969587310882464
15,4,4.24249169260144,5.492924530525422,0.0,1.2504328379239817,0.0,0.0,22.042909649218732
16,4,3.264786307026919,4.037522077124507,0.0,0.7727357700975879,0.0,0.0,20.613380931412884
17,4,2.0366516323452,4.727633295438677,0.0,2.690981663093477,0.0,0.0,19.729956763684754
18,4,0.7189709591786312,3.064913643030062,0.0,2.3459426838514306,0.0,0.0,16.65348772416183
19,4,0.0072631706206413,2.886712456760617,0.0,2.879449286139976,0.0,0.0,13.971408679485732
20,4,0.0,0.6796624429223743,0.0,0.6796624429223743,0.0,0.0,10.679298286050344
21,4,0.0,1.706825451248604,0.0,1.706825451248604,0.0,0.0,9.902208035884065
22,4,0.0,1.7401261229411136,0.0,1.7401261229411136,0.0,0.0,7.950699651709496
23,4,0.0,0.3691624429223744,0.0,0.3691624429223744,0.0,0.0,5.961080825405746
0,4,0.0,0.1950874429223744,0.0,0.1950874429223744,0.0,0.0,5.538981495132119
1,4,0.0,0.2371624429223743,0.0,0.2371624429223743,0.0,0.0,5.315918173660316
2,4,0.0,0.4133374429223744,0.0,0.4133374429223744,0.0,0.0,5.044745664221458
3,4,0.0,0.4324624429223744,0.0,0.1680345811969727,0.26442786172540167,0.0,4.5721327515099235
4,4,0.0,0.5013124429223743,0.0,0.0,0.5013124429223743,0.0,4.38
5,4,0.0,2.649177374026208,0.0,0.0,2.649177374026208,0.0,4.38
6,4,0.0057679206129381,2.542105531751684,0.0,0.0,2.536337611138746,0.0,4.38
7,4,0.473777925082787,2.214311042672083,0.0,0.0,1.7405331175892962,0.0,4.38
8,4,1.7991671078652118,5.475486065779483,0.0,0.0,3.6763189579142717,0.0,4.38
9,4,3.1376152279561573,2.2110683683781907,0.9265468595779667,0.0,0.0,0.0,4.38
10,4,4.208219055136918,0.5442624429223744,3.6639566122145437,0.0,0.0,0.0,5.2515722202917
11,4,4.9213017472748,0.4452624429223744,4.476039304352426,0.0,0.0,0.0,8.698169742150714
12,4,5.275124502893141,1.716043990426144,3.5590805124669975,0.0,0.0,0.0,12.908837545356517
13,4,5.255775537087833,0.5847624429223744,4.671013094165458,0.0,0.0,0.0,16.257069004363245
14,4,4.922732258970035,0.6387624429223744,2.3792320068601533,0.0,0.0,1.9047378091875071,20.651524828205826
15,4,4.242629575854694,0.7852624429223745,0.0,0.0,0.0,3.457367132932319,22.89
16,4,3.2595981119643103,1.9175370234437987,0.0,0.0,0.0,1.3420610885205115,22.89
17,4,2.0244031071995936,0.8232624429223745,0.0,0.0,0.0,1.201140664277219,22.89
18,4,0.7093091124959446,0.6706624429223744,0.0,0.0,0.0,0.038646669573570214,22.89
19,4,0.0073125306994972,3.007482240777562,0.0,3.000169710078065,0.0,0.0,22.89
20,4,0.0,0.7561624429223744,0.0,0.7561624429223744,0.0,0.0,19.45884954584235
21,4,0.0,2.627574010956412,0.0,2.627574010956412,0.0,0.0,18.59403530219388
22,4,0.0,2.418711240307831,0.0,2.418711240307831,0.0,0.0,15.588885232407076
23,4,0.0,2.421305742473712,0.0,2.421305742473712,0.0,0.0,12.82253407351613
0,4,0.0,3.6133274469355374,0.0,3.6133274469355374,0.0,0.0,10.053144605087342
1,4,0.0,1.3982290254533858,0.0,1.3465826929449436,0.051646332508442194,0.0,5.920264036172632
2,4,0.0,1.4598741093611014,0.0,0.0,1.4598741093611014,0.0,4.38
3,4,0.0,1.242899397995766,0.0,0.0,1.242899397995766,0.0,4.38
4,4,0.0,0.4324624429223744,0.0,0.0,0.4324624429223744,0.0,4.38
5,4,0.0,0.3060124429223744,0.0,0.0,0.3060124429223744,0.0,4.38
6,4,0.0057679206129381,0.5280874429223744,0.0,0.0,0.5223195223094363,0.0,4.38
7,4,0.5084260651316712,1.0215874429223744,0.0,0.0,0.5131613777907031,0.0,4.38
8,4,1.8503303391930437,0.2272624429223744,1.6230678962706693,0.0,0.0,0.0,4.38
9,4,3.16553816218634,4.627626398306427,0.0,1.3352473050968554,0.12684093102323168,0.0,5.90734627355175
10,4,4.189320408306826,2.588107267043521,1.601213141263305,0.0,0.0,0.0,4.38
11,4,4.8756121157043575,2.618697964058102,2.2569141516462556,0.0,0.0,0.0,5.8868276075076125
12,4,5.213099540084275,2.668720786726482,2.5443787533577926,0.0,0.0,0.0,8.010741102295208
13,4,5.204389220416034,1.8735063721827596,3.330882848233274,0.0,0.0,0.0,10.40523603097381
14,4,4.854510370518459,0.7872624429223745,4.0672479275960844,0.0,0.0,0.0,13.539988246641576
15,4,4.1773021912323545,0.9427624429223744,3.23453974830998,0.0,0.0,0.0,17.36788152898186
16,4,3.214193250769504,0.8322624429223743,2.3819308078471297,0.0,0.0,0.0,20.412202008623986
17,4,2.0020940280306885,0.9807624429223744,0.2505917640465824,0.0,0.0,0.7707398210617318,22.654131200385702
18,4,0.7053261710328389,0.8146624429223743,0.0,0.10933627188953543,0.0,0.0,22.89
19,4,0.1394882340158834,2.9910410710032007,0.0,2.8515528369873175,0.0,0.0,22.764905955925233
20,4,0.0,3.473953948454777,0.0,3.473953948454777,0.0,0.0,19.502377582902074
21,4,0.0,1.845380446347197,0.0,1.845380446347197,0.0,0.0,15.527625511639563
22,4,0.0,0.5716624429223744,0.0,0.5716624429223744,0.0,0.0,13.416141109078088
23,4,0.0,0.4996624429223744,0.0,0.4996624429223744,0.0,0.0,12.762032130164698
0,4,0.0,0.4882624429223745,0.0,0.4882624429223745,0.0,0.0,12.190303703866999
1,4,0.0,0.4072624429223744,0.0,0.4072624429223744,0.0,0.0,11.63161653591477
2,4,0.0,0.7523895186639252,0.0,0.7523895186639252,0.0,0.0,11.165610025268407
3,4,0.0,0.4207624429223744,0.0,0.4207624429223744,0.0,0.0,10.304691144907352
4,4,0.0,0.2524624429223744,0.0,0.2524624429223744,0.0,0.0,9.823231464150751
5,4,0.0,0.4821874429223743,0.0,0.4821874429223743,0.0,0.0,9.53434867335234
6,4,0.0057679206129381,0.3480874429223743,0.0,0.3423195223094362,0.0,0.0,8.982599173515085
7,4,0.5267202711729657,1.481548292102103,0.0,0.9548280209291373,0.0,0.0,8.590893432436971
8,4,1.8767486353833192,2.497607121964581,0.0,0.6208584865812619,0.0,0.0,7.498309022243713
9,4,3.1955576433108903,2.355809713913863,0.8397479293970274,0.0,0.0,0.0,6.787869919460209
10,4,4.2351021279510235,0.6817624429223743,3.553339685028649,0.0,0.0,0.0,7.578400212647352
11,4,4.921443253403615,0.8367624429223743,4.084680810481241,0.0,0.0,0.0,10.923508364150347
12,4,5.2508542833382075,1.872467381554306,3.3783869017839017,0.0,0.0,0.0,14.768964885962912
13,4,5.2387894397113,1.483889039938226,3.754900399773074,0.0,0.0,0.0,17.949630051602796
14,4,4.855874743648939,1.402582588726407,1.492333836085318,0.0,0.0,1.960958318837214,21.48489957364901
15,4,4.1772127432801325,1.3940492663078166,0.0,0.0,0.0,2.783163476972316,22.89
16,4,3.1947409817671786,1.0662624429223744,0.0,0.0,0.0,2.128478538844804,22.89
17,4,2.012924783298592,0.8232624429223745,0.0,0.0,0.0,1.1896623403762177,22.89
18,4,0.7140523673531383,3.203735172289501,0.0,2.4896828049363626,0.0,0.0,22.89
19,4,0.1489229222075183,3.100730217617766,0.0,2.951807295410248,0.0,0.0,20.040558273488266
20,4,0.0,1.8979212463165371,0.0,1.8979212463165371,0.0,0.0,16.66212602126237
21,4,0.0,2.705197251614005,0.0,2.705197251614005,0.0,0.0,14.489830137758174
22,4,0.0,2.3301310236392334,0.0,2.3301310236392334,0.0,0.0,11.393491441934906
23,4,0.0,2.5615144423096243,0.0,2.5615144423096243,0.0,0.0,8.726372952374952
0,4,0.0,0.5152624429223744,0.0,0.5152624429223744,0.0,0.0,5.794335612641803
1,4,0.0,0.2407624429223744,0.0,0.2407624429223744,0.0,0.0,5.2045244862952575
2,4,0.0,0.2180374429223743,0.0,0.2180374429223743,0.0,0.0,4.928926788985408
3,4,0.0,0.1950874429223744,0.0,0.1950874429223744,0.0,0.0,4.679341472716311
4,4,0.0,0.4056874429223743,0.0,0.06641617928958427,0.33927126363279003,0.0,4.456026279886979
5,4,0.0,0.4515874429223744,0.0,0.0,0.4515874429223744,0.0,4.38
6,4,0.0056966762621375,0.2256874429223743,0.0,0.0,0.21999076666023681,0.0,4.38
7,4,0.3883516711157539,3.9533219820439114,0.0,0.0,3.5649703109281576,0.0,4.38
8,4,1.1894111883104983,2.31159380590202,0.0,0.0,1.1221826175915217,0.0,4.38
9,4,2.0951292742579213,2.4027016148673104,0.0,0.0,0.3075723406093891,0.0,4.38
10,4,2.7870504092892303,0.9894995082599792,1.797550901029251,0.0,0.0,0.0,4.38
11,4,3.2034373434302856,5.647634899591681,0.0,1.4787862754631707,0.9654112806982249,0.0,6.072792939142993
12,4,3.676646726972398,3.183775035711424,0.4928716912609743,0.0,0.0,0.0,4.38
13,4,4.28868309273013,2.4642399241495014,1.8244431685806286,0.0,0.0,0.0,4.844164145807714
14,4,3.896028257574915,0.5352624429223745,3.3607658146525408,0.0,0.0,0.0,6.5623507282295765
15,4,2.4297079615553256,0.5127624429223744,1.9169455186329514,0.0,0.0,0.0,9.727444846979868
16,4,1.7496348866482674,2.8080318393544075,0.0,1.05839695270614,0.0,0.0,11.532845567665088
17,4,1.017422357884566,2.5183987847019917,0.0,1.5009764268174257,0.0,0.0,10.321163283266289
18,4,0.6875382635442996,0.4726624429223744,0.21487582062192517,0.0,0.0,0.0,8.602784431400202
19,4,0.1555813375266566,2.63895059905322,0.0,2.4833692615265632,0.0,0.0,8.805166479669433
20,4,0.0,2.0221275100648612,0.0,1.3818362095345365,0.6402913005303248,0.0,5.962052673853248
21,4,0.0,3.682426356086111,0.0,0.0,3.682426356086111,0.0,4.38
22,4,0.0,5.330154611256752,0.0,0.0,5.330154611256752,0.0,4.38
23,4,0.0,4.591461896068345,0.0,0.0,4.591461896068345,0.0,4.38
0,4,0.0,3.5920955563091868,0.0,0.0,3.5920955563091868,0.0,4.38
1,4,0.0,2.163690527683613,0.0,0.0,2.163690527683613,0.0,4.38
2,4,0.0,1.8371606020139744,0.0,0.0,1.8371606020139744,0.0,4.38
3,4,0.0,0.5510374429223743,0.0,0.0,0.5510374429223743,0.0,4.38
4,4,0.0,0.5701624429223744,0.0,0.0,0.5701624429223744,0.0,4.38
5,4,0.0,0.3710374429223744,0.0,0.0,0.3710374429223744,0.0,4.38
6,4,0.0057968636304508,0.3978124429223744,0.0,0.0,0.3920155792919236,0.0,4.38
7,4,0.3770944412421113,1.3812665309475356,0.0,0.0,1.0041720897054243,0.0,4.38
8,4,1.047560799897832,3.1622342704907753,0.0,0.0,2.114673470592943,0.0,4.38
9,4,1.960821893156746,2.2912895048553157,0.0,0.0,0.33046761169856964,0.0,4.38
10,4,3.4733740058961597,0.5242374429223744,2.949136562973785,0.0,0.0,0.0,4.38
11,4,4.441974289028545,0.2180374429223743,4.223936846106171,0.0,0.0,0.0,7.157781601461836
12,4,5.12099870975508,3.922735876745169,1.1982628330099105,0.0,0.0,0.0,11.136417537900913
13,4,5.350960258831997,1.4334813358960217,3.9174789229359757,0.0,0.0,0.0,12.265142973448693
14,4,5.090133661329995,1.502530388669358,3.587603272660637,0.0,0.0,0.0,15.95533024091433
15,4,4.333326446558638,2.206291576899214,2.1270348696594237,0.0,0.0,0.0,19.334921498525592
16,4,3.294718675293121,0.4002624429223744,1.6466761954864346,0.0,0.0,1.247780036884312,21.33870542042293
17,4,1.9904096989331237,0.5577624429223743,0.0,0.0,0.0,1.4326472560107493,22.89
18,4,0.7333936647283327,1.3216624429223744,0.0,0.5882687781940418,0.0,0.0,22.89
19,4,0.1542291272366768,0.3601624429223745,0.0,0.20593331568569767,0.0,0.0,22.216345893645748
20,4,0.0,3.275566547528538,0.0,3.275566547528538,0.0,0.0,21.980520546818717
21,4,0.0,0.3016624429223744,0.0,0.3016624429223744,0.0,0.0,18.22948443861349
22,4,0.0,0.3284374429223744,0.0,0.3284374429223744,0.0,0.0,17.884021758461152
23,4,0.0,0.5352124429223744,0.0,0.5352124429223744,0.0,0.0,17.507895247802058
0,4,0.0,0.2677624429223744,0.0,0.2677624429223744,0.0,0.0,16.894967904417197
1,4,0.0,0.3021874429223743,0.0,0.3021874429223743,0.0,0.0,16.588323587882893
2,4,0.0,2.6743168472514194,0.0,2.6743168472514194,0.0,0.0,16.24225442351203
3,4,0.0,0.3748624429223743,0.0,0.3748624429223743,0.0,0.0,13.1795806346793
4,4,0.0,0.5892874429223743,0.0,0.5892874429223743,0.0,0.0,12.750269529758203
5,4,0.0,0.6160624429223744,0.0,0.6160624429223744,0.0,0.0,12.075385573861407
6,4,0.0116725863236632,0.4666624429223743,0.0,0.4549898565987111,0.0,0.0,11.369833028314936
7,4,0.5151361301260577,1.3904326745085145,0.0,0.8752965443824567,0.0,0.0,10.848747298496077
8,4,1.5705748460091742,0.3213124429223744,1.2492624030867998,0.0,0.0,0.0,9.84629255892121
9,4,3.037772118948614,0.4859874429223744,2.5517846760262395,0.0,0.0,0.0,11.02335565364809
10,4,4.259515095753044,0.2227624429223743,4.036752652830669,0.0,0.0,0.0,13.427695472507509
11,4,4.898183012523731,2.5291563121660365,2.3690267003576944,0.0,0.0,0.0,17.231303102410898
12,4,5.155581651049183,2.3495145109963333,2.80606714005285,0.0,0.0,0.0,19.463600789011128
13,4,4.813273053839407,2.16639309047189,0.8300842146128413,0.0,0.0,1.8167957487546758,22.10778140936064
14,4,3.810510689489432,4.36165499163806,0.0,0.5511443021486282,0.0,0.0,22.89
15,4,3.697851808788231,0.4747624429223744,0.6699313478763829,0.0,0.0,2.5531580179894737,22.258690045487736
16,4,2.941604559881303,2.3622553604572976,0.0,0.0,0.0,0.5793491994240054,22.89
17,4,1.8381575225884632,0.3282624429223745,0.0,0.0,0.0,1.5098950796660886,22.89
18,4,0.7186329781782739,0.4456624429223744,0.0,0.0,0.0,0.2729705352558995,22.89
19,4,0.1601965026260062,0.5896624429223742,0.0,0.42946594029636803,0.0,0.0,22.89
20,4,0.0,3.0781624429223746,0.0,3.0781624429223746,0.0,0.0,22.3980605355356
21,4,0.0,2.55463362175091,0.0,2.55463362175091,0.0,0.0,18.87210810080322
22,4,0.0,2.367935191662746,0.0,2.367935191662746,0.0,0.0,15.945748383054092
23,4,0.0,2.354338544671126,0.0,2.354338544671126,0.0,0.0,13.23318021992242
0,4,0.0,2.2259749648075307,0.0,2.2259749648075307,0.0,0.0,10.53611987400602
1,4,0.0,2.509143979980868,0.0,2.509143979980868,0.0,0.0,7.9860453835666725
2,4,0.0,0.4898374429223744,0.0,0.4898374429223744,0.0,0.0,5.11150493880044
3,4,0.0,2.177127722809272,0.0,0.1486646762380394,2.0284630465712326,0.0,4.550319525849359
4,4,0.0,0.3786874429223744,0.0,0.0,0.3786874429223744,0.0,4.38
5,4,0.0,0.4016374429223743,0.0,0.0,0.4016374429223743,0.0,4.38
6,4,0.0115657197974624,0.3748624429223743,0.0,0.0,0.3632967231249119,0.0,4.38
7,4,0.552415228264095,0.3366124429223744,0.21580278534172054,0.0,0.0,0.0,4.38
8,4,1.8596558210982044,1.3790413914542927,0.48061442964391166,0.0,0.0,0.0,4.583398087392759
9,4,3.1392517265541335,1.3167624429223743,1.8224892836317592,0.0,0.0,0.0,5.036387048053718
10,4,4.1448866449126545,0.7197624429223743,3.42512420199028,0.0,0.0,0.0,6.754129343083051
11,4,4.8240080302187724,1.4716919633778822,3.3523160668408902,0.0,0.0,0.0,9.982458010015971
12,4,5.185766630385641,1.8829334548342933,3.3028331755513474,0.0,0.0,0.0,13.14227659436534
13,4,5.2112197892666146,0.7602624429223744,4.45095734634424,0.0,0.0,0.0,16.2555643707737
14,4,4.823985800387535,2.805209591304437,2.0187762090830983,0.0,0.0,0.0,20.451233874020488
15,4,4.115338888678786,0.8412624429223744,0.5682437214591438,0.0,0.0,2.705832724297268,22.354311552177972
16,4,3.14332629060141,1.0527624429223743,0.0,0.0,0.0,2.090563847679036,22.89
17,4,1.9500970214318971,0.8232624429223745,0.0,0.0,0.0,1.1268345785095226,22.89
18,4,0.6722026026349995,2.956120750969375,0.0,2.2839181483343753,0.0,0.0,22.89
19,4,0.1446453804438963,0.8461624429223745,0.0,0.7015170624784782,0.0,0.0,20.27285187703036
20,4,0.0,1.9984756705533644,0.0,1.9984756705533644,0.0,0.0,19.468962063973887
21,4,0.0,2.3967907968005697,0.0,2.3967907968005697,0.0,0.0,17.178830759150767
22,4,0.0,1.8509813928858607,0.0,1.8509813928858607,0.0,0.0,14.432196384848595
23,4,0.0,1.4299541587998652,0.0,1.4299541587998652,0.0,0.0,12.310985655641389
0,4,0.0,0.5692624429223744,0.0,0.5692624429223744,0.0,0.0,10.672236793764606
1,4,0.0,0.3442624429223743,0.0,0.3442624429223743,0.0,0.0,10.019843622238675
2,4,0.0,0.4162624429223743,0.0,0.4162624429223743,0.0,0.0,9.625305345897077
3,4,0.0,0.2452624429223743,0.0,0.2452624429223743,0.0,0.0,9.148250500740328
4,4,0.0,1.683185035376404,0.0,1.683185035376404,0.0,0.0,8.867167844129986
5,4,0.0,0.2295124429223744,0.0,0.2295124429223744,0.0,0.0,6.938151128796914
6,4,0.0113375887656008,2.654882216737117,0.0,2.0025861129248304,0.6409585150466857,0.0,6.675113356071855
7,4,0.5500245907015878,0.2497624429223744,0.30026214777921345,0.0,0.0,0.0,4.38
8,4,1.834138376449094,2.3529655825435825,0.0,0.24701975583568772,0.2718074502588008,0.0,4.663110017169991
9,4,3.0970742494489056,2.4163488080559388,0.6807254413929669,0.0,0.0,0.0,4.38
10,4,4.090612990740829,0.6232624429223744,3.4673505478184548,0.0,0.0,0.0,5.021843507598132
11,4,4.752595804661608,0.7827624429223744,3.9698333617392336,0.0,0.0,0.0,8.291168218185609
12,4,5.0827218414304856,1.0212624429223744,4.061459398508111,0.0,0.0,0.0,12.034415828684995
13,4,5.068455725739345,1.0707624429223743,3.9976932828169707,0.0,0.0,0.0,15.864221016882391
14,4,4.731582951239372,1.106762442922374,3.4525880060423177,0.0,0.0,0.17223250227468023,19.634059545092352
15,4,4.072835618859148,0.8842624429223743,0.0,0.0,0.0,3.188573175936774,22.89
16,4,3.116458516092901,0.9022624429223742,0.0,0.0,0.0,2.214196073170527,22.89
17,4,1.9306360901870536,0.9222624429223742,0.0,0.0,0.0,1.0083736472646794,22.89
18,4,0.6698225201376224,0.9496624429223745,0.0,0.279839922784752,0.0,0.0,22.89
19,4,0.1425707519364125,0.8956624429223745,0.0,0.753091690985962,0.0,0.0,22.569207067565813
20,4,0.0,1.0801624429223742,0.0,1.0801624429223742,0.0,0.0,21.705902050995753
21,4,0.0,0.7606624429223744,0.0,0.7606624429223744,0.0,0.0,20.46765029851528
22,4,0.0,2.050136881136633,0.0,2.050136881136633,0.0,0.0,19.59564960730132
23,4,0.0,1.9453686490532875,0.0,1.9453686490532875,0.0,0.0,17.245414991065193
0,5,0.0,1.6684407634349083,0.0,1.6684407634349083,0.0,0.0,15.015236006280928
1,5,0.0,0.4162624429223743,0.0,0.4162624429223743,0.0,0.0,13.102488862061376
2,5,0.0,0.3847624429223744,0.0,0.3847624429223744,0.0,0.0,12.625265510195465
3,5,0.0,2.287694102682723,0.0,2.287694102682723,0.0,0.0,12.184153330208565
4,5,0.0,0.2857624429223744,0.0,0.2857624429223744,0.0,0.0,9.561408124734864
5,5,0.0,0.4702624429223744,0.0,0.4702624429223744,0.0,0.0,9.233785533677871
6,5,0.0169392148172192,0.4297624429223745,0.0,0.41282322810515526,0.0,0.0,8.694634672578816
7,5,0.5079769988914185,0.5062624429223744,0.0017145559690440182,0.0,0.0,0.0,8.221334895312951
8,5,1.738728321831896,0.6142624429223744,1.1244658789095217,0.0,0.0,0.0,8.222952074814824
9,5,3.068758097556332,3.203953970869801,0.0,0.1351958733134686,0.0,0.0,9.283555073983747
10,5,4.073638315185265,3.5506136458263073,0.523024669358958,0.0,0.0,0.0,9.128551146675616
11,5,4.673469408562032,3.7388931267702343,0.9345762817917977,0.0,0.0,0.0,9.621877763049312
12,5,4.76049158651605,2.285735534134033,2.474756052382017,0.0,0.0,0.0,10.50339242292612
13,5,4.574753176575893,0.9447624429223744,3.6299907336535187,0.0,0.0,0.0,12.837664558558567
14,5,4.537410082681665,0.9987624429223744,3.53864763975929,0.0,0.0,0.0,16.261682341584574
15,5,3.901494580156296,1.0302624429223746,2.871232137233921,0.0,0.0,0.0,19.599668593992476
16,5,2.61275774741703,1.0122624429223743,0.6167461359486303,0.0,0.0,0.9837491685460252,22.30818729329571
17,5,1.8487934596601805,1.1562624429223742,0.0,0.0,0.0,0.6925310167378063,22.89
18,5,0.721178965729526,2.7528107684846,0.0,2.031631802755074,0.0,0.0,22.89
19,5,0.2099944318601736,0.9226624429223744,0.0,0.7126680110622008,0.0,0.0,20.560342240376254
20,5,0.0054139252448978,2.5432603299427914,0.0,2.5378464046978935,0.0,0.0,19.743113273774213
21,5,0.0,0.7651624429223745,0.0,0.7651624429223745,0.0,0.0,16.832898070174398
22,5,0.0,0.8911624429223743,0.0,0.8911624429223743,0.0,0.0,15.955442544704157
23,5,0.0,0.7066624429223745,0.0,0.7066624429223745,0.0,0.0,14.933487315657137
0,5,0.0,0.5377624429223744,0.0,0.5377624429223744,0.0,0.0,14.12310283998618
1,5,0.0,1.4857117714211592,0.0,1.4857117714211592,0.0,0.0,13.506404431676575
2,5,0.0,1.6208539711345495,0.0,1.6208539711345495,0.0,0.0,11.802601337926648
3,5,0.0,1.6735641287860563,0.0,1.6735641287860563,0.0,0.0,9.943788875127742
4,5,0.0,0.4207624429223744,0.0,0.4207624429223744,0.0,0.0,8.024494829410987
5,5,0.0,0.2047624429223744,0.0,0.2047624429223744,0.0,0.0,7.541943141007199
6,5,0.0169260396026368,1.4482185054903454,0.0,1.4312924658877086,0.0,0.0,7.30711014798889
7,5,0.5811027815759922,3.612615388921503,0.0,1.1209763410009108,1.9105362663446002,0.0,5.665620530392745
8,5,1.916577284648248,4.573239963976757,0.0,0.0,2.656662679328509,0.0,4.38
9,5,3.206950916998021,2.784750126748631,0.42220079024939006,0.0,0.0,0.0,4.38
10,5,4.213522080019899,2.0416546025222657,2.1718674774976336,0.0,0.0,0.0,4.778357544022507
11,5,4.918040357355997,0.7287624429223745,4.189277914433623,0.0,0.0,0.0,6.827580784225585
12,5,5.263723657818531,0.6997624429223744,4.563961214896157,0.0,0.0,0.0,10.780383455660818
13,5,5.184334742602231,1.0077624429223744,4.176572299679856,0.0,0.0,0.0,15.086910901359294
14,5,4.795358587123321,2.925530410019946,1.8698281771033747,0.0,0.0,0.0,19.028091337632496
15,5,4.151065472983088,4.498742613293251,0.0,0.3476771403101626,0.0,0.0,20.79261411910443
16,5,3.181370364347825,4.451930236412203,0.0,1.2705598720643776,0.0,0.0,20.393793279949406
17,5,1.961094770481852,2.365955763830821,0.0,0.40486099334896886,0.0,0.0,18.93632724052532
18,5,0.680780612354774,3.666683679847485,0.0,2.985903067492711,0.0,0.0,18.471902760666307
19,5,0.1545433692380167,4.4432375604664305,0.0,4.288694191228414,0.0,0.0,15.046696425329058
20,5,0.0054851695956984,3.4796885419949124,0.0,3.474203372399214,0.0,0.0,10.126868873115255
21,5,0.0,2.6091034289767965,0.0,1.535151548995313,1.0739518799814836,0.0,6.141212868601629
22,5,0.0,0.6076624429223745,0.0,0.0,0.6076624429223745,0.0,4.38
23,5,0.0,0.5626624429223744,0.0,0.0,0.5626624429223744,0.0,4.38
0,5,0.0,0.5332624429223745,0.0,0.0,0.5332624429223745,0.0,4.38
1,5,0.0,0.2902624429223743,0.0,0.0,0.2902624429223743,0.0,4.38
2,5,0.0,0.2407624429223744,0.0,0.0,0.2407624429223744,0.0,4.38
3,5,0.0,0.1912624429223744,0.0,0.0,0.1912624429223744,0.0,4.38
4,5,0.0,0.3980374429223744,0.0,0.0,0.3980374429223744,0.0,4.38
5,5,0.0,0.4477624429223744,0.0,0.0,0.4477624429223744,0.0,4.38
6,5,0.0169922163352211,2.4129512578932943,0.0,0.0,2.3959590415580734,0.0,4.38
7,5,0.5742535267764453,0.3827374429223744,0.19151608385407087,0.0,0.0,0.0,4.38
8,5,1.8679713671552696,0.2587624429223744,1.6092089242328953,0.0,0.0,0.0,4.560761281189278
9,5,3.150812266625506,0.3957624429223745,2.755049823703131,0.0,0.0,0.0,6.079606343651204
10,5,4.171162298414901,0.6387624429223744,3.5323998554925264,0.0,0.0,0.0,8.679992941332921
11,5,4.849842987102681,1.1118316458971145,3.7380113412055667,0.0,0.0,0.0,12.01418816177989
12,5,5.171470265587384,4.427334039215008,0.7441362263723761,0.0,0.0,0.0,15.54259025195772
13,5,5.155177835599846,1.9263065751509,3.2288712604489462,0.0,0.0,0.0,16.245026868065334
14,5,4.8084068117932395,1.8674768127598735,2.940929999033366,0.0,0.0,0.0,19.292984008332215
15,5,4.143195905838888,0.9177624429223744,0.8694321655831395,0.0,0.0,2.356001297333374,22.069228468388886
16,5,3.168282465573764,0.7557624429223745,0.0,0.0,0.0,2.4125200226513894,22.89
17,5,1.9565692110936923,0.7422624429223744,0.0,0.0,0.0,1.2143067681713178,22.89
18,5,0.6715976600887359,2.519451877158443,0.0,1.847854217069707,0.0,0.0,22.89
19,5,0.154898440449617,2.7488353076774077,0.0,2.5939368672277907,0.0,0.0,20.769560859696877
20,5,0.0054851695956984,3.434662503175014,0.0,3.4291773335793154,0.0,0.0,17.792922795031743
21,5,0.0,3.147140308273561,0.0,3.147140308273561,0.0,0.0,13.857707134665258
22,5,0.0,2.2914445282968168,0.0,2.2914445282968168,0.0,0.0,10.246016726717292
23,5,0.0,2.630280080240277,0.0,2.630280080240277,0.0,0.0,7.616243647911001
0,5,0.0,0.3982624429223744,0.0,0.18953675223602265,0.20872569068635174,0.0,4.597532957574
1,5,0.0,0.5467624429223743,0.0,0.0,0.5467624429223743,0.0,4.38
2,5,0.0,0.3037624429223744,0.0,0.0,0.3037624429223744,0.0,4.38
3,5,0.0,0.4747624429223744,0.0,0.0,0.4747624429223744,0.0,4.38
4,5,0.0,0.2218624429223744,0.0,0.0,0.2218624429223744,0.0,4.38
5,5,0.0,2.1732181102350325,0.0,0.0,2.1732181102350325,0.0,4.38
6,5,0.0226160270363643,0.2409874429223744,0.0,0.0,0.21837141588601008,0.0,4.38
7,5,0.5804617459203537,1.523598498596947,0.0,0.0,0.9431367526765934,0.0,4.38
8,5,1.866546555759012,2.341275750671561,0.0,0.0,0.47472919491254895,0.0,4.38
9,5,3.1283417210422697,2.3019303630938275,0.8264113579484422,0.0,0.0,0.0,4.38
10,5,4.132448208768939,2.1687163040490622,1.963731904719877,0.0,0.0,0.0,5.160299387664393
11,5,4.800200813553552,3.176614393138656,1.6235864204148958,0.0,0.0,0.0,7.014475565828657
12,5,5.116168889039326,0.7827624429223744,4.3334064461169515,0.0,0.0,0.0,8.54751480114721
13,5,5.1011899819940165,3.552553976470807,1.5486360055232096,0.0,0.0,0.0,12.639318348797797
14,5,4.7714223440821515,2.09117705740104,2.6802452866811115,0.0,0.0,0.0,14.101679674627189
15,5,4.1153354839228875,1.0527624429223743,3.062573041000513,0.0,0.0,0.0,16.632649842123953
16,5,3.1484846552691206,1.0617624429223742,2.0867222123467464,0.0,0.0,0.0,19.524736525757252
17,5,1.952957772162944,0.8322624429223743,1.12069532924057,0.0,0.0,0.0,21.495359851921503
18,5,0.6737710818817758,2.8822554046976956,0.0,2.2084843228159197,0.0,0.0,22.55372655899628
19,5,0.1551440024672467,4.436996075668915,0.0,4.2818520732016685,0.0,0.0,20.018506777181017
20,5,0.0054428682624105,0.7741624429223743,0.0,0.7687195746599639,0.0,0.0,15.103058353970361
21,5,0.0,2.235415750109737,0.0,2.235415750109737,0.0,0.0,14.220549276935989
22,5,0.0,1.7102174607581693,0.0,1.7102174607581693,0.0,0.0,11.654215768703999
23,5,0.0,1.6631945673884114,0.0,1.6631945673884114,0.0,0.0,9.690781172991638
0,5,0.0,0.4612624429223744,0.0,0.4612624429223744,0.0,0.0,7.781297047328064
1,5,0.0,0.4162624429223743,0.0,0.4162624429223743,0.0,0.0,7.251720475341071
2,5,0.0,0.3397624429223744,0.0,0.3397624429223744,0.0,0.0,6.773806174355812
3,5,0.0,0.2497624429223744,0.0,0.2497624429223744,0.0,0.0,6.38372042109886
4,5,0.0,0.4072624429223744,0.0,0.4072624429223744,0.0,0.0,6.096963822648214
5,5,0.0,2.5916285158734707,0.0,1.0881890747579843,1.5034394411154863,0.0,5.629377497926825
6,5,0.0223857633716021,2.3723267390999725,0.0,0.0,2.3499409757283702,0.0,4.38
7,5,0.5865309995710719,2.0079128483160185,0.0,0.0,1.4213818487449466,0.0,4.38
8,5,1.8619414530268603,0.3802624429223744,1.4816790101044859,0.0,0.0,0.0,4.38
9,5,3.103737751047055,0.5802624429223744,2.523475308124681,0.0,0.0,0.0,5.77952594197994
10,5,4.089885811723409,0.8772624429223743,3.212623368801035,0.0,0.0,0.0,8.163122346086677
11,5,4.686236776112348,0.9717624429223742,3.7144743331899734,0.0,0.0,0.0,11.197747975868113
12,5,4.9861697267961755,0.8772624429223743,4.108907283873801,0.0,0.0,0.0,14.70653893372546
13,5,4.961020760857191,0.9402624429223744,4.020758317934817,0.0,0.0,0.0,18.588074927787204
14,5,4.678910271943462,3.368350625618371,0.5329418315715524,0.0,0.0,0.7776178147535384,22.38650564244976
15,5,4.0370721667960785,3.55601766781705,0.0,0.0,0.0,0.48105449897902863,22.89
16,5,3.0910661090233917,1.1922624429223745,0.0,0.0,0.0,1.8988036661010173,22.89
17,5,1.911414565803776,0.9067624429223744,0.0,0.0,0.0,1.0046521228814016,22.89
18,5,0.6635299860017195,1.1791624429223744,0.0,0.5156324569206548,0.0,0.0,22.89
19,5,0.1578081983119231,1.7086624429223745,0.0,1.5508542446104514,0.0,0.0,22.297859154081145
20,5,0.0054027933150852,1.0351624429223742,0.0,1.029759649607289,0.0,0.0,20.51688287050655
21,5,0.0,0.8101624429223745,0.0,0.8101624429223745,0.0,0.0,19.334303818400205
22,5,0.0,0.9136624429223744,0.0,0.9136624429223744,0.0,0.0,18.40390067053233
23,5,0.0,0.6526624429223744,0.0,0.6526624429223744,0.0,0.0,17.354627478327025
0,5,0.0,0.5017624429223744,0.0,0.5017624429223744,0.0,0.0,16.605086047158295
1,5,0.0,0.6592624429223743,0.0,0.6592624429223743,0.0,0.0,16.02883970031525
2,5,0.0,0.4432624429223745,0.0,0.4432624429223745,0.0,0.0,15.271709297869512
3,5,0.0,0.3487624429223744,0.0,0.3487624429223744,0.0,0.0,14.76264067577227
4,5,0.0,0.2902624429223743,0.0,0.2902624429223743,0.0,0.0,14.36209951656817
5,5,0.0,0.3262624429223744,0.0,0.3262624429223744,0.0,0.0,14.028742273859187
6,5,0.0277410263646636,0.5242624429223743,0.0,0.49652141655771076,0.0,0.0,13.654039012832733
7,5,0.586508039290352,3.3919883970546536,0.0,2.8054803577643015,0.0,0.0,13.083796120453604
8,5,1.8519095685755884,4.6397662482397966,0.0,2.787856679664208,0.0,0.0,9.861752471853729
9,5,3.0919837462923794,2.5362497964497366,0.5557339498426428,0.0,0.0,0.0,6.659853822602667
10,5,4.072555460337954,2.792174639060188,1.2803808212777659,0.0,0.0,0.0,7.184962772119824
11,5,4.7161741206041805,0.8232624429223745,3.892911677681806,0.0,0.0,0.0,8.394792403499293
12,5,5.019420914126785,2.09674162841437,2.922679285712415,0.0,0.0,0.0,12.073248001834482
13,5,4.990433384623069,1.1562624429223742,3.8341709417006946,0.0,0.0,0.0,14.835034491704958
14,5,4.65022366935839,1.2057624429223743,3.4444612264360153,0.0,0.0,0.0,18.45824780742559
15,5,3.997944307009646,1.2327624429223745,1.2450881376840355,0.0,0.0,1.5200937264032361,21.713326066665335
16,5,3.065382015371993,1.2282624429223743,0.0,0.0,0.0,1.8371195724496188,22.89
17,5,1.892395950656942,1.1497624429223745,0.0,0.0,0.0,0.7426335077345676,22.89
18,5,0.6560284075654322,2.9729462235865647,0.0,2.3169178160211326,0.0,0.0,22.89
19,5,0.1568905063539277,4.222301914404148,0.0,4.06541140805022,0.0,0.0,20.22841751097645
20,5,0.005376076683535,0.9091624429223744,0.0,0.9037863662388393,0.0,0.0,15.558120499952947
21,5,0.0,0.8461624429223745,0.0,0.8461624429223745,0.0,0.0,14.51981642993483
22,5,0.0,0.7651624429223745,0.0,0.7651624429223745,0.0,0.0,13.547703568246462
23,5,0.0,0.7066624429223745,0.0,0.7066624429223745,0.0,0.0,12.668639565562145
0,5,0.0,0.5422624429223745,0.0,0.5422624429223745,0.0,0.0,11.856777228131113
1,5,0.0,0.6187624429223744,0.0,0.6187624429223744,0.0,0.0,11.233784218353374
2,5,0.0,0.3847624429223744,0.0,0.3847624429223744,0.0,0.0,10.522897996652622
3,5,0.0,0.3487624429223744,0.0,0.3487624429223744,0.0,0.0,10.080847704244547
4,5,0.0,0.4657624429223744,0.0,0.4657624429223744,0.0,0.0,9.680155865862668
5,5,0.0,0.2542624429223743,0.0,0.2542624429223743,0.0,0.0,9.14504119007314
6,5,0.0222615930074326,2.2223981876671837,0.0,2.200136594659751,0.0,0.0,8.85291751073576
7,5,0.5979873648919156,0.5197624429223744,0.07822492196954123,0.0,0.0,0.0,6.325160256163965
8,5,1.8798441828458696,1.8168101812570467,0.06303400158882289,0.0,0.0,0.0,6.399099244436595
9,5,3.146141782909772,1.748800929015038,1.3973408538947343,0.0,0.0,0.0,6.458679670514523
10,5,4.1472825253182934,2.202260381837341,1.9450221434809523,0.0,0.0,0.0,7.779462377518602
11,5,4.830241135562776,1.9191395032525127,2.911101632310263,0.0,0.0,0.0,9.617947078491444
12,5,5.160190430467806,2.061060201386944,3.0991302290808624,0.0,0.0,0.0,12.369651743543525
13,5,5.132507577464331,2.3891779983650063,2.7433295790993246,0.0,0.0,0.0,15.299180209178383
14,5,4.767292494109217,2.549841114669979,2.217451379439238,0.0,0.0,0.0,17.89246489195653
15,5,4.092643469510085,2.441145854918815,1.6514976145912699,0.0,0.0,0.0,19.98869514589126
16,5,3.116728923822644,4.8605630691752335,0.0,1.7438341453525896,0.0,0.0,21.549947372070996
17,5,1.905296959532404,3.3725866671845974,0.0,1.4672897076521934,0.0,0.0,19.546050163756707
18,5,0.660657401191238,3.6405135472473336,0.0,2.9798561460560955,0.0,0.0,17.859907999991567
19,5,0.1616415277314822,0.8821624429223743,0.0,0.7205209151908921,0.0,0.0,14.435540289817936
20,5,0.0054161516308603,1.0081624429223743,0.0,1.002746291291514,0.0,0.0,13.60751147525125
21,5,0.0,1.6843349517632018,0.0,1.6843349517632018,0.0,0.0,12.455138007435862
22,5,0.0,0.7246624429223744,0.0,0.7246624429223744,0.0,0.0,10.51945035971301
23,5,0.0,0.6481624429223745,0.0,0.6481624429223745,0.0,0.0,9.68663188313564
0,5,0.0,0.4657624429223744,0.0,0.4657624429223744,0.0,0.0,8.941725307527078
1,5,0.0,0.5647624429223744,0.0,0.5647624429223744,0.0,0.0,8.406439898696156
2,5,0.0,0.4837624429223744,0.0,0.4837624429223744,0.0,0.0,7.75737384074696
3,5,0.0,0.3397624429223744,0.0,0.3397624429223744,0.0,0.0,7.201395531834258
4,5,0.0,0.1957624429223744,0.0,0.1957624429223744,0.0,0.0,6.810911476722585
5,5,0.0,0.3750874429223745,0.0,0.3750874429223745,0.0,0.0,6.585923723098211
6,5,0.0279053934884561,0.3750874429223745,0.0,0.3471820494339184,0.0,0.0,6.154838701616531
7,5,0.6039327951370665,2.4620158035133284,0.0,1.1970960289756754,0.6609869794005865,0.0,5.755823535521803
8,5,1.871030317840093,0.3937624429223744,1.4772678749177186,0.0,0.0,0.0,4.38
9,5,3.121420783617985,0.7242624429223743,2.3971583406956105,0.0,0.0,0.0,5.776789662536045
10,5,4.120789316922072,0.6162624429223744,3.5045268739996978,0.0,0.0,0.0,8.043391854202394
11,5,4.782633919485276,0.6927624429223744,4.089871476562902,0.0,0.0,0.0,11.357136592286686
12,5,5.100052019588465,1.6477615346715675,3.4522904849168974,0.0,0.0,0.0,15.224504658508051
13,5,5.078347549980566,0.8142624429223744,4.264085107058191,0.0,0.0,0.0,18.489120413155476
14,5,4.729504332198142,3.34135562078534,0.3896016356076922,0.0,0.0,0.99854707580511,22.521547792249518
15,5,4.063853686014045,5.458146805882456,0.0,1.3942931198684114,0.0,0.0,22.89
16,5,3.1036122714899332,4.390740354746382,0.0,1.2871280832564485,0.0,0.0,21.287183547621403
17,5,1.915846319749791,2.8742142202068695,0.0,0.9583679004570784,0.0,0.0,19.807537237019716
18,5,0.6613311416621356,5.360178080851377,0.0,4.698846939189241,0.0,0.0,18.70580931649297
19,5,0.1611705969837762,2.5789991084920354,0.0,2.4178285115082594,0.0,0.0,13.30401774021325
20,5,0.0108978040087071,0.7606624429223744,0.0,0.7497646389136673,0.0,0.0,10.52434459646058
21,5,0.0,0.7111624429223744,0.0,0.7111624429223744,0.0,0.0,9.662350358287545
22,5,0.0,0.6616624429223744,0.0,0.6616624429223744,0.0,0.0,8.84473001882391
23,5,0.0,3.0120336883778407,0.0,3.0120336883778407,0.0,0.0,8.08401385591021
0,5,0.0,0.4702624429223744,0.0,0.20964689433985476,0.2606155485825197,0.0,4.621041360158376
1,5,0.0,0.3892624429223743,0.0,0.0,0.3892624429223743,0.0,4.38
2,5,0.0,0.3037624429223744,0.0,0.0,0.3037624429223744,0.0,4.38
3,5,0.0,0.4432624429223745,0.0,0.0,0.4432624429223745,0.0,4.38
4,5,0.0,2.064388615481156,0.0,0.0,2.064388615481156,0.0,4.38
5,5,0.0,0.3802624429223744,0.0,0.0,0.3802624429223744,0.0,4.38
6,5,0.0279634046807864,0.3903874429223744,0.0,0.0,0.362424038241588,0.0,4.38
7,5,0.6022986767695853,0.4162624429223744,0.18603623384721085,0.0,0.0,0.0,4.38
8,5,1.8692915787736888,6.015517575095468,0.0,0.15304853039201066,3.9931774659297683,0.0,4.5559681743668685
9,5,3.111896277545645,1.8695161077497884,1.2423801697958565,0.0,0.0,0.0,4.38
10,5,4.102667542945494,0.7582624429223745,3.3444051000231196,0.0,0.0,0.0,5.555148274198941
11,5,4.764657479521278,0.8482624429223744,3.916395036598904,0.0,0.0,0.0,8.718611385966604
12,5,5.088696855626864,0.8007624429223745,4.287934412704489,0.0,0.0,0.0,12.4232499616816
13,5,5.070590398013009,0.8547624429223742,4.215827955090635,0.0,0.0,0.0,16.47950811020346
14,5,4.722844500060349,0.8907624429223745,2.560379948702004,0.0,0.0,1.2717021084359708,20.46773768379846
15,5,4.055818279395276,0.9177624429223744,0.0,0.0,0.0,3.1380558364729016,22.89
16,5,3.1033362505298214,0.9177624429223744,0.0,0.0,0.0,2.185573807607447,22.89
17,5,1.9200800300882712,0.9967624429223744,0.0,0.0,0.0,0.9233175871658968,22.89
18,5,0.6608161013129773,0.9046624429223744,0.0,0.2438463416093971,0.0,0.0,22.89
19,5,0.1643734108516927,0.8596624429223744,0.0,0.6952890320706817,0.0,0.0,22.609577827560326
20,5,0.0108666346052319,0.9721624429223744,0.0,0.9612958083171426,0.0,0.0,21.809996560263876
21,5,0.0,0.9226624429223744,0.0,0.9226624429223744,0.0,0.0,20.704499748080913
22,5,0.0,0.6706624429223744,0.0,0.6706624429223744,0.0,0.0,19.643420716729235
23,5,0.0,0.7921624429223744,0.0,0.7921624429223744,0.0,0.0,18.872138815138886
0,5,0.0,1.291363999601753,0.0,1.291363999601753,0.0,0.0,17.961121770740835
1,5,0.0,1.4870628320303418,0.0,1.4870628320303418,0.0,0.0,16.475991361374106
2,5,0.0,1.5567964100779306,0.0,1.5567964100779306,0.0,0.0,14.76577442185015
3,5,0.0,1.272323327759143,0.0,1.272323327759143,0.0,0.0,12.9753310892823
4,5,0.0,0.3980374429223744,0.0,0.3980374429223744,0.0,0.0,11.51203084542076
5,5,0.0,0.4133374429223744,0.0,0.4133374429223744,0.0,0.0,11.054241412158028
6,5,0.033483249654402,2.2370255395836307,0.0,2.2035422899292287,0.0,0.0,10.578853182271017
7,5,0.6153452750029603,6.20469856356116,0.0,3.1860975111029863,2.4032557774552132,0.0,8.044500934815234
8,5,1.886503598285406,4.523671219582646,0.0,0.0,2.6371676212972397,0.0,4.38
9,5,3.1279004617453943,4.250992405639344,0.0,0.0,1.1230919438939502,0.0,4.38
10,5,4.123451735474754,4.31499560948507,0.0,0.0,0.19154387401031592,0.0,4.38
11,5,4.787526537402613,4.773325569499581,0.014200967903032158,0.0,0.0,0.0,4.38
12,5,5.110168284876759,4.945407977546209,0.16476030733055058,0.0,0.0,0.0,4.393437575971592
13,5,5.095971459010952,3.7114614100349312,1.3845100489760211,0.0,0.0,0.0,4.5493409972489385
14,5,4.7688380911853105,6.468440868485465,0.0,1.2862219488239828,0.41338082847617175,0.0,5.85942736142152
15,5,4.084541783010054,4.414317627592163,0.0,0.0,0.32977584458210885,0.0,4.38
16,5,3.1186886679510355,2.9494667186323618,0.16922194931867374,0.0,0.0,0.0,4.38
17,5,1.9356793575348232,3.4026259720109806,0.0,0.13921575777013287,1.3277308567060244,0.0,4.540130055588175
18,5,0.6666735140305827,3.159145353346675,0.0,0.0,2.4924718393160923,0.0,4.38
19,5,0.1674420363470541,0.8416624429223745,0.0,0.0,0.6742204065753203,0.0,4.38
20,5,0.0108888984648571,2.4037865318789984,0.0,0.0,2.392897633414141,0.0,4.38
21,5,0.0,0.7066624429223745,0.0,0.0,0.7066624429223745,0.0,4.38
22,5,0.0,2.0248733816121742,0.0,0.0,2.0248733816121742,0.0,4.38
23,5,0.0,0.7651624429223745,0.0,0.0,0.7651624429223745,0.0,4.38
0,5,0.0,0.5692624429223744,0.0,0.0,0.5692624429223744,0.0,4.38
1,5,0.0,0.3937624429223744,0.0,0.0,0.3937624429223744,0.0,4.38
2,5,0.0,0.2452624429223743,0.0,0.0,0.2452624429223743,0.0,4.38
3,5,0.0,0.3750874429223745,0.0,0.0,0.3750874429223745,0.0,4.38
4,5,0.0,0.2409874429223744,0.0,0.0,0.2409874429223744,0.0,4.38
5,5,0.0,0.2333374429223744,0.0,0.0,0.2333374429223744,0.0,4.38
6,5,0.0278566965324897,0.4209874429223744,0.0,0.0,0.3931307463898847,0.0,4.38
7,5,0.6302095689286052,2.6630448769625494,0.0,0.0,2.032835308033944,0.0,4.38
8,5,1.9313598092237507,4.952277657885228,0.0,0.0,3.020917848661477,0.0,4.38
9,5,3.1920093507264964,2.977352094884771,0.21465725584172546,0.0,0.0,0.0,4.38
10,5,4.173872836994091,2.3377298803065947,1.8361429566874965,0.0,0.0,0.0,4.583124897844826
11,5,4.823366733974793,4.134544851691761,0.6888218822830323,0.0,0.0,0.0,6.3206259261027355
12,5,5.13241001138709,1.2762575913210967,3.856152420065993,0.0,0.0,0.0,6.972455413494818
13,5,5.112655892518757,1.178810043204759,3.9338458493139976,0.0,0.0,0.0,10.621544316118962
14,5,4.767406446179126,1.4075445698862643,3.359861876292862,0.0,0.0,0.0,14.344307569590152
15,5,4.097887467528066,1.0707624429223743,3.0271250246056916,0.0,0.0,0.0,17.524018887796622
16,5,3.134298027561051,0.8997624429223743,2.2345355846386767,0.0,0.0,0.0,20.388936663449087
17,5,1.9439578719507729,2.0651214793667956,0.0,0.12116360741602272,0.0,0.0,22.503803737381237
18,5,0.6693286155280054,1.0756624429223745,0.0,0.4063338273943691,0.0,0.0,22.364409171474236
19,5,0.1689362326830686,0.8596624429223744,0.0,0.6907262102393058,0.0,0.0,21.896935465791813
20,5,0.0163113739757893,1.8887863537421663,0.0,1.872474979766377,0.0,0.0,21.102274238241012
21,5,0.0,2.124838399205153,0.0,2.124838399205153,0.0,0.0,18.94802818945958
22,5,0.0,1.5675366014631624,0.0,1.5675366014631624,0.0,0.0,16.50339419615139
23,5,0.0,0.5671624429223743,0.0,0.5671624429223743,0.0,0.0,14.699897063047398
0,5,0.0,2.652291945243138,0.0,2.652291945243138,0.0,0.0,14.047349038481169
1,5,0.0,2.6399868837171963,0.0,2.6399868837171963,0.0,0.0,10.995739498195606
2,5,0.0,0.3442624429223743,0.0,0.3442624429223743,0.0,0.0,7.958201831023366
3,5,0.0,0.4612624429223744,0.0,0.4612624429223744,0.0,0.0,7.562086402765161
4,5,0.0,0.4072624429223744,0.0,0.4072624429223744,0.0,0.0,7.031346428977092
5,5,0.0,0.8250594813697483,0.0,0.8250594813697483,0.0,0.0,6.562737888875209
6,5,0.0329496376694884,0.2812624429223744,0.0,0.24831280525288602,0.0,0.0,5.613395265868916
7,5,0.6173341399400256,4.0553762534906985,0.0,0.8236009859478529,2.61444112760282,0.0,5.327675258604253
8,5,1.88687193133746,2.2925400853263165,0.0,0.0,0.4056681539888565,0.0,4.38
9,5,3.1139228140887862,0.6027624429223744,2.5111603711664117,0.0,0.0,0.0,4.38
10,5,4.098066102682983,0.8772624429223743,3.220803659760609,0.0,0.0,0.0,6.757132704809031
11,5,4.741787258716144,0.9717624429223742,3.7700248157937697,0.0,0.0,0.0,9.806114580957745
12,5,5.045995801942311,2.1852612019421103,2.860734600000201,0.0,0.0,0.0,13.375140459056688
13,5,5.017894266912984,1.1157624429223745,3.9021318239906098,0.0,0.0,0.0,16.083463682349763
14,5,4.67314726327412,0.9157624429223744,3.28708789030558,0.0,0.0,0.4702969300461657,19.777814158467752
15,5,4.0191586899311815,1.0032624429223744,0.0,0.0,0.0,3.015896247008807,22.89
16,5,3.0804696184418883,0.9517624429223744,0.0,0.0,0.0,2.128707175519514,22.89
17,5,1.9113499650750307,1.1652624429223746,0.0,0.0,0.0,0.7460875221526562,22.89
18,5,0.6525301427661431,1.0171624429223742,0.0,0.36463230015623116,0.0,0.0,22.89
19,5,0.1679514370258588,2.908732053166575,0.0,2.740780616140716,0.0,0.0,22.470345326716252
20,5,0.016137715870713,2.7178086950099045,0.0,2.7016709791391915,0.0,0.0,19.31597348259477
21,5,0.0,1.0126624429223745,0.0,1.0126624429223745,0.0,0.0,16.206522252397267
22,5,0.0,0.9316624429223744,0.0,0.9316624429223744,0.0,0.0,15.040978735228956
23,5,0.0,0.7021624429223743,0.0,0.7021624429223743,0.0,0.0,13.968652175176922
0,5,0.0,2.4390813912050366,0.0,2.4390813912050366,0.0,0.0,13.160467928728458
1,5,0.0,0.5062624429223744,0.0,0.5062624429223744,0.0,0.0,10.353080663946601
2,5,0.0,1.8661341501227369,0.0,1.8661341501227369,0.0,0.0,9.770356500733358
3,5,0.0,0.3757624429223745,0.0,0.3757624429223745,0.0,0.0,7.622365195424079
4,5,0.0,0.3127624429223744,0.0,0.3127624429223744,0.0,0.0,7.189839749414146
5,5,0.0,2.2567327481652124,0.0,2.1283077062442115,0.1284250419210009,0.0,6.829829697393463
6,5,0.0330602067924466,2.298714968186617,0.0,0.0,2.2656547613941704,0.0,4.38
7,5,0.6170705454260713,2.994680743428429,0.0,0.0,2.3776101980023574,0.0,4.38
8,5,1.864964169215084,4.420025956690628,0.0,0.0,2.5550617874755437,0.0,4.38
9,5,3.081573614774325,2.3178464705647777,0.7637271442095472,0.0,0.0,0.0,4.38
10,5,4.045265156765587,2.812864349324176,1.2324008074414108,0.0,0.0,0.0,5.103239329622777
11,5,4.693926320918876,1.034762442922374,3.6591638779965017,0.0,0.0,0.0,6.270315807668416
12,5,4.996352414407736,0.9357624429223744,4.060589971485361,0.0,0.0,0.0,9.7355684540443
13,5,4.970659139031116,0.9382624429223744,4.032396696108742,0.0,0.0,0.0,13.581124201145393
14,5,4.630958226749517,1.0527624429223743,3.5781957838271423,0.0,0.0,0.0,17.400144898786227
15,5,3.984725686964787,1.2597624429223742,2.218054437228492,0.0,0.0,0.5069088068139207,20.789144517120583
16,5,3.0596989697852552,1.2552624429223744,0.0,0.0,0.0,1.8044365268628808,22.89
17,5,1.898697875156883,1.1587624429223744,0.0,0.0,0.0,0.7399354322345086,22.89
18,5,0.6514888391743582,3.1667913388090225,0.0,2.5153024996346645,0.0,0.0,22.89
19,5,0.1711609843868232,2.6752242917309665,0.0,2.5040633073441434,0.0,0.0,19.994043863020085
20,5,0.0003139353756239,1.1071624429223743,0.0,1.1068485075467505,0.0,0.0,17.110950532706372
21,5,0.0,0.8641624429223744,0.0,0.8641624429223744,0.0,0.0,15.836528800115156
22,5,0.0,0.9811624429223744,0.0,0.9811624429223744,0.0,0.0,14.841523268981279
23,5,0.0,5.49577015751838,0.0,5.49577015751838,0.0,0.0,13.711792330540957
0,5,0.0,2.34429297056989,0.0,2.34429297056989,0.0,0.0,7.38378157424211
1,5,0.0,2.853044092759293,0.0,0.26428106852386885,2.588763024235424,0.0,4.684327351096577
2,5,0.0,2.399753848496308,0.0,0.0,2.399753848496308,0.0,4.38
3,5,0.0,2.037509725912315,0.0,0.0,2.037509725912315,0.0,4.38
4,5,0.0,2.6741690410718126,0.0,0.0,2.6741690410718126,0.0,4.38
5,5,0.0,2.437924046815143,0.0,0.0,2.437924046815143,0.0,4.38
6,5,0.0385487553838867,2.3321935405351235,0.0,0.0,2.293644785151237,0.0,4.38
7,5,0.6213779526466835,2.4124284499019764,0.0,0.0,1.7910504972552928,0.0,4.38
8,5,1.865688992302276,3.3687981995727414,0.0,0.0,1.5031092072704655,0.0,4.38
9,5,3.076027708263825,1.5747870570776268,1.5012406511861984,0.0,0.0,0.0,4.38
10,5,4.041074030843714,2.0519398354299563,1.989134195413758,0.0,0.0,0.0,5.802194370905136
11,5,4.683193518081295,1.3693227731448752,3.31387074493642,0.0,0.0,0.0,7.68662290262927
12,5,4.985650054757098,1.6072958743211938,3.3783541804359043,0.0,0.0,0.0,10.826121977137843
13,5,4.968445093645821,3.919948870539148,1.0484962231066728,0.0,0.0,0.0,14.026824491395063
14,5,4.6308696433984915,3.3864020946380142,1.2444675487604773,0.0,0.0,0.0,15.020221025903416
15,5,3.9919068145153305,4.14604086183288,0.0,0.15413404731754943,0.0,0.0,16.19930354273881
16,5,3.0412753233148364,3.8440542523406216,0.0,0.8027789290257852,0.0,0.0,16.021789595149247
17,5,1.8808771199082857,4.569408666699199,0.0,2.688531546790913,0.0,0.0,15.097239222762166
18,5,0.6505873613069023,5.986277659824394,0.0,5.335690298517491,0.0,0.0,12.000864839195552
19,5,0.172754164830113,3.2015054312096276,0.0,1.281120283399285,1.7476309829802297,0.0,5.8555889073728995
20,5,0.0003144562177364,5.6457899157039,0.0,0.0,5.645475459486164,0.0,4.38
21,5,0.0,4.842563279687115,0.0,0.0,4.842563279687115,0.0,4.38
22,5,0.0,4.467950567512043,0.0,0.0,4.467950567512043,0.0,4.38
23,5,0.0,4.4261421562254,0.0,0.0,4.4261421562254,0.0,4.38
0,5,0.0,4.450915839903287,0.0,0.0,4.450915839903287,0.0,4.38
1,5,0.0,2.4780187715625854,0.0,0.0,2.4780187715625854,0.0,4.38
2,5,0.0,2.4341237595498173,0.0,0.0,2.4341237595498173,0.0,4.38
3,5,0.0,0.8122576335927416,0.0,0.0,0.8122576335927416,0.0,4.38
4,5,0.0,0.7417066017034246,0.0,0.0,0.7417066017034246,0.0,4.38
5,5,0.0,0.9637093566513733,0.0,0.0,0.9637093566513733,0.0,4.38
6,5,0.0437484282486513,0.3172624429223744,0.0,0.0,0.27351401467372305,0.0,4.38
7,5,0.6284307542737132,1.750075710701048,0.0,0.0,1.121644956427335,0.0,4.38
8,5,1.8852881721042651,3.642335210972576,0.0,0.0,1.7570470388683108,0.0,4.38
9,5,3.112911194157737,2.1432470768151277,0.9696641173426093,0.0,0.0,0.0,4.38
10,5,4.093067442409195,2.719465878105124,1.3736015643040709,0.0,0.0,0.0,5.298830101580001
11,5,4.751046553571856,0.8232624429223745,3.927784110649481,0.0,0.0,0.0,6.600434943829495
12,5,5.061475496556774,2.6022619655900714,2.4592135309667027,0.0,0.0,0.0,10.322400475300684
13,5,5.056135182540841,3.035098459519824,2.0210367230210173,0.0,0.0,0.0,12.652847107411947
14,5,4.7011453519353585,1.6474546604171414,3.0536906915182174,0.0,0.0,0.0,14.568110521615534
15,5,4.02754743266899,0.9762624429223744,3.051284989746615,0.0,0.0,0.0,17.462045108604386
16,5,3.07606289079463,0.9852624429223744,2.0908004478722555,0.0,0.0,0.0,20.353793990859586
17,5,1.9046867202657292,0.9537624429223744,0.5852264735190846,0.0,0.0,0.3656978038242701,22.33534162281259
18,5,0.656188950375647,2.9233716634398084,0.0,2.2671827130641615,0.0,0.0,22.89
19,5,0.1777794580623861,2.466685815802907,0.0,2.288906357740521,0.0,0.0,20.278089088496454
20,5,0.000422746256552,0.9991624429223744,0.0,0.9987396966658224,0.0,0.0,17.641087680046475
21,5,0.0,0.7516624429223744,0.0,0.7516624429223744,0.0,0.0,16.49043236670328
22,5,0.0,0.6751624429223744,0.0,0.6751624429223744,0.0,0.0,15.624427343468698
23,5,0.0,2.5370861942815366,0.0,2.5370861942815366,0.0,0.0,14.846553234277568
0,5,0.0,0.3802624429223744,0.0,0.3802624429223744,0.0,0.0,11.923482065934325
1,5,0.0,0.3577624429223743,0.0,0.3577624429223743,0.0,0.0,11.48535573976634
2,5,0.0,0.4432624429223745,0.0,0.4432624429223745,0.0,0.0,11.073151528604923
3,5,0.0,0.2092624429223743,0.0,0.2092624429223743,0.0,0.0,10.562434581470324
4,5,0.0,2.456245968962981,0.0,2.456245968962981,0.0,0.0,10.321325994784742
5,5,0.0,1.8195547395522331,0.0,1.8195547395522331,0.0,0.0,7.491275330477782
6,5,0.038546593023225,0.3942124429223744,0.0,0.3556658498991494,0.0,0.0,5.394756073850762
7,5,0.6250089978524569,1.3781027369241208,0.0,0.5250149347359193,0.22807880433574457,0.0,4.984944401202022
8,5,1.8690052377395985,1.8661883088297808,0.002816928909817662,0.0,0.0,0.0,4.38
9,5,3.0956520744434326,0.5127624429223744,2.5828896315210583,0.0,0.0,0.0,4.382670266497065
10,5,4.073389006539346,0.7647624429223744,3.308626563616971,0.0,0.0,0.0,6.831082731508185
11,5,4.731442502130938,2.4917919805457913,2.2396505215851468,0.0,0.0,0.0,9.967533298997543
12,5,5.047187436053025,4.033890826902102,1.013296609150923,0.0,0.0,0.0,12.090710657239434
13,5,5.027122237568199,3.669773615340569,1.3573486222276303,0.0,0.0,0.0,13.051333657780313
14,5,4.693907058125662,2.7703744823286627,1.9235325757969992,0.0,0.0,0.0,14.338137921359602
15,5,4.050391405062188,2.7141695399976613,1.3362218650645263,0.0,0.0,0.0,16.16172672546986
16,5,3.093347375695071,2.6748028676810858,0.41854450801398535,0.0,0.0,0.0,17.42854656110002
17,5,1.9037516749306176,0.7962624429223745,1.107489232008243,0.0,0.0,0.0,17.82535794023438
18,5,0.6637747164393419,2.6241152106568055,0.0,1.9603404942174636,0.0,0.0,18.875344937660074
19,5,0.1804615498242716,0.9091624429223744,0.0,0.7287008930981027,0.0,0.0,16.61617674382978
20,5,0.0004288227478639,3.3860072089358217,0.0,3.385578386187958,0.0,0.0,15.776377583494895
21,5,0.0,2.1564088113048268,0.0,2.1564088113048268,0.0,0.0,11.874601133524099
22,5,0.0,2.121236275650621,0.0,2.121236275650621,0.0,0.0,9.38931561106411
23,5,0.0,0.6841624429223744,0.0,0.6841624429223744,0.0,0.0,6.944510601551873
0,5,0.0,0.3397624429223744,0.0,0.3397624429223744,0.0,0.0,6.155969677130172
1,5,0.0,0.3172624429223744,0.0,0.3172624429223744,0.0,0.0,5.764368897539407
2,5,0.0,0.7683727195702978,0.0,0.7683727195702978,0.0,0.0,5.398699669414504
3,5,0.0,0.2497624429223744,0.0,0.11546896316833145,0.13429347975404293,0.0,4.513088351732255
4,5,0.0,0.3802624429223744,0.0,0.0,0.3802624429223744,0.0,4.38
5,5,0.0,0.2409874429223744,0.0,0.0,0.2409874429223744,0.0,4.38
6,5,0.0443809018611404,0.3942124429223744,0.0,0.0,0.349831541061234,0.0,4.38
7,5,0.5691349200637363,0.2497624429223744,0.31937247714136197,0.0,0.0,0.0,4.38
8,5,1.6987270241074484,0.5062624429223744,1.192464581185074,0.0,0.0,0.0,4.682834455689157
9,5,2.8882359038008696,0.6342624429223743,2.253973460878495,0.0,0.0,0.0,5.813553658031358
10,5,3.941617891324555,0.6367624429223744,3.3048554484021806,0.0,0.0,0.0,7.950844385586347
11,5,4.693295148830931,1.0692306025652714,3.624064546265659,0.0,0.0,0.0,11.084690839568797
12,5,4.994736125045335,2.6304143963457385,2.364321728699596,0.0,0.0,0.0,14.521350144766178
13,5,4.993454896635248,2.5661931255813872,2.4272617710538604,0.0,0.0,0.0,16.76349630618845
14,5,4.509902773269905,1.3725624382616084,3.1373403350082967,0.0,0.0,0.0,19.065388163606837
15,5,3.8960364734422503,1.2500420427855758,0.8954402169673068,0.0,0.0,1.750554213689368,22.04075953489161
16,5,2.9990045150825684,1.3655101533701457,0.0,0.0,0.0,1.6334943617124227,22.89
17,5,1.8832760800268356,1.4637335461416003,0.0,0.0,0.0,0.4195425338852352,22.89
18,5,0.6589485750191016,4.1423037228301895,0.0,3.483355147811088,0.0,0.0,22.89
19,5,0.1872321477716731,2.508977071856538,0.0,2.321744924084865,0.0,0.0,18.87427926030953
20,5,0.000427781063639,2.411152475484372,0.0,2.410724694420733,0.0,0.0,16.197599633565734
21,5,0.0,2.4279688271616733,0.0,2.4279688271616733,0.0,0.0,13.418268683630401
22,5,0.0,0.6211624429223745,0.0,0.6211624429223745,0.0,0.0,10.618984924187437
23,5,0.0,0.5896624429223744,0.0,0.5896624429223744,0.0,0.0,9.902808107318426
0,5,0.0,0.4477624429223743,0.0,0.4477624429223743,0.0,0.0,9.22294509362796
1,5,0.0,0.4207624429223744,0.0,0.4207624429223744,0.0,0.0,8.706685252261309
2,5,0.0,1.5631181113316952,0.0,1.5631181113316952,0.0,0.0,8.221553474626157
3,5,0.0,1.5201506834172511,0.0,1.5201506834172511,0.0,0.0,6.419297390630242
4,5,0.0,1.676164619451337,0.0,0.24852263685980497,1.427641982591532,0.0,4.666552991456017
5,5,0.0,3.225394105594922,0.0,0.0,3.225394105594922,0.0,4.38
6,5,0.0438127825726968,3.2466844221172706,0.0,0.0,3.2028716395445738,0.0,4.38
7,5,0.6056001459415974,4.099734415985177,0.0,0.0,3.4941342700435793,0.0,4.38
8,5,1.7954957621359264,4.214526982597675,0.0,0.0,2.419031220461749,0.0,4.38
9,5,2.9711550280953456,0.5397624429223744,2.431392585172971,0.0,0.0,0.0,4.38
10,5,3.8654684576788223,1.70524366878552,2.160224788893302,0.0,0.0,0.0,6.68636329537666
11,5,4.541769585067567,4.151732998666536,0.3900365864010311,0.0,0.0,0.0,8.735556199238678
12,5,4.896043912361244,3.617634630967616,1.2784092813936279,0.0,0.0,0.0,9.105554096832828
13,5,4.801743569486364,3.793097522749398,1.008646046736966,0.0,0.0,0.0,10.31828831629623
14,5,4.481014794094851,3.5563241049311647,0.9246906891636866,0.0,0.0,0.0,11.275130762644643
15,5,3.709987732327625,2.9549095642031924,0.7550781681244327,0.0,0.0,0.0,12.152339202434804
16,5,2.901412008143832,0.8257624429223744,2.0756495652214575,0.0,0.0,0.0,12.86865167949268
17,5,1.7605745808970503,0.8727624429223746,0.8878121379746757,0.0,0.0,0.0,14.837753323933592
18,5,0.681627096059702,0.9001624429223742,0.0,0.2185353468626723,0.0,0.0,15.68001065656171
19,5,0.1968576085743855,1.0576624429223742,0.0,0.8608048343479887,0.0,0.0,15.428001080123742
20,5,0.0004222254144396,1.0126624429223745,0.0,1.0122402175079348,0.0,0.0,14.43533984359102
21,5,0.0,0.9721624429223744,0.0,0.9721624429223744,0.0,0.0,13.26803592411512
22,5,0.0,0.7561624429223746,0.0,0.7561624429223746,0.0,0.0,12.146937127727089
23,5,0.0,0.8866624429223744,0.0,0.8866624429223744,0.0,0.0,11.274920720920614
0,5,0.0,0.5152624429223743,0.0,0.5152624429223743,0.0,0.0,10.25240175743997
1,5,0.0,0.4612624429223744,0.0,0.4612624429223744,0.0,0.0,9.65818395889729
2,5,0.0,0.4027624429223744,0.0,0.4027624429223744,0.0,0.0,9.126237832292864
3,5,0.0,0.3307624429223744,0.0,0.3307624429223744,0.0,0.0,8.661753937086296
4,5,0.0,0.4792624429223743,0.0,0.4792624429223743,0.0,0.0,8.280302063909266
5,5,0.0,0.3712624429223744,0.0,0.3712624429223744,0.0,0.0,7.727590575984569
6,5,0.0435247423687716,0.3037624429223744,0.0,0.26023770055360285,0.0,0.0,7.29942836567046
7,5,0.6053092466043895,2.2414148446885505,0.0,1.636105598084161,0.0,0.0,6.999305386036307
8,5,1.7937784052318613,0.6997624429223744,1.094015962309487,0.0,0.0,0.0,5.112437150119154
9,5,2.965200992427004,0.6837624429223744,2.2814385495046294,0.0,0.0,0.0,6.150429062975735
10,5,3.9111776219329175,0.7557624429223745,3.155415179010543,0.0,0.0,0.0,8.315061479632758
11,5,4.546497097507282,0.8322624429223743,3.7142346545849074,0.0,0.0,0.0,11.308997175921766
12,5,4.844768787155691,1.4839880730367407,3.3607807141189503,0.0,0.0,0.0,14.833273261915854
13,5,4.826263134359686,1.4098830553598125,3.4163800789998735,0.0,0.0,0.0,18.02229867385837
14,5,4.487449434829807,4.05467988950816,0.4327695453216469,0.0,0.0,0.0,21.264198303978677
15,5,3.861376569683374,2.8061162407377225,1.0552603289456517,0.0,0.0,0.0,21.674880536271576
16,5,2.950699886955954,1.5389204447998766,0.22520224069727876,0.0,0.0,1.186577201458799,22.676288039190528
17,5,1.830858624163484,1.0167624429223745,0.0,0.0,0.0,0.8140961812411096,22.89
18,5,0.6376471839283631,2.6844227238483924,0.0,2.0467755399200294,0.0,0.0,22.89
19,5,0.181190968225069,2.8423285678932437,0.0,2.6611375996681748,0.0,0.0,20.529005912015794
20,5,0.000524959313466,0.8911624429223745,0.0,0.8906374836089085,0.0,0.0,17.459266556491876
21,5,0.0,1.0216624429223744,0.0,1.0216624429223744,0.0,0.0,16.43184782785587
22,5,0.0,0.7876624429223744,0.0,0.7876624429223744,0.0,0.0,15.253270540925094
23,5,0.0,0.9091624429223744,0.0,0.9091624429223744,0.0,0.0,14.344622878406481
0,5,0.0,0.7402624429223743,0.0,0.7402624429223743,0.0,0.0,13.29580395471012
1,5,0.0,0.5107624429223745,0.0,0.5107624429223745,0.0,0.0,12.441821477883302
2,5,0.0,0.6097624429223745,0.0,0.6097624429223745,0.0,0.0,11.852590418586164
3,5,0.0,0.3712624429223744,0.0,0.3712624429223744,0.0,0.0,11.14914611797307
4,5,0.0,0.3352624429223744,0.0,0.3352624429223744,0.0,0.0,10.720841369531007
5,5,0.0,0.3217624429223743,0.0,0.3217624429223743,0.0,0.0,10.334066277675124
6,5,0.0431667232716924,0.3127624429223744,0.0,0.26959571965068196,0.0,0.0,9.962864114976982
7,5,0.6217938398952764,2.214053592567197,0.0,1.5922597526719207,0.0,0.0,9.651843173338243
8,5,1.8355307529244216,2.3969175699885588,0.0,0.5613868170641372,0.0,0.0,7.814916557013985
9,5,3.024888143421873,2.5000644128224474,0.5248237305994254,0.0,0.0,0.0,7.167255950178867
10,5,3.964665332116431,1.819499254400029,2.145166077716402,0.0,0.0,0.0,7.665375771984787
11,5,4.608563695144916,1.888231875281815,2.720331819863101,0.0,0.0,0.0,9.70140362243994
12,5,4.9236697214953375,1.0437624429223744,3.879907278572963,0.0,0.0,0.0,12.283394017676697
13,5,4.903463440408054,0.9267624429223744,3.97670099748568,0.0,0.0,0.0,15.966097076481743
14,5,4.531926504964536,1.1787624429223742,3.3175253278351926,0.0,0.0,0.0356387342069695,19.740830495940774
15,5,3.881858474006498,3.4384394354277026,0.0,0.0,0.0,0.4434190385787953,22.89
16,5,2.9303873895357477,3.6709496274494007,0.0,0.7405622379136529,0.0,0.0,22.89
17,5,1.44653784135818,2.918708730253039,0.0,1.472170888894859,0.0,0.0,22.03547208524827
18,5,0.8401927516032536,4.966333043217417,0.0,4.126140291614163,0.0,0.0,20.336734282588363
19,5,0.2354242080908168,4.8703733441763895,0.0,4.634949136085573,0.0,0.0,15.575506668872245
20,5,0.0053938877712351,5.042658796135601,0.0,5.037264908364366,0.0,0.0,10.226919685059709
21,5,0.0,5.273545970690639,0.0,0.029274264635238374,5.244271706055401,0.0,4.413785079720972
22,5,0.0,3.745806118008704,0.0,0.0,3.745806118008704,0.0,4.38
23,5,0.0,1.9654608931683315,0.0,0.0,1.9654608931683315,0.0,4.38
0,5,0.0,0.5332624429223745,0.0,0.0,0.5332624429223745,0.0,4.38
1,5,0.0,0.4882624429223744,0.0,0.0,0.4882624429223744,0.0,4.38
2,5,0.0,0.6322624429223744,0.0,0.0,0.6322624429223744,0.0,4.38
3,5,0.0,0.3802624429223744,0.0,0.0,0.3802624429223744,0.0,4.38
4,5,0.0,1.4871143686469062,0.0,0.0,1.4871143686469062,0.0,4.38
5,5,0.0,0.3397624429223744,0.0,0.0,0.3397624429223744,0.0,4.38
6,5,0.0224124129300261,0.2767624429223743,0.0,0.0,0.2543500299923482,0.0,4.38
7,5,0.4194935785629997,4.026140498978252,0.0,0.0,3.6066469204152525,0.0,4.38
8,5,1.157129706770904,2.0772674698357223,0.0,0.0,0.9201377630648182,0.0,4.38
9,5,2.477333914882966,4.175768851622204,0.0,0.0,1.6984349367392375,0.0,4.38
10,5,3.909960139113807,1.7688622984136528,2.141097840700154,0.0,0.0,0.0,4.38
11,5,4.793998323557103,3.4899678007668387,1.3040305227902644,0.0,0.0,0.0,6.412862887415779
12,5,5.149119035894652,1.642227027363454,3.5068920085311985,0.0,0.0,0.0,7.651001484937731
13,5,5.139820753090706,1.9592764045485764,3.180544348542129,0.0,0.0,0.0,10.980738600028467
14,5,4.7953437913501515,2.181309323240927,2.6140344681092245,0.0,0.0,0.0,14.000727023423483
15,5,4.128933570881927,1.7779806216054503,2.3509529492764765,0.0,0.0,0.0,16.482887676234625
16,5,3.166197059010586,1.787741680716666,1.3784553782939202,0.0,0.0,0.0,18.715301183035614
17,5,1.974977065884959,0.6297624429223745,1.3452146229625845,0.0,0.0,0.0,20.024285137249397
18,5,0.6848184475898631,0.6256624429223744,0.059156004667488715,0.0,0.0,0.0,21.301722415065818
19,5,0.1894531008615591,2.7075583979520905,0.0,2.5181052970905315,0.0,0.0,21.357898708601677
20,5,0.0006533875994502,0.6661624429223745,0.0,0.6655090553229243,0.0,0.0,18.451227401961287
21,5,0.0,1.8491940806002312,0.0,1.8491940806002312,0.0,0.0,17.68300372382648
22,5,0.0,1.7554977680397994,0.0,1.7554977680397994,0.0,0.0,15.548389976870228
23,5,0.0,1.3172400816466572,0.0,1.3172400816466572,0.0,0.0,13.521894360222072
0,5,0.0,2.218067014060891,0.0,2.218067014060891,0.0,0.0,12.001282164520331
1,5,0.0,0.4018624429223744,0.0,0.4018624429223744,0.0,0.0,9.44072599475374
2,5,0.0,1.5413497451664293,0.0,1.5413497451664293,0.0,0.0,8.976801444305405
3,5,0.0,1.699702012169778,0.0,1.699702012169778,0.0,0.0,7.197403865970403
4,5,0.0,1.4688749464124362,0.0,0.7407358834166873,0.7281390629957489,0.0,5.2351656001082905
5,5,0.0,0.3519124429223743,0.0,0.0,0.3519124429223743,0.0,4.38
6,5,0.0497752139265403,0.3327874429223744,0.0,0.0,0.2830122289958341,0.0,4.38
7,5,0.6484570635085138,4.126743188305643,0.0,0.0,3.4782861247971297,0.0,4.38
8,5,1.9150589758475296,1.9958122035965864,0.0,0.0,0.0807532277490568,0.0,4.38
9,5,3.1543854231877444,2.383251522875194,0.7711339003125506,0.0,0.0,0.0,4.38
10,5,4.141376413406442,3.1022242528644943,1.0391521605419474,0.0,0.0,0.0,5.112407118036509
11,5,4.80391839659171,3.1299335106027875,1.6739848859889226,0.0,0.0,0.0,6.099380598922018
12,5,5.138032805732767,1.065497996343571,4.072534809389196,0.0,0.0,0.0,7.689327766161144
13,5,5.12446605030521,0.5667624429223743,4.557703607382836,0.0,0.0,0.0,11.557481567026652
14,5,4.78659198943675,0.5802624429223744,4.206329546514375,0.0,0.0,0.0,15.886644249542336
15,5,4.165268352548728,0.5757624429223744,3.166239120455271,0.0,0.0,0.4232667891710826,19.882246716304557
16,5,3.233768366624734,0.5577624429223744,0.0,0.0,0.0,2.67600592370236,22.89
17,5,2.027084179404055,0.7062624429223744,0.0,0.0,0.0,1.3208217364816806,22.89
18,5,0.7009678216230454,1.4746624429223745,0.0,0.7736946212993291,0.0,0.0,22.89
19,5,0.1921241198447025,0.6796624429223743,0.0,0.4875383230776718,0.0,0.0,21.996591074211622
20,5,0.0006557313889562,0.4456624429223744,0.0,0.4450067115334182,0.0,0.0,21.433610953969954
21,5,0.0,3.794740875556227,0.0,3.794740875556227,0.0,0.0,20.919741119686616
22,5,0.0,3.8201582448691376,0.0,3.8201582448691376,0.0,0.0,16.537757459633877
23,5,0.0,3.3606652798929417,0.0,3.3606652798929417,0.0,0.0,12.1262441438898
0,5,0.0,0.4515874429223744,0.0,0.4515874429223744,0.0,0.0,8.245194199192637
1,5,0.0,0.3213124429223744,0.0,0.3213124429223744,0.0,0.0,7.723661637156817
2,5,0.0,0.5280874429223744,0.0,0.5280874429223744,0.0,0.0,7.35258021533657
3,5,0.0,0.3863374429223744,0.0,0.3863374429223744,0.0,0.0,6.742693743555053
4,5,0.0,0.5625124429223745,0.0,0.5625124429223745,0.0,0.0,6.2965113677576845
5,5,0.0,0.3480874429223743,0.0,0.3480874429223743,0.0,0.0,5.646861225944293
6,5,0.055277858863923,0.5969374429223744,0.0,0.5416595840584514,0.0,0.0,5.244849823164789
7,5,0.6762200379725031,5.802273489863726,0.0,0.20717927759357305,4.91887417429765,0.0,4.619276727105058
8,5,1.978689626681138,3.263714267169344,0.0,0.0,1.2850246404882062,0.0,4.38
9,5,3.2351893704069874,2.442242542407352,0.7929468279996352,0.0,0.0,0.0,4.38
10,5,4.243282060430212,1.106358133975666,3.1369239264545454,0.0,0.0,0.0,5.133410481065608
11,5,4.921715996313863,0.4522624429223744,4.469453553391489,0.0,0.0,0.0,8.113952570314096
12,5,5.253083232648057,0.7557624429223744,4.497320789725683,0.0,0.0,0.0,12.36073745138203
13,5,5.229935511725279,2.090505259845309,3.13943025187997,0.0,0.0,0.0,16.634205379681966
14,5,4.86933787198822,2.1818379566587787,2.6874999153294414,0.0,0.0,0.0,19.617514804372103
15,5,4.18602025050283,0.7107624429223744,0.7561017900263421,0.0,0.0,2.7191560175541136,22.17145366194812
16,5,3.2075100889402473,0.7242624429223743,0.0,0.0,0.0,2.483247646017873,22.89
17,5,1.996270378733748,0.6277624429223744,0.0,0.0,0.0,1.3685079358113734,22.89
18,5,0.6882736834092458,2.9048099722223384,0.0,2.2165362888130926,0.0,0.0,22.89
19,5,0.1878545462364485,2.992956706858381,0.0,2.8051021606219324,0.0,0.0,20.32952590611864
20,5,0.0007534729032255,3.401509273879168,0.0,3.4007558009759427,0.0,0.0,17.089081953093444
21,5,0.0,2.275183603902006,0.0,2.275183603902006,0.0,0.0,13.16042323383584
22,5,0.0,1.6391366226725002,0.0,1.6391366226725002,0.0,0.0,10.53196490692922
23,5,0.0,0.4546624429223743,0.0,0.4546624429223743,0.0,0.0,8.638268457871984
0,5,0.0,0.2812624429223744,0.0,0.2812624429223744,0.0,0.0,8.112987202225284
1,5,0.0,0.2227624429223743,0.0,0.2227624429223743,0.0,0.0,7.788037099775296
2,5,0.0,0.2142124429223744,0.0,0.2142124429223744,0.0,0.0,7.530672854526266
3,5,0.0,0.2227624429223743,0.0,0.2227624429223743,0.0,0.0,7.283186095608199
4,5,0.0,2.002509084487566,0.0,2.002509084487566,0.0,0.0,7.025820647887747
5,5,0.0,2.3011963048470885,0.0,0.2875671000139212,2.013629204833167,0.0,4.712244499779501
6,5,0.0547123141984244,2.4863880302765624,0.0,0.0,2.431675716078138,0.0,4.38
7,5,0.6615642390577812,0.9603874429223744,0.0,0.0,0.29882320386459327,0.0,4.38
8,5,1.933491336642113,0.4837624429223744,1.4497288937197386,0.0,0.0,0.0,4.38
9,5,3.1569677247320547,0.4567624429223743,2.7002052818096804,0.0,0.0,0.0,5.757968268248529
10,5,4.129776999107027,0.6297624429223745,3.5000145561846523,0.0,0.0,0.0,8.32455495238831
11,5,4.785118460368337,3.404067001958511,1.381051458409826,0.0,0.0,0.0,11.651468719653066
12,5,5.115369467630331,0.7512624429223744,4.364107024707957,0.0,0.0,0.0,12.964266424038563
13,5,5.099983174863365,0.7962624429223745,4.30372073194099,0.0,0.0,0.0,17.112753621836248
14,5,4.753794721274181,0.8322624429223743,1.7734358464000053,0.0,0.0,2.148096431951801,21.20402899710905
15,5,4.0858252115637255,2.8078316842720423,0.0,0.0,0.0,1.2779935272916831,22.89
16,5,3.1251511051236296,2.719470454444524,0.0,0.0,0.0,0.4056806506791055,22.89
17,5,1.948335061215926,4.581945018264442,0.0,2.633609957048516,0.0,0.0,22.89
18,5,0.6747677444780403,0.8866624429223744,0.0,0.21189469844433406,0.0,0.0,19.846580448306145
19,5,0.1870534207246776,2.4618550339894236,0.0,2.274801613264746,0.0,0.0,19.601706437755436
20,5,0.0007428390434297,1.5241624429223743,0.0,1.5234196038789447,0.0,0.0,16.972848515770398
21,5,0.0,0.7201624429223745,0.0,0.7201624429223745,0.0,0.0,15.2122769088606
22,5,0.0,2.4220609533776423,0.0,2.4220609533776423,0.0,0.0,14.379992615667925
23,5,0.0,0.5896624429223744,0.0,0.5896624429223744,0.0,0.0,11.580820240490963
0,5,0.0,0.6142624429223744,0.0,0.6142624429223744,0.0,0.0,10.899330545353381
1,5,0.0,0.3982624429223744,0.0,0.3982624429223744,0.0,0.0,10.189405451449502
2,5,0.0,0.4522624429223744,0.0,0.4522624429223744,0.0,0.0,9.729116265488074
3,5,0.0,0.4207624429223744,0.0,0.4207624429223744,0.0,0.0,9.206414709835984
4,5,0.0,0.4018624429223744,0.0,0.4018624429223744,0.0,0.0,8.720116873621471
5,5,0.0,0.2562874429223744,0.0,0.2562874429223744,0.0,0.0,8.255660695898035
6,5,0.0544009820274047,0.4286374429223744,0.0,0.3742364608949697,0.0,0.0,7.959452876795917
7,5,0.6458985361635395,0.2362624429223744,0.4096360932411651,0.0,0.0,0.0,7.526922634478198
8,5,1.8876538983349576,1.1617624429223743,0.7258914554125833,0.0,0.0,0.0,7.916418470923126
9,5,3.084825209908729,2.5799374829886794,0.5048877269200496,0.0,0.0,0.0,8.606623614171243
10,5,4.02880587128192,0.7377624429223744,3.2910434283595453,0.0,0.0,0.0,9.0866937527727
11,5,4.600475803307235,2.326566853849797,2.2739089494574385,0.0,0.0,0.0,12.215983935566362
12,5,4.847971332879142,3.5956798044855423,1.2522915283936,0.0,0.0,0.0,14.378207439431955
13,5,4.766440045928209,3.513833153731294,1.2526068921969151,0.0,0.0,0.0,15.5690203085166
14,5,4.369184688297932,2.8264400042433833,1.542744684054549,0.0,0.0,0.0,16.76014901554741
15,5,3.457961141478967,2.7075325082073043,0.7504286332716625,0.0,0.0,0.0,18.227195153934876
16,5,2.468740979644491,1.1562624429223742,1.3124785367221166,0.0,0.0,0.0,18.940813945855645
17,5,1.7802911311401013,1.106762442922374,0.6735286882177274,0.0,0.0,0.0,20.188923126698995
18,5,0.6685009892539452,2.438862246156622,0.0,1.7703612569026768,0.0,0.0,20.82942818557894
19,5,0.1912536359827703,3.7009762838103177,0.0,3.5097226478275476,0.0,0.0,18.78298822761696
20,5,0.0007407122714705,0.8056624429223744,0.0,0.8049217306509039,0.0,0.0,14.725865608265615
21,5,0.0,0.7651624429223745,0.0,0.7651624429223745,0.0,0.0,13.795367928014418
22,5,0.0,0.7921624429223744,0.0,0.7921624429223744,0.0,0.0,12.910824770210096
23,5,0.0,2.8382645862584432,0.0,2.8382645862584432,0.0,0.0,11.995061573322275
0,5,0.0,4.334572676792415,0.0,3.7488208349005903,0.5857518418918244,0.0,8.713916016828593
1,5,0.0,3.9790574507968337,0.0,0.0,3.9790574507968337,0.0,4.38
2,5,0.0,2.3139041247737464,0.0,0.0,2.3139041247737464,0.0,4.38
3,5,0.0,0.5512624429223745,0.0,0.0,0.5512624429223745,0.0,4.38
4,5,0.0,0.3127624429223744,0.0,0.0,0.3127624429223744,0.0,4.38
5,5,0.0,0.2812624429223744,0.0,0.0,0.2812624429223744,0.0,4.38
6,5,0.0595778249612243,0.2587624429223744,0.0,0.0,0.19918461796115008,0.0,4.38
7,5,0.6272069636152283,1.930017836427284,0.0,0.0,1.3028108728120555,0.0,4.38
8,5,1.8204448437894896,4.549493442209968,0.0,0.0,2.7290485984204786,0.0,4.38
9,5,2.805639438056198,2.3059950921671626,0.4996443458890356,0.0,0.0,0.0,4.38
10,5,3.902225586039412,0.7782624429223745,3.1239631431170376,0.0,0.0,0.0,4.855222163814573
11,5,4.503744925697202,0.9517624429223744,3.5519824827748274,0.0,0.0,0.0,7.826504583596919
12,5,4.804252527711815,2.3051892112615744,2.4990633164502403,0.0,0.0,0.0,11.205000232155069
13,5,4.491133112763869,2.414550518704119,2.07658259405975,0.0,0.0,0.0,13.582094004750005
14,5,3.900220037230275,0.9447624429223744,2.9554575943079007,0.0,0.0,0.0,15.557379513849279
15,5,3.196460865446647,0.9492624429223744,2.2471984225242725,0.0,0.0,0.0,18.368730384471114
16,5,2.55697482226259,0.9492624429223744,1.6077123793402155,0.0,0.0,0.0,20.506424074469212
17,5,1.8149599684732545,1.0102624429223743,0.8046975255508801,0.0,0.0,0.0,22.03583030022926
18,5,0.8635830273175642,1.1116624429223745,0.0,0.24807941560481028,0.0,0.0,22.801346941044034
19,5,0.2557699217132888,1.8436624429223745,0.0,1.5878925212090857,0.0,0.0,22.514477719000332
20,5,0.000737370201249,0.8551624429223743,0.0,0.8544250727211253,0.0,0.0,20.678296750548665
21,5,0.0,2.036045959834157,0.0,2.036045959834157,0.0,0.0,19.69025398480623
22,5,0.0,3.891649435358868,0.0,3.891649435358868,0.0,0.0,17.335783194125646
23,5,0.0,4.027381422367535,0.0,4.027381422367535,0.0,0.0,12.835406108281322
0,5,0.0,0.4477624429223743,0.0,0.4477624429223743,0.0,0.0,8.177871998532401
1,5,0.0,0.3982624429223744,0.0,0.3982624429223744,0.0,0.0,7.66002714396417
2,5,0.0,1.6790916154438105,0.0,1.6790916154438105,0.0,0.0,7.199427670974196
3,5,0.0,0.2542624429223743,0.0,0.2542624429223743,0.0,0.0,5.257512173640305
4,5,0.0,0.4297624429223745,0.0,0.4297624429223745,0.0,0.0,4.96344540109642
5,5,0.0,0.4432624429223745,0.0,0.07470716078461438,0.3685552821377601,0.0,4.466403065473647
6,5,0.0538328522812433,0.2542624429223743,0.0,0.0,0.20042959064113103,0.0,4.38
7,5,0.624891886194392,0.5107624429223745,0.11412944327201746,0.0,0.0,0.0,4.38
8,5,1.841109917460022,2.489096242480366,0.0,0.09389222973012518,0.5540940952902187,0.0,4.4885919045111695
9,5,3.031388290654342,0.6117624429223744,2.4196258477319676,0.0,0.0,0.0,4.38
10,5,3.9792751574146306,3.4114209665112463,0.5678541909033843,0.0,0.0,0.0,6.682231190436178
11,5,4.613595812779538,4.209342598690534,0.40425321408900405,0.0,0.0,0.0,7.222548401145543
12,5,4.9161419145810905,1.5915020907828914,3.324639823798199,0.0,0.0,0.0,7.607200482972537
13,5,4.904114566373062,2.654640243383057,2.249474322990005,0.0,0.0,0.0,10.770651306943103
14,5,4.5765954653645915,3.075449001147782,1.5011464642168093,0.0,0.0,0.0,12.911140210063087
15,5,3.944530663314268,2.573600786253217,1.3709298770610507,0.0,0.0,0.0,14.339591599199549
16,5,3.024497367297261,1.7408070730910592,1.2836902942062016,0.0,0.0,0.0,15.644153281183197
17,5,1.8966650924592077,1.394449676491651,0.5022154159675567,0.0,0.0,0.0,16.86571666977716
18,5,0.6613903637577141,5.649485663280165,0.0,4.988095299522451,0.0,0.0,17.343632876420063
19,5,0.1889882082308226,3.3553434609289026,0.0,3.16635525269808,0.0,0.0,11.573759117549766
20,5,0.0008395817863938,0.8956624429223745,0.0,0.8948228611359808,0.0,0.0,7.910949046973627
21,5,0.0,1.0171624429223742,0.0,1.0171624429223742,0.0,0.0,6.875791260554231
22,5,0.0,2.0305528551702636,0.0,1.1402447242663811,0.8903081309038825,0.0,5.699096122614981
23,5,0.0,0.7381624429223743,0.0,0.0,0.7381624429223743,0.0,4.38
0,5,0.0,0.7402624429223743,0.0,0.0,0.7402624429223743,0.0,4.38
1,5,0.0,0.5017624429223744,0.0,0.0,0.5017624429223744,0.0,4.38
2,5,0.0,0.6142624429223744,0.0,0.0,0.6142624429223744,0.0,4.38
3,5,0.0,0.3667624429223743,0.0,0.0,0.3667624429223743,0.0,4.38
4,5,0.0,0.4387624429223744,0.0,0.0,0.4387624429223744,0.0,4.38
5,5,0.0,0.3892624429223743,0.0,0.0,0.3892624429223743,0.0,4.38
6,5,0.0531564101504236,0.4927624429223743,0.0,0.0,0.4396060327719507,0.0,4.38
7,5,0.6330455111129218,1.8104335010960253,0.0,0.0,1.1773879899831035,0.0,4.38
8,5,1.8485406097824475,3.985929112574352,0.0,0.0,2.1373885027919046,0.0,4.38
9,5,3.036761991762553,3.9141813297563286,0.0,0.0,0.8774193379937758,0.0,4.38
10,5,3.980143767074832,2.6314838389212056,1.3486599281536265,0.0,0.0,0.0,4.38
11,5,4.611418754230339,1.0527624429223743,3.558656311307965,0.0,0.0,0.0,5.663567204859016
12,5,4.914266949751979,2.4541923593311825,2.4600745904207963,0.0,0.0,0.0,9.050514793273413
13,5,4.897055817715709,4.307596667920118,0.5894591497955917,0.0,0.0,0.0,11.39197753892026
14,5,4.565605103225088,1.440673897585122,3.1249312056399656,0.0,0.0,0.0,11.953030850110801
15,5,3.9297550611901673,1.6155492360559962,2.314205825134171,0.0,0.0,0.0,14.927391442398003
16,5,3.012682630212096,1.500063405545677,1.5126192246664192,0.0,0.0,0.0,17.13016407209624
17,5,1.884548583998471,1.440302188650508,0.44424639534796295,0.0,0.0,0.0,18.56998362424848
18,5,0.663908205473321,5.177029288731909,0.0,4.5131210832585875,0.0,0.0,18.99285608015906
19,5,0.1874254819006344,3.2403251305266023,0.0,3.052899648625968,0.0,0.0,13.770913977626845
20,5,0.0009421835125331,5.403977438112406,0.0,5.062743624607152,0.3402916299927208,0.0,10.238361805326322
21,5,0.0,4.569763488423272,0.0,0.0,4.569763488423272,0.0,4.38
22,5,0.0,4.684634608746853,0.0,0.0,4.684634608746853,0.0,4.38
23,5,0.0,0.7786624429223745,0.0,0.0,0.7786624429223745,0.0,4.38
0,5,0.0,0.5872624429223744,0.0,0.0,0.5872624429223744,0.0,4.38
1,5,0.0,0.5377624429223744,0.0,0.0,0.5377624429223744,0.0,4.38
2,5,0.0,0.4702624429223744,0.0,0.0,0.4702624429223744,0.0,4.38
3,5,0.0,0.4117624429223743,0.0,0.0,0.4117624429223743,0.0,4.38
4,5,0.0,0.9833392495448876,0.0,0.0,0.9833392495448876,0.0,4.38
5,5,0.0,0.7696291740961192,0.0,0.0,0.7696291740961192,0.0,4.38
6,5,0.0584569825725529,0.3037624429223744,0.0,0.0,0.24530546034982154,0.0,4.38
7,5,0.6308931427123174,1.806638764089772,0.0,0.0,1.1757456213774546,0.0,4.38
8,5,1.836008000599347,2.549960441029371,0.0,0.0,0.7139524404300237,0.0,4.38
9,5,3.003755811809272,0.7377624429223744,2.265993368886898,0.0,0.0,0.0,4.38
10,5,3.940637342327083,0.8232624429223745,3.1173748994047084,0.0,0.0,0.0,6.53727206757912
11,5,4.56501331394804,0.9087624429223744,3.656250871025666,0.0,0.0,0.0,9.505148802780722
12,5,4.863207077899023,2.2622478958206806,2.6009591820783426,0.0,0.0,0.0,12.986175163425777
13,5,4.8432252477864255,2.4611806772011615,2.382044570585264,0.0,0.0,0.0,15.462581285173806
14,5,4.528199304642208,1.2462624429223743,3.281936861719834,0.0,0.0,0.0,17.730619220717855
15,5,3.908770671348989,1.2687624429223745,2.1365752630745027,0.0,0.0,0.5034329653521117,20.855559583547763
16,5,3.0147946477553327,1.0842624429223744,0.0,0.0,0.0,1.9305322048329583,22.89
17,5,1.8966711310141209,1.1587624429223744,0.0,0.0,0.0,0.7379086880917465,22.89
18,5,0.6667937393679144,1.0306624429223743,0.0,0.3638687035544599,0.0,0.0,22.89
19,5,0.1889083155662788,0.9631624429223744,0.0,0.7742541273560957,0.0,0.0,22.46883823454589
20,5,0.0009453085652078,1.0666624429223743,0.0,1.0657171343571665,0.0,0.0,21.572670185466283
21,5,0.0,1.0081624429223743,0.0,1.0081624429223743,0.0,0.0,20.339135183795715
22,5,0.0,0.7786624429223745,0.0,0.7786624429223745,0.0,0.0,19.172204656227617
23,5,0.0,0.7201624429223745,0.0,0.7201624429223745,0.0,0.0,18.270906661261957
0,5,0.0,0.7042624429223743,0.0,0.7042624429223743,0.0,0.0,17.43731517892509
1,5,0.0,0.4477624429223743,0.0,0.4477624429223743,0.0,0.0,16.622121733945892
2,5,0.0,0.5872624429223745,0.0,0.5872624429223745,0.0,0.0,16.10382664969525
3,5,0.0,0.5242624429223743,0.0,0.5242624429223743,0.0,0.0,15.424053921691236
4,5,0.0,0.3172624429223744,0.0,0.3172624429223744,0.0,0.0,14.817201640676075
5,5,0.0,0.5017624429223744,0.0,0.5017624429223744,0.0,0.0,14.449957102995025
6,5,0.0585248391765743,2.9050713379321964,0.0,2.846546498755622,0.0,0.0,13.869144130099304
7,5,0.628538530140273,3.8248597384938168,0.0,3.1963212083535435,0.0,0.0,10.574118675830626
8,5,1.8381812454106925,6.979542283936105,0.0,2.1544921013831577,2.986868937142255,0.0,6.874097993893756
9,5,3.018731735399785,4.291902213075991,0.0,0.0,1.273170477676206,0.0,4.38
10,5,3.9606630001097938,4.239529764156573,0.0,0.0,0.278866764046779,0.0,4.38
11,5,4.584200317039928,2.1644765330876865,2.419723783952241,0.0,0.0,0.0,4.38
12,5,4.882165405969884,0.9312624429223744,3.9509029630475094,0.0,0.0,0.0,6.684501043311186
13,5,4.867158513441355,2.368707898220496,2.498450615220859,0.0,0.0,0.0,10.447366914015813
14,5,4.5280241935345,5.0261553753367245,0.0,0.4981311818022247,0.0,0.0,12.827008381481583
15,5,3.882670372452314,1.8365076895619987,2.046162682890315,0.0,0.0,0.0,12.250290219129525
16,5,2.97741908505422,2.6990277851490028,0.27839129990521716,0.0,0.0,0.0,14.19921403485337
17,5,1.86824138145904,2.780656804045954,0.0,0.9124154225869139,0.0,0.0,14.464381284043432
18,5,0.6597285897012224,5.840925356197671,0.0,5.1811967664964484,0.0,0.0,13.407987947724983
19,5,0.1890309732504107,1.9291624429223744,0.0,1.7401314696719636,0.0,0.0,7.409146724390265
20,5,0.0009417928809488,1.1071624429223743,0.0,0.8759797620097799,0.23024088803164566,0.0,5.394293316863834
21,5,0.0,3.0905161839570043,0.0,0.0,3.0905161839570043,0.0,4.38
22,5,0.0,2.145595614343923,0.0,0.0,2.145595614343923,0.0,4.38
23,5,0.0,1.8152657228545448,0.0,0.0,1.8152657228545448,0.0,4.38
0,5,0.0,2.0675993308463396,0.0,0.0,2.0675993308463396,0.0,4.38
1,5,0.0,0.6682624429223745,0.0,0.0,0.6682624429223745,0.0,4.38
2,5,0.0,0.4162624429223743,0.0,0.0,0.4162624429223743,0.0,4.38
3,5,0.0,0.3622624429223744,0.0,0.0,0.3622624429223744,0.0,4.38
4,5,0.0,0.4972624429223744,0.0,0.0,0.4972624429223744,0.0,4.38
5,5,0.0,0.4972624429223744,0.0,0.0,0.4972624429223744,0.0,4.38
6,5,0.0530460426521229,2.3155334745389986,0.0,0.0,2.2624874318868757,0.0,4.38
7,5,0.6034142028233782,5.394048551929751,0.0,0.0,4.790634349106373,0.0,4.38
8,5,1.7767682533973157,2.57732000858119,0.0,0.0,0.8005517551838741,0.0,4.38
9,5,2.923500729612696,2.3722334141474466,0.5512673154652492,0.0,0.0,0.0,4.38
10,5,3.855102922434734,2.729934159994607,1.125168762440127,0.0,0.0,0.0,4.905131773599351
11,5,4.479670225469888,0.8457624429223745,3.6339077825475132,0.0,0.0,0.0,5.976962701591291
12,5,4.776768368666071,1.4494022010479464,3.3273661676181243,0.0,0.0,0.0,9.438649378637
13,5,4.758814255962128,0.9852624429223744,3.7735518130397536,0.0,0.0,0.0,12.608445747514688
14,5,4.43823733025483,0.9652624429223744,3.4729748873324553,0.0,0.0,0.0,16.203426513166214
15,5,3.818691113860536,0.9922624429223742,2.826428670938162,0.0,0.0,0.0,19.512187987861715
16,5,2.9285238325509937,1.2372624429223742,0.7188699782848272,0.0,0.0,0.9723914113437923,22.20507426234482
17,5,1.8322303297966531,1.2192624429223744,0.0,0.0,0.0,0.6129678868742787,22.89
18,5,0.6602436599368614,1.0621624429223744,0.0,0.401918782985513,0.0,0.0,22.89
19,5,0.1993341047351206,2.909573980223855,0.0,2.7102398754887345,0.0,0.0,22.424518630104497
20,5,0.0010433958357829,2.1528885673006095,0.0,2.1518451714648266,0.0,0.0,19.28564665372593
21,5,0.0,0.9001624429223742,0.0,0.9001624429223742,0.0,0.0,16.793408685233118
22,5,0.0,0.8596624429223744,0.0,0.8596624429223744,0.0,0.0,15.750828673803804
23,5,0.0,0.9406624429223744,0.0,0.9406624429223744,0.0,0.0,14.755146689339973
0,6,0.0,0.6007624429223745,0.0,0.6007624429223745,0.0,0.0,13.665638492036353
1,6,0.0,0.5467624429223743,0.0,0.5467624429223743,0.0,0.0,12.969807366951498
2,6,0.0,2.2425899275303967,0.0,2.2425899275303967,0.0,0.0,12.336517486196428
3,6,0.0,0.4882624429223744,0.0,0.4882624429223744,0.0,0.0,9.73901312223011
4,6,0.0,0.5512624429223745,0.0,0.5512624429223745,0.0,0.0,9.173464200722936
5,6,0.0,0.3892624429223743,0.0,0.3892624429223743,0.0,0.0,8.534939742481194
6,6,0.0584859457012451,0.3982624429223744,0.0,0.3397764972211293,0.0,0.0,8.0840563883372
7,6,0.5902062745185749,3.9789662868184337,0.0,2.8580335682936364,0.5307264440062225,0.0,7.690491047566752
8,6,1.7273344856128938,2.623771891857574,0.0,0.0,0.8964374062446803,0.0,4.38
9,6,2.883298868249202,2.7166288086142867,0.1666700596349151,0.0,0.0,0.0,4.38
10,6,3.805753914796655,1.32857284296591,2.4771810718307448,0.0,0.0,0.0,4.538828514345822
11,6,4.421989919796281,3.8180502631581814,0.6039396566380995,0.0,0.0,0.0,6.899466611249718
12,6,4.724637232581134,3.90725469918832,0.8173825333928142,0.0,0.0,0.0,7.4750082375778515
13,6,4.714949384836479,3.8861526077364057,0.8287967771000733,0.0,0.0,0.0,8.253961421555008
14,6,4.389573997586065,3.5934522980081796,0.7961216995778853,0.0,0.0,0.0,9.043799128195364
15,6,3.7666392772905946,3.7382725782860704,0.028366699004524154,0.0,0.0,0.0,9.802504448848445
16,6,2.886507993047493,1.304762442922374,1.581745550125119,0.0,0.0,0.0,9.829538191511906
17,6,1.807965808117117,1.0932624429223743,0.7147033651947428,0.0,0.0,0.0,11.33695768922577
18,6,0.6599646136865563,3.103332407928023,0.0,2.4433677942414667,0.0,0.0,12.018088770874039
19,6,0.1942245340587889,4.583530327489026,0.0,4.149916856886981,0.23938893654325621,0.0,9.187579640792002
20,6,0.0010377533795647,5.940230005558859,0.0,0.0,5.939192252179294,0.0,4.38
21,6,0.0,3.550185930820126,0.0,0.0,3.550185930820126,0.0,4.38
22,6,0.0,1.0981624429223746,0.0,0.0,1.0981624429223746,0.0,4.38
23,6,0.0,1.0486624429223743,0.0,0.0,1.0486624429223743,0.0,4.38
0,6,0.0,0.7042624429223743,0.0,0.0,0.7042624429223743,0.0,4.38
1,6,0.0,0.6637624429223744,0.0,0.0,0.6637624429223744,0.0,4.38
2,6,0.0,0.6052624429223744,0.0,0.0,0.6052624429223744,0.0,4.38
3,6,0.0,0.7402624429223743,0.0,0.0,0.7402624429223743,0.0,4.38
4,6,0.0,2.5558697545532434,0.0,0.0,2.5558697545532434,0.0,4.38
5,6,0.0,2.352434517982273,0.0,0.0,2.352434517982273,0.0,4.38
6,6,0.0640266780774685,2.641740068091187,0.0,0.0,2.5777133900137184,0.0,4.38
7,6,0.5948870220380448,1.7391193155408724,0.0,0.0,1.1442322935028275,0.0,4.38
8,6,1.7217599979175526,3.670743283853224,0.0,0.0,1.9489832859356713,0.0,4.38
9,6,2.8508300153493895,4.471827617771947,0.0,0.0,1.6209976024225572,0.0,4.38
10,6,3.774380169796733,3.742572757469445,0.03180741232728801,0.0,0.0,0.0,4.38
11,6,4.389611708001585,3.2444234950659996,1.1451882129355853,0.0,0.0,0.0,4.410315674695085
12,6,4.624195750414514,1.1767624429223744,3.4474333074921395,0.0,0.0,0.0,5.501796013003523
13,6,4.563175638667102,1.1157624429223745,3.447413195744727,0.0,0.0,0.0,8.787589415714283
14,6,4.253980946632762,1.753478748889257,2.500502197743505,0.0,0.0,0.0,12.073485106880687
15,6,3.7987535166276425,4.175052816161756,0.0,0.37629929953411345,0.0,0.0,14.456922384487594
16,6,2.90084459181043,1.626809277641437,1.2740353141689933,0.0,0.0,0.0,14.020919806721345
17,6,1.8048763751821528,1.0777624429223744,0.7271139322597784,0.0,0.0,0.0,15.235346627257352
18,6,0.7038512207252478,1.1656624429223743,0.0,0.46181122219712656,0.0,0.0,15.92845043277835
19,6,0.277313845710784,1.1251624429223743,0.0,0.8478485972115903,0.0,0.0,15.393355053042667
20,6,0.0010347151339087,1.7986624429223743,0.0,1.7976277277884656,0.0,0.0,14.410957718429028
21,6,0.0,2.7265465023792297,0.0,2.7265465023792297,0.0,0.0,12.328037784012016
22,6,0.0,3.0986670381417287,0.0,3.0986670381417287,0.0,0.0,9.168714275325053
23,6,0.0,0.8776624429223743,0.0,0.8776624429223743,0.0,0.0,5.578099607481607
0,6,0.0,0.6997624429223744,0.0,0.1562505379978769,0.5435119049244975,0.0,4.561064758300712
1,6,0.0,0.8437624429223745,0.0,0.0,0.8437624429223745,0.0,4.38
2,6,0.0,0.6322624429223744,0.0,0.0,0.6322624429223744,0.0,4.38
3,6,0.0,0.7627624429223744,0.0,0.0,0.7627624429223744,0.0,4.38
4,6,0.0,0.6907624429223744,0.0,0.0,0.6907624429223744,0.0,4.38
5,6,0.0,0.6907624429223744,0.0,0.0,0.6907624429223744,0.0,4.38
6,6,0.0587068194054902,0.5332624429223745,0.0,0.0,0.47455562351688424,0.0,4.38
7,6,0.5791120531392644,1.8056067739252175,0.0,0.0,1.2264947207859531,0.0,4.38
8,6,1.6402708453860566,0.6817624429223743,0.9585084024636823,0.0,0.0,0.0,4.38
9,6,2.790707580168886,1.7487624429223745,1.0419451372465116,0.0,0.0,0.0,5.293779781300135
10,6,3.719517450306656,2.093765718719321,1.6257517315873353,0.0,0.0,0.0,6.287112948193753
11,6,4.3647003895500704,2.1583834883320376,2.206316901218033,0.0,0.0,0.0,7.83703252100037
12,6,4.679035420242585,3.5514967100175547,1.1275387102250298,0.0,0.0,0.0,9.940473844078577
13,6,4.668242282548723,3.4332221187189655,1.2350201638297578,0.0,0.0,0.0,11.01546340563391
14,6,4.358398355594293,2.4860421214606863,1.8723562341336066,0.0,0.0,0.0,12.192939467111184
15,6,3.7490669515987634,2.5590410525989116,1.1900258989998518,0.0,0.0,0.0,13.978079428252254
16,6,2.8738259123017227,1.1832624429223744,1.6905634693793483,0.0,0.0,0.0,15.11269548589751
17,6,1.7968160900457129,1.1047624429223744,0.6920536471233385,0.0,0.0,0.0,16.724563717852593
18,6,0.6700087840901562,3.0449074632377915,0.0,2.3748986791476354,0.0,0.0,17.384414433915
19,6,0.2470398920610201,1.9021624429223745,0.0,1.6551225508613543,0.0,0.0,14.631949747087935
20,6,0.0010329789935339,2.852455768468112,0.0,2.8514227894745785,0.0,0.0,12.71364373092397
21,6,0.0,4.075250150264314,0.0,4.075250150264314,0.0,0.0,9.408753347133183
22,6,0.0,1.93599586945368,0.0,0.2633582785274585,1.6726375909262217,0.0,4.685263364555835
23,6,0.0,2.0885120890942304,0.0,0.0,2.0885120890942304,0.0,4.38
0,6,0.0,1.5504822383085295,0.0,0.0,1.5504822383085295,0.0,4.38
1,6,0.0,1.7970047911470175,0.0,0.0,1.7970047911470175,0.0,4.38
2,6,0.0,1.9518661669504864,0.0,0.0,1.9518661669504864,0.0,4.38
3,6,0.0,3.024358955605781,0.0,0.0,3.024358955605781,0.0,4.38
4,6,0.0,5.364189233476997,0.0,0.0,5.364189233476997,0.0,4.38
5,6,0.0,2.187427742891003,0.0,0.0,2.187427742891003,0.0,4.38
6,6,0.0579810726703486,2.578847650097601,0.0,0.0,2.5208665774272525,0.0,4.38
7,6,0.5828522440722635,2.3483025067866814,0.0,0.0,1.7654502627144177,0.0,4.38
8,6,1.706360099409244,0.6907624429223744,1.0155976564868696,0.0,0.0,0.0,4.38
9,6,2.811148686366892,0.8502624429223745,1.9608862434445173,0.0,0.0,0.0,5.348463178741426
10,6,3.615961968423403,1.1022624429223742,2.5136995255010284,0.0,0.0,0.0,7.2183639233666765
11,6,4.276134630016921,0.9897624429223744,3.286372187094547,0.0,0.0,0.0,9.615477731353499
12,6,4.576348889156381,1.1812624429223744,3.3950864462340062,0.0,0.0,0.0,12.749512053020323
13,6,4.405712908823445,1.1337624429223745,3.271950465901071,0.0,0.0,0.0,15.987335400477527
14,6,4.038862545391583,1.3632624429223743,2.6756001024692093,0.0,0.0,0.0,19.107840183854687
15,6,3.7630394732259056,1.2192624429223744,1.289940880484157,0.0,0.0,1.2538361498193742,21.659686889647936
16,6,2.888667483077029,1.399262442922374,0.0,0.0,0.0,1.489405040154655,22.89
17,6,1.7953152127332457,1.2012624429223744,0.0,0.0,0.0,0.5940527698108713,22.89
18,6,0.6824699177241337,3.997470057331725,0.0,3.315000139607591,0.0,0.0,22.89
19,6,0.2209098403251501,3.0602147167293583,0.0,2.839304876404208,0.0,0.0,19.046712063244374
20,6,0.0011367516332468,1.2421624429223743,0.0,1.2410256912891275,0.0,0.0,15.754810444332838
21,6,0.0,1.1791624429223744,0.0,1.1791624429223744,0.0,0.0,14.315916374919889
22,6,0.0,1.1296624429223745,0.0,1.1296624429223745,0.0,0.0,12.948730786254083
23,6,0.0,0.8956624429223745,0.0,0.8956624429223745,0.0,0.0,11.638921638771933
0,6,0.0,0.7132624429223744,0.0,0.7132624429223744,0.0,0.0,10.600415765571633
1,6,0.0,0.8032624429223745,0.0,0.8032624429223745,0.0,0.0,9.77339174419488
2,6,0.0,0.8437624429223745,0.0,0.8437624429223745,0.0,0.0,8.84200607124584
3,6,0.0,0.5332624429223745,0.0,0.5332624429223745,0.0,0.0,7.863652070471379
4,6,0.0,0.6817624429223743,0.0,0.6817624429223743,0.0,0.0,7.245321433985468
5,6,0.0,0.4657624429223744,0.0,0.4657624429223744,0.0,0.0,6.454796949837925
6,6,0.0576526458933528,0.4792624429223743,0.0,0.4216097970290215,0.0,0.0,5.914727146174839
7,6,0.5873067242624176,1.4767624429223745,0.0,0.8894557186599569,0.0,0.0,5.425851622078057
8,6,1.737292237340366,0.6682624429223745,1.0690297944179916,0.0,0.0,0.0,4.394483041345803
9,6,2.8201480212311663,0.8592624429223743,1.960885578308792,0.0,0.0,0.0,5.4142853823548025
10,6,3.489282964713718,2.6646791040023188,0.8246038607113992,0.0,0.0,0.0,7.284896150156053
11,6,4.339701653660425,2.8485818191237384,1.4911198345366867,0.0,0.0,0.0,8.07155363708075
12,6,4.659851928117842,2.815744101468005,1.8441078266498367,0.0,0.0,0.0,9.494068153565706
13,6,4.643568980812487,2.7598681900179955,1.8837007907944918,0.0,0.0,0.0,11.253358099276648
14,6,4.337397461791074,2.6524466312294157,1.6849508305616583,0.0,0.0,0.0,13.05045553692313
15,6,3.7385716862645455,2.703756713994503,1.0348149722700426,0.0,0.0,0.0,14.657973063842993
16,6,2.8773222735024926,1.2282624429223743,1.6490598305801183,0.0,0.0,0.0,15.645250115012281
17,6,1.8155572393482944,1.2802624429223746,0.5352947964259198,0.0,0.0,0.0,17.218571967184538
18,6,0.6594748155373825,3.6591703546789134,0.0,2.999695539141531,0.0,0.0,17.729290796842847
19,6,0.1921911251690581,3.0013553557334904,0.0,2.8091642305644324,0.0,0.0,14.250438129051608
20,6,0.0012442564841758,1.0261624429223746,0.0,1.0249181864381989,0.0,0.0,10.992446443478533
21,6,0.0,0.9631624429223744,0.0,0.9631624429223744,0.0,0.0,9.803738578588844
22,6,0.0,0.9001624429223742,0.0,0.9001624429223742,0.0,0.0,8.686643202834446
23,6,0.0,0.8281624429223744,0.0,0.8281624429223744,0.0,0.0,7.642605713790203
0,6,0.0,1.9788962575038256,0.0,1.9788962575038256,0.0,0.0,6.68206687038695
1,6,0.0,2.296484112954965,0.0,0.005894121669990861,2.290589991284974,0.0,4.386836464817513
2,6,0.0,2.6881344003244196,0.0,0.0,2.6881344003244196,0.0,4.38
3,6,0.0,2.0569408887689997,0.0,0.0,2.0569408887689997,0.0,4.38
4,6,0.0,0.6052624429223744,0.0,0.0,0.6052624429223744,0.0,4.38
5,6,0.0,0.4567624429223743,0.0,0.0,0.4567624429223743,0.0,4.38
6,6,0.0575801176263305,0.4072624429223744,0.0,0.0,0.3496823252960439,0.0,4.38
7,6,0.5932707064987578,2.0245031434711356,0.0,0.0,1.431232436972378,0.0,4.38
8,6,1.7395641810218592,1.3777624429223745,0.3618017380994847,0.0,0.0,0.0,4.38
9,6,2.8910396164259615,2.7852071272187833,0.10583248920717825,0.0,0.0,0.0,4.725235659195323
10,6,3.804648123978509,1.3252523783005066,2.4793957456780022,0.0,0.0,0.0,4.826222711571843
11,6,4.43450937924066,1.4765781396094155,2.957931239631244,0.0,0.0,0.0,7.192104439927289
12,6,4.748349156102003,2.8279011493378423,1.9204480067641603,0.0,0.0,0.0,10.014688024580291
13,6,4.740601947650353,4.423648096390043,0.31695385126031006,0.0,0.0,0.0,11.847319246561911
14,6,4.453102492161178,2.938153091215635,1.514949400945543,0.0,0.0,0.0,12.149785909000965
15,6,3.851126973304742,1.1472624429223743,2.7038645303823676,0.0,0.0,0.0,13.59549558055675
16,6,2.969044797328451,1.1517624429223745,1.8172823544060765,0.0,0.0,0.0,16.175823791049154
17,6,1.8710786341937813,1.304762442922374,0.5663161912714072,0.0,0.0,0.0,17.910127041229668
18,6,0.6746460660429211,2.301830518324155,0.0,1.627184452281234,0.0,0.0,18.450595158930696
19,6,0.1954544393246957,3.6422424182332658,0.0,3.4467879789085702,0.0,0.0,16.56296006299513
20,6,0.0013558407743959,1.1431624429223746,0.0,1.1418066021479787,0.0,0.0,12.564401933116564
21,6,0.0,0.8821624429223743,0.0,0.8821624429223743,0.0,0.0,11.239763151410008
22,6,0.0,0.9901624429223744,0.0,0.9901624429223744,0.0,0.0,10.216331593920977
23,6,0.0,0.9091624429223744,0.0,0.9091624429223744,0.0,0.0,9.067594082523232
0,6,0.0,0.5377624429223744,0.0,0.5377624429223744,0.0,0.0,8.012817552834761
1,6,0.0,0.4567624429223743,0.0,0.4567624429223743,0.0,0.0,7.3889194312227175
2,6,0.0,0.3802624429223744,0.0,0.3802624429223744,0.0,0.0,6.858992361467578
3,6,0.0,0.3352624429223744,0.0,0.3352624429223744,0.0,0.0,6.417816968181013
4,6,0.0,0.4477624429223744,0.0,0.4477624429223744,0.0,0.0,6.02884838405751
5,6,0.0,0.2767624429223743,0.0,0.2767624429223743,0.0,0.0,5.50935640371695
6,6,0.0631595812627931,0.3307624429223744,0.0,0.2676028616595813,0.0,0.0,5.188256313546203
7,6,0.6136882142890154,2.3121915970469695,0.0,0.42904574757534075,1.2694576351826132,0.0,4.877782256984052
8,6,1.8086952140745327,0.5377624429223744,1.2709327711521583,0.0,0.0,0.0,4.38
9,6,2.9892111977252753,0.7242624429223743,2.264948754802901,0.0,0.0,0.0,5.593089584673969
10,6,3.4825994677235736,0.7492624429223743,2.7333370248011994,0.0,0.0,0.0,7.754984613394017
11,6,3.8116330453126785,0.8952624429223746,2.916370602390304,0.0,0.0,0.0,10.364019995877056
12,6,4.33969964630898,3.1615232278381207,1.1781764184708594,0.0,0.0,0.0,13.147846999213858
13,6,4.448143186005894,3.791387628581938,0.6567555574239563,0.0,0.0,0.0,14.272512719564796
14,6,4.295577844455121,3.749323724708874,0.5462541197462465,0.0,0.0,0.0,14.8994475280007
15,6,3.8636228980018994,1.0417624429223744,2.821860455079525,0.0,0.0,0.0,15.420902022528534
16,6,2.968711083746866,1.1067624429223744,1.8619486408244919,0.0,0.0,0.0,18.114667425510817
17,6,1.868452929882381,1.0887624429223743,0.7796904869600068,0.0,0.0,0.0,19.892148950828904
18,6,0.9102332167381616,3.0526361699944835,0.0,2.142402953256322,0.0,0.0,20.6364837395626
19,6,0.3850005342567837,1.0576624429223744,0.0,0.6726619086655907,0.0,0.0,18.150384890596598
20,6,0.0013575335112613,0.9496624429223745,0.0,0.9483049094111131,0.0,0.0,17.36979295213407
21,6,0.0,3.876610652420605,0.0,3.876610652420605,0.0,0.0,16.269322558938
22,6,0.0,2.898697737346362,0.0,2.898697737346362,0.0,0.0,11.770623190059117
23,6,0.0,0.8866624429223744,0.0,0.8866624429223744,0.0,0.0,8.406624636429932
0,6,0.0,0.4882624429223744,0.0,0.4882624429223744,0.0,0.0,7.377602534311781
1,6,0.0,2.400198672895719,0.0,2.0946023618485565,0.30559631104716267,0.0,6.8109408534594085
2,6,0.0,0.3667624429223743,0.0,5.883053143412479e-16,0.3667624429223737,0.0,4.380000000000001
3,6,0.0,0.4972624429223744,0.0,0.0,0.4972624429223744,0.0,4.38
4,6,0.0,0.2677624429223744,0.0,0.0,0.2677624429223744,0.0,4.38
5,6,0.0,0.4927624429223743,0.0,0.0,0.4927624429223743,0.0,4.38
6,6,0.0631884968168591,0.5062624429223744,0.0,0.0,0.4430739461055153,0.0,4.38
7,6,0.6125316916820315,2.020456247020465,0.0,0.0,1.4079245553384334,0.0,4.38
8,6,1.8090944712366737,4.713862070537909,0.0,0.0,2.904767599301235,0.0,4.38
9,6,2.995010461850969,2.6630529203104443,0.3319575415405249,0.0,0.0,0.0,4.38
10,6,3.9417119184894553,4.82783561464692,0.0,0.2730948281200011,0.6130288680374639,0.0,4.696954993354986
11,6,4.582815772371779,5.051656803624361,0.0,0.0,0.46884103125258214,0.0,4.38
12,6,4.899893730198966,2.5595464506825176,2.340347279516448,0.0,0.0,0.0,4.38
13,6,4.875760061769588,3.988016024107827,0.8877440376617614,0.0,0.0,0.0,6.61459173053724
14,6,4.551559968059847,3.5937050802887267,0.9578548877711199,0.0,0.0,0.0,7.462241722926906
15,6,3.925273602049277,3.2686683631578233,0.6566052388914536,0.0,0.0,0.0,8.376844802326229
16,6,3.0137170785075367,3.1611128924917593,0.0,0.14739581398422263,0.0,0.0,9.003807570796836
17,6,1.906665391660049,0.8887624429223744,1.0179029487376745,0.0,0.0,0.0,8.83272997579368
18,6,0.6989494724091401,1.9246624429223744,0.0,1.2257129705132344,0.0,0.0,9.80468804822861
19,6,0.1966011029945701,5.380570726792399,0.0,3.447947163322846,1.7360224604749828,0.0,8.38202449842637
20,6,0.001469855170551,4.589947147945024,0.0,0.0,4.588477292774472,0.0,4.38
21,6,0.0,2.871849075866876,0.0,0.0,2.871849075866876,0.0,4.38
22,6,0.0,2.656905640996585,0.0,0.0,2.656905640996585,0.0,4.38
23,6,0.0,0.7246624429223744,0.0,0.0,0.7246624429223744,0.0,4.38
0,6,0.0,0.5782624429223745,0.0,0.0,0.5782624429223745,0.0,4.38
1,6,0.0,0.5422624429223745,0.0,0.0,0.5422624429223745,0.0,4.38
2,6,0.0,0.6727624429223744,0.0,0.0,0.6727624429223744,0.0,4.38
3,6,0.0,0.6052624429223744,0.0,0.0,0.6052624429223744,0.0,4.38
4,6,0.0,0.3757624429223745,0.0,0.0,0.3757624429223745,0.0,4.38
5,6,0.0,0.3712624429223744,0.0,0.0,0.3712624429223744,0.0,4.38
6,6,0.0634918936499684,2.8347603631265064,0.0,0.0,2.771268469476538,0.0,4.38
7,6,0.5881509390055757,3.4366984524815343,0.0,0.0,2.8485475134759586,0.0,4.38
8,6,1.74137840219467,3.8426955224959425,0.0,0.0,2.1013171203012724,0.0,4.38
9,6,2.9072065778030045,2.975753526190835,0.0,0.0,0.06854694838783049,0.0,4.38
10,6,3.80987293758491,0.9427624429223744,2.8671104946625356,0.0,0.0,0.0,4.38
11,6,4.385956402782808,0.9042624429223745,3.4816939598604337,0.0,0.0,0.0,7.117865701307348
12,6,4.713254717915053,2.0365277061585214,2.6767270117565314,0.0,0.0,0.0,10.44271282314873
13,6,4.696531895302337,2.990286707874681,1.7062451874276565,0.0,0.0,0.0,12.998951564309467
14,6,4.406507845193235,3.040852556920547,1.3656552882726878,0.0,0.0,0.0,14.628439911993732
15,6,3.8043157375898256,1.2082624429223745,2.596053294667451,0.0,0.0,0.0,15.932683984384141
16,6,2.897732277480695,1.282262442922374,1.615469834558321,0.0,0.0,0.0,18.41203351613762
17,6,1.8681393897820908,3.612796218462633,0.0,1.7446568286805424,0.0,0.0,19.95492406549976
18,6,0.7284475540649642,2.385985582793994,0.0,1.65753802872903,0.0,0.0,17.92947496394873
19,6,0.2867608335158914,1.0666624429223743,0.0,0.779901609406483,0.0,0.0,16.00512985002803
20,6,0.0013535837919086,0.9811624429223744,0.0,0.9798088591304658,0.0,0.0,15.099674557944214
21,6,0.0,3.2080750098597086,0.0,3.2080750098597086,0.0,0.0,13.962120101917087
22,6,0.0,3.0194882996336094,0.0,3.0194882996336094,0.0,0.0,10.23751768732969
23,6,0.0,2.468489900562788,0.0,2.025469928982225,0.4430199715805627,0.0,6.731745205699142
0,6,0.0,2.7142041983290612,0.0,0.0,2.7142041983290612,0.0,4.38
1,6,0.0,0.6187624429223744,0.0,0.0,0.6187624429223744,0.0,4.38
2,6,0.0,0.7492624429223744,0.0,0.0,0.7492624429223744,0.0,4.38
3,6,0.0,0.5017624429223744,0.0,0.0,0.5017624429223744,0.0,4.38
4,6,0.0,0.5062624429223744,0.0,0.0,0.5062624429223744,0.0,4.38
5,6,0.0,0.4342624429223743,0.0,0.0,0.4342624429223743,0.0,4.38
6,6,0.0577047777254666,0.3847624429223744,0.0,0.0,0.32705766519690777,0.0,4.38
7,6,0.5874257958148796,2.4106821884117187,0.0,0.0,1.823256392596839,0.0,4.38
8,6,1.7354686318882904,2.010420220644173,0.0,0.0,0.27495158875588266,0.0,4.38
9,6,2.8703570596816212,2.2828681991314537,0.5874888605501676,0.0,0.0,0.0,4.38
10,6,3.7674031802981807,0.8322624429223743,2.9351407373758063,0.0,0.0,0.0,4.941184982515369
11,6,4.417354299920401,0.8392624429223743,3.578091856998027,0.0,0.0,0.0,7.744927168194934
12,6,4.724793852889492,1.1427624429223746,3.5820314099671178,0.0,0.0,0.0,11.162945044085738
13,6,4.719012330085763,3.2285309329730434,1.49048139711272,0.0,0.0,0.0,14.584857802948427
14,6,4.410192122762733,3.4227359150227383,0.9874562077399944,0.0,0.0,0.0,16.00876872572651
15,6,3.810129463224951,3.1975287544159348,0.6126007088090164,0.0,0.0,0.0,16.952136556652906
16,6,2.8775328282768946,1.1722624429223742,1.7052703853545204,0.0,0.0,0.0,17.53739181189514
17,6,1.8330717733329869,2.312821950034338,0.0,0.479750176701351,0.0,0.0,19.166552554044937
18,6,0.7075496160070852,2.811394776978017,0.0,2.103845160970932,0.0,0.0,18.60941644766117
19,6,0.2170189541581731,4.379491568950655,0.0,4.162472614792482,0.0,0.0,16.166198702244987
20,6,0.0014637786792391,5.096814222759387,0.0,5.095350444080148,0.0,0.0,11.332165711926368
21,6,0.0,0.8731624429223745,0.0,0.8731624429223745,0.0,0.0,5.414482544855351
22,6,0.0,2.8649026043929138,0.0,0.017517456040806158,2.8473851483521075,0.0,4.400345883253651
23,6,0.0,0.9316624429223744,0.0,0.0,0.9316624429223744,0.0,4.38
0,6,0.0,0.7762624429223743,0.0,0.0,0.7762624429223743,0.0,4.38
1,6,0.0,0.7132624429223744,0.0,0.0,0.7132624429223744,0.0,4.38
2,6,0.0,0.4522624429223744,0.0,0.0,0.4522624429223744,0.0,4.38
3,6,0.0,0.4702624429223744,0.0,0.0,0.4702624429223744,0.0,4.38
4,6,0.0,0.4522624429223744,0.0,0.0,0.4522624429223744,0.0,4.38
5,6,0.0,0.4162624429223743,0.0,0.0,0.4162624429223743,0.0,4.38
6,6,0.0573188120079474,0.3712624429223744,0.0,0.0,0.313943630914427,0.0,4.38
7,6,0.6114703426145607,4.82299731407411,0.0,0.0,4.211526971459549,0.0,4.38
8,6,1.826328514954626,5.391530151847117,0.0,0.0,3.565201636892491,0.0,4.38
9,6,3.015255893777623,0.6367624429223743,2.3784934508552484,0.0,0.0,0.0,4.38
10,6,3.9580735689898754,0.8007624429223745,3.157311126067501,0.0,0.0,0.0,6.652689146898836
11,6,4.589391010222825,0.8257624429223744,3.763628567300451,0.0,0.0,0.0,9.669628371824645
12,6,4.893051479199368,1.0912624429223745,3.8017890362769933,0.0,0.0,0.0,13.266050635803415
13,6,4.877751085296615,2.2307612069080234,2.6469898783885917,0.0,0.0,0.0,16.899085001704094
14,6,4.550559510554426,2.2201320560811197,2.3304274544733063,0.0,0.0,0.0,19.428683078838258
15,6,3.9304381248013343,5.388672863094561,0.0,1.4582347382932266,0.0,0.0,21.655821388938037
16,6,3.0355788215117556,4.333189098494207,0.0,1.2976102769824518,0.0,0.0,19.961805666398092
17,6,1.9232585178085448,3.583647110345703,0.0,1.660388592537158,0.0,0.0,18.454362032125108
18,6,0.7046952331528484,2.9249125571513352,0.0,2.2202173239984866,0.0,0.0,16.525449185582996
19,6,0.1958258992821828,1.0891624429223743,0.0,0.8933365436401914,0.0,0.0,13.946123966250312
20,6,0.0016645485958953,3.1997525251185572,0.0,3.198087976522662,0.0,0.0,12.908270393937668
21,6,0.0,2.8591711103203385,0.0,2.8591711103203385,0.0,0.0,9.192784964190501
22,6,0.0,4.050137129497015,0.0,1.283230786858355,2.76690634263866,0.0,5.870933289646088
23,6,0.0,4.036374094361316,0.0,0.0,4.036374094361316,0.0,4.38
0,6,0.0,3.382716462104316,0.0,0.0,3.382716462104316,0.0,4.38
1,6,0.0,2.023419145751575,0.0,0.0,2.023419145751575,0.0,4.38
2,6,0.0,0.7177624429223743,0.0,0.0,0.7177624429223743,0.0,4.38
3,6,0.0,0.7762624429223743,0.0,0.0,0.7762624429223743,0.0,4.38
4,6,0.0,0.7357624429223745,0.0,0.0,0.7357624429223745,0.0,4.38
5,6,0.0,0.5602624429223744,0.0,0.0,0.5602624429223744,0.0,4.38
6,6,0.0577704938056809,0.4612624429223744,0.0,0.0,0.4034919491166935,0.0,4.38
7,6,0.6065097139152652,2.107569515091651,0.0,0.0,1.5010598011763858,0.0,4.38
8,6,1.8085814672685023,2.4197757305196173,0.0,0.0,0.6111942632511149,0.0,4.38
9,6,2.9682062490993046,2.632390852447058,0.3358153966522468,0.0,0.0,0.0,4.38
10,6,3.892325969252701,2.9389515512531807,0.95337441799952,0.0,0.0,0.0,4.700990753528273
11,6,4.502584589457419,3.3670948041454145,1.135489785312004,0.0,0.0,0.0,5.612281542821014
12,6,4.797080873231592,3.02756778744245,1.7695130857891423,0.0,0.0,0.0,6.6976599325621
13,6,4.780351182042303,1.1877624429223743,3.592588739119928,0.0,0.0,0.0,8.389101580870909
14,6,4.454187783215906,1.4217624429223743,3.032425340293531,0.0,0.0,0.0,11.823249592750868
15,6,3.844342459414259,1.2082624429223745,2.636080016491884,0.0,0.0,0.0,14.722050577835073
16,6,2.9624599187294227,1.4107624429223744,1.5516974758070483,0.0,0.0,0.0,17.242053442132708
17,6,1.8819932908453103,1.2507624429223745,0.6312308479229358,0.0,0.0,0.0,18.72546552102877
18,6,0.6962982396262032,1.2781624429223746,0.0,0.5818642032961714,0.0,0.0,19.32892792591198
19,6,0.1911323542516472,3.221957698437347,0.0,3.0308253441856996,0.0,0.0,18.65276071266339
20,6,0.0016451038236972,3.977031603393866,0.0,3.975386499570169,0.0,0.0,15.130706014141994
21,6,0.0,3.1358450759051433,0.0,3.1358450759051433,0.0,0.0,10.510847226144303
22,6,0.0,0.9496624429223745,0.0,0.9496624429223745,0.0,0.0,6.866476832602638
23,6,0.0,0.9136624429223744,0.0,0.9136624429223744,0.0,0.0,5.7627748513868395
0,6,0.0,0.7537624429223744,0.0,0.2761088519072823,0.4776535910150921,0.0,4.700901386379732
1,6,0.0,0.6637624429223744,0.0,0.0,0.6637624429223744,0.0,4.38
2,6,0.0,0.6052624429223744,0.0,0.0,0.6052624429223744,0.0,4.38
3,6,0.0,0.6772624429223744,0.0,0.0,0.6772624429223744,0.0,4.38
4,6,0.0,2.914176797462801,0.0,0.0,2.914176797462801,0.0,4.38
5,6,0.0,0.5962624429223744,0.0,0.0,0.5962624429223744,0.0,4.38
6,6,0.0574165609354519,0.4387624429223744,0.0,0.0,0.3813458819869225,0.0,4.38
7,6,0.5813082467272271,2.5168814020171424,0.0,0.0,1.9355731552899154,0.0,4.38
8,6,1.7343627636458216,3.302501258052808,0.0,0.0,1.5681384944069863,0.0,4.38
9,6,2.862199020686574,2.6513670523029007,0.21083196838367346,0.0,0.0,0.0,4.38
10,6,3.7649458504611246,1.2147624429223742,2.5501834075387504,0.0,0.0,0.0,4.581586526175658
11,6,4.347410098531096,1.1652624429223746,3.1821476556087216,0.0,0.0,0.0,7.019944351981336
12,6,4.630536551620885,2.6861924591118083,1.944344092509077,0.0,0.0,0.0,10.062638245113362
13,6,4.613349378410685,2.5590965958823455,2.05425278252834,0.0,0.0,0.0,11.9218374529517
14,6,4.308605868303597,5.161288047636468,0.0,0.8526821793328709,0.0,0.0,13.88617341684306
15,6,3.727619864319188,2.7675883400910557,0.9600315242281323,0.0,0.0,0.0,12.895053546593326
16,6,2.883210862857413,2.5323575509247513,0.3508533119326618,0.0,0.0,0.0,13.81309218182857
17,6,1.8277193110201368,1.5252624429223745,0.3024568680977624,0.0,0.0,0.0,14.148602229132196
18,6,0.6855732990113571,3.806483462663863,0.0,3.1209101636525056,0.0,0.0,14.437833362706819
19,6,0.1957088225538678,3.9458610860363583,0.0,3.7501522634824904,0.0,0.0,10.810129854058152
20,6,0.0015312206192497,1.3726624429223742,0.0,1.3711312223031245,0.0,0.0,6.450857535525802
21,6,0.0,1.1251624429223743,0.0,0.41028797171899434,0.71487447120338,0.0,4.85695544516107
22,6,0.0,1.5764863745549178,0.0,0.0,1.5764863745549178,0.0,4.38
23,6,0.0,1.620096469334043,0.0,0.0,1.620096469334043,0.0,4.38
0,6,0.0,1.316898243706847,0.0,0.0,1.316898243706847,0.0,4.38
1,6,0.0,1.4467707333336866,0.0,0.0,1.4467707333336866,0.0,4.38
2,6,0.0,1.4295886040460766,0.0,0.0,1.4295886040460766,0.0,4.38
3,6,0.0,1.3340447097919723,0.0,0.0,1.3340447097919723,0.0,4.38
4,6,0.0,2.561524408423664,0.0,0.0,2.561524408423664,0.0,4.38
5,6,0.0,1.080390969901056,0.0,0.0,1.080390969901056,0.0,4.38
6,6,0.0568538582885374,3.04049542492408,0.0,0.0,2.9836415666355425,0.0,4.38
7,6,0.5659777141241692,1.0772258085147886,0.0,0.0,0.5112480943906194,0.0,4.38
8,6,1.6920529087810885,2.7448722722212575,0.0,0.0,1.052819363440169,0.0,4.38
9,6,2.800465736064474,4.362319440016682,0.0,0.0,1.5618537039522082,0.0,4.38
10,6,3.687424214769206,1.6088820128899504,2.0785422018792556,0.0,0.0,0.0,4.38
11,6,4.27792947258876,1.7628521494302969,2.5150773231584633,0.0,0.0,0.0,6.3678438858796556
12,6,4.55670576579574,1.2867624429223743,3.2699433228733654,0.0,0.0,0.0,8.773228235647558
13,6,4.537049906881897,1.3027624429223743,3.234287463959523,0.0,0.0,0.0,11.90064036710612
14,6,4.235701456233627,1.4172624429223744,2.8184390133112522,0.0,0.0,0.0,14.994059648214954
15,6,3.6595490142524287,1.4442624429223745,2.2152865713300542,0.0,0.0,0.0,17.689836413297122
16,6,2.823446597406982,1.4487624429223742,1.3746841544846076,0.0,0.0,0.0,19.808774998761756
17,6,1.7949543328499398,1.5142624429223743,0.28069188992756544,0.0,0.0,0.0,21.12370227300559
18,6,0.6770547580834363,3.561319630070587,0.0,2.884264871987151,0.0,0.0,21.39219658875401
19,6,0.2076731984905507,3.3826494949602495,0.0,3.1749762964696986,0.0,0.0,18.038612511244022
20,6,0.0015188506190791,1.2781624429223746,0.0,1.2766435923032955,0.0,0.0,14.346898712921215
21,6,0.0,3.980869550119825,0.0,3.980869550119825,0.0,0.0,12.862426592973565
22,6,0.0,3.370729143286117,0.0,3.3137612431834875,0.05696790010262953,0.0,8.23343610295021
23,6,0.0,2.801545732339056,0.0,0.0,2.801545732339056,0.0,4.38
0,6,0.0,3.2017486874030325,0.0,0.0,3.2017486874030325,0.0,4.38
1,6,0.0,2.7653219835183744,0.0,0.0,2.7653219835183744,0.0,4.38
2,6,0.0,0.7762624429223743,0.0,0.0,0.7762624429223743,0.0,4.38
3,6,0.0,0.8482624429223744,0.0,0.0,0.8482624429223744,0.0,4.38
4,6,0.0,2.6963277141460127,0.0,0.0,2.6963277141460127,0.0,4.38
5,6,0.0,2.2064427753020484,0.0,0.0,2.2064427753020484,0.0,4.38
6,6,0.0568318142701698,1.8479175998466628,0.0,0.0,1.791085785576493,0.0,4.38
7,6,0.5540094219190714,2.512651157397015,0.0,0.0,1.9586417354779435,0.0,4.38
8,6,1.639431341678946,1.5937624429223742,0.045668898756571874,0.0,0.0,0.0,4.38
9,6,2.756315469691453,1.2102624429223745,1.5460530267690786,0.0,0.0,0.0,4.423691349573135
10,6,3.623330056738212,1.3137624429223744,2.3095676138158376,0.0,0.0,0.0,5.902798100356471
11,6,4.250955055626334,3.964909937561868,0.28604511806446586,0.0,0.0,0.0,8.112394945634803
12,6,4.541246120089066,1.282262442922374,3.2589836771666922,0.0,0.0,0.0,8.386065262792759
13,6,4.53538995679008,1.3452624429223747,3.1901275138677057,0.0,0.0,0.0,11.504069332827594
14,6,4.23553028164209,1.3902624429223749,2.845267838719715,0.0,0.0,0.0,14.556302931254478
15,6,3.6505761953857334,1.6062624429223744,2.044313752463359,0.0,0.0,0.0,17.278676959525765
16,6,2.8164120271723756,1.6287624429223744,1.1876495842500012,0.0,0.0,0.0,19.234751897424697
17,6,1.7886670220106011,1.4172624429223744,0.37140457908822677,0.0,0.0,0.0,20.371163910904055
18,6,0.676077158698007,1.6201624429223742,0.0,0.9440852842243672,0.0,0.0,20.726549899253257
19,6,0.2104362443388236,2.1496624429223745,0.0,1.9392261985835508,0.0,0.0,19.628471048172024
20,6,0.001517548513798,1.2871624429223745,0.0,1.2856448944085765,0.0,0.0,17.372906903773465
21,6,0.0,1.5076624429223742,0.0,1.5076624429223742,0.0,0.0,15.87750886161706
22,6,0.0,1.2196624429223744,0.0,1.2196624429223744,0.0,0.0,14.123846806559607
23,6,0.0,1.1251624429223743,0.0,1.1251624429223743,0.0,0.0,12.705153603830201
0,6,0.0,0.9652624429223744,0.0,0.9652624429223744,0.0,0.0,11.396364210928878
1,6,0.0,1.0732624429223745,0.0,1.0732624429223745,0.0,0.0,10.273556960523502
2,6,0.0,0.8347624429223742,0.0,0.8347624429223742,0.0,0.0,9.025109573395119
3,6,0.0,0.9472624429223744,0.0,0.9472624429223744,0.0,0.0,8.054080503269503
4,6,0.0,0.7042624429223743,0.0,0.7042624429223743,0.0,0.0,6.95217702999808
5,6,0.0,0.6997624429223744,0.0,0.6997624429223744,0.0,0.0,6.132935064268276
6,6,0.0563580875358002,1.880313645518344,0.0,0.8071330054195333,1.0168225525630104,0.0,5.31892160728337
7,6,0.5192151711621881,2.936779466747818,0.0,0.0,2.4175642955856302,0.0,4.38
8,6,1.5589295960178444,6.926685215169883,0.0,0.0,5.367755619152039,0.0,4.38
9,6,2.6983069658501737,6.850547644544227,0.0,0.0,4.152240678694053,0.0,4.38
10,6,3.5802733152694333,3.566824577865372,0.013448737404061273,0.0,0.0,0.0,4.38
11,6,4.178820274870526,3.597029024250696,0.5817912506198302,0.0,0.0,0.0,4.392870694993998
12,6,4.476794648875719,2.486352913295457,1.9904417355802622,0.0,0.0,0.0,4.949655960116434
13,6,4.470441861296246,2.5065472361663352,1.9638946251299108,0.0,0.0,0.0,6.854558396915604
14,6,4.172165811739493,1.4782624429223743,2.693903368817119,0.0,0.0,0.0,8.734094862806701
15,6,3.60768766137021,1.399262442922374,2.208425218447836,0.0,0.0,0.0,11.312337407596704
16,6,2.678211541591971,1.4127624429223746,1.2654490986695963,0.0,0.0,0.0,13.426006765101384
17,6,1.756040907047453,1.4872624429223742,0.2687784641250788,0.0,0.0,0.0,14.637188634058857
18,6,0.6722825040290089,3.270653222741926,0.0,2.5983707187129172,0.0,0.0,14.89444436913068
19,6,0.2242431406252897,5.495245405006186,0.0,5.271002264380896,0.0,0.0,11.871428107946267
20,6,0.001415166748744,5.16940789486881,0.0,1.1678524373264705,4.0001402907935955,0.0,5.738826916176679
21,6,0.0,3.6962842512672593,0.0,0.0,3.6962842512672593,0.0,4.38
22,6,0.0,3.822196680630477,0.0,0.0,3.822196680630477,0.0,4.38
23,6,0.0,2.763654084011442,0.0,0.0,2.763654084011442,0.0,4.38
0,6,0.0,2.755507436135635,0.0,0.0,2.755507436135635,0.0,4.38
1,6,0.0,2.297937490196,0.0,0.0,2.297937490196,0.0,4.38
2,6,0.0,2.164693610662895,0.0,0.0,2.164693610662895,0.0,4.38
3,6,0.0,2.035062349078168,0.0,0.0,2.035062349078168,0.0,4.38
4,6,0.0,0.7177624429223743,0.0,0.0,0.7177624429223743,0.0,4.38
5,6,0.0,0.7717624429223743,0.0,0.0,0.7717624429223743,0.0,4.38
6,6,0.0628037269427171,0.9202624429223746,0.0,0.0,0.8574587159796575,0.0,4.38
7,6,0.5223907947912173,3.091992274217034,0.0,0.0,2.5696014794258164,0.0,4.38
8,6,1.579365340039066,4.905563267338909,0.0,0.0,3.326197927299843,0.0,4.38
9,6,2.635593699981592,2.0187624429223745,0.6168312570592174,0.0,0.0,0.0,4.38
10,6,3.533502734164064,1.1362624429223744,2.3972402912416895,0.0,0.0,0.0,4.970446412687961
11,6,4.0772118667824655,1.4757624429223744,2.601449423860091,0.0,0.0,0.0,7.265160430144669
12,6,4.315580557350531,2.353277619216769,1.962302938133762,0.0,0.0,0.0,9.755414154038464
13,6,4.092703611946657,3.1748165982295182,0.9178870137171389,0.0,0.0,0.0,11.633893532314662
14,6,3.9911902002024706,1.955232764607932,2.035957435594539,0.0,0.0,0.0,12.512589797899993
15,6,3.4833353580985627,2.138140235528624,1.3451951225699386,0.0,0.0,0.0,14.46163783190235
16,6,2.6988484382358284,2.1386920999897354,0.560156338246093,0.0,0.0,0.0,15.749438524637108
17,6,1.7282463280243552,2.045212837344344,0.0,0.3169665093199887,0.0,0.0,16.285702862020216
18,6,0.678020377853535,4.619813237432891,0.0,3.9417928595793557,0.0,0.0,15.916849985535787
19,6,0.1974984875637128,4.979230931379323,0.0,4.781732443815611,0.0,0.0,11.329783039252248
20,6,0.0016110754723507,7.503483503869782,0.0,1.1900925532255013,6.311779875171929,0.0,5.7650416119983605
21,6,0.0,7.144337656112149,0.0,0.0,7.144337656112149,0.0,4.38
22,6,0.0,5.815265597124153,0.0,0.0,5.815265597124153,0.0,4.38
23,6,0.0,5.162244325583967,0.0,0.0,5.162244325583967,0.0,4.38
0,6,0.0,2.915848960010652,0.0,0.0,2.915848960010652,0.0,4.38
1,6,0.0,2.476510044371854,0.0,0.0,2.476510044371854,0.0,4.38
2,6,0.0,3.9217063607711946,0.0,0.0,3.9217063607711946,0.0,4.38
3,6,0.0,2.8017042515571124,0.0,0.0,2.8017042515571124,0.0,4.38
4,6,0.0,0.8932624429223744,0.0,0.0,0.8932624429223744,0.0,4.38
5,6,0.0,0.7222624429223744,0.0,0.0,0.7222624429223744,0.0,4.38
6,6,0.0513497578981408,0.7132624429223744,0.0,0.0,0.6619126850242336,0.0,4.38
7,6,0.5216683791094141,0.9742624429223744,0.0,0.0,0.4525940638129603,0.0,4.38
8,6,1.5918996420319436,0.9112624429223743,0.6806371991095692,0.0,0.0,0.0,4.38
9,6,2.6339864916022213,1.1067624429223744,1.527224048679847,0.0,0.0,0.0,5.031682135971508
10,6,3.457407045309375,1.836543536758128,1.6208635085512468,0.0,0.0,0.0,6.493947095664412
11,6,4.132109280240758,1.8290496699758945,2.3030596102648637,0.0,0.0,0.0,8.045894174690664
12,6,4.413937092868867,3.2758845829493537,1.1380525099195133,0.0,0.0,0.0,10.251070007042786
13,6,4.426092071352745,3.3058229698700887,1.120269101482656,0.0,0.0,0.0,11.340780467306288
14,6,4.136620369978009,2.050528708991069,2.08609166098694,0.0,0.0,0.0,12.413476070226093
15,6,3.5377919988920885,2.0286983921743995,1.509093606717689,0.0,0.0,0.0,14.411003586268578
16,6,2.684266972586447,3.30973791138024,0.0,0.6254709387937929,0.0,0.0,15.85606172987437
17,6,1.7132299829909543,1.4172624429223744,0.29596754006857995,0.0,0.0,0.0,15.128029084118408
18,6,0.677023072666221,2.1991624429223746,0.0,1.5221393702561536,0.0,0.0,15.411444331853085
19,6,0.1923012866546923,3.932401390091364,0.0,3.7401001034366717,0.0,0.0,13.63969430492222
20,6,0.0016138532969504,3.7555948664374696,0.0,3.7539810131405194,0.0,0.0,9.286196034453432
21,6,0.0,2.7553143736758576,0.0,0.4607545210306071,2.2945598526452504,0.0,4.916364242662413
22,6,0.0,3.632866005682494,0.0,0.0,3.632866005682494,0.0,4.38
23,6,0.0,3.5554974519908646,0.0,0.0,3.5554974519908646,0.0,4.38
0,6,0.0,0.9067624429223744,0.0,0.0,0.9067624429223744,0.0,4.38
1,6,0.0,0.8617624429223742,0.0,0.0,0.8617624429223742,0.0,4.38
2,6,0.0,0.8212624429223744,0.0,0.0,0.8212624429223744,0.0,4.38
3,6,0.0,0.7402624429223745,0.0,0.0,0.7402624429223745,0.0,4.38
4,6,0.0,0.8752624429223744,0.0,0.0,0.8752624429223744,0.0,4.38
5,6,0.0,0.7132624429223744,0.0,0.0,0.7132624429223744,0.0,4.38
6,6,0.0567706080012979,1.2689563221155395,0.0,0.0,1.2121857141142416,0.0,4.38
7,6,0.5135212716605473,2.3503664398215793,0.0,0.0,1.836845168161032,0.0,4.38
8,6,1.57453075898295,4.810167000615428,0.0,0.0,3.2356362416324775,0.0,4.38
9,6,2.6527703081052714,3.104485790483102,0.0,0.0,0.45171548237783066,0.0,4.38
10,6,3.5242833516023295,1.3407624429223746,2.183520908679955,0.0,0.0,0.0,4.38
11,6,4.126171043347405,1.2417624429223744,2.8844086004250307,0.0,0.0,0.0,6.471135656209977
12,6,4.435454729612095,1.3002624429223744,3.135192286689721,0.0,0.0,0.0,9.233569274487783
13,6,4.449382153535214,1.3317624429223742,3.1176197106128396,0.0,0.0,0.0,12.236274827008247
14,6,4.160532172125286,3.6008224559321182,0.5597097161931681,0.0,0.0,0.0,15.222251246331446
15,6,3.597189227044081,4.0694152502763865,0.0,0.47222602323230545,0.0,0.0,15.758344904402215
16,6,2.729354900339983,3.476172443400906,0.0,0.746817543060923,0.0,0.0,15.208553590063795
17,6,1.6950067460099545,1.3387624429223743,0.35624430308758015,0.0,0.0,0.0,14.339063414718574
18,6,0.6831717518301972,1.6021624429223742,0.0,0.918990691092177,0.0,0.0,14.680283097725278
19,6,0.1956379745044503,2.1316624429223747,0.0,1.9360244684179244,0.0,0.0,13.610325808020754
20,6,0.0017176663966341,2.0506624429223743,0.0,2.0489447765257403,0.0,0.0,11.356239857863457
21,6,0.0,3.1067814500862125,0.0,3.1067814500862125,0.0,0.0,8.970632621686946
22,6,0.0,1.1836624429223743,0.0,0.8358953507855271,0.3477670921368472,0.0,5.353295527059288
23,6,0.0,1.3096624429223742,0.0,0.0,1.3096624429223742,0.0,4.38
0,6,0.0,0.9382624429223744,0.0,0.0,0.9382624429223744,0.0,4.38
1,6,0.0,0.8752624429223744,0.0,0.0,0.8752624429223744,0.0,4.38
2,6,0.0,0.8167624429223743,0.0,0.0,0.8167624429223743,0.0,4.38
3,6,0.0,0.7762624429223743,0.0,0.0,0.7762624429223743,0.0,4.38
4,6,0.0,0.7312624429223744,0.0,0.0,0.7312624429223744,0.0,4.38
5,6,0.0,0.6772624429223744,0.0,0.0,0.6772624429223744,0.0,4.38
6,6,0.051388161672812,0.6997624429223744,0.0,0.0,0.6483742812495624,0.0,4.38
7,6,0.523539020946342,4.023498757538975,0.0,0.0,3.4999597365926327,0.0,4.38
8,6,1.6006739358288062,2.8364965848479464,0.0,0.0,1.2358226490191402,0.0,4.38
9,6,2.6795780333232853,3.561051003976267,0.0,0.0,0.8814729706529816,0.0,4.38
10,6,3.54357554763944,3.296122518098104,0.2474530295413362,0.0,0.0,0.0,4.38
11,6,4.135477026529485,2.729031461669829,1.406445564859656,0.0,0.0,0.0,4.617040191545757
12,6,4.446288080298672,1.4487624429223742,2.9975256373762975,0.0,0.0,0.0,5.964306037116526
13,6,4.461986937640698,2.4545415585684216,2.0074453790722764,0.0,0.0,0.0,8.83574679598523
14,6,4.182771534992974,4.5389427785286784,0.0,0.3561712435357043,0.0,0.0,10.758815147378565
15,6,3.625409597825324,3.0266381360602708,0.598771461765053,0.0,0.0,0.0,10.344064811178589
16,6,2.628416642466582,3.1332982531102744,0.0,0.5048816106436926,0.0,0.0,10.91768329697311
17,6,1.6875387109942264,1.3497624429223745,0.3377762680718519,0.0,0.0,0.0,10.329758312688988
18,6,0.6907192453097678,3.0296665165278496,0.0,2.338947271218082,0.0,0.0,10.653349245667515
19,6,0.1972123390715443,1.4941624429223743,0.0,1.29695010385083,0.0,0.0,7.929665125174051
20,6,0.0017279964318644,1.2376624429223742,0.0,1.2359344464905098,0.0,0.0,6.419339735887686
21,6,0.0,2.698045181520637,0.0,0.5152607365522116,2.1827844449684255,0.0,4.980048231684993
22,6,0.0,2.8128106514205364,0.0,0.0,2.8128106514205364,0.0,4.38
23,6,0.0,2.913267100356288,0.0,0.0,2.913267100356288,0.0,4.38
0,6,0.0,1.7972520584114302,0.0,0.0,1.7972520584114302,0.0,4.38
1,6,0.0,0.9382624429223744,0.0,0.0,0.9382624429223744,0.0,4.38
2,6,0.0,0.7042624429223743,0.0,0.0,0.7042624429223743,0.0,4.38
3,6,0.0,0.6277624429223744,0.0,0.0,0.6277624429223744,0.0,4.38
4,6,0.0,1.2823727930275834,0.0,0.0,1.2823727930275834,0.0,4.38
5,6,0.0,0.6682624429223745,0.0,0.0,0.6682624429223745,0.0,4.38
6,6,0.0516671691249109,0.6367624429223743,0.0,0.0,0.5850952737974634,0.0,4.38
7,6,0.5234055932479689,1.4362624429223745,0.0,0.0,0.9128568496744056,0.0,4.38
8,6,1.6093779365592864,5.0317637713678405,0.0,0.0,3.422385834808554,0.0,4.38
9,6,2.7132108333730134,3.65744430954583,0.0,0.0,0.9442334761728168,0.0,4.38
10,6,3.6191146235777634,2.7679534041413016,0.8511612194364617,0.0,0.0,0.0,4.38
11,6,4.240003231707006,1.0122624429223743,3.227740788784632,0.0,0.0,0.0,5.195465955440624
12,6,4.562714113401956,1.0797624429223742,3.482951670479582,0.0,0.0,0.0,8.28787290731777
13,6,4.563369944432313,1.327262442922374,3.2361075015099385,0.0,0.0,0.0,11.624906258178619
14,6,4.261761715626226,1.3857624429223745,2.8759992727038513,0.0,0.0,0.0,14.725553377851002
15,6,3.6890928405711296,4.223174611790299,0.0,0.534081771219169,0.0,0.0,17.48126217691224
16,6,2.856954472418515,3.621322858197241,0.0,0.764368385778726,0.0,0.0,16.859200731362932
17,6,1.82095147351936,3.545161501254075,0.0,1.724210027734715,0.0,0.0,15.968912266218625
18,6,0.7047351287578892,1.4221624429223745,0.0,0.7174273141644852,0.0,0.0,13.960643772128192
19,6,0.2029288424518644,1.3906624429223746,0.0,1.1877336004705101,0.0,0.0,13.125006913813921
20,6,0.0017427536250504,4.409342131083781,0.0,4.40759937745873,0.0,0.0,11.741561329097198
21,6,0.0,6.3158370324868205,0.0,1.9123717024590472,4.403465330027773,0.0,6.607622230943395
22,6,0.0,3.208175424438795,0.0,0.0,3.208175424438795,0.0,4.38
23,6,0.0,2.872369890245448,0.0,0.0,2.872369890245448,0.0,4.38
0,6,0.0,1.0057624429223746,0.0,0.0,1.0057624429223746,0.0,4.38
1,6,0.0,0.9202624429223746,0.0,0.0,0.9202624429223746,0.0,4.38
2,6,0.0,0.6952624429223744,0.0,0.0,0.6952624429223744,0.0,4.38
3,6,0.0,0.6637624429223744,0.0,0.0,0.6637624429223744,0.0,4.38
4,6,0.0,0.6322624429223744,0.0,0.0,0.6322624429223744,0.0,4.38
5,6,0.0,1.1566762500423555,0.0,0.0,1.1566762500423555,0.0,4.38
6,6,0.0576739657934718,1.409252486479525,0.0,0.0,1.3515785206860533,0.0,4.38
7,6,0.4997672389821583,1.1298954022793095,0.0,0.0,0.6301281632971512,0.0,4.38
8,6,1.375695431593255,3.068207588146337,0.0,0.0,1.692512156553082,0.0,4.38
9,6,2.417241128158394,1.5400078628350415,0.8772332653233523,0.0,0.0,0.0,4.38
10,6,3.479276435053378,1.585550212834608,1.8937262222187699,0.0,0.0,0.0,5.220670416330026
11,6,4.076651670193716,2.420623842618185,1.6560278275755307,0.0,0.0,0.0,7.03548379644328
12,6,4.264846902803018,1.1697624429223743,3.0950844598806433,0.0,0.0,0.0,8.622536234044473
13,6,4.285153991199022,1.1542624429223742,3.1308915482766473,0.0,0.0,0.0,11.588759961287028
14,6,3.294008920741337,1.3947624429223742,1.899246477818963,0.0,0.0,0.0,14.589400110829919
15,6,2.765235350974975,4.508300277995977,0.0,1.7430649270210017,0.0,0.0,16.409695552029774
16,6,2.0037634726378197,4.236956398444551,0.0,2.2331929258067316,0.0,0.0,14.378973313254576
17,6,1.169232315130207,1.6152845731868075,0.0,0.4460522580566004,0.0,0.0,11.777188549792873
18,6,0.5166458094239493,3.228168039869964,0.0,2.7115222304460147,0.0,0.0,11.257502184996236
19,6,0.1266391068056374,1.7551285137211958,0.0,1.6284894069155584,0.0,0.0,8.098347886591748
20,6,0.0159506994498615,1.5038619407063545,0.0,1.487911241256493,0.0,0.0,6.2009635795599145
21,6,0.0,1.6452987967316552,0.0,0.074959040152709,1.5703397565789463,0.0,4.4673391532778055
22,6,0.0,1.6456224941282502,0.0,0.0,1.6456224941282502,0.0,4.38
23,6,0.0,2.3214682667720954,0.0,0.0,2.3214682667720954,0.0,4.38
0,6,0.0,1.9178321126933844,0.0,0.0,1.9178321126933844,0.0,4.38
1,6,0.0,1.8043117484061035,0.0,0.0,1.8043117484061035,0.0,4.38
2,6,0.0,0.8887624429223744,0.0,0.0,0.8887624429223744,0.0,4.38
3,6,0.0,0.6907624429223744,0.0,0.0,0.6907624429223744,0.0,4.38
4,6,0.0,0.8257624429223744,0.0,0.0,0.8257624429223744,0.0,4.38
5,6,0.0,2.7061012505098887,0.0,0.0,2.7061012505098887,0.0,4.38
6,6,0.0270383461986551,3.1892240903399784,0.0,0.0,3.1621857441413233,0.0,4.38
7,6,0.099154373222919,2.044684402693241,0.0,0.0,1.9455300294703222,0.0,4.38
8,6,0.2276019116321845,3.3971400910842053,0.0,0.0,3.169538179452021,0.0,4.38
9,6,0.5970298539117825,2.5476539451904445,0.0,0.0,1.9506240912786619,0.0,4.38
10,6,2.2380627474507175,0.6612624429223743,1.5768003045283432,0.0,0.0,0.0,4.38
11,6,2.782455889526799,2.866326663366637,0.0,0.0838707738398381,0.0,0.0,5.89145245775297
12,6,2.318361458586913,0.9312624429223744,1.3870990156645384,0.0,0.0,0.0,5.793727982758649
13,6,2.8923438811494244,2.2944950732169787,0.5978488079324458,0.0,0.0,0.0,7.123364813970416
14,6,3.176022165146936,0.8322624429223743,2.3437597222245614,0.0,0.0,0.0,7.696455614164222
15,6,3.3353897983277823,0.8167624429223743,2.5186273554054077,0.0,0.0,0.0,9.943170463027469
16,6,2.6764806304292,1.0102624429223743,1.6662181875068258,0.0,0.0,0.0,12.357573460735392
17,6,1.690557141967162,2.18342432831805,0.0,0.4928671863508882,0.0,0.0,13.954884569898182
18,6,0.640215131900904,0.8596624429223744,0.0,0.21944731102147041,0.0,0.0,13.380552766425216
19,6,0.2395827631659111,4.215202298795943,0.0,3.975619535630032,0.0,0.0,13.124832273537397
20,6,0.0015807006199323,3.654389120632092,0.0,3.528615557694083,0.12419286231807636,0.0,8.492058290248913
21,6,0.0,3.8537943998800777,0.0,5.858870517376339e-16,3.853794399880077,0.0,4.380000000000001
22,6,0.0,2.6508565871932532,0.0,0.0,2.6508565871932532,0.0,4.38
23,6,0.0,2.7471918867571765,0.0,0.0,2.7471918867571765,0.0,4.38
0,6,0.0,0.5647624429223744,0.0,0.0,0.5647624429223744,0.0,4.38
1,6,0.0,0.5467624429223743,0.0,0.0,0.5467624429223743,0.0,4.38
2,6,0.0,0.7042624429223743,0.0,0.0,0.7042624429223743,0.0,4.38
3,6,0.0,0.5017624429223744,0.0,0.0,0.5017624429223744,0.0,4.38
4,6,0.0,0.4837624429223743,0.0,0.0,0.4837624429223743,0.0,4.38
5,6,0.0,0.4792624429223743,0.0,0.0,0.4792624429223743,0.0,4.38
6,6,0.0531845995368775,0.6592624429223743,0.0,0.0,0.6060778433854969,0.0,4.38
7,6,0.4803189343631133,0.7312624429223744,0.0,0.0,0.2509435085592611,0.0,4.38
8,6,1.464618440411281,0.6502624429223743,0.8143559974889066,0.0,0.0,0.0,4.38
9,6,2.4579811178733317,0.7917624429223743,1.6662186749509575,0.0,0.0,0.0,5.160761211232093
10,6,3.3287028368570133,0.9787624429223744,2.349940393934639,0.0,0.0,0.0,6.758257074266993
11,6,3.994932991157018,0.9267624429223744,3.0681705482346437,0.0,0.0,0.0,9.01131519823285
12,6,4.267291030293307,2.9144247175740863,1.3528663127192204,0.0,0.0,0.0,11.953067171842967
13,6,4.1094556851437805,2.5961057859424557,1.5133498992013248,0.0,0.0,0.0,13.250233933096162
14,6,3.33513709949871,1.2147624429223742,2.120374656576336,0.0,0.0,0.0,14.701298103375207
15,6,3.087135290967461,1.0527624429223743,2.034372848045087,0.0,0.0,0.0,16.734436585504323
16,6,2.400328904136591,2.256627644035562,0.1437012601010288,0.0,0.0,0.0,18.685156150215604
17,6,1.540936261067793,2.3279767512275913,0.0,0.7870404901597983,0.0,0.0,18.822951447393578
18,6,0.6153761457001972,3.481757641214,0.0,2.866381495513803,0.0,0.0,17.905592959246423
19,6,0.2141154726442384,3.160704029349509,0.0,2.9465885567052705,0.0,0.0,14.564568256777266
20,6,0.0014461568544346,4.588770694222167,0.0,4.587324537367732,0.0,0.0,11.129948832251145
21,6,0.0,5.00574841996306,0.0,1.2032690599332072,3.802479360029853,0.0,5.782675369493027
22,6,0.0,2.685857067719682,0.0,0.0,2.685857067719682,0.0,4.38
23,6,0.0,0.9181624429223746,0.0,0.0,0.9181624429223746,0.0,4.38
0,6,0.0,0.7627624429223745,0.0,0.0,0.7627624429223745,0.0,4.38
1,6,0.0,0.8977624429223744,0.0,0.0,0.8977624429223744,0.0,4.38
2,6,0.0,0.6772624429223744,0.0,0.0,0.6772624429223744,0.0,4.38
3,6,0.0,0.8167624429223743,0.0,0.0,0.8167624429223743,0.0,4.38
4,6,0.0,0.7807624429223745,0.0,0.0,0.7807624429223745,0.0,4.38
5,6,0.0,0.7627624429223744,0.0,0.0,0.7627624429223744,0.0,4.38
6,6,0.0522123009589666,0.5917624429223743,0.0,0.0,0.5395501419634078,0.0,4.38
7,6,0.4979333693280922,0.8392624429223743,0.0,0.0,0.3413290735942821,0.0,4.38
8,6,1.5270941778143003,2.9814321991996717,0.0,0.0,1.4543380213853714,0.0,4.38
9,6,2.5351582378110673,0.8682624429223744,1.6668957948886929,0.0,0.0,0.0,4.38
10,6,3.4816038935143356,1.1292624429223743,2.352341450591961,0.0,0.0,0.0,5.978604365142639
11,6,3.979756275509593,1.1967624429223744,2.7829938325872186,0.0,0.0,0.0,8.23461277889811
12,6,4.269467122161932,1.2597624429223742,3.0097046792395576,0.0,0.0,0.0,10.903705245701039
13,6,4.453141375592781,2.921453705891546,1.5316876697012352,0.0,0.0,0.0,13.790316492042864
14,6,4.1622346276055335,1.6027245507674914,2.559510076838042,0.0,0.0,0.0,15.259407616668826
15,6,3.6226359398279304,1.7408426603148084,1.881793279513122,0.0,0.0,0.0,17.71435698686655
16,6,2.8800757309543283,1.1967624429223744,1.683313288031954,0.0,0.0,0.0,19.519325387969854
17,6,1.8558986726743305,3.185381169169481,0.0,1.3294824964951506,0.0,0.0,21.13394959831425
18,6,0.7258975748848596,4.785262840987493,0.0,4.059365266102634,0.0,0.0,19.583832394340064
19,6,0.2073587761598133,3.0313125568651227,0.0,2.8239537807053092,0.0,0.0,14.85072592227901
20,6,0.00185307676055,3.5326624429223745,0.0,3.5308093661618245,0.0,0.0,11.557930486166933
21,6,0.0,2.9905032563936262,0.0,2.6248104668124834,0.3656927895811428,0.0,7.44079962079392
22,6,0.0,1.0036624429223746,0.0,0.0,1.0036624429223746,0.0,4.38
23,6,0.0,0.9766624429223744,0.0,0.0,0.9766624429223744,0.0,4.38
0,6,0.0,2.4688506112503172,0.0,0.0,2.4688506112503172,0.0,4.38
1,6,0.0,0.7627624429223745,0.0,0.0,0.7627624429223745,0.0,4.38
2,6,0.0,2.375162447647603,0.0,0.0,2.375162447647603,0.0,4.38
3,6,0.0,2.1877560464977908,0.0,0.0,2.1877560464977908,0.0,4.38
4,6,0.0,2.3862224673767907,0.0,0.0,2.3862224673767907,0.0,4.38
5,6,0.0,2.488012897989024,0.0,0.0,2.488012897989024,0.0,4.38
6,6,0.0472141056404515,2.4224232805888137,0.0,0.0,2.3752091749483624,0.0,4.38
7,6,0.5069029343333116,2.751777713923281,0.0,0.0,2.2448747795899697,0.0,4.38
8,6,1.6129217119413446,0.7312624429223744,0.8816592690189702,0.0,0.0,0.0,4.38
9,6,2.744052506810296,3.1470488309682576,0.0,0.4029963241579617,0.0,0.0,5.225828888823157
10,6,3.6387113893608904,0.9292624429223744,2.709448946438516,0.0,0.0,0.0,4.7558758424104655
11,6,4.178050623275766,2.611604794978202,1.5664458282975637,0.0,0.0,0.0,7.355249598103683
12,6,4.377502738803189,5.769748081841948,0.0,1.3922453430387591,0.0,0.0,8.858100297353744
13,6,4.556227066423252,6.126455165248584,0.0,1.570228098825332,0.0,0.0,7.234455261725098
14,6,4.27221096594163,3.688009714384446,0.5842012515571842,0.0,0.0,0.0,5.403218130778856
15,6,3.716466352878657,4.4804625064400145,0.0,0.7639961535613575,0.0,0.0,5.963729167934352
16,6,2.882347109272094,3.9260234745933698,0.0,0.5939651959908527,0.4497111693304232,0.0,5.0727180733220365
17,6,1.8517279230270285,4.600370952739953,0.0,0.0,2.748643029712924,0.0,4.38
18,6,0.722443758920933,4.823306484473466,0.0,0.0,4.100862725552533,0.0,4.38
19,6,0.2090626463790402,5.136164180923787,0.0,0.0,4.927101534544747,0.0,4.38
20,6,0.0018452641288633,1.5687617925047888,0.0,0.0,1.5669165283759254,0.0,4.38
21,6,0.0,1.628769063460401,0.0,0.0,1.628769063460401,0.0,4.38
22,6,0.0,2.6218719103423807,0.0,0.0,2.6218719103423807,0.0,4.38
23,6,0.0,2.3945883457186534,0.0,0.0,2.3945883457186534,0.0,4.38
0,6,0.0,0.8167624429223743,0.0,0.0,0.8167624429223743,0.0,4.38
1,6,0.0,0.9922624429223744,0.0,0.0,0.9922624429223744,0.0,4.38
2,6,0.0,0.9067624429223744,0.0,0.0,0.9067624429223744,0.0,4.38
3,6,0.0,0.6907624429223744,0.0,0.0,0.6907624429223744,0.0,4.38
4,6,0.0,0.8212624429223744,0.0,0.0,0.8212624429223744,0.0,4.38
5,6,0.0,0.8482624429223744,0.0,0.0,0.8482624429223744,0.0,4.38
6,6,0.0474751331156905,2.595536426384657,0.0,0.0,2.5480612932689666,0.0,4.38
7,6,0.480681574920381,5.821955221034405,0.0,0.0,5.341273646114024,0.0,4.38
8,6,1.557779553702516,2.449960986795068,0.0,0.0,0.8921814330925517,0.0,4.38
9,6,2.660821635466949,1.7017624429223743,0.9590591925445748,0.0,0.0,0.0,4.38
10,6,3.444194708220953,1.2957624429223744,2.1484322652985783,0.0,0.0,0.0,5.300187230019955
11,6,4.146538734529312,1.3722624429223742,2.7742762916069372,0.0,0.0,0.0,7.361561976518418
12,6,4.480312733085027,1.2507624429223745,3.2295502901626527,0.0,0.0,0.0,10.023482390702524
13,6,4.472557789303924,3.065548181388498,1.4070096079154255,0.0,0.0,0.0,13.122331381024345
14,6,4.227757805369613,1.4242624429223745,2.8034953624472387,0.0,0.0,0.0,14.472445765590573
15,6,3.674353238962762,1.3362624429223744,2.3380907960403876,0.0,0.0,0.0,17.162617092473894
16,6,2.7318627495022527,1.3452624429223747,1.386600306579878,0.0,0.0,0.0,19.406264525660852
17,6,1.7672921416081318,3.407972927143491,0.0,1.6406807855353591,0.0,0.0,20.73688895978937
18,6,0.732102497685103,2.951804401780747,0.0,2.219701904095644,0.0,0.0,18.823063575539134
19,6,0.2667343734431179,2.2621624429223743,0.0,1.9954280694792565,0.0,0.0,16.233774342409426
20,6,0.0015208037770008,1.2646624429223745,0.0,1.2631416391453738,0.0,0.0,13.906045461266105
21,6,0.0,1.377162442922374,0.0,1.377162442922374,0.0,0.0,12.432519724690163
22,6,0.0,1.3411624429223743,0.0,1.3411624429223743,0.0,0.0,10.825960401512159
23,6,0.0,1.3186624429223746,0.0,1.3186624429223746,0.0,0.0,9.26137441239539
0,6,0.0,0.9652624429223744,0.0,0.9652624429223744,0.0,0.0,7.723014411370927
1,6,0.0,0.9112624429223743,0.0,0.9112624429223743,0.0,0.0,6.5969170679306455
2,6,0.0,0.8167624429223743,0.0,0.8167624429223743,0.0,0.0,5.533806285774671
3,6,0.0,0.9337624429223744,0.0,0.1722298548944704,0.761532588027904,0.0,4.580933148687036
4,6,0.0,0.7132624429223744,0.0,0.0,0.7132624429223744,0.0,4.38
5,6,0.0,1.9919460121256751,0.0,0.0,1.9919460121256751,0.0,4.38
6,6,0.0521478397625648,0.6817624429223743,0.0,0.0,0.6296146031598095,0.0,4.38
7,6,0.492842701797857,2.5405292448552785,0.0,0.0,2.0476865430574214,0.0,4.38
8,6,1.565540628343101,3.1185334594137197,0.0,0.0,1.5529928310706187,0.0,4.38
9,6,2.6694963423156866,2.283305746217427,0.3861905960982597,0.0,0.0,0.0,4.38
10,6,3.5771050903379873,2.4615223768740897,1.1155827134638976,0.0,0.0,0.0,4.750662064676034
11,6,4.197672863708723,1.5603248755681045,2.6373479881406183,0.0,0.0,0.0,5.821392217800624
12,6,4.516334940221366,1.9040339560744013,2.612300984146965,0.0,0.0,0.0,8.352734802660931
13,6,4.517981808012147,2.913661900140967,1.6043199078711798,0.0,0.0,0.0,10.860108521451403
14,6,4.255086291855063,1.2282624429223743,3.026823848932689,0.0,0.0,0.0,12.400031778852071
15,6,3.5915317164642615,1.1767624429223744,2.414769273541887,0.0,0.0,0.0,15.305410665175101
16,6,2.5786042645337095,1.4217624429223743,1.1568418216113352,0.0,0.0,0.0,17.623368142637652
17,6,1.7148709095155712,1.1967624429223744,0.5181084665931968,0.0,0.0,0.0,18.73385936178343
18,6,0.8422429906335305,1.7903928831586222,0.0,0.9481498925250917,0.0,0.0,19.231215248818273
19,6,0.2900303039294388,1.7972201628880833,0.0,1.5071898589586445,0.0,0.0,18.124862754942576
20,6,0.0008184008738209,3.026544190046963,0.0,3.025725789173142,0.0,0.0,16.36617423343581
21,6,0.0,3.9114789616622567,0.0,3.9114789616622567,0.0,0.0,12.835500380594292
22,6,0.0,4.237085187677808,0.0,3.3343594662814975,0.9027257213963105,0.0,8.271105348213425
23,6,0.0,2.593271932820422,0.0,0.0,2.593271932820422,0.0,4.38
0,6,0.0,2.34449595821526,0.0,0.0,2.34449595821526,0.0,4.38
1,6,0.0,0.9427624429223744,0.0,0.0,0.9427624429223744,0.0,4.38
2,6,0.0,3.022107923047894,0.0,0.0,3.022107923047894,0.0,4.38
3,6,0.0,2.6564828464059396,0.0,0.0,2.6564828464059396,0.0,4.38
4,6,0.0,0.8302624429223744,0.0,0.0,0.8302624429223744,0.0,4.38
5,6,0.0,0.6322624429223744,0.0,0.0,0.6322624429223744,0.0,4.38
6,6,0.0480023093727903,0.6187624429223744,0.0,0.0,0.5707601335495841,0.0,4.38
7,6,0.4171653288049263,3.709191120612049,0.0,0.0,3.2920257918071227,0.0,4.38
8,6,1.031220705849862,3.4822684055903705,0.0,0.0,2.4510476997405086,0.0,4.38
9,6,2.1789155078902236,3.673048638594702,0.0,0.0,1.4941331307044785,0.0,4.38
10,6,3.1074599127463127,0.8997624429223743,2.2076974698239384,0.0,0.0,0.0,4.38
11,6,4.053961279007005,0.9807624429223744,3.073198836084631,0.0,0.0,0.0,6.499572397772424
12,6,4.452563615382295,2.3034396324142525,2.1491239829680424,0.0,0.0,0.0,9.4501681359464
13,6,4.516898560279436,1.0842624429223744,3.4326361173570614,0.0,0.0,0.0,11.513622825951854
14,6,4.118092504954037,1.1112624429223743,3.0068300620316624,0.0,0.0,0.0,14.809502250538984
15,6,3.3178784658499576,3.955382929126497,0.0,0.6375044632765392,0.0,0.0,17.696646837014637
16,6,2.5742654629808523,3.166987714537807,0.0,0.5927222515569546,0.0,0.0,16.95255849423681
17,6,1.6444373337067482,1.0642624429223744,0.5801748907843738,0.0,0.0,0.0,16.260734702504767
18,6,0.77265146918551,1.1386624429223744,0.0,0.3660109737368644,0.0,0.0,16.817841498096374
19,6,0.3134769735680854,3.320952151342327,0.0,3.0074751777742414,0.0,0.0,16.390629077441446
20,6,0.0016499650167468,3.226996977540609,0.0,3.225347012523862,0.0,0.0,12.880253917054478
21,6,0.0,3.217328720073702,0.0,3.217328720073702,0.0,0.0,9.115452810641857
22,6,0.0,2.2377773707736375,0.0,0.8394158838535551,1.3983614869200824,0.0,5.359880241009484
23,6,0.0,2.3488447312281164,0.0,0.0,2.3488447312281164,0.0,4.38
0,6,0.0,1.96450819269522,0.0,0.0,1.96450819269522,0.0,4.38
1,6,0.0,1.7298921424902858,0.0,0.0,1.7298921424902858,0.0,4.38
2,6,0.0,0.7132624429223744,0.0,0.0,0.7132624429223744,0.0,4.38
3,6,0.0,0.6637624429223744,0.0,0.0,0.6637624429223744,0.0,4.38
4,6,0.0,0.6412624429223743,0.0,0.0,0.6412624429223743,0.0,4.38
5,6,0.0,2.772239522194011,0.0,0.0,2.772239522194011,0.0,4.38
6,6,0.0475090711803976,2.5236203189891357,0.0,0.0,2.4761112478087384,0.0,4.38
7,6,0.4725054436827948,2.553250203463736,0.0,0.0,2.080744759780941,0.0,4.38
8,6,1.5077085326489843,0.7582624429223744,0.7494460897266099,0.0,0.0,0.0,4.38
9,6,2.586101053169694,1.0752624429223745,1.5108386102473197,0.0,0.0,0.0,5.099735026190909
10,6,3.459328561812734,1.1337624429223745,2.325566118890359,0.0,0.0,0.0,6.550689652481327
11,6,3.864746386380787,3.3400666118898448,0.5246797744909424,0.0,0.0,0.0,8.784115495173653
12,6,4.215678307553382,1.587473508728498,2.6282047988248847,0.0,0.0,0.0,9.288019813639098
13,6,4.192784127670128,1.5877594445214198,2.6050246831487085,0.0,0.0,0.0,11.812171343174931
14,6,4.06034617494529,1.6475777211262534,2.412768453819037,0.0,0.0,0.0,14.314131524738812
15,6,3.573124970963762,4.53633303118925,0.0,0.9632080602254884,0.0,0.0,16.631507074944945
16,6,2.464686259292826,4.077140326448367,0.0,1.6124540671555412,0.0,0.0,15.506954614548555
17,6,1.5235845764874236,3.953038365818594,0.0,2.4294537893311703,0.0,0.0,13.624383096342607
18,6,0.7252980701207776,3.8647897338417097,0.0,3.139491663720932,0.0,0.0,10.787899076386013
19,6,0.2357757148207175,1.9831624429223744,0.0,1.7473867281016568,0.0,0.0,7.122321345938161
20,6,0.0015553095669504,3.92358145009704,0.0,0.6012638680376602,3.3207622724924293,0.0,5.082055003975481
21,6,0.0,3.991765819194475,0.0,0.0,3.991765819194475,0.0,4.38
22,6,0.0,3.845229087083739,0.0,0.0,3.845229087083739,0.0,4.38
23,6,0.0,4.450428276458256,0.0,0.0,4.450428276458256,0.0,4.38
0,7,0.0,3.811257675487756,0.0,0.0,3.811257675487756,0.0,4.38
1,7,0.0,5.9150465988792655,0.0,0.0,5.9150465988792655,0.0,4.38
2,7,0.0,3.1201469152884953,0.0,0.0,3.1201469152884953,0.0,4.38
3,7,0.0,2.9747946480186833,0.0,0.0,2.9747946480186833,0.0,4.38
4,7,0.0,0.8257624429223744,0.0,0.0,0.8257624429223744,0.0,4.38
5,7,0.0,2.90760440828675,0.0,0.0,2.90760440828675,0.0,4.38
6,7,0.0424042730759967,2.4949763087329564,0.0,0.0,2.4525720356569596,0.0,4.38
7,7,0.4671213729523826,4.3176494448506855,0.0,0.0,3.850528071898303,0.0,4.38
8,7,1.491280461722575,3.874775889410924,0.0,0.0,2.383495427688349,0.0,4.38
9,7,2.5792989466797867,1.604762442922374,0.9745365037574127,0.0,0.0,0.0,4.38
10,7,3.482391498121468,0.9222624429223742,2.5601290551990936,0.0,0.0,0.0,5.316137085478599
11,7,4.1021528451504725,0.9942624429223744,3.107890402228098,0.0,0.0,0.0,7.7754159140176045
12,7,4.229208882733978,1.0527624429223743,3.176446439811604,0.0,0.0,0.0,10.760960923689607
13,7,4.1169996793317045,1.2867624429223743,2.8302372364093302,0.0,0.0,0.0,13.81246567660001
14,7,3.801789729706435,1.1562624429223742,2.645527286784061,0.0,0.0,0.0,16.531472284223444
15,7,3.2551946999220513,1.1787624429223744,2.076432256999677,0.0,0.0,0.0,19.073105935130965
16,7,2.4976570520797874,1.3072624429223745,1.190394609157413,0.0,0.0,0.0,21.068050770232187
17,7,1.6403129961427187,1.2892624429223742,0.3510505532203445,0.0,0.0,0.0,22.21175524935495
18,7,0.7364641640812427,3.3638372077837797,0.0,2.627373043702537,0.0,0.0,22.549041097899664
19,7,0.2325690950272382,4.242966639912947,0.0,4.010397544885708,0.0,0.0,19.480588904472864
20,7,0.001533824829812,1.1746624429223744,0.0,1.1731286180925624,0.0,0.0,14.796799278603556
21,7,0.0,4.044539948571807,0.0,4.044539948571807,0.0,0.0,13.426629419291999
22,7,0.0,1.260162442922374,0.0,1.260162442922374,0.0,0.0,8.70269981828874
23,7,0.0,1.0576624429223744,0.0,1.0576624429223744,0.0,0.0,7.2307947299657656
0,7,0.0,1.0507624429223743,0.0,1.0507624429223743,0.0,0.0,5.995398494366201
1,7,0.0,0.9832624429223744,0.0,0.3322125675257398,0.6510498753966346,0.0,4.768047729583319
2,7,0.0,0.7672624429223742,0.0,0.0,0.7672624429223742,0.0,4.38
3,7,0.0,2.590257196675256,0.0,0.0,2.590257196675256,0.0,4.38
4,7,0.0,4.042866665141808,0.0,0.0,4.042866665141808,0.0,4.38
5,7,0.0,1.8626755369693853,0.0,0.0,1.8626755369693853,0.0,4.38
6,7,0.0480983993855904,1.731555967088277,0.0,0.0,1.6834575677026866,0.0,4.38
7,7,0.4544971796898495,2.0060700822337907,0.0,0.0,1.551572902543941,0.0,4.38
8,7,1.0955920388411968,5.050974511113312,0.0,0.0,3.955382472272115,0.0,4.38
9,7,1.1015146746846154,4.738259402567842,0.0,0.0,3.636744727883227,0.0,4.38
10,7,1.142998860100113,2.070097621029979,0.0,0.0,0.927098760929866,0.0,4.38
11,7,0.9992645053107236,0.7942624429223742,0.2050020623883494,0.0,0.0,0.0,4.38
12,7,1.3268250498915837,1.0617624429223742,0.26506260696920947,0.0,0.0,0.0,4.576997794242363
13,7,3.1960283289574565,2.065269846669234,1.1307584822882224,0.0,0.0,0.0,4.831711644526927
14,7,3.636316167842449,2.5669575716292865,1.0693585962131626,0.0,0.0,0.0,5.918325389660134
15,7,3.3261937640755717,1.0012624429223744,2.3249313211531972,0.0,0.0,0.0,6.945948857666813
16,7,2.4383039961203443,1.0032624429223744,1.4350415531979699,0.0,0.0,0.0,9.18016815030691
17,7,1.4914255739999809,1.1067624429223744,0.3846631310776065,0.0,0.0,0.0,10.559253235579062
18,7,0.7615225667750373,3.0844528312546555,0.0,2.322930264479618,0.0,0.0,10.928922960975058
19,7,0.3189556578651506,2.055162442922374,0.0,1.7362067850572234,0.0,0.0,8.215366787391128
20,7,0.0015455437773421,1.0936624429223745,0.0,1.0921168991450323,0.0,0.0,6.187147072611559
21,7,0.0,3.3139181123226904,0.0,0.4548117694731288,2.8591063428495618,0.0,4.9113228889487655
22,7,0.0,3.665778270942085,0.0,0.0,3.665778270942085,0.0,4.38
23,7,0.0,1.0801624429223742,0.0,0.0,1.0801624429223742,0.0,4.38
0,7,0.0,0.7762624429223743,0.0,0.0,0.7762624429223743,0.0,4.38
1,7,0.0,0.7447624429223743,0.0,0.0,0.7447624429223743,0.0,4.38
2,7,0.0,0.7177624429223743,0.0,0.0,0.7177624429223743,0.0,4.38
3,7,0.0,0.6862624429223744,0.0,0.0,0.6862624429223744,0.0,4.38
4,7,0.0,0.6772624429223744,0.0,0.0,0.6772624429223744,0.0,4.38
5,7,0.0,0.6772624429223744,0.0,0.0,0.6772624429223744,0.0,4.38
6,7,0.0374600167890033,0.8572624429223744,0.0,0.0,0.8198024261333711,0.0,4.38
7,7,0.450535240905395,0.9067624429223744,0.0,0.0,0.4562272020169794,0.0,4.38
8,7,1.2922442037982955,4.536691015792223,0.0,0.0,3.244446811993927,0.0,4.38
9,7,2.1444726065413455,3.0867784740311266,0.0,0.0,0.9423058674897811,0.0,4.38
10,7,2.7634389229152334,0.9447624429223744,1.818676479992859,0.0,0.0,0.0,4.38
11,7,2.8337758350282507,1.1517624429223745,1.6820133921058762,0.0,0.0,0.0,6.127901282370011
12,7,3.021135169973391,2.3354202836354783,0.6857148863379128,0.0,0.0,0.0,7.744489613016738
13,7,3.5496611029565837,2.376917595681278,1.1727435072753059,0.0,0.0,0.0,8.40354431977682
14,7,3.538481725755686,2.3447528132118576,1.1937289125438286,0.0,0.0,0.0,9.530700626292264
15,7,3.3168082725006665,1.9047049549831223,1.4121033175175441,0.0,0.0,0.0,10.67804113584713
16,7,2.213522469144785,3.5453145114079643,0.0,1.3317920422631793,0.0,0.0,12.035287521003307
17,7,1.3613771894496935,1.533576618655053,0.0,0.17219942920535947,0.0,0.0,10.479311920914613
18,7,0.443014122080773,1.084662442922374,0.0,0.6416483208416008,0.0,0.0,10.278122876324453
19,7,0.1669553739040557,3.704378817090212,0.0,3.537423443186156,0.0,0.0,9.528452255509293
20,7,0.0328916550958541,0.6886624429223744,0.0,0.6557707878265203,0.0,0.0,5.395470462300248
21,7,0.0,0.6886624429223744,0.0,0.21333668684472756,0.4753257560776469,0.0,4.629265216821595
22,7,0.0,0.6796624429223743,0.0,0.0,0.6796624429223743,0.0,4.38
23,7,0.0,0.6661624429223745,0.0,0.0,0.6661624429223745,0.0,4.38
0,7,0.0,0.5377624429223744,0.0,0.0,0.5377624429223744,0.0,4.38
1,7,0.0,0.6952624429223744,0.0,0.0,0.6952624429223744,0.0,4.38
2,7,0.0,0.905336570532559,0.0,0.0,0.905336570532559,0.0,4.38
3,7,0.0,0.4972624429223744,0.0,0.0,0.4972624429223744,0.0,4.38
4,7,0.0,0.4927624429223743,0.0,0.0,0.4927624429223743,0.0,4.38
5,7,0.0,0.6862624429223745,0.0,0.0,0.6862624429223745,0.0,4.38
6,7,0.0328693480928566,0.6862624429223745,0.0,0.0,0.6533930948295179,0.0,4.38
7,7,0.4116953075088155,0.7267624429223744,0.0,0.0,0.31506713541355885,0.0,4.38
8,7,1.2002955659868595,3.5991943576823413,0.0,0.0,2.3988987916954816,0.0,4.38
9,7,1.731784245464362,3.924656786852864,0.0,0.0,2.192872541388502,0.0,4.38
10,7,2.3228020207199807,4.188185910148803,0.0,0.0,1.8653838894288226,0.0,4.38
11,7,3.277635714174513,2.658496724604384,0.6191389895701289,0.0,0.0,0.0,4.38
12,7,3.35709923489173,4.562778218626061,0.0,0.5093516659488087,0.6963273177855225,0.0,4.975138127628426
13,7,3.7599864245381895,1.3639536073735552,2.3960328171646346,0.0,0.0,0.0,4.38
14,7,3.688822448804898,0.8952624429223746,2.7935600058825236,0.0,0.0,0.0,6.683178946095914
15,7,3.350068092153879,0.9447624429223744,2.4053056492315044,0.0,0.0,0.0,9.368549217801416
16,7,2.5269472330508935,1.1652624429223746,1.361684790128519,0.0,0.0,0.0,11.680771400203568
17,7,1.610983313485701,1.2192624429223744,0.3917208705633266,0.0,0.0,0.0,12.98979409208183
18,7,0.7557712980990041,1.0891624429223743,0.0,0.3333911448233702,0.0,0.0,13.36637100856587
19,7,0.2611652164512023,2.623242370533863,0.0,2.3620771540826606,0.0,0.0,12.976787647853453
20,7,0.0014619557318455,3.888764963827041,0.0,3.8873030080951954,0.0,0.0,10.21657854182409
21,7,0.0,4.001002269561058,0.0,1.1072345935998527,2.8937676759612048,0.0,5.673948238697716
22,7,0.0,1.8440989826139016,0.0,0.0,1.8440989826139016,0.0,4.38
23,7,0.0,2.1660183858825826,0.0,0.0,2.1660183858825826,0.0,4.38
0,7,0.0,1.9962787999875569,0.0,0.0,1.9962787999875569,0.0,4.38
1,7,0.0,0.6952624429223744,0.0,0.0,0.6952624429223744,0.0,4.38
2,7,0.0,2.8584733115702825,0.0,0.0,2.8584733115702825,0.0,4.38
3,7,0.0,0.7987624429223744,0.0,0.0,0.7987624429223744,0.0,4.38
4,7,0.0,1.7338089510449968,0.0,0.0,1.7338089510449968,0.0,4.38
5,7,0.0,2.0137484543704085,0.0,0.0,2.0137484543704085,0.0,4.38
6,7,0.0429497146366453,1.811123528360926,0.0,0.0,1.7681738137242806,0.0,4.38
7,7,0.3360989684251627,3.5227493108907995,0.0,0.0,3.186650342465637,0.0,4.38
8,7,0.970775844749992,2.9175034133671587,0.0,0.0,1.9467275686171668,0.0,4.38
9,7,1.5457014802120523,3.389382510052651,0.0,0.0,1.8436810298405988,0.0,4.38
10,7,1.8075032655169112,1.0482624429223744,0.7592408225945368,0.0,0.0,0.0,4.38
11,7,2.21324223370366,0.9042624429223745,1.3089797907812857,0.0,0.0,0.0,5.109952321195984
12,7,3.376320101759466,4.829961436317143,0.0,1.4536413345576773,0.0,0.0,6.368447194445663
13,7,3.915013092762507,3.5041658161316898,0.4108472766308173,0.0,0.0,0.0,4.669619090932034
14,7,4.038353312118513,2.9279662684461947,1.1103870436723184,0.0,0.0,0.0,5.064632554435965
15,7,3.6124821244432015,1.1607624429223744,2.451719681520827,0.0,0.0,0.0,6.132230676606285
16,7,2.798010830437274,1.3587624429223744,1.4392483875148998,0.0,0.0,0.0,8.489501304481223
17,7,1.8008621086156096,1.2982624429223746,0.502599665693235,0.0,0.0,0.0,9.873341367932635
18,7,0.7343114184995101,3.6189705051706897,0.0,2.8846590866711797,0.0,0.0,10.356599425988552
19,7,0.2489761168288297,1.2061624429223743,0.0,0.9571863260935446,0.0,0.0,6.985114048248537
20,7,0.0015370800930148,1.1521624429223745,0.0,1.1506253628293597,0.0,0.0,5.866354325959265
21,7,0.0,1.305162442922374,0.0,0.12105218516476939,1.1841102577576046,0.0,4.52148906351352
22,7,0.0,1.075662442922375,0.0,0.0,1.075662442922375,0.0,4.38
23,7,0.0,1.0306624429223743,0.0,0.0,1.0306624429223743,0.0,4.38
0,7,0.0,0.8482624429223744,0.0,0.0,0.8482624429223744,0.0,4.38
1,7,0.0,0.7897624429223742,0.0,0.0,0.7897624429223742,0.0,4.38
2,7,0.0,0.7402624429223745,0.0,0.0,0.7402624429223745,0.0,4.38
3,7,0.0,0.6997624429223744,0.0,0.0,0.6997624429223744,0.0,4.38
4,7,0.0,0.6772624429223744,0.0,0.0,0.6772624429223744,0.0,4.38
5,7,0.0,0.6772624429223744,0.0,0.0,0.6772624429223744,0.0,4.38
6,7,0.0371251619063619,0.6817624429223743,0.0,0.0,0.6446372810160124,0.0,4.38
7,7,0.3970947925471849,3.153998638898867,0.0,0.0,2.756903846351682,0.0,4.38
8,7,1.1945133351381572,3.2276822985452407,0.0,0.0,2.0331689634070838,0.0,4.38
9,7,2.169787939105472,3.097818046993898,0.0,0.0,0.9280301078884259,0.0,4.38
10,7,2.9885996111731847,0.9762624429223744,2.01233716825081,0.0,0.0,0.0,4.38
11,7,4.05456108474767,1.2417624429223744,2.8127986418252955,0.0,0.0,0.0,6.315013683674297
12,7,4.494152086042026,1.1607624429223744,3.3333896431196512,0.0,0.0,0.0,9.019790212851765
13,7,4.476906784932186,2.6046247679443892,1.8722820169877972,0.0,0.0,0.0,12.225262612003215
14,7,4.206239585964564,3.086678002292212,1.1195615836723523,0.0,0.0,0.0,14.025761621392753
15,7,3.640178114621156,1.2957624429223746,2.344415671698781,0.0,0.0,0.0,15.102421191562936
16,7,2.8736296187094132,1.4847624429223742,1.388867175787039,0.0,0.0,0.0,17.35702529584412
17,7,1.862028650482139,1.273262442922375,0.5887662075597642,0.0,0.0,0.0,18.69272062273608
18,7,0.7606930723337199,1.4896624429223744,0.0,0.7289693705886545,0.0,0.0,19.25895481878226
19,7,0.2085883940188638,4.084392394976181,0.0,3.875804000957317,0.0,0.0,18.406771986440756
20,7,0.0017331614494795,3.0767714298406794,0.0,3.0750382683912,0.0,0.0,13.8758275963332
21,7,0.0,3.472646302587283,0.0,3.472646302587283,0.0,0.0,10.280854359662275
22,7,0.0,1.1026624429223744,0.0,1.1026624429223744,0.0,0.0,6.22090947706896
23,7,0.0,1.0576624429223744,0.0,0.4718821912260308,0.5857802516963436,0.0,4.931714849736174
0,7,0.0,1.0867624429223743,0.0,0.0,1.0867624429223743,0.0,4.38
1,7,0.0,0.8527624429223745,0.0,0.0,0.8527624429223745,0.0,4.38
2,7,0.0,2.831507029343198,0.0,0.0,2.831507029343198,0.0,4.38
3,7,0.0,0.7582624429223744,0.0,0.0,0.7582624429223744,0.0,4.38
4,7,0.0,0.6862624429223744,0.0,0.0,0.6862624429223744,0.0,4.38
5,7,0.0,0.8212624429223744,0.0,0.0,0.8212624429223744,0.0,4.38
6,7,0.0424873086572932,0.6502624429223743,0.0,0.0,0.6077751342650811,0.0,4.38
7,7,0.449247738963646,4.130776554267729,0.0,0.0,3.6815288153040826,0.0,4.38
8,7,1.4867242442487485,3.2768127419393283,0.0,0.0,1.7900884976905798,0.0,4.38
9,7,2.588856010969665,2.307949237463239,0.2809067735064259,0.0,0.0,0.0,4.38
10,7,3.505424299225611,3.2756750883166657,0.2297492109089454,0.0,0.0,0.0,4.650195430113684
11,7,4.143571587187024,1.2262624429223743,2.9173091442646495,0.0,0.0,0.0,4.871184674236815
12,7,4.473092434187483,5.057972847255126,0.0,0.5848804130676433,0.0,0.0,7.6772685028803584
13,7,4.495690354837076,2.4365620295026447,2.0591283253344312,0.0,0.0,0.0,6.993409623490829
14,7,4.220151316819011,1.282262442922374,2.937888873896637,0.0,0.0,0.0,8.974106690759477
15,7,3.668936809445833,1.304762442922374,2.364174366523459,0.0,0.0,0.0,11.800155687426711
16,7,2.856540283732006,1.3137624429223744,1.5427778408096318,0.0,0.0,0.0,14.074402705165346
17,7,1.8351595021035636,3.368772810393228,0.0,1.5336133082896644,0.0,0.0,15.558535060490009
18,7,0.7497801156077262,1.3231624429223745,0.0,0.5733823273146483,0.0,0.0,13.765206455996342
19,7,0.2079000910517896,3.534432695436668,0.0,3.3265326043848784,0.0,0.0,13.09471149525333
20,7,0.0016228812268995,2.4262011366163683,0.0,2.4245782553894686,0.0,0.0,9.20474648919669
21,7,0.0,2.2815049088855934,0.0,1.7011465358557363,0.5803583730298572,0.0,6.3694025317994285
22,7,0.0,1.1836624429223743,0.0,0.0,1.1836624429223743,0.0,4.38
23,7,0.0,1.2556624429223744,0.0,0.0,1.2556624429223744,0.0,4.38
0,7,0.0,0.9067624429223744,0.0,0.0,0.9067624429223744,0.0,4.38
1,7,0.0,1.0507624429223743,0.0,0.0,1.0507624429223743,0.0,4.38
2,7,0.0,0.8347624429223742,0.0,0.0,0.8347624429223742,0.0,4.38
3,7,0.0,0.7987624429223743,0.0,0.0,0.7987624429223743,0.0,4.38
4,7,0.0,0.9382624429223744,0.0,0.0,0.9382624429223744,0.0,4.38
5,7,0.0,0.9337624429223744,0.0,0.0,0.9337624429223744,0.0,4.38
6,7,0.036856570062379,0.7537624429223744,0.0,0.0,0.7169058728599954,0.0,4.38
7,7,0.4350144552428959,0.9832624429223744,0.0,0.0,0.5482479876794786,0.0,4.38
8,7,1.446069596011942,2.2390717730114726,0.0,0.0,0.7930021769995306,0.0,4.38
9,7,2.5201355171132027,2.8637105759920853,0.0,0.0,0.3435750588788826,0.0,4.38
10,7,3.418901444787464,2.4846900198594084,0.9342114249280558,0.0,0.0,0.0,4.38
11,7,4.045000589564848,2.169915839735409,1.8750847498294396,0.0,0.0,0.0,5.278807309924301
12,7,4.3747079743920905,3.693555314276859,0.6811526601152313,0.0,0.0,0.0,7.082849602298075
13,7,4.355470756004543,3.875345521763629,0.4801252342409139,0.0,0.0,0.0,7.738208324270219
14,7,4.082617035772949,1.9113272908366483,2.171289744936301,0.0,0.0,0.0,8.200155547110167
15,7,3.4188506453788334,1.9643681077713768,1.4544825376074566,0.0,0.0,0.0,10.289248992898548
16,7,2.6726699457371645,1.4197624429223743,1.2529075028147902,0.0,0.0,0.0,11.68870355864456
17,7,1.6715307595001123,1.2912624429223745,0.38026831657773785,0.0,0.0,0.0,12.894228330501855
18,7,0.6788397220626449,2.082162442922374,0.0,1.4033227208597294,0.0,0.0,13.260120538434755
19,7,0.2426688015412428,1.2826624429223743,0.0,1.0399936413811315,0.0,0.0,11.61881332328722
20,7,0.0012208185891156,3.2749688466056677,0.0,3.273748028016552,0.0,0.0,10.402432393569747
21,7,0.0,1.2241624429223743,0.0,1.2241624429223743,0.0,0.0,6.573399849798124
22,7,0.0,2.57886412748727,0.0,0.6510765001189937,1.9277876273682764,0.0,5.14154745854643
23,7,0.0,2.1800609490992233,0.0,0.0,2.1800609490992233,0.0,4.38
0,7,0.0,2.2143921442028733,0.0,0.0,2.2143921442028733,0.0,4.38
1,7,0.0,2.1139512140347234,0.0,0.0,2.1139512140347234,0.0,4.38
2,7,0.0,1.916829584285661,0.0,0.0,1.916829584285661,0.0,4.38
3,7,0.0,0.7942624429223742,0.0,0.0,0.7942624429223742,0.0,4.38
4,7,0.0,0.7717624429223743,0.0,0.0,0.7717624429223743,0.0,4.38
5,7,0.0,2.2169280246531056,0.0,0.0,2.2169280246531056,0.0,4.38
6,7,0.0366906140347105,3.817519727384647,0.0,0.0,3.7808291133499368,0.0,4.38
7,7,0.4335738656669856,7.751201727564473,0.0,0.0,7.3176278618974875,0.0,4.38
8,7,1.4275113806604112,3.496887702669227,0.0,0.0,2.0693763220088157,0.0,4.38
9,7,2.4789104914646902,3.600915587959973,0.0,0.0,1.1220050964952826,0.0,4.38
10,7,3.363353255478398,3.060679887981984,0.30267336749641416,0.0,0.0,0.0,4.38
11,7,4.001192126636527,2.684075155083656,1.3171169715528706,0.0,0.0,0.0,4.671255883375897
12,7,4.337627897995656,3.156595903787259,1.1810319942083969,0.0,0.0,0.0,5.938692549981505
13,7,4.370609963097276,3.408250436760998,0.9623595263362779,0.0,0.0,0.0,7.075193429509638
14,7,3.1311062939020555,2.963097062141678,0.16800923176037763,0.0,0.0,0.0,8.001278782687704
15,7,1.9110880003976387,2.9710544128733782,0.0,1.0599664124757395,0.0,0.0,8.162956934585992
16,7,1.9460034936845207,1.3902624429223744,0.5557410507621463,0.0,0.0,0.0,6.923079946846101
17,7,1.5023409934830738,1.2957624429223746,0.20657855056069918,0.0,0.0,0.0,7.457886156759004
18,7,0.843064349335795,4.069582729018245,0.0,2.80117025130411,0.42534812837834046,0.0,7.656684061285266
19,7,0.2927280969348116,3.4923264481108003,0.0,0.0,3.1995983511759887,0.0,4.38
20,7,0.0012140476416538,3.4761976662419736,0.0,0.0,3.47498361860032,0.0,4.38
21,7,0.0,2.810077405793745,0.0,0.0,2.810077405793745,0.0,4.38
22,7,0.0,1.4131624429223746,0.0,0.0,1.4131624429223746,0.0,4.38
23,7,0.0,1.1521624429223745,0.0,0.0,1.1521624429223745,0.0,4.38
0,7,0.0,0.9382624429223744,0.0,0.0,0.9382624429223744,0.0,4.38
1,7,0.0,3.090221117796637,0.0,0.0,3.090221117796637,0.0,4.38
2,7,0.0,2.863099878597779,0.0,0.0,2.863099878597779,0.0,4.38
3,7,0.0,0.8122624429223743,0.0,0.0,0.8122624429223743,0.0,4.38
4,7,0.0,0.7717624429223743,0.0,0.0,0.7717624429223743,0.0,4.38
5,7,0.0,0.9607624429223744,0.0,0.0,0.9607624429223744,0.0,4.38
6,7,0.0427263868029174,2.996245873210069,0.0,0.0,2.953519486407152,0.0,4.38
7,7,0.4334789382700107,1.5712624429223745,0.0,0.0,1.1377835046523637,0.0,4.38
8,7,1.2837156453209346,2.8955809126645695,0.0,0.0,1.6118652673436349,0.0,4.38
9,7,2.238052770218602,2.3940368764153206,0.0,0.0,0.15598410619671865,0.0,4.38
10,7,2.775145366107452,1.2507624429223745,1.5243829231850776,0.0,0.0,0.0,4.38
11,7,3.4313801510894932,1.2532624429223744,2.178117708167119,0.0,0.0,0.0,5.847015804580223
12,7,4.0460401579165595,1.2237624429223743,2.8222777149941853,0.0,0.0,0.0,7.943198979500964
13,7,4.279487871326897,1.2217624429223743,3.057725428404523,0.0,0.0,0.0,10.659374761236716
14,7,4.0039077065953395,1.3362624429223744,2.667645263672965,0.0,0.0,0.0,13.602236653023619
15,7,3.4016850936146374,3.6718133909433823,0.0,0.2701282973287449,0.0,0.0,16.1697567506384
16,7,1.064621077144236,1.2577624429223744,0.0,0.19314136577813845,0.0,0.0,15.853721217643011
17,7,0.9934494618332244,1.3227624429223743,0.0,0.32931298108914997,0.0,0.0,15.627755579794806
18,7,0.7648748366239165,3.388066220408896,0.0,2.623191383784979,0.0,0.0,15.242475227548866
19,7,0.2189175461357885,5.974527769005718,0.0,5.7556102228699295,0.0,0.0,12.1734565065209
20,7,0.0015181995664386,1.4626624429223742,0.0,0.9054681092941421,0.5556761340617935,0.0,5.439454039986881
21,7,0.0,1.4266624429223742,0.0,0.0,1.4266624429223742,0.0,4.38
22,7,0.0,1.3231624429223745,0.0,0.0,1.3231624429223745,0.0,4.38
23,7,0.0,1.2781624429223744,0.0,0.0,1.2781624429223744,0.0,4.38
0,7,0.0,1.493908131868456,0.0,0.0,1.493908131868456,0.0,4.38
1,7,0.0,1.558733434013675,0.0,0.0,1.558733434013675,0.0,4.38
2,7,0.0,1.5742720764103415,0.0,0.0,1.5742720764103415,0.0,4.38
3,7,0.0,1.4635800956102116,0.0,0.0,1.4635800956102116,0.0,4.38
4,7,0.0,0.9832624429223744,0.0,0.0,0.9832624429223744,0.0,4.38
5,7,0.0,0.7897624429223744,0.0,0.0,0.7897624429223744,0.0,4.38
6,7,0.0376197921039449,2.560269941452222,0.0,0.0,2.522650149348277,0.0,4.38
7,7,0.4343888306677755,1.5982624429223746,0.0,0.0,1.1638736122545992,0.0,4.38
8,7,1.4625668005922534,5.070739288989117,0.0,0.0,3.608172488396863,0.0,4.38
9,7,2.5480029185703232,3.908918584776648,0.0,0.0,1.3609156662063246,0.0,4.38
10,7,3.4574271243267405,4.367027541460937,0.0,0.0,0.9096004171341963,0.0,4.38
11,7,4.09400723013174,2.3027042163013673,1.7913030138303725,0.0,0.0,0.0,4.38
12,7,4.424330255735347,4.507011169586154,0.0,0.08268091385080734,0.0,0.0,6.1043076766364335
13,7,4.4441678768715995,1.2192624429223744,3.224905433949225,0.0,0.0,0.0,6.007563036604789
14,7,4.134674653886829,1.4017624429223745,2.732912210964454,0.0,0.0,0.0,9.111918914992561
15,7,3.343101388048209,1.4802624429223743,1.8628389451258347,0.0,0.0,0.0,11.742764547023656
16,7,2.292427935114353,1.4532624429223744,0.8391654921919787,0.0,0.0,0.0,13.536084774845136
17,7,1.490110884024389,1.3702624429223746,0.11984844110201442,0.0,0.0,0.0,14.343950004176516
18,7,0.8230995093759776,1.4851624429223742,0.0,0.6620629335463966,0.0,0.0,14.459329234110754
19,7,0.2747511177565332,2.8230094629226654,0.0,2.5482583451661323,0.0,0.0,13.684577423498398
20,7,0.0014236738365806,4.0064554927704865,0.0,4.005031818933906,0.0,0.0,10.702561934392865
21,7,0.0,3.1668509024003804,0.0,1.3976550018021239,1.7691959005982565,0.0,6.015675869465763
22,7,0.0,4.584242492957854,0.0,0.0,4.584242492957854,0.0,4.38
23,7,0.0,2.896546282926618,0.0,0.0,2.896546282926618,0.0,4.38
0,7,0.0,3.25881161744911,0.0,0.0,3.25881161744911,0.0,4.38
1,7,0.0,0.8302624429223745,0.0,0.0,0.8302624429223745,0.0,4.38
2,7,0.0,0.7852624429223745,0.0,0.0,0.7852624429223745,0.0,4.38
3,7,0.0,0.7537624429223744,0.0,0.0,0.7537624429223744,0.0,4.38
4,7,0.0,0.9022624429223745,0.0,0.0,0.9022624429223745,0.0,4.38
5,7,0.0,0.7177624429223743,0.0,0.0,0.7177624429223743,0.0,4.38
6,7,0.0319151980593408,0.9112624429223743,0.0,0.0,0.8793472448630335,0.0,4.38
7,7,0.421852871498141,2.7094507450500984,0.0,0.0,2.2875978735519573,0.0,4.38
8,7,1.4282326025902012,3.864380748963016,0.0,0.0,2.436148146372815,0.0,4.38
9,7,2.519053565592065,3.7563432554781806,0.0,0.0,1.2372896898861154,0.0,4.38
10,7,3.4346051957597648,2.607824146208443,0.8267810495513217,0.0,0.0,0.0,4.38
11,7,4.080320633736919,5.681332023307845,0.0,0.6801725628243107,0.9208388267466148,0.0,5.176025235864917
12,7,4.422862289658806,4.136899436791849,0.2859628528669571,0.0,0.0,0.0,4.38
13,7,4.459510547640606,7.015437607043777,0.0,0.23525602810182564,2.3206710313013463,0.0,4.65532968124447
14,7,4.195181796096673,5.626857012678306,0.0,0.0,1.4316752165816329,0.0,4.38
15,7,3.653375349710499,5.150678821981911,0.0,0.0,1.4973034722714123,0.0,4.38
16,7,2.8075982880338404,3.661114223713256,0.0,0.0,0.8535159356794155,0.0,4.38
17,7,1.798966544076771,4.238464216148557,0.0,0.0,2.439497672071786,0.0,4.38
18,7,0.8169891294176508,3.70780473048963,0.0,0.0,2.890815601071979,0.0,4.38
19,7,0.2937479371971076,3.2675309293145087,0.0,0.0,2.973782992117401,0.0,4.38
20,7,0.0014315732752861,3.5292510178985776,0.0,0.0,3.5278194446232916,0.0,4.38
21,7,0.0,4.8131423160820885,0.0,0.0,4.8131423160820885,0.0,4.38
22,7,0.0,3.2197766163298955,0.0,0.0,3.2197766163298955,0.0,4.38
23,7,0.0,1.0711624429223745,0.0,0.0,1.0711624429223745,0.0,4.38
0,7,0.0,0.8572624429223742,0.0,0.0,0.8572624429223742,0.0,4.38
1,7,0.0,0.8122624429223743,0.0,0.0,0.8122624429223743,0.0,4.38
2,7,0.0,0.9697624429223742,0.0,0.0,0.9697624429223742,0.0,4.38
3,7,0.0,2.5166408219909107,0.0,0.0,2.5166408219909107,0.0,4.38
4,7,0.0,2.887194501996096,0.0,0.0,2.887194501996096,0.0,4.38
5,7,0.0,0.6907624429223744,0.0,0.0,0.6907624429223744,0.0,4.38
6,7,0.0376800452006562,0.6817624429223743,0.0,0.0,0.6440823977217182,0.0,4.38
7,7,0.3800470824994117,0.7312624429223744,0.0,0.0,0.3512153604229627,0.0,4.38
8,7,1.2004471980690032,2.7317441041910806,0.0,0.0,1.5312969061220774,0.0,4.38
9,7,1.9358604007082256,2.6132009553011475,0.0,0.0,0.6773405545929219,0.0,4.38
10,7,2.303000037785344,2.642724587437097,0.0,0.0,0.3397245496517529,0.0,4.38
11,7,2.7910838450705415,2.666603727917332,0.1244801171532095,0.0,0.0,0.0,4.38
12,7,3.817947799961665,4.012343480893974,0.0,0.1024075290390072,0.09198815189330166,0.0,4.4998521560367735
13,7,3.897261463598778,4.934542528108332,0.0,0.0,1.0372810645095538,0.0,4.38
14,7,3.825711419397351,5.6723460057166,0.0,0.0,1.8466345863192486,0.0,4.38
15,7,3.150587539910417,4.353136104785439,0.0,0.0,1.202548564875022,0.0,4.38
16,7,2.0777997335366276,4.108079976643004,0.0,0.0,2.0302802431063762,0.0,4.38
17,7,1.448982281261162,1.6510059675596036,0.0,0.0,0.2020236862984417,0.0,4.38
18,7,0.8424903999512058,1.9471624429223744,0.0,0.0,1.1046720429711687,0.0,4.38
19,7,0.2422321736571387,0.9766624429223744,0.0,0.0,0.7344302692652357,0.0,4.38
20,7,0.0479174332568925,3.1449368739943444,0.0,0.0,3.097019440737452,0.0,4.38
21,7,0.0,4.396576121411863,0.0,0.0,4.396576121411863,0.0,4.38
22,7,0.0,2.066670014183571,0.0,0.0,2.066670014183571,0.0,4.38
23,7,0.0,0.9811624429223744,0.0,0.0,0.9811624429223744,0.0,4.38
0,7,0.0,0.8257624429223744,0.0,0.0,0.8257624429223744,0.0,4.38
1,7,0.0,0.8212624429223744,0.0,0.0,0.8212624429223744,0.0,4.38
2,7,0.0,4.38339011499959,0.0,0.0,4.38339011499959,0.0,4.38
3,7,0.0,3.406937174620059,0.0,0.0,3.406937174620059,0.0,4.38
4,7,0.0,0.8977624429223744,0.0,0.0,0.8977624429223744,0.0,4.38
5,7,0.0,0.7582624429223745,0.0,0.0,0.7582624429223745,0.0,4.38
6,7,0.0110625565699334,0.4837624429223743,0.0,0.0,0.4726998863524409,0.0,4.38
7,7,0.1055203380635977,0.5962624429223744,0.0,0.0,0.4907421048587767,0.0,4.38
8,7,0.0887833454926932,2.431770192129587,0.0,0.0,2.3429868466368937,0.0,4.38
9,7,0.3900330857303352,2.7606972299938692,0.0,0.0,2.370664144263534,0.0,4.38
10,7,1.600670263809883,2.262072933064596,0.0,0.0,0.661402669254713,0.0,4.38
11,7,2.288235791810616,5.156349044412483,0.0,0.0,2.868113252601867,0.0,4.38
12,7,2.5820628853534053,4.40828846869128,0.0,0.0,1.8262255833378749,0.0,4.38
13,7,2.955457226084212,4.309815709211346,0.0,0.0,1.3543584831271342,0.0,4.38
14,7,3.7256202336433617,2.9642638430791517,0.76135639056421,0.0,0.0,0.0,4.38
15,7,3.654073931972777,2.957258475980954,0.6968154559918229,0.0,0.0,0.0,5.1130522436225405
16,7,2.905756956173903,0.8772624429223743,2.0284945132515286,0.0,0.0,0.0,5.783968455856788
17,7,1.7914582468597704,0.9447624429223744,0.846695803937396,0.0,0.0,0.0,7.737082605926348
18,7,0.7624838987994259,1.7311624429223744,0.0,0.9686785441229485,0.0,0.0,8.552332476885681
19,7,0.2752002188887781,0.9631624429223744,0.0,0.6879622240335963,0.0,0.0,7.418589760196387
20,7,0.0013575335112613,1.6996624429223743,0.0,1.6983049094111131,0.0,0.0,6.61338936685511
21,7,0.0,1.1161624429223744,0.0,0.20988213326344635,0.906280309658928,0.0,4.625655268036024
22,7,0.0,0.9091624429223744,0.0,0.0,0.9091624429223744,0.0,4.38
23,7,0.0,0.8866624429223744,0.0,0.0,0.8866624429223744,0.0,4.38
0,7,0.0,0.9112624429223743,0.0,0.0,0.9112624429223743,0.0,4.38
1,7,0.0,0.6907624429223744,0.0,0.0,0.6907624429223744,0.0,4.38
2,7,0.0,0.7897624429223744,0.0,0.0,0.7897624429223744,0.0,4.38
3,7,0.0,0.7807624429223745,0.0,0.0,0.7807624429223745,0.0,4.38
4,7,0.0,0.5962624429223744,0.0,0.0,0.5962624429223744,0.0,4.38
5,7,0.0,1.9996198327833408,0.0,0.0,1.9996198327833408,0.0,4.38
6,7,0.0217372456369016,2.2545110549374634,0.0,0.0,2.232773809300562,0.0,4.38
7,7,0.3895555011492891,0.8167624429223743,0.0,0.0,0.4272069417730852,0.0,4.38
8,7,1.38050922225892,5.452521861772082,0.0,0.0,4.072012639513162,0.0,4.38
9,7,2.503337339465643,1.0482624429223744,1.4550748965432685,0.0,0.0,0.0,4.38
10,7,3.417303180480734,1.1247624429223744,2.2925407375583595,0.0,0.0,0.0,5.781100964980549
11,7,4.066181707192047,0.9517624429223744,3.114419264269673,0.0,0.0,0.0,7.988637962172282
12,7,4.345225582958401,2.1561268562237186,2.189098726734682,0.0,0.0,0.0,10.987654022028245
13,7,4.209073829507363,1.1382624429223744,3.070811386584989,0.0,0.0,0.0,13.095707940756355
14,7,3.706115315218668,1.0707624429223743,2.635352872296294,0.0,0.0,0.0,16.052901883179217
15,7,3.140690790581445,1.3227624429223743,1.8179283476590706,0.0,0.0,0.0,18.590833339377852
16,7,2.309432501564686,1.1652624429223746,1.1441700586423114,0.0,0.0,0.0,20.341608089579626
17,7,1.4156604299764608,0.8232624429223745,0.5923979870540863,0.0,0.0,0.0,21.44353463415562
18,7,0.6381642094861114,3.5532353514872055,0.0,2.915071142001094,0.0,0.0,22.014067968701998
19,7,0.2526851103786076,2.8845637039166787,0.0,2.631878593538071,0.0,0.0,18.601455989585702
20,7,0.0007300784116747,1.9194808526285083,0.0,1.9187507742168337,0.0,0.0,15.520274210643231
21,7,0.0,2.075200022318664,0.0,2.075200022318664,0.0,0.0,13.273898360840647
22,7,0.0,1.0936624429223745,0.0,1.0936624429223745,0.0,0.0,10.84430917587484
23,7,0.0,0.8956624429223745,0.0,0.8956624429223745,0.0,0.0,9.563849382909103
0,7,0.0,0.9292624429223744,0.0,0.9292624429223744,0.0,0.0,8.515195527785174
1,7,0.0,0.9067624429223744,0.0,0.9067624429223744,0.0,0.0,7.427191773439129
2,7,0.0,2.9437140069954197,0.0,1.6957968033320752,1.2479172036633446,0.0,6.365520892807077
3,7,0.0,0.8797624429223745,0.0,0.0,0.8797624429223745,0.0,4.38
4,7,0.0,0.6862624429223744,0.0,0.0,0.6862624429223744,0.0,4.38
5,7,0.0,0.6097624429223745,0.0,0.0,0.6097624429223745,0.0,4.38
6,7,0.0216616820735305,0.6367624429223743,0.0,0.0,0.6151007608488438,0.0,4.38
7,7,0.3378996644566366,4.468232548160766,0.0,0.0,4.1303328837041295,0.0,4.38
8,7,1.37345741325622,3.376123498374961,0.0,0.0,2.002666085118741,0.0,4.38
9,7,2.002085940993966,3.3924778564627065,0.0,0.0,1.3903919154687405,0.0,4.38
10,7,2.5783356717202666,0.9202624429223746,1.658073228797892,0.0,0.0,0.0,4.38
11,7,3.378055145901213,1.395102176548544,1.982952969352669,0.0,0.0,0.0,5.977146746700572
12,7,4.102023634060425,2.406639977316609,1.6953836567438154,0.0,0.0,0.0,7.887269733056435
13,7,4.110697169023257,2.292422443695072,1.8182747253281848,0.0,0.0,0.0,9.520420357746648
14,7,3.9233509799835966,1.097762442922375,2.825588537061222,0.0,0.0,0.0,11.271983225871276
15,7,3.395987565732991,1.1292624429223743,2.266725122810617,0.0,0.0,0.0,13.99395555172369
16,7,2.6467717607288925,1.3227624429223743,1.3240093178065182,0.0,0.0,0.0,16.177625221649073
17,7,1.7793378745572024,1.0752624429223745,0.7040754316348279,0.0,0.0,0.0,17.45315262674215
18,7,0.7956102005418837,1.0981624429223746,0.0,0.30255224238049094,0.0,0.0,18.13145630837454
19,7,0.3507660265565311,1.0216624429223744,0.0,0.6708964163658433,0.0,0.0,17.77715219882988
20,7,0.0375898446133369,2.130829168602629,0.0,2.0932393239892924,0.0,0.0,16.99149569552282
21,7,0.0,0.8461624429223745,0.0,0.8461624429223745,0.0,0.0,14.540179806069762
22,7,0.0,2.1685909790621616,0.0,2.1685909790621616,0.0,0.0,13.549247486677167
23,7,0.0,0.9721624429223744,0.0,0.9721624429223744,0.0,0.0,11.00960912980447
0,7,0.0,0.6592624429223743,0.0,0.6592624429223743,0.0,0.0,9.8710822783755
1,7,0.0,2.5859789786784915,0.0,2.5859789786784915,0.0,0.0,9.098993305300368
2,7,0.0,0.7582624429223745,0.0,0.7582624429223745,0.0,0.0,6.070426848630563
3,7,0.0,0.5872624429223744,0.0,0.5872624429223744,0.0,0.0,5.182363725695381
4,7,0.0,0.5827624429223743,0.0,0.09782030601292138,0.484942136909453,0.0,4.49456702649327
5,7,0.0,0.4972624429223744,0.0,0.0,0.4972624429223744,0.0,4.38
6,7,0.016525107028191,0.7087624429223744,0.0,0.0,0.6922373358941835,0.0,4.38
7,7,0.18587845581209,4.402483743203293,0.0,0.0,4.216605287391203,0.0,4.38
8,7,0.450194100970605,3.339243587437843,0.0,0.0,2.889049486467238,0.0,4.38
9,7,1.6128104900007814,1.1741450761220007,0.43866541387878066,0.0,0.0,0.0,4.38
10,7,1.73524137341823,0.7332624429223744,1.0019789304958555,0.0,0.0,0.0,4.802665659093071
11,7,2.471532450396756,0.7267624429223742,1.744770007474382,0.0,0.0,0.0,5.768103291753213
12,7,3.5448523273515105,2.2457550954146734,1.299097231936837,0.0,0.0,0.0,7.449261316926697
13,7,4.108625009937496,0.9492624429223744,3.1593625670151217,0.0,0.0,0.0,8.701018873504593
14,7,4.094488116816079,1.0257624429223746,3.068725673893704,0.0,0.0,0.0,11.745295744985958
15,7,3.3440799354161217,1.1677624429223743,2.176317492493747,0.0,0.0,0.0,14.702338609574896
16,7,2.5773383199184288,1.0302624429223746,1.5470758769960542,0.0,0.0,0.0,16.79952124455405
17,7,1.644594131278183,1.1317624429223745,0.5128316883558086,0.0,0.0,0.0,18.290377804606116
18,7,0.8503962294220871,1.8166624429223743,0.0,0.9662662135002872,0.0,0.0,18.784581948672763
19,7,0.2551561643047438,1.8076624429223744,0.0,1.5525062786176307,0.0,0.0,17.652707504934135
20,7,0.0012505065895252,4.077408084015132,0.0,4.076157577425606,0.0,0.0,15.834098343691132
21,7,0.0,0.9001624429223742,0.0,0.9001624429223742,0.0,0.0,11.0591983115204
22,7,0.0,0.8731624429223745,0.0,0.8731624429223745,0.0,0.0,10.004681762011671
23,7,0.0,1.0396624429223742,0.0,1.0396624429223742,0.0,0.0,8.981785017383693
0,7,0.0,0.7177624429223743,0.0,0.7177624429223743,0.0,0.0,7.763824482659827
1,7,0.0,0.6637624429223744,0.0,0.6637624429223744,0.0,0.0,6.922959076039257
2,7,0.0,0.8572624429223744,0.0,0.8572624429223744,0.0,0.0,6.145349122521808
3,7,0.0,0.6052624429223744,0.0,0.6052624429223744,0.0,0.0,5.14104311988235
4,7,0.0,0.5872624429223744,0.0,0.04434766220378079,0.5429147807185936,0.0,4.431955302575243
5,7,0.0,0.6682624429223745,0.0,0.0,0.6682624429223745,0.0,4.38
6,7,0.0216183313422659,0.6547624429223744,0.0,0.0,0.6331441115801085,0.0,4.38
7,7,0.3625594910790898,3.612377033701821,0.0,0.0,3.249817542622731,0.0,4.38
8,7,1.1334546025355832,3.550304737106609,0.0,0.0,2.416850134571026,0.0,4.38
9,7,1.8910506760590708,2.7184834050475373,0.0,0.0,0.8274327289884664,0.0,4.38
10,7,1.391729256012239,0.7287624429223745,0.6629668130898645,0.0,0.0,0.0,4.38
11,7,2.2202897807618833,2.5637427114194473,0.0,0.343452930657564,0.0,0.0,5.018974651518718
12,7,3.1659718990790893,2.5605137129878934,0.6054581860911958,0.0,0.0,0.0,4.616600842111415
13,7,3.831930307640508,1.4263471127483105,2.4055831948921975,0.0,0.0,0.0,5.200154418831782
14,7,3.6558798123870537,2.9211770261742274,0.7347027862128264,0.0,0.0,0.0,7.518722282183386
15,7,3.532476218354518,5.032407442054717,0.0,1.4999312237001994,0.0,0.0,8.226867693427403
16,7,2.6095900959415856,1.0347624429223743,1.5748276530192113,0.0,0.0,0.0,6.469538679057106
17,7,1.5408383903838248,1.1922624429223745,0.34857594746145026,0.0,0.0,0.0,7.9874776587402785
18,7,0.8079376055759269,1.0486624429223743,0.0,0.24072483734644745,0.0,0.0,8.323467474718896
19,7,0.332100580383238,1.1881624429223745,0.0,0.8560618625391365,0.0,0.0,8.041422246592429
20,7,0.0267116280814081,3.037870257810744,0.0,2.2689228772040724,0.7422357525252639,0.0,7.038414845232327
21,7,0.0,4.552236791918116,0.0,0.0,4.552236791918116,0.0,4.38
22,7,0.0,2.035206365537511,0.0,0.0,2.035206365537511,0.0,4.38
23,7,0.0,0.8686624429223744,0.0,0.0,0.8686624429223744,0.0,4.38
0,7,0.0,0.6052624429223744,0.0,0.0,0.6052624429223744,0.0,4.38
1,7,0.0,0.6007624429223745,0.0,0.0,0.6007624429223745,0.0,4.38
2,7,0.0,0.7357624429223745,0.0,0.0,0.7357624429223745,0.0,4.38
3,7,0.0,0.5332624429223745,0.0,0.0,0.5332624429223745,0.0,4.38
4,7,0.0,0.5287624429223744,0.0,0.0,0.5287624429223744,0.0,4.38
5,7,0.0,0.5962624429223744,0.0,0.0,0.5962624429223744,0.0,4.38
6,7,0.0219151223037589,0.5872624429223744,0.0,0.0,0.5653473206186155,0.0,4.38
7,7,0.3615378579656156,0.7897624429223744,0.0,0.0,0.4282245849567588,0.0,4.38
8,7,1.312444895082196,0.8572624429223744,0.45518245215982167,0.0,0.0,0.0,4.38
9,7,2.4706917421560384,0.8277624429223746,1.6429292992336637,0.0,0.0,0.0,4.818764720263285
10,7,3.2880413372680564,0.8997624429223743,2.388278894345682,0.0,0.0,0.0,6.402443899972466
11,7,3.9976405434758457,3.893566449435,0.10407409404084556,0.0,0.0,0.0,8.704633620513565
12,7,4.0586734947239,2.564954237337044,1.4937192573868558,0.0,0.0,0.0,8.80495880254341
13,7,4.05586745201945,1.5915406679294182,2.4643267840900323,0.0,0.0,0.0,10.244873575851443
14,7,3.797406558421173,1.5566012570335226,2.2408053013876503,0.0,0.0,0.0,12.620472607592223
15,7,3.2017415344189493,1.7739432223246876,1.4277983120942617,0.0,0.0,0.0,14.780655746231618
16,7,2.161787941955814,1.6824055265510918,0.4793824154047224,0.0,0.0,0.0,16.157116606109735
17,7,1.5857330467953017,1.5342287221468642,0.05150432464843746,0.0,0.0,0.0,16.61926965928119
18,7,0.838113072788022,2.534459460096014,0.0,1.696346387307992,0.0,0.0,16.668923138160267
19,7,0.3008534647914383,1.1746624429223744,0.0,0.8738089781309362,0.0,0.0,14.681051756648817
20,7,0.0011525071071483,1.0936624429223745,0.0,1.0925099358152262,0.0,0.0,13.657055814369798
21,7,0.0,0.8776624429223743,0.0,0.8776624429223743,0.0,0.0,12.37675729241255
22,7,0.0,0.8551624429223743,0.0,0.8551624429223743,0.0,0.0,11.34822363256078
23,7,0.0,2.2596715365375855,0.0,2.2596715365375855,0.0,0.0,10.346048209981468
0,7,0.0,0.9112624429223743,0.0,0.9112624429223743,0.0,0.0,7.697886682776975
1,7,0.0,0.6772624429223744,0.0,0.6772624429223744,0.0,0.0,6.629930899505346
2,7,0.0,0.6502624429223743,0.0,0.6502624429223743,0.0,0.0,5.83620402414523
3,7,0.0,0.5737624429223744,0.0,0.5737624429223744,0.0,0.0,5.074114565700127
4,7,0.0,0.5557624429223744,0.0,0.018495273108291018,0.5372671698140834,0.0,4.401676232342208
5,7,0.0,0.5512624429223744,0.0,0.0,0.5512624429223744,0.0,4.38
6,7,0.0055096598412861,0.5287624429223744,0.0,0.0,0.5232527830810882,0.0,4.38
7,7,0.0879640354584868,4.4106324688937395,0.0,0.0,4.322668433435252,0.0,4.38
8,7,0.4886617057928274,5.943971092971884,0.0,0.0,5.455309387179057,0.0,4.38
9,7,1.3870975123383158,3.586001441106142,0.0,0.0,2.198903928767826,0.0,4.38
10,7,2.025481937859672,4.125039668143861,0.0,0.0,2.0995577302841895,0.0,4.38
11,7,2.5813745209080117,4.098508343317355,0.0,0.0,1.5171338224093431,0.0,4.38
12,7,3.040806390863072,2.5433392352950905,0.4974671555679815,0.0,0.0,0.0,4.38
13,7,3.2848230115157984,2.436292114688977,0.8485308968268215,0.0,0.0,0.0,4.859645122901115
14,7,3.190804318259847,5.774909298870692,0.0,1.107317217677697,1.4767877629331478,0.0,5.677781351140907
15,7,3.051637060916317,4.84126247878152,0.0,0.0,1.789625417865203,0.0,4.38
16,7,2.378093498310336,2.651853836120272,0.0,0.0,0.27376033780993625,0.0,4.38
17,7,1.6030010080299824,1.3182624429223744,0.284738565107608,0.0,0.0,0.0,4.38
18,7,0.87306848070355,1.1431624429223746,0.0,0.23424883265216132,0.03584512956666322,0.0,4.654544955960732
19,7,0.3507696140599032,1.0666624429223743,0.0,0.0,0.7158928288624711,0.0,4.38
20,7,0.0477370959939286,1.0441624429223744,0.0,0.0,0.9964253469284458,0.0,4.38
21,7,0.0,2.9329546265278132,0.0,0.0,2.9329546265278132,0.0,4.38
22,7,0.0,3.414484644465333,0.0,0.0,3.414484644465333,0.0,4.38
23,7,0.0,4.250163758025116,0.0,0.0,4.250163758025116,0.0,4.38
0,7,0.0,0.9787624429223744,0.0,0.0,0.9787624429223744,0.0,4.38
1,7,0.0,0.9472624429223744,0.0,0.0,0.9472624429223744,0.0,4.38
2,7,0.0,0.7312624429223744,0.0,0.0,0.7312624429223744,0.0,4.38
3,7,0.0,3.2197490840585594,0.0,0.0,3.2197490840585594,0.0,4.38
4,7,0.0,2.4839643117627643,0.0,0.0,2.4839643117627643,0.0,4.38
5,7,0.0,0.6277624429223744,0.0,0.0,0.6277624429223744,0.0,4.38
6,7,0.0109156150964073,2.885252571582332,0.0,0.0,2.8743369564859247,0.0,4.38
7,7,0.2769623818811488,3.482703119358572,0.0,0.0,3.205740737477423,0.0,4.38
8,7,1.0053919191804523,2.723783140946574,0.0,0.0,1.7183912217661217,0.0,4.38
9,7,1.756251067204344,0.8097624429223743,0.9464886242819698,0.0,0.0,0.0,4.38
10,7,2.520838457218393,1.0617624429223742,1.4590760142960186,0.0,0.0,0.0,5.292609573527614
11,7,3.1915527359354092,1.0732624429223745,2.1182902930130347,0.0,0.0,0.0,6.699473190697313
12,7,3.749463181232201,2.735815247040254,1.0136479341919467,0.0,0.0,0.0,8.74199371757656
13,7,3.6691954650084,1.440069260279466,2.229126204728934,0.0,0.0,0.0,9.71940663039077
14,7,3.414603899864915,1.0347624429223743,2.3798414569425406,0.0,0.0,0.0,11.868871567756656
15,7,1.828528108509481,1.2057624429223743,0.6227656655871068,0.0,0.0,0.0,14.163721204946215
16,7,2.660248970779191,1.2147624429223742,1.4454865278568167,0.0,0.0,0.0,14.764261401890762
17,7,1.5058414073689483,2.1685290853016816,0.0,0.6626876779327333,0.0,0.0,16.158170341611104
18,7,0.5471009565482242,2.4314467725868685,0.0,1.8843458160386444,0.0,0.0,15.381380431073861
19,7,0.2648246357844194,3.2635824080021454,0.0,2.998757772217726,0.0,0.0,13.172570173334798
20,7,0.0009449179336235,1.0711624429223745,0.0,1.0702175249887511,0.0,0.0,9.65738613728429
21,7,0.0,2.237544447609857,0.0,2.237544447609857,0.0,0.0,8.402822002999384
22,7,0.0,1.77961442762994,0.0,1.1940921952593477,0.5855222323705922,0.0,5.779826639638105
23,7,0.0,1.88670913982472,0.0,0.0,1.88670913982472,0.0,4.38
0,7,0.0,1.7943326905420296,0.0,0.0,1.7943326905420296,0.0,4.38
1,7,0.0,1.9364315862144383,0.0,0.0,1.9364315862144383,0.0,4.38
2,7,0.0,1.9222738894602895,0.0,0.0,1.9222738894602895,0.0,4.38
3,7,0.0,1.9389651868709816,0.0,0.0,1.9389651868709816,0.0,4.38
4,7,0.0,0.6187624429223744,0.0,0.0,0.6187624429223744,0.0,4.38
5,7,0.0,0.5602624429223744,0.0,0.0,0.5602624429223744,0.0,4.38
6,7,0.0218023030754334,2.3584438980097873,0.0,0.0,2.336641594934354,0.0,4.38
7,7,0.3968982045693005,5.958699201738872,0.0,0.0,5.561800997169572,0.0,4.38
8,7,1.352361408236742,3.634281498779565,0.0,0.0,2.281920090542823,0.0,4.38
9,7,2.433829867046771,3.799972789746617,0.0,0.0,1.3661429226998458,0.0,4.38
10,7,3.405640712294833,3.951150904272589,0.0,0.0,0.5455101919777561,0.0,4.38
11,7,3.98554402298074,3.030766031510387,0.9547779914703529,0.0,0.0,0.0,4.38
12,7,4.12753689456316,4.052123056571744,0.07541383799141599,0.0,0.0,0.0,5.300824582437923
13,7,4.025887610865278,6.927981719230592,0.0,0.8475123994569493,2.0545817089083647,0.0,5.373557339001504
14,7,3.615847239755252,2.8805029141931655,0.7353443255620866,0.0,0.0,0.0,4.38
15,7,3.3521654595422388,1.3497624429223742,2.0024030166198648,0.0,0.0,0.0,5.089208771182587
16,7,1.949564187910418,1.1562624429223742,0.7933017449880437,0.0,0.0,0.0,7.020457933689708
17,7,1.3503787470577553,1.2732624429223744,0.07711630413538084,0.0,0.0,0.0,7.785586932850935
18,7,0.6715153498721812,2.055162442922374,0.0,1.3836470930501927,0.0,0.0,7.859965224390386
19,7,0.3287632360695429,3.0422716937589405,0.0,1.5846239369190194,1.1288845207703782,0.0,6.2378070294410035
20,7,0.0424025153689815,1.0531624429223745,0.0,0.0,1.010759927553393,0.0,4.38
21,7,0.0,4.447559243884175,0.0,0.0,4.447559243884175,0.0,4.38
22,7,0.0,2.488588860353701,0.0,0.0,2.488588860353701,0.0,4.38
23,7,0.0,2.21523403190532,0.0,0.0,2.21523403190532,0.0,4.38
0,7,0.0,2.1462391089185493,0.0,0.0,2.1462391089185493,0.0,4.38
1,7,0.0,1.9632893707435224,0.0,0.0,1.9632893707435224,0.0,4.38
2,7,0.0,3.719060175384964,0.0,0.0,3.719060175384964,0.0,4.38
3,7,0.0,2.6255962621347813,0.0,0.0,2.6255962621347813,0.0,4.38
4,7,0.0,2.523084192963155,0.0,0.0,2.523084192963155,0.0,4.38
5,7,0.0,0.5647624429223744,0.0,0.0,0.5647624429223744,0.0,4.38
6,7,0.0,0.3937624429223744,0.0,0.0,0.3937624429223744,0.0,4.38
7,7,0.0613434406046411,2.2641230795325713,0.0,0.0,2.20277963892793,0.0,4.38
8,7,0.0780463623907815,2.413613783988655,0.0,0.0,2.3355674215978737,0.0,4.38
9,7,0.3542905738019442,2.737567870811288,0.0,0.0,2.383277297009344,0.0,4.38
10,7,0.6792119306618142,0.6657624429223744,0.01344948773943977,0.0,0.0,0.0,4.38
11,7,0.6529451487287148,2.660422701479108,0.0,0.011064662323152135,1.9964128904272416,0.0,4.392972392627358
12,7,0.8417746882262886,2.1321135453740085,0.0,0.0,1.29033885714772,0.0,4.38
13,7,1.4434046731034609,0.5037624429223744,0.9396422301810865,0.0,0.0,0.0,4.38
14,7,1.6328521793427808,1.0568014476325231,0.5760507317102577,0.0,0.0,0.0,5.286310442265847
15,7,1.6470160696490657,0.5062624429223744,1.1407536267266911,0.0,0.0,0.0,5.841932677576633
16,7,1.8567864763333384,0.7917624429223743,1.065024033410964,0.0,0.0,0.0,6.942238617390364
17,7,1.3471948783453045,0.5082624429223745,0.83893243542293,0.0,0.0,0.0,7.969512822495294
18,7,0.2303052976603656,2.9229771810522696,0.0,2.692671883391904,0.0,0.0,8.778718608581338
19,7,0.1587091780046325,2.4904399739438,0.0,1.0589506528724737,1.272780143066694,0.0,5.621629076876138
20,7,0.0008684017166159,0.5221624429223743,0.0,0.0,0.5212940412057584,0.0,4.38
21,7,0.0,1.7413609574691913,0.0,0.0,1.7413609574691913,0.0,4.38
22,7,0.0,1.805474756519739,0.0,0.0,1.805474756519739,0.0,4.38
23,7,0.0,1.6425421477785824,0.0,0.0,1.6425421477785824,0.0,4.38
0,7,0.0,0.4027624429223744,0.0,0.0,0.4027624429223744,0.0,4.38
1,7,0.0,0.3937624429223744,0.0,0.0,0.3937624429223744,0.0,4.38
2,7,0.0,1.8330654074025443,0.0,0.0,1.8330654074025443,0.0,4.38
3,7,0.0,0.3847624429223744,0.0,0.0,0.3847624429223744,0.0,4.38
4,7,0.0,0.3622624429223744,0.0,0.0,0.3622624429223744,0.0,4.38
5,7,0.0,0.3802624429223744,0.0,0.0,0.3802624429223744,0.0,4.38
6,7,0.0055831305780491,2.9718800975611517,0.0,0.0,2.9662969669831027,0.0,4.38
7,7,0.1281878365814678,3.2129446956504024,0.0,0.0,3.0847568590689347,0.0,4.38
8,7,0.2556007388699498,3.6882723492277942,0.0,0.0,3.4326716103578443,0.0,4.38
9,7,0.1451470769105034,2.4730403513408072,0.0,0.0,2.327893274430304,0.0,4.38
10,7,0.195109066309843,2.366018349734569,0.0,0.0,2.170909283424726,0.0,4.38
11,7,0.0,0.3912624429223744,0.0,0.0,0.3912624429223744,0.0,4.38
12,7,0.4184087823433649,0.5242624429223743,0.0,0.0,0.10585366057900941,0.0,4.38
13,7,1.8637110439056424,0.6432624429223744,1.2204486009832678,0.0,0.0,0.0,4.38
14,7,2.5092780414304623,0.6792624429223744,1.830015598508088,0.0,0.0,0.0,5.5572619861553525
15,7,1.1867329978402998,0.5917624429223743,0.5949705549179255,0.0,0.0,0.0,7.322544300146087
16,7,1.3228051677138024,0.4162624429223743,0.9065427247914282,0.0,0.0,0.0,7.896480312644792
17,7,1.2167860403601456,0.5577624429223744,0.6590235974377712,0.0,0.0,0.0,8.770978843058906
18,7,0.7988464134789027,0.5896624429223744,0.20918397055652838,0.0,0.0,0.0,9.40671373046221
19,7,0.2513103183423058,3.2161863856733532,0.0,2.9648760673310472,0.0,0.0,9.60850695843815
20,7,0.0007601570436686,0.5176624429223744,0.0,0.5169022858787058,0.0,0.0,6.1319189227887065
21,7,0.0,0.6841624429223744,0.0,0.6841624429223744,0.0,0.0,5.525784270428029
22,7,0.0,0.6661624429223745,0.0,0.29293706050551144,0.37322538241686304,0.0,4.723510993434344
23,7,0.0,0.4681624429223744,0.0,0.0,0.4681624429223744,0.0,4.38
0,7,0.0,0.3487624429223744,0.0,0.0,0.3487624429223744,0.0,4.38
1,7,0.0,0.3442624429223743,0.0,0.0,0.3442624429223743,0.0,4.38
2,7,0.0,0.5197624429223744,0.0,0.0,0.5197624429223744,0.0,4.38
3,7,0.0,0.3352624429223744,0.0,0.0,0.3352624429223744,0.0,4.38
4,7,0.0,0.5107624429223745,0.0,0.0,0.5107624429223745,0.0,4.38
5,7,0.0,0.4792624429223743,0.0,0.0,0.4792624429223743,0.0,4.38
6,7,0.0168724232383437,0.4747624429223744,0.0,0.0,0.4578900196840307,0.0,4.38
7,7,0.1713408240944215,0.4972624429223744,0.0,0.0,0.3259216188279529,0.0,4.38
8,7,0.2176538766394861,2.2947427519487844,0.0,0.0,2.077088875309298,0.0,4.38
9,7,0.2732443282206673,2.136003751654191,0.0,0.0,1.8627594234335236,0.0,4.38
10,7,0.2628897445851847,2.692300452247419,0.0,0.0,2.4294107076622344,0.0,4.38
11,7,0.4599310872339628,2.56125910143653,0.0,0.0,2.101328014202567,0.0,4.38
12,7,0.5962410248260211,2.8928014563337854,0.0,0.0,2.296560431507764,0.0,4.38
13,7,1.3182845061209814,3.2120740177163603,0.0,0.0,1.893789511595379,0.0,4.38
14,7,1.2079518573463148,3.2669514304824254,0.0,0.0,2.0589995731361106,0.0,4.38
15,7,1.366125056344122,3.102123323216835,0.0,0.0,1.7359982668727127,0.0,4.38
16,7,1.4166161238079895,3.791353562581536,0.0,0.0,2.3747374387735465,0.0,4.38
17,7,1.692060982480824,1.231730851130062,0.46033013135076195,0.0,0.0,0.0,4.38
18,7,0.7421267467950204,1.0887388911815572,0.0,0.34661214438653676,0.0,0.0,4.824088563699422
19,7,0.2916281581613194,2.650838061500157,0.0,0.03209158275245308,2.3271183205863846,0.0,4.417632462889083
20,7,0.027847084922292,3.683189932517097,0.0,0.0,3.655342847594805,0.0,4.38
21,7,0.0,1.7085785876672892,0.0,0.0,1.7085785876672892,0.0,4.38
22,7,0.0,1.6227727192410355,0.0,0.0,1.6227727192410355,0.0,4.38
23,7,0.0,1.9354847351119144,0.0,0.0,1.9354847351119144,0.0,4.38
0,7,0.0,1.4939469196309818,0.0,0.0,1.4939469196309818,0.0,4.38
1,7,0.0,1.346005470998678,0.0,0.0,1.346005470998678,0.0,4.38
2,7,0.0,1.5003914058715655,0.0,0.0,1.5003914058715655,0.0,4.38
3,7,0.0,1.473803432932468,0.0,0.0,1.473803432932468,0.0,4.38
4,7,0.0,1.6008394552660303,0.0,0.0,1.6008394552660303,0.0,4.38
5,7,0.0,1.4686409724494238,0.0,0.0,1.4686409724494238,0.0,4.38
6,7,0.0168189899752433,0.5107624429223745,0.0,0.0,0.4939434529471312,0.0,4.38
7,7,0.3222235633633608,1.42359859237738,0.0,0.0,1.1013750290140192,0.0,4.38
8,7,1.0423303003400048,2.0190508906503872,0.0,0.0,0.9767205903103824,0.0,4.38
9,7,1.7465616932591983,1.2987624429223743,0.447799250336824,0.0,0.0,0.0,4.38
10,7,2.3445426971562515,0.5937624429223745,1.750780254233877,0.0,0.0,0.0,4.812003736329626
11,7,2.4492431471303804,0.5737624429223744,1.875480704208006,0.0,0.0,0.0,6.501035789053021
12,7,4.038616388080325,2.448381960847823,1.5902344272325024,0.0,0.0,0.0,8.310404615457346
13,7,4.713448685463417,0.7602624429223744,3.953186242541043,0.0,0.0,0.0,9.844613503838007
14,7,4.314888363568707,0.7827624429223744,3.532125920646333,0.0,0.0,0.0,13.658590892519525
15,7,3.618330028318699,0.7357624429223745,2.8825675853963246,0.0,0.0,0.0,17.066481537035983
16,7,2.901089666270664,0.8097624429223743,2.0913272233482894,0.0,0.0,0.0,19.847767352273706
17,7,1.9212751966588284,0.7762624429223743,1.0615669411101578,0.0,0.0,0.08344581262629625,21.86567692858299
18,7,0.7621987759676345,3.342923695267527,0.0,2.5807249192998922,0.0,0.0,22.89
19,7,0.2151375144472246,4.329037599009221,0.0,4.113900084561997,0.0,0.0,19.863060055141503
20,7,0.0008479152601929,5.262225469466411,0.0,5.261377554206217,0.0,0.0,15.037719218056447
21,7,0.0,4.418988313735493,0.0,3.8243598956008946,0.5946284181345987,0.0,8.866185332864118
22,7,0.0,4.2880112363832446,0.0,5.820346742970191e-16,4.288011236383244,0.0,4.380000000000001
23,7,0.0,6.1106902363949605,0.0,0.0,6.1106902363949605,0.0,4.38
0,7,0.0,2.6923149607649357,0.0,0.0,2.6923149607649357,0.0,4.38
1,7,0.0,0.4207624429223744,0.0,0.0,0.4207624429223744,0.0,4.38
2,7,0.0,0.4072624429223744,0.0,0.0,0.4072624429223744,0.0,4.38
3,7,0.0,2.0619635096008615,0.0,0.0,2.0619635096008615,0.0,4.38
4,7,0.0,2.3476526730257214,0.0,0.0,2.3476526730257214,0.0,4.38
5,7,0.0,0.4747624429223744,0.0,0.0,0.4747624429223744,0.0,4.38
6,7,0.0165052270488007,2.0405134029883065,0.0,0.0,2.024008175939506,0.0,4.38
7,7,0.3917078782004914,2.997044956934399,0.0,0.0,2.605337078733908,0.0,4.38
8,7,1.4548891465420042,3.46590154809246,0.0,0.0,2.011012401550456,0.0,4.38
9,7,2.6113407223959544,1.920107842804887,0.6912328795910674,0.0,0.0,0.0,4.38
10,7,3.57736584338145,0.7647624429223745,2.8126034004590754,0.0,0.0,0.0,5.0471037158324314
11,7,4.251346811770741,0.8367624429223743,3.4145843688483666,0.0,0.0,0.0,7.761546728922824
12,7,4.624456721877581,1.0617624429223742,3.562694278955207,0.0,0.0,0.0,11.057062092820866
13,7,4.68240355814999,2.2562717002626003,2.42613185788739,0.0,0.0,0.0,14.495650145363095
14,7,4.285867136895892,1.4155619217602462,2.8703052151356454,0.0,0.0,0.0,16.837358437860864
15,7,3.6597496082334784,0.9582624429223744,2.701487165311104,0.0,0.0,0.0,19.60785690360837
16,7,2.702157769701559,1.1472624429223743,0.6987681174635626,0.0,0.0,0.8561272093156221,22.215488760567354
17,7,1.7409718697753034,1.1832624429223744,0.0,0.0,0.0,0.557709426852929,22.89
18,7,0.7586863301724837,2.9876724514989195,0.0,2.228986121326436,0.0,0.0,22.89
19,7,0.2334447021285486,4.745862492891466,0.0,4.5124177907629175,0.0,0.0,20.274623093027444
20,7,0.0007410160960361,4.820683450458554,0.0,4.819942434362518,0.0,0.0,14.979857534752576
21,7,0.0,0.6796624429223743,0.0,0.6796624429223743,0.0,0.0,9.323972601728657
22,7,0.0,0.6301624429223744,0.0,0.6301624429223744,0.0,0.0,8.526391749585613
23,7,0.0,0.5986624429223745,0.0,0.5986624429223745,0.0,0.0,7.786893468653453
0,7,0.0,0.862209220957456,0.0,0.862209220957456,0.0,0.0,7.084355762349237
1,7,0.0,1.1368073387442277,0.0,1.1368073387442277,0.0,0.0,6.072536106752713
2,7,0.0,0.6232624429223745,0.0,0.3054484515576812,0.31781399136469335,0.0,4.73845761039502
3,7,0.0,1.9512157810032529,0.0,0.0,1.9512157810032529,0.0,4.38
4,7,0.0,1.7176919305988885,0.0,0.0,1.7176919305988885,0.0,4.38
5,7,0.0,0.6142624429223744,0.0,0.0,0.6142624429223744,0.0,4.38
6,7,0.0110452516058832,0.6322624429223744,0.0,0.0,0.6212171913164912,0.0,4.38
7,7,0.3879224681236746,2.171596691461523,0.0,0.0,1.7836742233378482,0.0,4.38
8,7,1.4443352457790282,0.5557624429223744,0.8885728028566537,0.0,0.0,0.0,4.38
9,7,2.5841568682114473,1.4427624429223742,1.141394425289073,0.0,0.0,0.0,5.237880545004329
10,7,3.5423331157733564,0.9402624429223744,2.602070672850982,0.0,0.0,0.0,6.339860617194268
11,7,4.187174817003423,0.8142624429223744,3.3729123740810483,0.0,0.0,0.0,8.852108365423762
12,7,4.589793689433489,2.1327294079057233,2.457064281527766,0.0,0.0,0.0,12.108680558662387
13,7,4.6440455921917625,5.033175683035788,0.0,0.3891300908440254,0.0,0.0,14.481081461565143
14,7,4.365211412535936,2.6945666945489233,1.6706447179870123,0.0,0.0,0.0,14.024366242643154
15,7,3.791567910473843,3.075932651359376,0.715635259114467,0.0,0.0,0.0,15.637495211067192
16,7,2.546803649812935,1.1247624429223744,1.4220412068905608,0.0,0.0,0.0,16.328505635999576
17,7,1.8584834152714724,1.1722624429223742,0.6862209723490982,0.0,0.0,0.0,17.701625426751892
18,7,0.7761198125080951,1.0846624429223743,0.0,0.3085426304142792,0.0,0.0,18.36424908952071
19,7,0.2151960307657578,5.188165619940721,0.0,4.972969589174963,0.0,0.0,18.002098760224104
20,7,0.0008458318917431,2.567981389941596,0.0,2.567135558049853,0.0,0.0,12.165081658278703
21,7,0.0,0.7561624429223746,0.0,0.7561624429223746,0.0,0.0,9.151746590560002
22,7,0.0,0.9091624429223744,0.0,0.9091624429223744,0.0,0.0,8.264129127442954
23,7,0.0,0.6796624429223743,0.0,0.6796624429223743,0.0,0.0,7.196904620510612
0,7,0.0,2.3909488904019556,0.0,1.7200060626075533,0.6709428277944023,0.0,6.3990718619881415
1,7,0.0,2.947572320429942,0.0,0.0,2.947572320429942,0.0,4.38
2,7,0.0,3.5713839453695457,0.0,0.0,3.5713839453695457,0.0,4.38
3,7,0.0,3.599670100513828,0.0,0.0,3.599670100513828,0.0,4.38
4,7,0.0,4.077564819750578,0.0,0.0,4.077564819750578,0.0,4.38
5,7,0.0,2.120123193730996,0.0,0.0,2.120123193730996,0.0,4.38
6,7,0.0165651819755163,1.8597377779444235,0.0,0.0,1.8431725959689071,0.0,4.38
7,7,0.386513038945224,4.024658302292002,0.0,0.0,3.638145263346778,0.0,4.38
8,7,1.4243358652472224,2.676655988421811,0.0,0.0,1.2523201231745884,0.0,4.38
9,7,2.4708661476148195,0.9627624429223745,1.508103704692445,0.0,0.0,0.0,4.38
10,7,2.088498505604091,0.9852624429223744,1.1032360626817166,0.0,0.0,0.0,5.836443378042032
11,7,2.403679102721507,1.0167624429223745,1.3869166597991327,0.0,0.0,0.0,6.9019053746858825
12,7,1.770329144200658,1.886233238068967,0.0,0.11590409386830913,0.0,0.0,8.24135098858241
13,7,2.858885834203731,1.8738303070400504,0.9850555271636805,0.0,0.0,0.0,8.105285634863723
14,7,4.385600295510324,2.0701335732514807,2.315466722258843,0.0,0.0,0.0,9.056640454116062
15,7,3.675594816152687,0.9267624429223744,2.7488323732303126,0.0,0.0,0.0,11.292914389556076
16,7,2.487907402913363,1.0392624429223742,1.4486449599909887,0.0,0.0,0.0,13.94779894306251
17,7,1.6336249635496114,1.0347624429223743,0.5988625206272371,0.0,0.0,0.0,15.346974837641522
18,7,0.839846043014998,0.9136624429223744,0.0,0.07381639990737643,0.0,0.0,15.925396200398167
19,7,0.3315517604379713,0.7966624429223744,0.0,0.4651106824844031,0.0,0.0,15.838731868715657
20,7,0.027335016150913,1.895721436891479,0.0,1.868386420740566,0.0,0.0,15.292667053362901
21,7,0.0,1.7585086719428271,0.0,1.7585086719428271,0.0,0.0,13.099070388429483
22,7,0.0,1.1538411601815142,0.0,1.1538411601815142,0.0,0.0,11.034434814505248
23,7,0.0,0.6346624429223744,0.0,0.6346624429223744,0.0,0.0,9.679703351390517
0,7,0.0,0.6952624429223744,0.0,0.6952624429223744,0.0,0.0,8.934533227894125
1,7,0.0,0.5062624429223744,0.0,0.5062624429223744,0.0,0.0,8.118205778299519
2,7,0.0,0.6727624429223744,0.0,0.6727624429223744,0.0,0.0,7.523784124538014
3,7,0.0,0.4747624429223744,0.0,0.4747624429223744,0.0,0.0,6.733864253010329
4,7,0.0,0.4612624429223744,0.0,0.4612624429223744,0.0,0.0,6.1764207846869
5,7,0.0,0.6142624429223744,0.0,0.6142624429223744,0.0,0.0,5.634825579878273
6,7,0.0055475084026488,0.6322624429223744,0.0,0.4544312296197224,0.17228370490000322,0.0,4.913580513881441
7,7,0.2626855934944285,2.50442807088549,0.0,0.0,2.2417424773910613,0.0,4.38
8,7,1.0311960096318906,3.792012163202953,0.0,0.0,2.7608161535710627,0.0,4.38
9,7,1.7406243975126332,3.5178650157838884,0.0,0.0,1.7772406182712552,0.0,4.38
10,7,3.01572959850981,2.4198242122824194,0.5959053862273906,0.0,0.0,0.0,4.38
11,7,4.267408916996966,2.8923339383972957,1.3750749785996703,0.0,0.0,0.0,4.955630412936007
12,7,4.625502191685743,0.8457624429223745,3.7797397487633684,0.0,0.0,0.0,6.283928699305553
13,7,4.58930733958468,1.0482624429223744,3.5410448966623056,0.0,0.0,0.0,9.935145492130294
14,7,4.098242583247436,0.8077624429223745,3.2904801403250614,0.0,0.0,0.0,13.355924308342184
15,7,3.619188900995187,0.8482624429223744,2.770926458072813,0.0,0.0,0.0,16.534770737748527
16,7,2.799103728976188,0.9697624429223742,1.8293412860538139,0.0,0.0,0.0,19.211785732695795
17,7,1.850641664070278,0.9312624429223744,0.9193792211479037,0.0,0.0,0.0,20.97918072121343
18,7,0.7773800677028199,0.9541624429223744,0.0,0.17678237521955453,0.0,0.0,21.86744500936647
19,7,0.2250593278586425,1.9586343650852032,0.0,1.7335750372265606,0.0,0.0,21.659830195700327
20,7,0.0006401061255827,2.784197928118338,0.0,2.7835578219927553,0.0,0.0,19.623900146505715
21,7,0.0,1.637017716411802,0.0,1.637017716411802,0.0,0.0,16.354796892680895
22,7,0.0,0.6526624429223744,0.0,0.6526624429223744,0.0,0.0,14.432170455588906
23,7,0.0,0.8011624429223745,0.0,0.8011624429223745,0.0,0.0,13.665625058685649
0,7,0.0,0.4882624429223744,0.0,0.4882624429223744,0.0,0.0,12.724661247776124
1,7,0.0,0.4657624429223744,0.0,0.4657624429223744,0.0,0.0,12.151192915554619
2,7,0.0,0.6277624429223744,0.0,0.6277624429223744,0.0,0.0,11.604148118631375
3,7,0.0,0.6187624429223744,0.0,0.6187624429223744,0.0,0.0,10.866828221020977
4,7,0.0,0.6097624429223745,0.0,0.6097624429223745,0.0,0.0,10.140074049345836
5,7,0.0,0.5827624429223743,0.0,0.5827624429223743,0.0,0.0,9.423885817866392
6,7,0.011142706464584,0.5827624429223743,0.0,0.5716197364577903,0.0,0.0,8.739405534461214
7,7,0.2275549274250657,0.6097624429223745,0.0,0.3822075154973088,0.0,0.0,8.068008599930629
8,7,0.5952497446138795,1.728091884878424,0.0,1.1328421402645446,0.0,0.0,7.61908332253912
9,7,0.8278637963204851,1.4457735182072595,0.0,0.6179097218867744,0.0,0.0,6.288487862353181
10,7,1.968018232972951,0.8007624429223744,1.1672557900505764,0.0,0.0,0.0,5.562704484181813
11,7,3.1281902771759427,0.8592624429223743,2.268927834253568,0.0,0.0,0.0,6.690637808855923
12,7,4.462467505791028,3.359052594156282,1.1034149116347458,0.0,0.0,0.0,8.883157914857044
13,7,4.474149145974775,2.864118416740126,1.6100307292346492,0.0,0.0,0.0,9.949440858665294
14,7,4.240621301619396,0.8277624429223746,3.4128588586970214,0.0,0.0,0.0,11.505309716520534
15,7,3.5640108628354494,0.8592624429223743,2.7047484199130754,0.0,0.0,0.0,14.803416800922436
16,7,2.767507045354629,0.8817624429223744,1.8857446024322546,0.0,0.0,0.0,17.417319477429313
17,7,1.7822198899240054,0.9447624429223744,0.8374574470016309,0.0,0.0,0.0,19.239780218102958
18,7,0.7802656484527343,2.969681956609477,0.0,2.189416308156743,0.0,0.0,20.049149953551186
19,7,0.2533663302890958,3.3512376127945647,0.0,3.097871282505469,0.0,0.0,17.477072570908835
20,7,0.00052951668195,0.9766624429223744,0.0,0.9761329262404244,0.0,0.0,13.837675941525678
21,7,0.0,0.9406624429223744,0.0,0.9406624429223744,0.0,0.0,12.690870856265196
22,7,0.0,0.9136624429223744,0.0,0.9136624429223744,0.0,0.0,11.585726368900039
23,7,0.0,0.7111624429223744,0.0,0.7111624429223744,0.0,0.0,10.512292059828503
0,8,0.0,0.5917624429223743,0.0,0.5917624429223743,0.0,0.0,9.676760562115948
1,8,0.0,0.7312624429223744,0.0,0.7312624429223744,0.0,0.0,8.981504522593177
2,8,0.0,0.5242624429223743,0.0,0.5242624429223743,0.0,0.0,8.122345737929239
3,8,0.0,0.4972624429223744,0.0,0.4972624429223744,0.0,0.0,7.506385942465897
4,8,0.0,1.919357969710599,0.0,1.919357969710599,0.0,0.0,6.922145314873652
5,8,0.0,2.4805385176009755,0.0,0.24431144288749007,2.2362270747134856,0.0,4.667052488172164
6,8,0.0110269343945331,2.404628996971044,0.0,0.0,2.393602062576511,0.0,4.38
7,8,0.3576564872592808,3.5297543657243775,0.0,0.0,3.1720978784650966,0.0,4.38
8,8,1.3432160513107188,4.418521621215554,0.0,0.0,3.075305569904835,0.0,4.38
9,8,2.271077232756761,4.181715143512111,0.0,0.0,1.9106379107553502,0.0,4.38
10,8,3.2216388196308103,3.816319099227888,0.0,0.0,0.5946802795970778,0.0,4.38
11,8,4.004663005539637,2.679808474009188,1.3248545315304492,0.0,0.0,0.0,4.38
12,8,4.049004732043618,2.638616623026796,1.410388109016822,0.0,0.0,0.0,5.660617230251812
13,8,4.0126644354903584,3.9464508592118097,0.06621357627854874,0.0,0.0,0.0,7.023931685612071
14,8,3.530798927237861,1.8433221501672352,1.6874767770706258,0.0,0.0,0.0,7.087936273815567
15,8,2.968065530537032,2.0610145877218606,0.9070509428151712,0.0,0.0,0.0,8.71911737074023
16,8,2.1792331162460776,0.9222624429223742,1.2569706733237034,0.0,0.0,0.0,9.595924401326336
17,8,1.5708698174203273,1.0842624429223744,0.4866073744979529,0.0,0.0,0.0,10.810995730310992
18,8,0.7411746979861911,1.0846624429223743,0.0,0.3434877449361833,0.0,0.0,11.281389164102317
19,8,0.239773890374515,5.4414282531755624,0.0,5.201654362801047,0.0,0.0,10.877777577744627
20,8,0.0005262614187472,3.4345134640136106,0.0,0.32814511183994205,3.1058420907549213,0.0,4.765606642677241
21,8,0.0,1.5162900131129315,0.0,0.0,1.5162900131129315,0.0,4.38
22,8,0.0,1.559524860194936,0.0,0.0,1.559524860194936,0.0,4.38
23,8,0.0,1.4819856107878362,0.0,0.0,1.4819856107878362,0.0,4.38
0,8,0.0,1.0527273302622686,0.0,0.0,1.0527273302622686,0.0,4.38
1,8,0.0,0.7537624429223744,0.0,0.0,0.7537624429223744,0.0,4.38
2,8,0.0,0.7132624429223744,0.0,0.0,0.7132624429223744,0.0,4.38
3,8,0.0,0.5152624429223743,0.0,0.0,0.5152624429223743,0.0,4.38
4,8,0.0,1.9107338594318088,0.0,0.0,1.9107338594318088,0.0,4.38
5,8,0.0,0.5017624429223744,0.0,0.0,0.5017624429223744,0.0,4.38
6,8,0.011013576078758,0.5332624429223745,0.0,0.0,0.5222488668436165,0.0,4.38
7,8,0.3393846888561536,0.5872624429223744,0.0,0.0,0.2478777540662208,0.0,4.38
8,8,1.3174304088653468,2.29372820703229,0.0,0.0,0.9762977981669434,0.0,4.38
9,8,2.307006812221565,4.329951773907932,0.0,0.0,2.022944961686367,0.0,4.38
10,8,3.244381972904778,3.290166463794954,0.0,0.0,0.04578449089017633,0.0,4.38
11,8,4.086229007004861,2.926895184568875,1.1593338224359861,0.0,0.0,0.0,4.38
12,8,4.558421635614074,1.2597624429223742,3.2986591926917,0.0,0.0,0.0,5.5007818979988405
13,8,4.5652307920451936,1.3092624429223745,3.255968349122819,0.0,0.0,0.0,8.689789285761224
14,8,3.859621539032668,1.8357612670343548,2.023860271998313,0.0,0.0,0.0,11.837637857425314
15,8,3.5383951516201195,1.833873980281348,1.7045211713387716,0.0,0.0,0.0,13.79436181493553
16,8,2.7972861053326716,1.2012624429223744,1.5960236624102973,0.0,0.0,0.0,15.442376194103225
17,8,1.741763050691502,1.2237624429223743,0.5180006077691277,0.0,0.0,0.0,16.985518487259544
18,8,0.6996898768250286,3.806386500885089,0.0,3.10669662406006,0.0,0.0,17.48636477232933
19,8,0.1852868034663153,1.3906624429223746,0.0,1.2053756394560593,0.0,0.0,13.835102787855295
20,8,0.0004109405020032,1.1251624429223743,0.0,1.1247515024203711,0.0,0.0,12.418391886449415
21,8,0.0,1.0711624429223745,0.0,1.0711624429223745,0.0,0.0,11.096423402097873
22,8,0.0,2.6694305547549533,0.0,2.6694305547549533,0.0,0.0,9.837425025323352
23,8,0.0,0.9901624429223744,0.0,0.9901624429223744,0.0,0.0,6.699854326371297
0,8,0.0,0.9877624429223746,0.0,0.9834909213349773,0.004271521587397298,0.0,5.536012519237976
1,8,0.0,0.7222624429223744,0.0,0.0,0.7222624429223744,0.0,4.38
2,8,0.0,0.8527624429223744,0.0,0.0,0.8527624429223744,0.0,4.38
3,8,0.0,0.8302624429223744,0.0,0.0,0.8302624429223744,0.0,4.38
4,8,0.0,2.799152793148287,0.0,0.0,2.799152793148287,0.0,4.38
5,8,0.0,2.306974711973565,0.0,0.0,2.306974711973565,0.0,4.38
6,8,0.0109289734121824,2.603453893634779,0.0,0.0,2.592524920222597,0.0,4.38
7,8,0.3635934532471267,2.6918649281286835,0.0,0.0,2.3282714748815567,0.0,4.38
8,8,1.4226904768680613,2.5794665496425337,0.0,0.0,1.1567760727744725,0.0,4.38
9,8,2.595310093178688,1.0282624429223746,1.5670476502563133,0.0,0.0,0.0,4.38
10,8,3.554133762170272,0.9807624429223744,2.5733713192478977,0.0,0.0,0.0,5.895344983037724
11,8,4.207341095083291,1.0482624429223746,3.1590786521609164,0.0,0.0,0.0,8.383853735831114
12,8,4.560078000894783,2.426034479717085,2.1340435211776976,0.0,0.0,0.0,11.438840358905562
13,8,4.619575740822175,2.43670926128297,2.1828664795392054,0.0,0.0,0.0,13.502637810334035
14,8,4.2446462122508875,1.1857624429223743,3.058883769328513,0.0,0.0,0.0,15.613700131751797
15,8,3.430288489262639,5.3041957522641265,0.0,1.8739072630014877,0.0,0.0,18.57203390477419
16,8,2.7676158552246903,4.626625030326851,0.0,1.8590091751021607,0.0,0.0,16.369035108761075
17,8,1.8634511691227775,2.900294104927802,0.0,1.0368429358050246,0.0,0.0,14.183506211851002
18,8,0.765864242165562,2.0686624429223746,0.0,1.3027982007568126,0.0,0.0,12.964525658635276
19,8,0.1909602742907379,4.050491146125443,0.0,3.8595308718347057,0.0,0.0,11.432853374921816
20,8,0.0005104191378269,3.805476582796268,0.0,2.1392568133026493,1.665709350355792,0.0,6.895220256304764
21,8,0.0,4.0076753708853,0.0,0.0,4.0076753708853,0.0,4.38
22,8,0.0,2.360151959843941,0.0,0.0,2.360151959843941,0.0,4.38
23,8,0.0,1.5105317944901642,0.0,0.0,1.5105317944901642,0.0,4.38
0,8,0.0,1.468632428251432,0.0,0.0,1.468632428251432,0.0,4.38
1,8,0.0,1.09115221797938,0.0,0.0,1.09115221797938,0.0,4.38
2,8,0.0,0.7042624429223743,0.0,0.0,0.7042624429223743,0.0,4.38
3,8,0.0,0.8977624429223744,0.0,0.0,0.8977624429223744,0.0,4.38
4,8,0.0,0.8212624429223744,0.0,0.0,0.8212624429223744,0.0,4.38
5,8,0.0,3.1052912745457073,0.0,0.0,3.1052912745457073,0.0,4.38
6,8,0.0109779539033578,0.7492624429223744,0.0,0.0,0.7382844890190167,0.0,4.38
7,8,0.3844180403405617,5.554465590266022,0.0,0.0,5.17004754992546,0.0,4.38
8,8,1.4878100294522756,1.5307624429223743,0.0,0.0,0.042952413470098705,0.0,4.38
9,8,2.6587207878796097,0.9402624429223744,1.7184583449572353,0.0,0.0,0.0,4.38
10,8,3.620060223826127,1.2192624429223744,2.4007977809037526,0.0,0.0,0.0,6.042243722208758
11,8,4.282780113645636,1.585468162568343,2.6973119510772925,0.0,0.0,0.0,8.364549453960242
12,8,4.636233376057673,1.7918444636752189,2.844388912382454,0.0,0.0,0.0,10.973743240337356
13,8,4.6698325518632435,2.0179432895395624,2.651889262323681,0.0,0.0,0.0,13.725289911206465
14,8,4.406197685970549,1.8907418393344653,2.515455846636084,0.0,0.0,0.0,16.290699622249488
15,8,3.8407337000702753,1.987612420540127,1.8531212795301482,0.0,0.0,0.0,18.724195314525083
16,8,3.0079610878540817,1.3812624429223743,1.6266986449317073,0.0,0.0,0.0,20.516986116768887
17,8,1.9506123326193583,1.2802624429223746,0.6703498896969837,0.0,0.0,0.0,22.0907574711213
18,8,0.7864048017749055,2.1271624429223746,0.0,1.340757641147469,0.0,0.0,22.73930791696932
19,8,0.1715165511552673,3.7226084621380338,0.0,3.5510919109827666,0.0,0.0,21.162556663988592
20,8,0.00051020212028,3.0805892845910416,0.0,3.080079082470762,0.0,0.0,16.9863579575874
21,8,0.0,2.3298842630768513,0.0,2.3298842630768513,0.0,0.0,13.363945536330347
22,8,0.0,2.3911297547781976,0.0,2.3911297547781976,0.0,0.0,10.623728672869834
23,8,0.0,1.2286624429223745,0.0,1.2286624429223745,0.0,0.0,7.811408615600003
0,8,0.0,0.8212624429223744,0.0,0.8212624429223744,0.0,0.0,6.36628337249113
1,8,0.0,0.7942624429223742,0.0,0.7942624429223742,0.0,0.0,5.4003199645777515
2,8,0.0,0.9427624429223744,0.0,0.07320557646745024,0.8695568664549242,0.0,4.466105424997705
3,8,0.0,0.9067624429223744,0.0,0.0,0.9067624429223744,0.0,4.38
4,8,0.0,0.8392624429223743,0.0,0.0,0.8392624429223743,0.0,4.38
5,8,0.0,0.8392624429223743,0.0,0.0,0.8392624429223743,0.0,4.38
6,8,0.0054495474202981,2.6963019240553248,0.0,0.0,2.6908523766350267,0.0,4.38
7,8,0.3617778433104022,2.5291607611976525,0.0,0.0,2.1673829178872506,0.0,4.38
8,8,1.4422201601313824,4.06584621031199,0.0,0.0,2.623626050180607,0.0,4.38
9,8,2.5969713729962853,2.845423574111617,0.0,0.0,0.24845220111533184,0.0,4.38
10,8,3.555483304622993,3.150730498784711,0.40475280583828166,0.0,0.0,0.0,4.38
11,8,4.22497104906592,3.111320287574556,1.1136507614913644,0.0,0.0,0.0,4.771659845609876
12,8,4.586103622455813,3.088431782601866,1.4976718398539468,0.0,0.0,0.0,5.849290934941375
13,8,4.625337981055728,3.0416404576037857,1.5836975234519426,0.0,0.0,0.0,7.298539979233441
14,8,4.355101388612634,5.576964514925521,0.0,1.2218631263128872,0.0,0.0,8.831058305644843
15,8,3.783624958540209,3.597454180794147,0.18617077774606194,0.0,0.0,0.0,7.393812663035987
16,8,2.9079834624621963,4.111813379156104,0.0,1.2038299166939073,0.0,0.0,7.573972597884083
17,8,1.7172980572045942,4.003823499003736,0.0,1.511439443375473,0.7750859984236684,0.0,6.157917242974675
18,8,0.7825948701358699,3.931855746812576,0.0,0.0,3.149260876676706,0.0,4.38
19,8,0.1748682763140912,5.718953851013018,0.0,0.0,5.5440855746989275,0.0,4.38
20,8,0.0005099851027332,4.289578456855786,0.0,0.0,4.289068471753053,0.0,4.38
21,8,0.0,3.580910398612943,0.0,0.0,3.580910398612943,0.0,4.38
22,8,0.0,2.579020420200715,0.0,0.0,2.579020420200715,0.0,4.38
23,8,0.0,2.2786365884944564,0.0,0.0,2.2786365884944564,0.0,4.38
0,8,0.0,1.0462624429223744,0.0,0.0,1.0462624429223744,0.0,4.38
1,8,0.0,0.8077624429223745,0.0,0.0,0.8077624429223745,0.0,4.38
2,8,0.0,0.9427624429223744,0.0,0.0,0.9427624429223744,0.0,4.38
3,8,0.0,0.8977624429223744,0.0,0.0,0.8977624429223744,0.0,4.38
4,8,0.0,0.6817624429223743,0.0,0.0,0.6817624429223743,0.0,4.38
5,8,0.0,0.8752624429223744,0.0,0.0,0.8752624429223744,0.0,4.38
6,8,0.0054250571747104,0.6997624429223744,0.0,0.0,0.694337385747664,0.0,4.38
7,8,0.3605285086682857,0.7492624429223743,0.0,0.0,0.38873393425408864,0.0,4.38
8,8,1.4223383643624747,3.925946707697672,0.0,0.0,2.5036083433351974,0.0,4.38
9,8,2.5620207049990213,2.939469883750661,0.0,0.0,0.37744917875163964,0.0,4.38
10,8,3.5101649987336168,3.220599913675944,0.289565085057673,0.0,0.0,0.0,4.38
11,8,4.184960900622981,3.1373904195932454,1.0475704810297355,0.0,0.0,0.0,4.66022483067582
12,8,4.500136661432881,1.627744485418591,2.8723921760142903,0.0,0.0,0.0,5.674007918523338
13,8,4.494383388338597,2.992690225629932,1.5016931627086647,0.0,0.0,0.0,8.45378825061758
14,8,4.204174132536923,2.9944204227786457,1.2097537097582771,0.0,0.0,0.0,9.907109177277068
15,8,3.620112694969111,3.1822492527080097,0.4378634422611012,0.0,0.0,0.0,11.077913686991613
16,8,2.6945619235902964,2.919077185706831,0.0,0.2245152621165345,0.0,0.0,11.501685270297928
17,8,1.5964147787483072,1.6341381512547215,0.0,0.03772337250641433,0.0,0.0,11.2375608244834
18,8,0.6700568768707552,2.6672003596576332,0.0,1.997143482786878,0.0,0.0,11.193182152322231
19,8,0.1654157278962593,3.196136260075085,0.0,3.030720532178826,0.0,0.0,8.843694118931468
20,8,0.0003072946386902,3.763757783701681,0.0,0.763461205788291,2.9999892832747,0.0,5.278203448226173
21,8,0.0,1.282662442922374,0.0,0.0,1.282662442922374,0.0,4.38
22,8,0.0,2.1292868860486163,0.0,0.0,2.1292868860486163,0.0,4.38
23,8,0.0,2.1755299789517752,0.0,0.0,2.1755299789517752,0.0,4.38
0,8,0.0,1.9971823384809777,0.0,0.0,1.9971823384809777,0.0,4.38
1,8,0.0,0.7852624429223745,0.0,0.0,0.7852624429223745,0.0,4.38
2,8,0.0,0.9292624429223744,0.0,0.0,0.9292624429223744,0.0,4.38
3,8,0.0,0.7177624429223743,0.0,0.0,0.7177624429223743,0.0,4.38
4,8,0.0,2.6410243019914468,0.0,0.0,2.6410243019914468,0.0,4.38
5,8,0.0,0.6772624429223744,0.0,0.0,0.6772624429223744,0.0,4.38
6,8,0.0054428682624105,2.786919543431804,0.0,0.0,2.781476675169394,0.0,4.38
7,8,0.3594800327090628,3.0154783475706255,0.0,0.0,2.655998314861563,0.0,4.38
8,8,1.4299937130291471,4.249172518658567,0.0,0.0,2.81917880562942,0.0,4.38
9,8,2.5856365477848837,5.118208067708596,0.0,0.0,2.5325715199237124,0.0,4.38
10,8,3.553169464737993,2.5785019641452673,0.9746675005927257,0.0,0.0,0.0,4.38
11,8,4.228136475305565,3.750635944056859,0.47750053124870595,0.0,0.0,0.0,5.323366226210549
12,8,4.584623567426906,4.677219849536954,0.0,0.09259628211004767,0.0,0.0,5.785536817052967
13,8,4.58277800899034,2.4315235613533632,2.151254447636977,0.0,0.0,0.0,5.67659571344494
14,8,4.003266787567501,1.1967624429223744,2.8065043446451265,0.0,0.0,0.0,7.75879802679813
15,8,3.1168724742858287,1.3252624429223745,1.7916100313634542,0.0,0.0,0.0,10.475281299505633
16,8,2.4287645373414684,1.2102624429223745,1.2185020944190939,0.0,0.0,0.0,12.209476873169354
17,8,1.7414891081035946,1.1697624429223743,0.5717266651812203,0.0,0.0,0.0,13.388953504024817
18,8,0.6997333228227469,1.2061624429223743,0.0,0.5064291200996274,0.0,0.0,13.942376589153017
19,8,0.1733331537404222,1.1791624429223744,0.0,1.0058292891819522,0.0,0.0,13.34649809397914
20,8,0.0003078154808027,1.3186624429223746,0.0,1.3183546274415718,0.0,0.0,12.163005035032374
21,8,0.0,1.0981624429223746,0.0,1.0981624429223746,0.0,0.0,10.611767009729666
22,8,0.0,1.0621624429223744,0.0,1.0621624429223744,0.0,0.0,9.31959890844337
23,8,0.0,1.0126624429223745,0.0,1.0126624429223745,0.0,0.0,8.06977576135177
0,8,0.0,0.8257624429223744,0.0,0.8257624429223744,0.0,0.0,6.878184390964154
1,8,0.0,0.7807624429223744,0.0,0.7807624429223744,0.0,0.0,5.906505961473664
2,8,0.0,0.7357624429223745,0.0,0.516493574081833,0.21926886884054142,0.0,4.98777097524401
3,8,0.0,0.7042624429223743,0.0,0.0,0.7042624429223743,0.0,4.38
4,8,0.0,0.6682624429223745,0.0,0.0,0.6682624429223745,0.0,4.38
5,8,0.0,0.6682624429223745,0.0,0.0,0.6682624429223745,0.0,4.38
6,8,0.0054384154904855,2.888282330762352,0.0,0.0,2.8828439152718666,0.0,4.38
7,8,0.3545163624256963,2.2613639839292263,0.0,0.0,1.90684762150353,0.0,4.38
8,8,1.4348480173981222,4.301844971255938,0.0,0.0,2.8669969538578157,0.0,4.38
9,8,2.594568929258338,4.634222589496391,0.0,0.0,2.0396536602380526,0.0,4.38
10,8,3.57157504108611,3.732203555652789,0.0,0.0,0.16062851456667904,0.0,4.38
11,8,4.2511384819997,3.200149256954474,1.050989225045226,0.0,0.0,0.0,4.38
12,8,4.602696417028455,1.0102624429223743,3.592433974106081,0.0,0.0,0.0,5.397438633237208
13,8,4.627233701447621,1.848999071967301,2.77823462948032,0.0,0.0,0.0,8.875231611970328
14,8,4.3445649968799005,1.1137624429223745,3.230802553957526,0.0,0.0,0.0,11.564913032480522
15,8,3.3549102049199004,1.3677624429223745,1.987147761997526,0.0,0.0,0.0,14.692831909179052
16,8,2.3652324869597035,3.5512546948209645,0.0,1.186022207861261,0.0,0.0,16.616767405185144
17,8,1.723656141875688,3.31726143130144,0.0,1.5936052894257522,0.0,0.0,15.220945268574903
18,8,0.6390869438455761,5.911806121118128,0.0,5.272719177272553,0.0,0.0,13.345416918375065
19,8,0.1630596844472293,6.020300759543453,0.0,2.344779780245015,3.5124612948512084,0.0,7.139798740411561
20,8,0.0158171162921104,5.61466828068432,0.0,0.0,5.59885116439221,0.0,4.38
21,8,0.0,1.2646624429223745,0.0,0.0,1.2646624429223745,0.0,4.38
22,8,0.0,1.1791624429223744,0.0,0.0,1.1791624429223744,0.0,4.38
23,8,0.0,1.1026624429223744,0.0,0.0,1.1026624429223744,0.0,4.38
0,8,0.0,0.7582624429223744,0.0,0.0,0.7582624429223744,0.0,4.38
1,8,0.0,0.8932624429223744,0.0,0.0,0.8932624429223744,0.0,4.38
2,8,0.0,3.0460885381170075,0.0,0.0,3.0460885381170075,0.0,4.38
3,8,0.0,2.7938071366919903,0.0,0.0,2.7938071366919903,0.0,4.38
4,8,0.0,2.510888568938698,0.0,0.0,2.510888568938698,0.0,4.38
5,8,0.0,0.8347624429223744,0.0,0.0,0.8347624429223744,0.0,4.38
6,8,0.0054629057360732,2.6213781687548603,0.0,0.0,2.615915263018787,0.0,4.38
7,8,0.2403730123292392,2.9444591049701496,0.0,0.0,2.7040860926409103,0.0,4.38
8,8,0.8315977490157253,3.6198565586950946,0.0,0.0,2.7882588096793692,0.0,4.38
9,8,0.9745699833906148,4.0146378126305615,0.0,0.0,3.0400678292399466,0.0,4.38
10,8,1.3149717368093206,2.8780006859366924,0.0,0.0,1.563028949127372,0.0,4.38
11,8,2.1476453889146403,2.5654332873655563,0.0,0.0,0.417787898450916,0.0,4.38
12,8,2.273017209129567,0.7242624429223743,1.5487547662071925,0.0,0.0,0.0,4.38
13,8,2.400671948103774,3.515489102984689,0.0,1.1148171548809147,0.0,0.0,5.879690307264269
14,8,3.108326872554682,4.1295038328272105,0.0,0.159293519225043,0.8618834410474853,0.0,4.567498221345005
15,8,2.436622899982113,1.4550559581452456,0.9815669418368675,0.0,0.0,0.0,4.38
16,8,1.387951839029815,0.8862624429223743,0.5016893961074406,0.0,0.0,0.0,5.330500186889348
17,8,1.0212035896746234,0.8682624429223744,0.152941146752249,0.0,0.0,0.0,5.816316225814451
18,8,0.5674434508992588,2.8954861800290357,0.0,1.3460541897366516,0.9819885393931254,0.0,5.964419153142086
19,8,0.1851237812859068,0.9091624429223744,0.0,0.0,0.7240386616364676,0.0,4.38
20,8,0.0107686736228811,1.6411624429223743,0.0,0.0,1.6303937692994932,0.0,4.38
21,8,0.0,2.8117025982055717,0.0,0.0,2.8117025982055717,0.0,4.38
22,8,0.0,4.508393178969178,0.0,0.0,4.508393178969178,0.0,4.38
23,8,0.0,0.8911624429223743,0.0,0.0,0.8911624429223743,0.0,4.38
0,8,0.0,0.6052624429223744,0.0,0.0,0.6052624429223744,0.0,4.38
1,8,0.0,0.7672624429223744,0.0,0.0,0.7672624429223744,0.0,4.38
2,8,0.0,0.5602624429223744,0.0,0.0,0.5602624429223744,0.0,4.38
3,8,0.0,1.8657678965858648,0.0,0.0,1.8657678965858648,0.0,4.38
4,8,0.0,0.4837624429223743,0.0,0.0,0.4837624429223743,0.0,4.38
5,8,0.0,0.4432624429223745,0.0,0.0,0.4432624429223745,0.0,4.38
6,8,0.0,0.4522624429223744,0.0,0.0,0.4522624429223744,0.0,4.38
7,8,0.1471795564691813,1.8322764397839977,0.0,0.0,1.6850968833148163,0.0,4.38
8,8,0.6475107154531233,4.2239918796908515,0.0,0.0,3.576481164237728,0.0,4.38
9,8,0.9953284017519208,1.3867624429223744,0.0,0.0,0.39143404117045355,0.0,4.38
10,8,2.12757619758868,0.6592624429223743,1.4683137546663056,0.0,0.0,0.0,4.38
11,8,2.8429312167599674,1.5832073458885332,1.2597238708714342,0.0,0.0,0.0,5.801887575603352
12,8,3.651719918802383,2.870385852968809,0.7813340658335739,0.0,0.0,0.0,7.021800122323231
13,8,4.277118362940498,3.4924723287090944,0.7846460342314034,0.0,0.0,0.0,7.778451903545741
14,8,4.292080780578592,3.1901831525713433,1.101897628007249,0.0,0.0,0.0,8.538317496215551
15,8,3.669619993151243,0.9312624429223744,2.7383575502288684,0.0,0.0,0.0,9.605424465365806
16,8,2.967972467094611,0.7647624429223745,2.2032100241722365,0.0,0.0,0.0,12.257354581256592
17,8,1.7995282919444462,0.8052624429223746,0.9942658490220716,0.0,0.0,0.0,14.391091033699055
18,8,0.756072446953858,4.708011789594969,0.0,3.951939342641111,0.0,0.0,15.35402792412464
19,8,0.2294435160308678,4.087739308037574,0.0,3.8582957920067065,0.0,0.0,10.701619937912415
20,8,0.0109200678683323,1.6681624429223745,0.0,1.5112434591900799,0.1459989158639623,0.0,6.159257944400818
21,8,0.0,2.1469312149240314,0.0,0.0,2.1469312149240314,0.0,4.38
22,8,0.0,1.7938546451371764,0.0,0.0,1.7938546451371764,0.0,4.38
23,8,0.0,0.6706624429223744,0.0,0.0,0.6706624429223744,0.0,4.38
0,8,0.0,0.5467624429223743,0.0,0.0,0.5467624429223743,0.0,4.38
1,8,0.0,2.682772280308397,0.0,0.0,2.682772280308397,0.0,4.38
2,8,0.0,0.6097624429223745,0.0,0.0,0.6097624429223745,0.0,4.38
3,8,0.0,2.1593750691297475,0.0,0.0,2.1593750691297475,0.0,4.38
4,8,0.0,0.3667624429223743,0.0,0.0,0.3667624429223743,0.0,4.38
5,8,0.0,0.3577624429223743,0.0,0.0,0.3577624429223743,0.0,4.38
6,8,0.0,0.3352624429223744,0.0,0.0,0.3352624429223744,0.0,4.38
7,8,0.1797639332988787,0.3397624429223744,0.0,0.0,0.1599985096234957,0.0,4.38
8,8,0.6012289757858408,3.5446308409297043,0.0,0.0,2.9434018651438634,0.0,4.38
9,8,0.9511683255164192,0.4317624429223743,0.5194058825940449,0.0,0.0,0.0,4.38
10,8,1.5194084665765166,2.596615802614467,0.0,0.42730393335205996,0.6499034026858902,0.0,4.883096133065559
11,8,3.283908597866082,2.8232157016753714,0.4606928961907104,0.0,0.0,0.0,4.38
12,8,4.032183787655989,2.8158861162031785,1.2162976714528106,0.0,0.0,0.0,4.826231383295253
13,8,4.26559797851063,3.266342253633032,0.9992557248775982,0.0,0.0,0.0,6.004354426756564
14,8,3.997733898670596,1.9803392577933443,2.0173946408772516,0.0,0.0,0.0,6.972260413817103
15,8,3.7217731728534993,1.9618016652492751,1.7599715076042242,0.0,0.0,0.0,8.926384432250007
16,8,2.7481815849160673,1.889124941825278,0.8590566430907893,0.0,0.0,0.0,10.631196237422536
17,8,1.864055569010552,2.177840085855017,0.0,0.31378451684446507,0.0,0.0,11.463344932771816
18,8,0.5546540207056525,2.570044579218906,0.0,2.0153905585132534,0.0,0.0,11.093872340755134
19,8,0.173562774190114,2.785710156585595,0.0,2.612147382395481,0.0,0.0,8.720797572007353
20,8,0.0055386028587988,6.037080837552491,0.0,1.0742673295217804,4.957274905171912,0.0,5.644988190472876
21,8,0.0,3.047799837900901,0.0,0.0,3.047799837900901,0.0,4.38
22,8,0.0,3.4272684578683417,0.0,0.0,3.4272684578683417,0.0,4.38
23,8,0.0,2.898214817747712,0.0,0.0,2.898214817747712,0.0,4.38
0,8,0.0,0.3892624429223743,0.0,0.0,0.3892624429223743,0.0,4.38
1,8,0.0,0.3982624429223744,0.0,0.0,0.3982624429223744,0.0,4.38
2,8,0.0,0.3892624429223743,0.0,0.0,0.3892624429223743,0.0,4.38
3,8,0.0,0.5737624429223744,0.0,0.0,0.5737624429223744,0.0,4.38
4,8,0.0,0.5557624429223744,0.0,0.0,0.5557624429223744,0.0,4.38
5,8,0.0,0.3847624429223744,0.0,0.0,0.3847624429223744,0.0,4.38
6,8,0.0,2.3640635100124063,0.0,0.0,2.3640635100124063,0.0,4.38
7,8,0.1231841367370041,1.2967624429223743,0.0,0.0,1.1735783061853702,0.0,4.38
8,8,0.2948370980923996,2.7421081057002628,0.0,0.0,2.447271007607863,0.0,4.38
9,8,1.3272236996841738,2.868406901758586,0.0,0.0,1.541183202074412,0.0,4.38
10,8,1.7510564325174087,1.8455460574490887,0.0,0.0,0.09448962493168,0.0,4.38
11,8,2.556102991711226,0.6682624429223745,1.8878405487888517,0.0,0.0,0.0,4.38
12,8,3.9189833997453407,0.6027624429223744,3.316220956822966,0.0,0.0,0.0,6.20884534707655
13,8,4.551513304581136,0.5737624429223744,3.9777508616587616,0.0,0.0,0.0,9.421500170060257
14,8,4.2453908941539655,1.203958076040014,3.0414328181139516,0.0,0.0,0.0,13.275164481674512
15,8,3.5950703715487187,1.367603629112526,2.2274667424361927,0.0,0.0,0.0,16.221847077988183
16,8,2.616550040044261,1.2128288370514144,1.4037212029928465,0.0,0.0,0.0,18.379992747377663
17,8,1.3707336712668696,1.2089908932557225,0.16174277801114711,0.0,0.0,0.0,19.740061711586275
18,8,0.7224492394711366,1.3943166404363834,0.0,0.6718674009652468,0.0,0.0,19.896777089145267
19,8,0.174634657813788,1.446757764107899,0.0,1.272123106294111,0.0,0.0,19.105481825830662
20,8,0.005500754297436,0.8371624429223743,0.0,0.8316616886249383,0.0,0.0,17.607221367474423
21,8,0.0,0.8236624429223744,0.0,0.8236624429223744,0.0,0.0,16.62770681069934
22,8,0.0,0.8146624429223743,0.0,0.8146624429223743,0.0,0.0,15.657604811965337
23,8,0.0,0.7966624429223743,0.0,0.7966624429223743,0.0,0.0,14.698094315420231
0,8,0.0,0.4837624429223743,0.0,0.4837624429223743,0.0,0.0,13.75977591030491
1,8,0.0,0.4792624429223743,0.0,0.4792624429223743,0.0,0.0,13.189989861316263
2,8,0.0,0.4612624429223744,0.0,0.4612624429223744,0.0,0.0,12.625501034678182
3,8,0.0,0.4432624429223745,0.0,0.4432624429223745,0.0,0.0,12.082210277629255
4,8,0.0,0.6007624429223745,0.0,0.6007624429223745,0.0,0.0,11.56011791409602
5,8,0.0,0.5737624429223744,0.0,0.5737624429223744,0.0,0.0,10.852512286156134
6,8,0.0,1.4833812246804965,0.0,1.4833812246804965,0.0,0.0,10.176704074013928
7,8,0.292937454858502,0.4297624429223744,0.0,0.13682498806387244,0.0,0.0,8.429487093022967
8,8,1.1509423336358884,1.7990521128033738,0.0,0.6481097791674855,0.0,0.0,8.268323661607251
9,8,1.705651726880038,1.8267833195397092,0.0,0.12113159265967122,0.0,0.0,7.504926907736868
10,8,2.6156624144110547,1.8560793038302297,0.7595831105808251,0.0,0.0,0.0,7.362247193720271
11,8,2.13829787215766,5.929291286371054,0.0,3.1567216094603037,0.6342718047530904,0.0,8.098307096984744
12,8,2.1482867385791367,4.560583986082724,0.0,0.0,2.4122972475035875,0.0,4.38
13,8,4.085839020617836,4.114974604763132,0.0,0.0,0.029135584145295823,0.0,4.38
14,8,3.9278110989790314,4.112828945718614,0.0,0.0,0.18501784673958266,0.0,4.38
15,8,3.539214033977478,2.9275977743196018,0.6116162596578762,0.0,0.0,0.0,4.38
16,8,2.6263059717913,3.4535340545374615,0.0,0.5031628997174152,0.3240651830287461,0.0,4.972700678426984
17,8,1.8528268079717063,3.71071055038645,0.0,0.0,1.8578837424147436,0.0,4.38
18,8,0.7540500545758584,4.474034514307154,0.0,0.0,3.7199844597312954,0.0,4.38
19,8,0.1864783161983489,4.977918687531564,0.0,0.0,4.791440371333215,0.0,4.38
20,8,0.0054695848939607,4.5010490475670935,0.0,0.0,4.495579462673133,0.0,4.38
21,8,0.0,2.3963544989047456,0.0,0.0,2.3963544989047456,0.0,4.38
22,8,0.0,0.6526624429223744,0.0,0.0,0.6526624429223744,0.0,4.38
23,8,0.0,0.7786624429223744,0.0,0.0,0.7786624429223744,0.0,4.38
0,8,0.0,0.4522624429223744,0.0,0.0,0.4522624429223744,0.0,4.38
1,8,0.0,0.4117624429223743,0.0,0.0,0.4117624429223743,0.0,4.38
2,8,0.0,0.5872624429223745,0.0,0.0,0.5872624429223745,0.0,4.38
3,8,0.0,0.5917624429223743,0.0,0.0,0.5917624429223743,0.0,4.38
4,8,0.0,0.4072624429223744,0.0,0.0,0.4072624429223744,0.0,4.38
5,8,0.0,0.5512624429223745,0.0,0.0,0.5512624429223745,0.0,4.38
6,8,0.0,5.293709285154785,0.0,0.0,5.293709285154785,0.0,4.38
7,8,0.0724800126272905,2.6074963214417117,0.0,0.0,2.5350163088144213,0.0,4.38
8,8,0.2936551604693905,2.3107937286048235,0.0,0.0,2.017138568135433,0.0,4.38
9,8,1.0745232267009217,0.6747624429223744,0.3997607837785473,0.0,0.0,0.0,4.38
10,8,1.701856652089754,2.79829619468223,0.0,0.3288749383741924,0.7675646042182835,0.0,4.767402008206562
11,8,2.9712173702634166,1.085911596843184,1.8853057734202325,0.0,0.0,0.0,4.38
12,8,3.803486075465447,2.3026752273758824,1.5008108480895648,0.0,0.0,0.0,6.207035251966111
13,8,4.082630815520001,2.31177004915589,1.7708607663641107,0.0,0.0,0.0,7.66148933733241
14,8,4.148166730234526,1.3595365765429177,2.7886301536916083,0.0,0.0,0.0,9.377680169833422
15,8,3.591190841719768,1.050208138154615,2.5409827035651533,0.0,0.0,0.0,12.080272035502244
16,8,2.828978502140413,2.9957511251945173,0.0,0.16677262305410423,0.0,0.0,14.542932049484843
17,8,1.7368897860339985,3.1913761698873895,0.0,1.454486383853391,0.0,0.0,14.346457158397625
18,8,0.6882397664543369,3.2524692506195483,0.0,2.564229484165211,0.0,0.0,12.632923076827538
19,8,0.1746942181091902,0.8821624429223742,0.0,0.707468224813184,0.0,0.0,9.611949939276615
20,8,0.0054963015255109,1.4161624429223745,0.0,1.4106661413968635,0.0,0.0,8.778443316300871
21,8,0.0,2.380950732596567,0.0,2.3226036592622776,0.058347073334289234,0.0,7.116448331328894
22,8,0.0,2.6689193242667297,0.0,0.0,2.6689193242667297,0.0,4.38
23,8,0.0,2.530568989703878,0.0,0.0,2.530568989703878,0.0,4.38
0,8,0.0,0.4612624429223744,0.0,0.0,0.4612624429223744,0.0,4.38
1,8,0.0,0.4477624429223743,0.0,0.0,0.4477624429223743,0.0,4.38
2,8,0.0,0.6232624429223745,0.0,0.0,0.6232624429223745,0.0,4.38
3,8,0.0,0.4387624429223744,0.0,0.0,0.4387624429223744,0.0,4.38
4,8,0.0,0.6232624429223745,0.0,0.0,0.6232624429223745,0.0,4.38
5,8,0.0,1.4633108595047777,0.0,0.0,1.4633108595047777,0.0,4.38
6,8,0.0,3.7949185435487687,0.0,0.0,3.7949185435487687,0.0,4.38
7,8,0.2051426217936063,2.2283049097208707,0.0,0.0,2.0231622879272644,0.0,4.38
8,8,0.9421393564375206,3.910519913266731,0.0,0.0,2.9683805568292105,0.0,4.38
9,8,1.4895506897046733,3.6490829581255424,0.0,0.0,2.159532268420869,0.0,4.38
10,8,2.559140664440872,3.149738964147814,0.0,0.0,0.5905982997069423,0.0,4.38
11,8,2.382075502538618,2.923436925099226,0.0,0.0,0.5413614225606076,0.0,4.38
12,8,3.497075546102404,2.3892624429223743,1.1078131031800296,0.0,0.0,0.0,4.38
13,8,4.236295663426056,2.0381881300329368,2.198107533393119,0.0,0.0,0.0,5.453796853891141
14,8,4.284711282118454,1.0077624429223744,3.2769488391960793,0.0,0.0,0.0,7.5844355501669805
15,8,3.719432486947854,1.012262442922374,2.70717004402548,0.0,0.0,0.0,10.76087767035715
16,8,2.9301613851330157,0.9607624429223744,1.9693989422106413,0.0,0.0,0.0,13.38511035203403
17,8,1.7911416921853027,0.9132624429223744,0.8778792492629284,0.0,0.0,0.0,15.294230783095054
18,8,0.781747051972679,0.9361624429223744,0.0,0.15441539094969536,0.0,0.0,16.14525856100042
19,8,0.1806299777863939,0.9001624429223742,0.0,0.7195324651359803,0.0,0.0,15.963300537415739
20,8,0.0054339627185605,0.7921624429223744,0.0,0.7867284802038139,0.0,0.0,15.115425691981581
21,8,0.0,0.7561624429223746,0.0,0.7561624429223746,0.0,0.0,14.188361862186413
22,8,0.0,0.9586624429223743,0.0,0.9586624429223743,0.0,0.0,13.2973087448434
23,8,0.0,0.8686624429223744,0.0,0.8686624429223744,0.0,0.0,12.167622642937175
0,8,0.0,0.7132624429223744,0.0,0.7132624429223744,0.0,0.0,11.143981677420983
1,8,0.0,0.5062624429223744,0.0,0.5062624429223744,0.0,0.0,10.303457744823234
2,8,0.0,2.4304588788468537,0.0,2.4304588788468537,0.0,0.0,9.706862461034305
3,8,0.0,2.440804925248463,0.0,2.0897620115077125,0.3510429137407507,0.0,6.842718911043059
4,8,0.0,2.074484615344526,0.0,0.0,2.074484615344526,0.0,4.38
5,8,0.0,0.4657624429223744,0.0,0.0,0.4657624429223744,0.0,4.38
6,8,0.0,0.4702624429223744,0.0,0.0,0.4702624429223744,0.0,4.38
7,8,0.3203112738204626,2.185610776318028,0.0,0.0,1.8652995024975656,0.0,4.38
8,8,1.4000404738069656,2.0399600948860495,0.0,0.0,0.6399196210790838,0.0,4.38
9,8,2.544814675871773,1.4652624429223744,1.0795522329493985,0.0,0.0,0.0,4.38
10,8,3.346958457272452,0.7692624429223743,2.5776960143500776,0.0,0.0,0.0,5.426656218594826
11,8,3.69435272471962,0.8232624429223745,2.8710902817972457,0.0,0.0,0.0,7.925834347801904
12,8,3.864392395013402,0.8592624429223743,3.0051299520910275,0.0,0.0,0.0,10.709548073167685
13,8,4.651261129113326,0.8772624429223743,3.773998686190952,0.0,0.0,0.0,13.623313453326588
14,8,3.7958806636921913,2.0709011581320205,1.7249795055601709,0.0,0.0,0.0,17.28269169976897
15,8,3.0682079956332067,0.7582624429223744,2.309945552710832,0.0,0.0,0.0,18.95535056027113
16,8,2.410833656011626,0.9942624429223744,1.4165712130892518,0.0,0.0,0.0,21.19527491116461
17,8,1.653023875148909,0.8187624429223743,0.3310827101302746,0.0,0.0,0.50317872209626,22.56894032340937
18,8,0.2615114826440308,0.7021624429223743,0.0,0.4406509602783435,0.0,0.0,22.89
19,8,0.1686500307909954,0.7156624429223744,0.0,0.547012412131379,0.0,0.0,22.370586698289152
20,8,0.0054784904378108,0.7021624429223743,0.0,0.6966839524845635,0.0,0.0,21.725797705470853
21,8,0.0,2.962042695136036,0.0,2.962042695136036,0.0,0.0,20.904579000568017
22,8,0.0,1.6874921027466767,0.0,1.6874921027466767,0.0,0.0,17.41303402581014
23,8,0.0,1.8185091101251925,0.0,1.8185091101251925,0.0,0.0,15.423817268471097
0,8,0.0,1.911723535577162,0.0,1.911723535577162,0.0,0.0,13.280118115417569
1,8,0.0,0.4657624429223744,0.0,0.4657624429223744,0.0,0.0,11.026491005506234
2,8,0.0,0.4252624429223743,0.0,0.4252624429223743,0.0,0.0,10.477417490785108
3,8,0.0,0.4162624429223743,0.0,0.4162624429223743,0.0,0.0,9.976085676033701
4,8,0.0,1.6453929979272182,0.0,1.6453929979272182,0.0,0.0,9.485361471173663
5,8,0.0,1.4035260707762252,0.0,1.4035260707762252,0.0,0.0,7.545628854653804
6,8,0.0,2.523937180721358,0.0,1.2816749367954416,1.2422622439259163,0.0,5.891000340619034
7,8,0.2412769105183654,2.8458573392335476,0.0,0.0,2.6045804287151824,0.0,4.38
8,8,1.0276358821017213,1.8944210968904895,0.0,0.0,0.8667852147887682,0.0,4.38
9,8,1.7487114349705564,0.6882624429223745,1.0604489920481819,0.0,0.0,0.0,4.38
10,8,2.8311536976204232,1.272003539200132,1.5591501584202911,0.0,0.0,0.0,5.408525377367647
11,8,3.655368323165669,1.0947996375110056,2.5605686856546637,0.0,0.0,0.0,6.920756584825663
12,8,4.080912546095736,1.046333977996002,3.034578568099734,0.0,0.0,0.0,9.404313237590191
13,8,4.325357225054034,2.3116371922573205,2.013720032796714,0.0,0.0,0.0,12.347705617273952
14,8,4.477851682792385,2.0610955473961567,2.416756135396228,0.0,0.0,0.0,14.300979961516724
15,8,3.868946273152269,0.9447624429223744,2.924183830229895,0.0,0.0,0.0,16.645244013717374
16,8,2.8566350906805953,0.9582624429223744,1.898372647758221,0.0,0.0,0.0,19.481789959835435
17,8,1.7863582140770398,0.9942624429223744,0.7920957711546653,0.0,0.0,0.0,21.323327080261436
18,8,0.6470123462951246,3.4591634217763665,0.0,2.8121510754812418,0.0,0.0,22.091724152363785
19,8,0.163910021113991,5.7204041314844805,0.0,5.5564941103704895,0.0,0.0,18.775698171370497
20,8,0.0,4.745124793425541,0.0,4.745124793425541,0.0,0.0,12.223402860198552
21,8,0.0,2.9909522851914643,0.0,1.9057555832474453,1.085196701944019,0.0,6.627546228185995
22,8,0.0,2.4550494484163785,0.0,0.0,2.4550494484163785,0.0,4.38
23,8,0.0,3.40768971047982,0.0,0.0,3.40768971047982,0.0,4.38
0,8,0.0,2.2398559458225997,0.0,0.0,2.2398559458225997,0.0,4.38
1,8,0.0,0.3937624429223744,0.0,0.0,0.3937624429223744,0.0,4.38
2,8,0.0,0.3532624429223744,0.0,0.0,0.3532624429223744,0.0,4.38
3,8,0.0,0.3487624429223744,0.0,0.0,0.3487624429223744,0.0,4.38
4,8,0.0,0.3442624429223743,0.0,0.0,0.3442624429223743,0.0,4.38
5,8,0.0,0.5827624429223743,0.0,0.0,0.5827624429223743,0.0,4.38
6,8,0.0,2.426272753800773,0.0,0.0,2.426272753800773,0.0,4.38
7,8,0.2047395722792796,4.041264332348628,0.0,0.0,3.836524760069348,0.0,4.38
8,8,0.6739897112883375,2.541740380754964,0.0,0.0,1.8677506694666264,0.0,4.38
9,8,2.104693430343433,0.6322624429223744,1.4724309874210586,0.0,0.0,0.0,4.38
10,8,2.5951811765628343,0.5622624429223744,2.03291873364046,0.0,0.0,0.0,5.8086238596852375
11,8,3.5302709831418295,3.397725353757078,0.13254562938475134,0.0,0.0,0.0,7.781091777250576
12,8,3.846882426051905,2.622785085235491,1.2240973408164137,0.0,0.0,0.0,7.909698887084519
13,8,3.810583046958453,3.385537642399915,0.4250454045585381,0.0,0.0,0.0,9.097424575571768
14,8,3.5766306415091433,2.982460600239347,0.5941700412697966,0.0,0.0,0.0,9.509846099789673
15,8,3.219859687280027,0.6187624429223744,2.6010972443576525,0.0,0.0,0.0,10.086371921133567
16,8,2.7209797226225763,0.8727624429223744,1.8482172797002019,0.0,0.0,0.0,12.6102444607426
17,8,1.4655365985784738,0.6072624429223745,0.8582741556560993,0.0,0.0,0.0,14.403640418059954
18,8,0.6766395122496781,2.303911232390253,0.0,1.627271720140575,0.0,0.0,15.236473479331657
19,8,0.152088521215034,1.3216624429223744,0.0,1.1695739217073404,0.0,0.0,13.317081907888628
20,8,0.0,0.7201624429223744,0.0,0.7201624429223744,0.0,0.0,11.93752729700671
21,8,0.0,0.7111624429223744,0.0,0.7111624429223744,0.0,0.0,11.088058883900137
22,8,0.0,0.5131624429223745,0.0,0.5131624429223745,0.0,0.0,10.249199836090375
23,8,0.0,0.4951624429223744,0.0,0.4951624429223744,0.0,0.0,9.643889046043773
0,8,0.0,0.5602624429223744,0.0,0.5602624429223744,0.0,0.0,9.059807235828465
1,8,0.0,0.3667624429223743,0.0,0.3667624429223743,0.0,0.0,8.398931445602164
2,8,0.0,0.5197624429223744,0.0,0.5197624429223744,0.0,0.0,7.966302229001642
3,8,0.0,1.7648142756423686,0.0,1.7648142756423686,0.0,0.0,7.353193326588282
4,8,0.0,1.678611847303693,0.0,0.7556784551370076,0.9229333921666855,0.0,5.2714163574852355
5,8,0.0,0.3352624429223744,0.0,0.0,0.3352624429223744,0.0,4.38
6,8,0.0,0.3307624429223744,0.0,0.0,0.3307624429223744,0.0,4.38
7,8,0.332463257792112,4.198864822350337,0.0,0.0,3.866401564558225,0.0,4.38
8,8,1.515894574014408,5.802767723283273,0.0,0.0,4.286873149268865,0.0,4.38
9,8,2.752667527818823,2.5433094119992643,0.20935811581955877,0.0,0.0,0.0,4.38
10,8,3.7684342539417313,2.392184721952484,1.3762495319892474,0.0,0.0,0.0,4.583174606425022
11,8,4.502748145288028,3.256979416289652,1.2457687289983763,0.0,0.0,0.0,5.918778889097811
12,8,4.586331600971261,3.0367464537245428,1.549585147246718,0.0,0.0,0.0,7.127774067918549
13,8,4.417671574338524,0.7827624429223744,3.6349091314161495,0.0,0.0,0.0,8.631637833805906
14,8,4.162311381549514,0.8502624429223745,3.312048938627139,0.0,0.0,0.0,12.159356607191267
15,8,3.233032221629866,0.8052624429223746,2.4277697787074914,0.0,0.0,0.0,15.373863625234268
16,8,2.197685593306418,0.7152624429223744,1.4824231503840437,0.0,0.0,0.0,17.730219268595096
17,8,1.5608791001906503,0.6817624429223743,0.879116657268276,0.0,0.0,0.0,19.169074296538984
18,8,0.669343313351615,0.7831624429223744,0.0,0.11381912957075935,0.0,0.0,20.02236770119421
19,8,0.1388903557372774,2.6556635987810058,0.0,2.5167732430437284,0.0,0.0,19.888079200752692
20,8,0.0,2.0071181680620542,0.0,2.0071181680620542,0.0,0.0,16.918682702396893
21,8,0.0,1.705478429440221,0.0,1.705478429440221,0.0,0.0,14.550533936958693
22,8,0.0,2.2561580186315098,0.0,2.2561580186315098,0.0,0.0,12.538238288287541
23,8,0.0,0.5806624429223743,0.0,0.5806624429223743,0.0,0.0,9.876145683034602
0,8,0.0,0.6187624429223744,0.0,0.6187624429223744,0.0,0.0,9.190991865488742
1,8,0.0,2.207039316560013,0.0,2.207039316560013,0.0,0.0,8.460877246730664
2,8,0.0,4.232641408327382,0.0,1.2513964228417171,2.981244985485665,0.0,5.856642655820421
3,8,0.0,0.5647624429223744,0.0,0.0,0.5647624429223744,0.0,4.38
4,8,0.0,0.3667624429223743,0.0,0.0,0.3667624429223743,0.0,4.38
5,8,0.0,0.3982624429223744,0.0,0.0,0.3982624429223744,0.0,4.38
6,8,0.0,2.468425593798554,0.0,0.0,2.468425593798554,0.0,4.38
7,8,0.2660202887327837,2.8314742437603466,0.0,0.0,2.565453955027563,0.0,4.38
8,8,1.1338371874051805,0.7132624429223744,0.4205747444828061,0.0,0.0,0.0,4.38
9,8,1.788468959383902,0.8142624429223744,0.9742065164615277,0.0,0.0,0.0,4.788283763907666
10,8,3.0316119034467186,1.238516486681308,1.7930954167654105,0.0,0.0,0.0,5.734024171403798
11,8,3.7865388186503615,0.7242624429223743,3.062276375727987,0.0,0.0,0.0,7.474744237768651
12,8,4.463752213404623,3.222759340611174,1.2409928727934494,0.0,0.0,0.0,10.447631386784948
13,8,4.465303087611644,0.8052624429223746,3.660040644689269,0.0,0.0,0.0,11.65243941128428
14,8,4.166215329935915,5.905036649709004,0.0,1.7388213197730886,0.0,0.0,15.20580881553461
15,8,3.643132715665253,3.565334019388745,0.07779869627650804,0.0,0.0,0.0,13.153728838306295
16,8,2.871956870547226,3.177571148778206,0.0,0.3056142782309803,0.0,0.0,13.22926455915062
17,8,1.8320564602609708,3.35003044992232,0.0,1.5179739896613493,0.0,0.0,12.868584955410638
18,8,0.7309643340169337,3.834112080221388,0.0,3.103147746204454,0.0,0.0,11.07709769963163
19,8,0.1351655557435085,5.665116856702285,0.0,2.5712969906426113,2.9586543103161653,0.0,7.4147544381753
20,8,0.0,3.5955407305788483,0.0,0.0,3.5955407305788483,0.0,4.38
21,8,0.0,2.825727351804804,0.0,0.0,2.825727351804804,0.0,4.38
22,8,0.0,3.783771927971764,0.0,0.0,3.783771927971764,0.0,4.38
23,8,0.0,2.1529476220257937,0.0,0.0,2.1529476220257937,0.0,4.38
0,8,0.0,2.2067844202898033,0.0,0.0,2.2067844202898033,0.0,4.38
1,8,0.0,0.3757624429223745,0.0,0.0,0.3757624429223745,0.0,4.38
2,8,0.0,0.3532624429223744,0.0,0.0,0.3532624429223744,0.0,4.38
3,8,0.0,2.238799269570901,0.0,0.0,2.238799269570901,0.0,4.38
4,8,0.0,2.5148278905110493,0.0,0.0,2.5148278905110493,0.0,4.38
5,8,0.0,0.5242624429223743,0.0,0.0,0.5242624429223743,0.0,4.38
6,8,0.0,0.5377624429223744,0.0,0.0,0.5377624429223744,0.0,4.38
7,8,0.329374570373489,1.447297542552485,0.0,0.0,1.117922972178996,0.0,4.38
8,8,1.529314890726256,6.273634975555865,0.0,0.0,4.744320084829609,0.0,4.38
9,8,2.7866618509316377,0.6342624429223744,2.152399408009263,0.0,0.0,0.0,4.38
10,8,3.822201946423323,0.8817624429223743,2.940439503500949,0.0,0.0,0.0,6.46996426153538
11,8,4.532448714378044,2.730713257847892,1.8017354565301522,0.0,0.0,0.0,9.325176886059051
12,8,4.907786113665994,3.815712896085889,1.0920732175801047,0.0,0.0,0.0,11.074746313995675
13,8,4.660162031122453,1.0437624429223744,3.6163995882000783,0.0,0.0,0.0,12.135221376067166
14,8,4.449048103778295,1.0192624429223742,3.4297856608559205,0.0,0.0,0.0,15.647025592321407
15,8,3.768589776039374,3.395414977351681,0.373174798687693,0.0,0.0,0.0,18.977744807726083
16,8,2.7934106819937075,2.842451749869138,0.0,0.0490410678754305,0.0,0.0,19.3401543483138
17,8,1.950605775468784,2.423154525714836,0.0,0.4725487502460519,0.0,0.0,19.282262619442786
18,8,0.7490794122185317,1.7086624429223745,0.0,0.9595830307038428,0.0,0.0,18.724430582547605
19,8,0.1317839133558691,2.663516203913768,0.0,2.531732290557899,0.0,0.0,17.591660852925102
20,8,0.0,1.4791624429223744,0.0,1.4791624429223744,0.0,0.0,14.602967143348412
21,8,0.0,0.6661624429223745,0.0,0.6661624429223745,0.0,0.0,12.85677708041435
22,8,0.0,0.7921624429223744,0.0,0.7921624429223744,0.0,0.0,12.070342133679612
23,8,0.0,3.174980983984913,0.0,3.174980983984913,0.0,0.0,11.135151671552586
0,8,0.0,2.01712912437341,0.0,2.01712912437341,0.0,0.0,7.386883044795114
1,8,0.0,1.952194297836897,0.0,0.5297591873573351,1.4224351104795618,0.0,5.005450168421928
2,8,0.0,0.4657624429223744,0.0,0.0,0.4657624429223744,0.0,4.38
3,8,0.0,0.5917624429223743,0.0,0.0,0.5917624429223743,0.0,4.38
4,8,0.0,0.3757624429223745,0.0,0.0,0.3757624429223745,0.0,4.38
5,8,0.0,0.6052624429223744,0.0,0.0,0.6052624429223744,0.0,4.38
6,8,0.0,2.821379009095306,0.0,0.0,2.821379009095306,0.0,4.38
7,8,0.333149258283401,3.460404882945344,0.0,0.0,3.127255624661943,0.0,4.38
8,8,1.5424231490636473,5.4645790030971435,0.0,0.0,3.9221558540334964,0.0,4.38
9,8,2.7891540665713235,3.926239582068004,0.0,0.0,1.1370855154966804,0.0,4.38
10,8,3.8038284173907897,2.224416245644382,1.5794121717464078,0.0,0.0,0.0,4.38
11,8,4.501118225183348,0.7312624429223744,3.769855782260974,0.0,0.0,0.0,5.914068299080532
12,8,4.861658400118348,2.846602011065986,2.0150563890523614,0.0,0.0,0.0,9.575757220956834
13,8,4.904258653698374,2.6305234896646894,2.2737351640336847,0.0,0.0,0.0,11.533077083982372
14,8,4.350770713969048,2.9466539808578256,1.4041167331112225,0.0,0.0,0.0,13.741712543839816
15,8,3.7293800934008,2.892101804588894,0.8372782888119059,0.0,0.0,0.0,15.105661656697814
16,8,3.0460359120598164,1.5061800896915054,1.539855822368311,0.0,0.0,0.0,15.919000373525964
17,8,1.9214867975526375,1.5943362807570278,0.3271505167956097,0.0,0.0,0.0,17.41484212011416
18,8,0.7521936323684064,1.4131883238220158,0.0,0.6609946914536093,0.0,0.0,17.732646961437027
19,8,0.122074410886461,2.7063476248978353,0.0,2.5842732140113744,0.0,0.0,16.952134326304517
20,8,0.0,1.4476624429223746,0.0,1.4476624429223746,0.0,0.0,13.900562971232851
21,8,0.0,2.215001138345575,0.0,2.215001138345575,0.0,0.0,12.191080404746538
22,8,0.0,3.986345891753962,0.0,3.986345891753962,0.0,0.0,9.575439061358349
23,8,0.0,4.499149672572802,0.0,0.413178457255559,4.085971215317243,0.0,4.8679455294877165
0,8,0.0,2.79869663043179,0.0,0.0,2.79869663043179,0.0,4.38
1,8,0.0,0.6502624429223745,0.0,0.0,0.6502624429223745,0.0,4.38
2,8,0.0,2.7856809000954645,0.0,0.0,2.7856809000954645,0.0,4.38
3,8,0.0,0.5242624429223743,0.0,0.0,0.5242624429223743,0.0,4.38
4,8,0.0,0.3082624429223745,0.0,0.0,0.3082624429223745,0.0,4.38
5,8,0.0,0.3172624429223744,0.0,0.0,0.3172624429223744,0.0,4.38
6,8,0.0,0.4477624429223744,0.0,0.0,0.4477624429223744,0.0,4.38
7,8,0.3393058258223418,2.175325069738056,0.0,0.0,1.8360192439157144,0.0,4.38
8,8,1.5883880464480642,4.690311178179438,0.0,0.0,3.1019231317313736,0.0,4.38
9,8,2.857436524762192,2.929249142311011,0.0,0.0,0.07181261754881918,0.0,4.38
10,8,3.8764135799464863,2.5786628304921506,1.2977507494543357,0.0,0.0,0.0,4.38
11,8,4.578833772337367,3.1692736233419705,1.4095601489953964,0.0,0.0,0.0,5.640838343358803
12,8,4.93639520871045,2.3642874295962675,2.5721077791141824,0.0,0.0,0.0,7.010325274376412
13,8,4.955673274399853,1.0437624429223744,3.9119108314774786,0.0,0.0,0.0,9.50934758202257
14,8,4.649571035158674,1.2687624429223745,3.3808085922362996,0.0,0.0,0.0,13.31020979586476
15,8,4.036307261367974,1.1112624429223743,2.9250448184456,0.0,0.0,0.0,16.5951867904363
16,8,3.1302985987242993,1.2912624429223745,1.8390361558019248,0.0,0.0,0.0,19.437424015021488
17,8,1.982802877901782,1.0887624429223743,0.8940404349794076,0.0,0.0,0.0,21.224454461974954
18,8,0.7471933765970096,3.037891719064131,0.0,2.2906983424671212,0.0,0.0,22.093229984338
19,8,0.1173798121833007,2.6764973879646266,0.0,2.559117575781326,0.0,0.0,19.38746497257714
20,8,0.0,2.925886303868265,0.0,2.925886303868265,0.0,0.0,16.364568388267358
21,8,0.0,2.28333490364843,0.0,2.28333490364843,0.0,0.0,12.908338302417556
22,8,0.0,2.778890394839789,0.0,2.778890394839789,0.0,0.0,10.211041686609615
23,8,0.0,1.1339892198790942,0.0,1.1339892198790942,0.0,0.0,6.928264921074278
0,8,0.0,1.1679872827302662,0.0,1.0230542346499447,0.14493304808032148,0.0,5.588612745030493
1,8,0.0,0.9515531056970828,0.0,0.0,0.9515531056970828,0.0,4.38
2,8,0.0,0.4297624429223744,0.0,0.0,0.4297624429223744,0.0,4.38
3,8,0.0,0.5512624429223744,0.0,0.0,0.5512624429223744,0.0,4.38
4,8,0.0,3.762676107348136,0.0,0.0,3.762676107348136,0.0,4.38
5,8,0.0,2.553672778712003,0.0,0.0,2.553672778712003,0.0,4.38
6,8,0.0,0.3127624429223744,0.0,0.0,0.3127624429223744,0.0,4.38
7,8,0.3267296196357111,1.7366938159789878,0.0,0.0,1.4099641963432767,0.0,4.38
8,8,1.55500242688885,1.8071149713627075,0.0,0.0,0.25211254447385745,0.0,4.38
9,8,2.79644189879215,2.2073301392348963,0.5891117595572539,0.0,0.0,0.0,4.38
10,8,3.7984437225903,2.043893777359056,1.7545499452312439,0.0,0.0,0.0,4.952563351706932
11,8,4.477218552515778,2.179809171637891,2.2974093808778866,0.0,0.0,0.0,6.657838202678634
12,8,4.823013804693777,2.135555590462429,2.687458214231348,0.0,0.0,0.0,8.89076956290944
13,8,4.844580592820416,3.536814729326066,1.3077658634943505,0.0,0.0,0.0,11.502868441441416
14,8,4.545281283234302,3.615685944237919,0.9295953389963829,0.0,0.0,0.0,12.774000438313724
15,8,3.9259585997314272,3.39286322135269,0.5330953783787371,0.0,0.0,0.0,13.677568354844025
16,8,3.0100204144137392,3.899278867593668,0.0,0.8892584531799286,0.0,0.0,14.195743044796899
17,8,1.8775329237726792,3.778783882763994,0.0,1.901250958991315,0.0,0.0,13.145065796307739
18,8,0.7110593991490998,4.53595940704246,0.0,3.8249000078933606,0.0,0.0,10.898676635337413
19,8,0.0060661173678751,3.442452681271341,0.0,1.6920530545271584,1.7443335093763075,0.0,6.379340294403201
20,8,0.0,1.6096624429223745,0.0,0.0,1.6096624429223745,0.0,4.38
21,8,0.0,0.8146624429223743,0.0,0.0,0.8146624429223743,0.0,4.38
22,8,0.0,0.8416624429223745,0.0,0.0,0.8416624429223745,0.0,4.38
23,8,0.0,1.0981624429223746,0.0,0.0,1.0981624429223746,0.0,4.38
0,8,0.0,0.8977624429223744,0.0,0.0,0.8977624429223744,0.0,4.38
1,8,0.0,0.5557624429223744,0.0,0.0,0.5557624429223744,0.0,4.38
2,8,0.0,0.4972624429223744,0.0,0.0,0.4972624429223744,0.0,4.38
3,8,0.0,0.4837624429223743,0.0,0.0,0.4837624429223743,0.0,4.38
4,8,0.0,2.323241898722039,0.0,0.0,2.323241898722039,0.0,4.38
5,8,0.0,2.332604153665698,0.0,0.0,2.332604153665698,0.0,4.38
6,8,0.0,3.894920271453772,0.0,0.0,3.894920271453772,0.0,4.38
7,8,0.3066572043908857,4.871655631152164,0.0,0.0,4.564998426761278,0.0,4.38
8,8,1.481684074801446,2.4864609423855892,0.0,0.0,1.0047768675841433,0.0,4.38
9,8,2.7301851980459273,2.6495108592906136,0.08067433875531371,0.0,0.0,0.0,4.38
10,8,3.71590158714332,2.547043687475676,1.168857899667644,0.0,0.0,0.0,4.4584239436059345
11,8,4.389529542175204,2.7498559079497835,1.6396736342254203,0.0,0.0,0.0,5.594677779601545
12,8,4.737028966783718,1.0842624429223744,3.6527665238613443,0.0,0.0,0.0,7.188634813885909
13,8,4.7551281571115585,1.1427624429223746,3.612365714189184,0.0,0.0,0.0,10.739620312827086
14,8,4.45812302049876,2.693603425480036,1.7645195950187236,0.0,0.0,0.0,14.251471019978979
15,8,3.85006174239005,1.2237624429223743,2.626299299467676,0.0,0.0,0.0,15.96696017495901
16,8,2.9621567709280994,1.2417624429223744,1.720394328005725,0.0,0.0,0.0,18.520332167167282
17,8,1.865405296981965,1.3722624429223742,0.4931428540595908,0.0,0.0,0.0,20.193002481529508
18,8,0.6895729494770254,1.9471624429223744,0.0,1.2575894934453489,0.0,0.0,20.67247449599676
19,8,0.0056783901666104,2.910862226260722,0.0,2.905183836094112,0.0,0.0,19.186199136878855
20,8,0.0,3.130523169895452,0.0,3.130523169895452,0.0,0.0,15.752676063219752
21,8,0.0,2.998169980034993,0.0,2.998169980034993,0.0,0.0,12.052715679573486
22,8,0.0,0.9451624429223744,0.0,0.9451624429223744,0.0,0.0,8.509061979987722
23,8,0.0,0.8731624429223745,0.0,0.8731624429223745,0.0,0.0,7.391901093153609
0,8,0.0,2.7571630233409623,0.0,1.6749830597706203,1.082179963570342,0.0,6.359831926861515
1,8,0.0,0.6367624429223743,0.0,0.0,0.6367624429223743,0.0,4.38
2,8,0.0,0.5647624429223744,0.0,0.0,0.5647624429223744,0.0,4.38
3,8,0.0,0.5152624429223743,0.0,0.0,0.5152624429223743,0.0,4.38
4,8,0.0,0.4882624429223744,0.0,0.0,0.4882624429223744,0.0,4.38
5,8,0.0,0.6277624429223744,0.0,0.0,0.6277624429223744,0.0,4.38
6,8,0.0,0.6187624429223744,0.0,0.0,0.6187624429223744,0.0,4.38
7,8,0.3095226233554812,2.3733004614430433,0.0,0.0,2.063777838087562,0.0,4.38
8,8,1.5079292170896728,4.559093440308491,0.0,0.0,3.051164223218818,0.0,4.38
9,8,2.7277480664492746,1.0192624429223742,1.7084856235269004,0.0,0.0,0.0,4.38
10,8,3.710112687561793,1.2012624429223744,2.5088502446394187,0.0,0.0,0.0,6.041382666252696
11,8,4.3813796062725,2.843836837456684,1.5375427688158156,0.0,0.0,0.0,8.481109494381736
12,8,4.722458098409056,2.553209758650729,2.1692483397583264,0.0,0.0,0.0,9.976331182602683
13,8,4.749041418217542,2.8954381663186983,1.8536032518988441,0.0,0.0,0.0,12.085906141008847
14,8,4.417212051444166,1.2037624429223743,3.213449608521792,0.0,0.0,0.0,13.888561803343306
15,8,3.834922292953506,2.9011600633567447,0.9337622295967614,0.0,0.0,0.0,17.013750863469294
16,8,2.943186111973968,2.497009284556947,0.446176827417021,0.0,0.0,0.0,17.921898323966918
17,8,1.8753591578959732,2.7438942225675307,0.0,0.8685350646715575,0.0,0.0,18.355840155690267
18,8,0.6949240016394855,1.2826624429223743,0.0,0.5877384412828888,0.0,0.0,17.329050466473234
19,8,0.0057573139224246,3.3763862934253472,0.0,3.3706289795029227,0.0,0.0,16.634214378969208
20,8,0.0,1.2286624429223745,0.0,1.2286624429223745,0.0,0.0,12.649364063641421
21,8,0.0,2.834669673368337,0.0,2.834669673368337,0.0,0.0,11.196751949332333
22,8,0.0,0.9001624429223742,0.0,0.9001624429223742,0.0,0.0,7.845358824295032
23,8,0.0,1.0711624429223745,0.0,1.0711624429223745,0.0,0.0,6.781075453577715
0,8,0.0,0.7402624429223745,0.0,0.7402624429223745,0.0,0.0,5.514602259577289
1,8,0.0,0.8617624429223744,0.0,0.2193526825941899,0.6424097603281844,0.0,4.639353565657803
2,8,0.0,0.8122624429223744,0.0,0.0,0.8122624429223744,0.0,4.38
3,8,0.0,0.7852624429223745,0.0,0.0,0.7852624429223745,0.0,4.38
4,8,0.0,0.7672624429223744,0.0,0.0,0.7672624429223744,0.0,4.38
5,8,0.0,0.5917624429223743,0.0,0.0,0.5917624429223743,0.0,4.38
6,8,0.0,0.5512624429223744,0.0,0.0,0.5512624429223744,0.0,4.38
7,8,0.3064888952339075,0.5962624429223744,0.0,0.0,0.2897735476884669,0.0,4.38
8,8,1.5168909647873057,0.9112624429223743,0.6056285218649313,0.0,0.0,0.0,4.38
9,8,2.7399582243320797,1.0597624429223744,1.6801957814097053,0.0,0.0,0.0,4.969100131856894
10,8,3.7154831838430775,1.2462624429223743,2.4692207409207034,0.0,0.0,0.0,6.603452016110539
11,8,4.378887581475452,1.3362624429223744,3.042625138553078,0.0,0.0,0.0,9.00534458872476
12,8,4.723449779456641,3.711948632006682,1.011501147449959,0.0,0.0,0.0,11.965086530138075
13,8,4.698607044485383,1.1992624429223744,3.499344601563009,0.0,0.0,0.0,12.94906645399231
14,8,4.362158248620917,1.4577624429223746,2.904395805698542,0.0,0.0,0.0,16.35323752986064
15,8,3.527513581041717,1.2912624429223745,2.2362511381193424,0.0,0.0,0.0,19.178749149518424
16,8,2.745114272315994,1.2912624429223745,1.4538518293936193,0.0,0.0,0.0,21.35433224545332
17,8,1.7364399609306989,3.2556193975725423,0.0,1.5191794366418434,0.0,0.0,22.768776635293303
18,8,0.7030749911943751,3.8085911705861255,0.0,3.1055161793917505,0.0,0.0,20.97218559566086
19,8,0.0051813503753052,3.002711977184255,0.0,2.99753062680895,0.0,0.0,17.29952180400126
20,8,0.0,1.1926624429223742,0.0,1.1926624429223742,0.0,0.0,13.754444026122949
21,8,0.0,1.0441624429223744,0.0,1.0441624429223744,0.0,0.0,12.343876338496381
22,8,0.0,1.1656624429223743,0.0,1.1656624429223743,0.0,0.0,11.108924203559997
23,8,0.0,1.1071624429223743,0.0,1.1071624429223743,0.0,0.0,9.730255793237413
0,8,0.0,0.7942624429223742,0.0,0.7942624429223742,0.0,0.0,8.420760604165409
1,8,0.0,0.9202624429223746,0.0,0.9202624429223746,0.0,0.0,7.481336168842505
2,8,0.0,0.8842624429223743,0.0,0.8842624429223743,0.0,0.0,6.392874099735586
3,8,0.0,0.8437624429223745,0.0,0.8175379374949027,0.02622450542747179,0.0,5.346981342465166
4,8,0.0,0.8077624429223744,0.0,0.0,0.8077624429223744,0.0,4.38
5,8,0.0,0.6187624429223744,0.0,0.0,0.6187624429223744,0.0,4.38
6,8,0.0,3.1218090865048995,0.0,0.0,3.1218090865048995,0.0,4.38
7,8,0.2467905849598274,0.8437624429223745,0.0,0.0,0.596971857962547,0.0,4.38
8,8,1.2642753138529013,6.081044591030387,0.0,0.0,4.816769277177485,0.0,4.38
9,8,2.117261717120949,7.214746204982751,0.0,0.0,5.097484487861802,0.0,4.38
10,8,3.4364762504864763,3.149792590140604,0.2866836603458722,0.0,0.0,0.0,4.38
11,8,4.253779013539287,3.613872323262586,0.639906690276701,0.0,0.0,0.0,4.658964854185508
12,8,4.66110736008088,1.0372624429223742,3.6238449171585057,0.0,0.0,0.0,5.281644348838772
13,8,4.734399036598047,2.124163692548735,2.610235344049312,0.0,0.0,0.0,8.807954922454064
14,8,4.467557508245839,1.7177577617562292,2.74979974648961,0.0,0.0,0.0,11.348037583393172
15,8,3.838620572397706,1.966855718072148,1.8717648543255578,0.0,0.0,0.0,14.024010178319621
16,8,2.8502041189237617,3.3381852962533047,0.0,0.48798117732954305,0.0,0.0,15.845576365210958
17,8,1.8328656506317544,1.6375254337255836,0.19534021690617087,0.0,0.0,0.0,15.26831412142579
18,8,0.6646898899602756,3.6192753678580902,0.0,2.9545854778978144,0.0,0.0,15.458420440489299
19,8,0.0046382533418692,2.941151359847608,0.0,2.9365131065057386,0.0,0.0,11.963237673094907
20,8,0.0,3.96785955843896,0.0,3.47351186860344,0.49434768983552013,0.0,8.489321589053352
21,8,0.0,3.316626169478646,0.0,0.0,3.316626169478646,0.0,4.38
22,8,0.0,2.592091745622678,0.0,0.0,2.592091745622678,0.0,4.38
23,8,0.0,3.3801714216655703,0.0,0.0,3.3801714216655703,0.0,4.38
0,8,0.0,3.037366401965486,0.0,0.0,3.037366401965486,0.0,4.38
1,8,0.0,2.651288036373196,0.0,0.0,2.651288036373196,0.0,4.38
2,8,0.0,0.6907624429223744,0.0,0.0,0.6907624429223744,0.0,4.38
3,8,0.0,0.6457624429223745,0.0,0.0,0.6457624429223745,0.0,4.38
4,8,0.0,0.6097624429223745,0.0,0.0,0.6097624429223745,0.0,4.38
5,8,0.0,0.5827624429223743,0.0,0.0,0.5827624429223743,0.0,4.38
6,8,0.0,0.5602624429223744,0.0,0.0,0.5602624429223744,0.0,4.38
7,8,0.2021144541852828,2.923859844571165,0.0,0.0,2.7217453903858826,0.0,4.38
8,8,0.9065357166696096,1.853401448843741,0.0,0.0,0.9468657321741313,0.0,4.38
9,8,1.9283133238172536,1.8187525927213095,0.10956073109594411,0.0,0.0,0.0,4.38
10,8,2.2667933660796744,1.0572624429223745,1.2095309231573,0.0,0.0,0.0,4.486636348543873
11,8,3.8265649071673526,1.1562624429223742,2.6703024642449784,0.0,0.0,0.0,5.6638840223233045
12,8,4.329687115451745,1.6356002796799014,2.6940868357718433,0.0,0.0,0.0,8.262948615472501
13,8,4.427408210050523,1.7836124718049495,2.643795738245574,0.0,0.0,0.0,10.88523973508869
14,8,4.305862708762041,1.1652624429223746,3.140600265839667,0.0,0.0,0.0,13.458655896946157
15,8,3.451271550905739,1.3677624429223745,2.0835091079833647,0.0,0.0,0.0,16.51573982476244
16,8,2.5127299841229465,1.1092624429223743,1.4034675412005722,0.0,0.0,0.0,18.54391301584624
17,8,1.4898093917777353,1.1227624429223746,0.3670469488553607,0.0,0.0,0.0,19.91013703502767
18,8,0.6670717544004183,3.410856907506448,0.0,2.74378515310603,0.0,0.0,20.2674492280478
19,8,0.004413466335227,1.3141624429223744,0.0,1.3097489765871473,0.0,0.0,17.020723659806187
20,8,0.0,2.8385062636866287,0.0,2.8385062636866287,0.0,0.0,15.470848931873851
21,8,0.0,3.400914905109884,0.0,3.400914905109884,0.0,0.0,12.111890608588197
22,8,0.0,2.9477596642724704,0.0,2.9477596642724704,0.0,0.0,8.087278544954586
23,8,0.0,3.5126020642248363,0.0,0.18487648292985664,3.3277255812949798,0.0,4.59879637749553
0,8,0.0,0.9697624429223742,0.0,0.0,0.9697624429223742,0.0,4.38
1,8,0.0,0.9472624429223744,0.0,0.0,0.9472624429223744,0.0,4.38
2,8,0.0,0.7222624429223744,0.0,0.0,0.7222624429223744,0.0,4.38
3,8,0.0,0.8752624429223744,0.0,0.0,0.8752624429223744,0.0,4.38
4,8,0.0,2.800464441731004,0.0,0.0,2.800464441731004,0.0,4.38
5,8,0.0,3.9594037168444896,0.0,0.0,3.9594037168444896,0.0,4.38
6,8,0.0,4.1749406237311515,0.0,0.0,4.1749406237311515,0.0,4.38
7,8,0.171464173317351,2.2808246630566265,0.0,0.0,2.1093604897392755,0.0,4.38
8,8,0.5554116572851131,2.622791476202339,0.0,0.0,2.0673798189172263,0.0,4.38
9,8,0.7736133550117139,0.9852624429223744,0.0,0.0,0.2116490879106605,0.0,4.38
10,8,1.3969555673074892,2.5243712164009127,0.0,0.0,1.1274156490934235,0.0,4.38
11,8,2.499803355399971,2.679653448551129,0.0,0.0,0.1798500931511584,0.0,4.38
12,8,3.3635748061865485,2.533124880954471,0.8304499252320774,0.0,0.0,0.0,4.38
13,8,2.190582150320132,3.3044986889216323,0.0,0.6831907609423228,0.43072577765917763,0.0,5.188547001635856
14,8,2.156035322193342,2.80137822495767,0.0,0.0,0.645342902764328,0.0,4.38
15,8,3.691545014394761,1.2082624429223745,2.4832825714723867,0.0,0.0,0.0,4.38
16,8,2.8318042589868617,1.2172624429223742,1.6145418160644875,0.0,0.0,0.0,6.7978266551378
17,8,1.830770880512525,1.2732624429223744,0.5575084375901505,0.0,0.0,0.0,8.369854125181046
18,8,0.5711704620085764,1.8796624429223745,0.0,1.3084919809137983,0.0,0.0,8.912691770593309
19,8,0.0037169322543836,3.112737997574679,0.0,2.5211961475369495,0.5878249177833457,0.0,7.364018700430104
20,8,0.0,3.938169658068176,0.0,0.0,3.938169658068176,0.0,4.38
21,8,0.0,0.9901624429223744,0.0,0.0,0.9901624429223744,0.0,4.38
22,8,0.0,0.9676624429223742,0.0,0.0,0.9676624429223742,0.0,4.38
23,8,0.0,2.42294588876113,0.0,0.0,2.42294588876113,0.0,4.38
0,8,0.0,2.7191293462474104,0.0,0.0,2.7191293462474104,0.0,4.38
1,8,0.0,3.1172915163195687,0.0,0.0,3.1172915163195687,0.0,4.38
2,8,0.0,2.6927087569671464,0.0,0.0,2.6927087569671464,0.0,4.38
3,8,0.0,2.544047411422361,0.0,0.0,2.544047411422361,0.0,4.38
4,8,0.0,0.6502624429223743,0.0,0.0,0.6502624429223743,0.0,4.38
5,8,0.0,0.6097624429223745,0.0,0.0,0.6097624429223745,0.0,4.38
6,8,0.0,0.7222624429223745,0.0,0.0,0.7222624429223745,0.0,4.38
7,8,0.167506612279454,1.4812624429223744,0.0,0.0,1.3137558306429205,0.0,4.38
8,8,1.0452866232901403,2.587053051400342,0.0,0.0,1.5417664281102015,0.0,4.38
9,8,2.035126487022073,0.6412624429223743,1.3938640440996986,0.0,0.0,0.0,4.38
10,8,1.7702634445135306,0.7017624429223743,1.0685010015911562,0.0,0.0,0.0,5.737249839771805
11,8,3.199448448783358,1.247370858288193,1.9520775904951648,0.0,0.0,0.0,6.7776992021324025
12,8,3.3055770953212495,1.2262913660899302,2.0792857292313194,0.0,0.0,0.0,8.678550632036146
13,8,3.818400741996775,3.940788292761959,0.0,0.12238755076518393,0.0,0.0,10.703315318038717
14,8,3.3808140580204378,3.487618491339439,0.0,0.10680443331900102,0.0,0.0,10.558446460156544
15,8,2.261476201300736,3.637318107433189,0.0,1.375841906132453,0.0,0.0,10.432023005161486
16,8,1.870319800387302,3.0785094582247887,0.0,1.2081896578374867,0.0,0.0,8.803449308310134
17,8,0.8279637390225207,0.6522624429223745,0.1757012961001463,0.0,0.0,0.0,7.373302759362503
18,8,0.0987359301801675,1.172911979866785,0.0,1.0741760496866175,0.0,0.0,7.544406154218143
19,8,0.02205761100536,3.0433937295171103,0.0,1.5990590246254535,1.422277093886297,0.0,6.272873617439439
20,8,0.0,2.6132319017459062,0.0,0.0,2.6132319017459062,0.0,4.38
21,8,0.0,0.5536624429223744,0.0,0.0,0.5536624429223744,0.0,4.38
22,8,0.0,0.7066624429223743,0.0,0.0,0.7066624429223743,0.0,4.38
23,8,0.0,0.5041624429223744,0.0,0.0,0.5041624429223744,0.0,4.38
0,9,0.0,2.541226469783215,0.0,0.0,2.541226469783215,0.0,4.38
1,9,0.0,3.551463169877574,0.0,0.0,3.551463169877574,0.0,4.38
2,9,0.0,2.4311002606438343,0.0,0.0,2.4311002606438343,0.0,4.38
3,9,0.0,0.5557624429223744,0.0,0.0,0.5557624429223744,0.0,4.38
4,9,0.0,0.3802624429223744,0.0,0.0,0.3802624429223744,0.0,4.38
5,9,0.0,0.5557624429223744,0.0,0.0,0.5557624429223744,0.0,4.38
6,9,0.0,0.5467624429223743,0.0,0.0,0.5467624429223743,0.0,4.38
7,9,0.1874372968315941,3.956583596684318,0.0,0.0,3.769146299852724,0.0,4.38
8,9,1.0097608049950966,3.524604305957467,0.0,0.0,2.51484350096237,0.0,4.38
9,9,2.1927898694935486,3.102957355545123,0.0,0.0,0.9101674860515745,0.0,4.38
10,9,2.62541629636807,2.302681597371909,0.32273469899616103,0.0,0.0,0.0,4.38
11,9,4.194001396405598,2.483838832158263,1.710162564247335,0.0,0.0,0.0,4.694298911679933
12,9,4.322893331201858,2.2069760896497863,2.1159172415520713,0.0,0.0,0.0,6.359766352428875
13,9,4.380803119897741,2.4367123052856576,1.9440908146120832,0.0,0.0,0.0,8.420422673530224
14,9,4.224017393913487,2.7719374846261498,1.4520799092873369,0.0,0.0,0.0,10.313784008964776
15,9,2.925861966775314,0.9222624429223744,2.0035995238529396,0.0,0.0,0.0,11.728003187858496
16,9,2.169879350010476,0.7107624429223744,1.4591169070881016,0.0,0.0,0.0,13.679393008066144
17,9,1.66627776447366,0.9762624429223744,0.6900153215512855,0.0,0.0,0.0,15.100519510848311
18,9,0.6274024956967073,2.5413157578115246,0.0,1.9139132621148174,0.0,0.0,15.772579942009815
19,9,0.0027928500086665,3.17256910749411,0.0,3.1697762574854433,0.0,0.0,13.506670011349451
20,9,0.0,2.4686310974690793,0.0,2.4686310974690793,0.0,0.0,9.753846796873482
21,9,0.0,0.5806624429223743,0.0,0.5806624429223743,0.0,0.0,6.831035497035849
22,9,0.0,2.049574063384126,0.0,1.4894373546105477,0.5601367087735785,0.0,6.143523839092344
23,9,0.0,2.022007848056882,0.0,0.0,2.022007848056882,0.0,4.38
0,9,0.0,2.469785221543849,0.0,0.0,2.469785221543849,0.0,4.38
1,9,0.0,0.6232624429223745,0.0,0.0,0.6232624429223745,0.0,4.38
2,9,0.0,0.6142624429223744,0.0,0.0,0.6142624429223744,0.0,4.38
3,9,0.0,0.4207624429223744,0.0,0.0,0.4207624429223744,0.0,4.38
4,9,0.0,0.4117624429223743,0.0,0.0,0.4117624429223743,0.0,4.38
5,9,0.0,1.785645404659291,0.0,0.0,1.785645404659291,0.0,4.38
6,9,0.0,2.2339085575099737,0.0,0.0,2.2339085575099737,0.0,4.38
7,9,0.1419797205638325,2.5369036572905546,0.0,0.0,2.394923936726722,0.0,4.38
8,9,0.6248574829158129,0.5872624429223745,0.037595039993438384,0.0,0.0,0.0,4.38
9,9,1.6299887355547749,1.2267624429223742,0.4032262926324006,0.0,0.0,0.0,4.4166209171636766
10,9,1.629162396592867,0.4902624429223744,1.1388999536704927,0.0,0.0,0.0,4.809399399286591
11,9,2.561204826491361,0.4792624429223743,2.081942383568987,0.0,0.0,0.0,5.918794743380199
12,9,4.248433459521767,0.8007624429223744,3.4476710165993922,0.0,0.0,0.0,7.946827148694341
13,9,4.4736893644085995,0.6612624429223743,3.8124269214862254,0.0,0.0,0.0,11.305300524131548
14,9,4.21709550793108,0.6882624429223745,3.5288330650087056,0.0,0.0,0.0,15.01923320831485
15,9,3.634655903272563,0.8997624429223744,2.7348934603501887,0.0,0.0,0.0,18.457042327254157
16,9,2.8308293654572396,0.7287624429223745,1.8152066316993147,0.0,0.0,0.2868602908355504,21.12149403863309
17,9,1.7381223457717303,1.012262442922374,0.0,0.0,0.0,0.7258599028493562,22.89
18,9,0.6046891981198995,3.160300727496281,0.0,2.5556115293763813,0.0,0.0,22.89
19,9,0.0035031773432626,2.686857882909373,0.0,2.6833547055661104,0.0,0.0,19.86342491197889
20,9,0.0,4.321647023268437,0.0,4.321647023268437,0.0,0.0,16.685476347815637
21,9,0.0,4.576044212325767,0.0,4.576044212325767,0.0,0.0,11.567116160616838
22,9,0.0,2.692910157225467,0.0,1.4919782946857802,1.2009318625396865,0.0,6.147202895389617
23,9,0.0,0.6076624429223745,0.0,0.0,0.6076624429223745,0.0,4.38
0,9,0.0,2.3586082936567454,0.0,0.0,2.3586082936567454,0.0,4.38
1,9,0.0,2.3921550064795927,0.0,0.0,2.3921550064795927,0.0,4.38
2,9,0.0,2.244788084494622,0.0,0.0,2.244788084494622,0.0,4.38
3,9,0.0,1.9112233915304575,0.0,0.0,1.9112233915304575,0.0,4.38
4,9,0.0,4.287624150605648,0.0,0.0,4.287624150605648,0.0,4.38
5,9,0.0,2.1017650541573616,0.0,0.0,2.1017650541573616,0.0,4.38
6,9,0.0,1.605177536045091,0.0,0.0,1.605177536045091,0.0,4.38
7,9,0.2722721914190105,0.4297624429223744,0.0,0.0,0.15749025150336393,0.0,4.38
8,9,1.5088063309966897,0.5017624429223744,1.0070438880743153,0.0,0.0,0.0,4.38
9,9,2.770593276720693,0.8547624429223744,1.9158308337983185,0.0,0.0,0.0,5.3613228121681065
10,9,3.8015494249054367,0.7602624429223744,3.0412869819830624,0.0,0.0,0.0,7.228241700568961
11,9,4.521333997202169,1.459442742689933,3.0618912545122363,0.0,0.0,0.0,10.19194562387291
12,9,4.858790302216171,3.4897564352738284,1.3690338669423427,0.0,0.0,0.0,13.17582768817435
13,9,4.681918100811205,1.1022624429223742,3.579655657888831,0.0,0.0,0.0,14.510026844160917
14,9,4.182751635129794,1.495256613731884,2.68749502139791,0.0,0.0,0.0,17.998651454679038
15,9,3.314574621867208,1.837886445644226,1.4766881762229818,0.0,0.0,0.0,20.617905966839654
16,9,2.6413242442058977,1.4225957107369642,0.8545191253221325,0.0,0.0,0.36420940814680103,22.057140684195097
17,9,1.6769852030324512,3.0980068769400617,0.0,1.4210216739076105,0.0,0.0,22.89
18,9,0.5927610295763492,4.0427150894619395,0.0,3.4499540598855902,0.0,0.0,21.20646500991176
19,9,0.0032532045270314,2.853014553960935,0.0,2.8497613494339036,0.0,0.0,17.11911787369624
20,9,0.0,3.94182548267358,0.0,3.94182548267358,0.0,0.0,13.742723778599007
21,9,0.0,3.888109196539303,0.0,3.888109196539303,0.0,0.0,9.072307367492028
22,9,0.0,3.121437278147241,0.0,0.07201797755934027,3.0494193005879007,0.0,4.465336813298647
23,9,0.0,2.7168954150417917,0.0,0.0,2.7168954150417917,0.0,4.38
0,9,0.0,2.5538557356274185,0.0,0.0,2.5538557356274185,0.0,4.38
1,9,0.0,0.6637624429223744,0.0,0.0,0.6637624429223744,0.0,4.38
2,9,0.0,0.4387624429223744,0.0,0.0,0.4387624429223744,0.0,4.38
3,9,0.0,0.4117624429223743,0.0,0.0,0.4117624429223743,0.0,4.38
4,9,0.0,0.3982624429223744,0.0,0.0,0.3982624429223744,0.0,4.38
5,9,0.0,0.4747624429223744,0.0,0.0,0.4747624429223744,0.0,4.38
6,9,0.0,0.6052624429223744,0.0,0.0,0.6052624429223744,0.0,4.38
7,9,0.1688475478576314,1.4092624429223743,0.0,0.0,1.240414895064743,0.0,4.38
8,9,0.7953198787635669,1.2922624429223744,0.0,0.0,0.49694256415880744,0.0,4.38
9,9,2.5879799965229147,0.9312624429223744,1.6567175536005403,0.0,0.0,0.0,4.38
10,9,3.435727407956036,0.8682624429223744,2.5674649650336616,0.0,0.0,0.0,5.995015895777908
11,9,3.9370845584158656,0.9312624429223744,3.0058221154934914,0.0,0.0,0.0,8.49790002114887
12,9,4.7330216870551425,4.47963068116558,0.2533910058895623,0.0,0.0,0.0,11.428197566960195
13,9,4.7571453928194165,3.334686634792063,1.4224587580273536,0.0,0.0,0.0,11.6752299897594
14,9,4.439316419017851,3.618596651489565,0.8207197675282862,0.0,0.0,0.0,13.061997482184983
15,9,3.812566013945758,2.2875715826896696,1.5249944312560881,0.0,0.0,0.0,13.862136848825045
16,9,2.9561672464653785,5.139058122278503,0.0,2.1828908758131247,0.0,0.0,15.348903842786523
17,9,1.8040773459066473,4.522221740568359,0.0,2.7181443946617114,0.0,0.0,12.761993016842345
18,9,0.5289873625515541,4.508370902290462,0.0,3.979383539738908,0.0,0.0,9.540684252936627
19,9,0.0025747598841176,2.3860781288395154,0.0,0.3750621457748698,2.008441223180528,0.0,4.82452374817934
20,9,0.0,1.0486624429223743,0.0,0.0,1.0486624429223743,0.0,4.38
21,9,0.0,0.9901624429223744,0.0,0.0,0.9901624429223744,0.0,4.38
22,9,0.0,2.4902473038381956,0.0,0.0,2.4902473038381956,0.0,4.38
23,9,0.0,1.886394516924618,0.0,0.0,1.886394516924618,0.0,4.38
0,9,0.0,1.7505366083110747,0.0,0.0,1.7505366083110747,0.0,4.38
1,9,0.0,1.7274798802629032,0.0,0.0,1.7274798802629032,0.0,4.38
2,9,0.0,1.9932576070478023,0.0,0.0,1.9932576070478023,0.0,4.38
3,9,0.0,1.795590505919105,0.0,0.0,1.795590505919105,0.0,4.38
4,9,0.0,1.6635500810100363,0.0,0.0,1.6635500810100363,0.0,4.38
5,9,0.0,0.5377624429223744,0.0,0.0,0.5377624429223744,0.0,4.38
6,9,0.0,0.5287624429223744,0.0,0.0,0.5287624429223744,0.0,4.38
7,9,0.2442896227243094,2.2791944613137503,0.0,0.0,2.034904838589441,0.0,4.38
8,9,1.2845075498590957,1.9919042066385888,0.0,0.0,0.7073966567794931,0.0,4.38
9,9,2.274115685212516,1.8426881161887807,0.43142756902373547,0.0,0.0,0.0,4.38
10,9,3.254656689798918,2.2678880035454716,0.9867686862534466,0.0,0.0,0.0,4.800662597020343
11,9,3.9193166721715262,2.0970169092340853,1.822299762937441,0.0,0.0,0.0,5.762814004004878
12,9,4.165522713978583,1.1812624429223744,2.9842602710562085,0.0,0.0,0.0,7.539671420395227
13,9,4.532901899254009,1.3092624429223745,3.223639456331634,0.0,0.0,0.0,10.44957191896638
14,9,4.371476692122655,1.3632624429223743,3.0082142492002806,0.0,0.0,0.0,13.592989813330599
15,9,3.8234772692090746,1.3902624429223744,2.4332148262867,0.0,0.0,0.0,16.526447174957866
16,9,2.8933079503494628,1.3902624429223744,1.5030455074270883,0.0,0.0,0.0,18.8992726799204
17,9,1.64055896174448,1.1877624429223743,0.4527965188221057,0.0,0.0,0.0,20.365053620550647
18,9,0.5634698233715496,1.2241624429223743,0.0,0.6606926195508247,0.0,0.0,20.8066313692178
19,9,0.0028654809915067,2.0956624429223742,0.0,2.0927969619308677,0.0,0.0,20.02343037518043
20,9,0.0,1.1206624429223746,0.0,1.1206624429223746,0.0,0.0,17.542560310942843
21,9,0.0,3.105435728078566,0.0,3.105435728078566,0.0,0.0,16.214059844001024
22,9,0.0,3.1151504328635493,0.0,3.1151504328635493,0.0,0.0,12.532644833779731
23,9,0.0,2.6693589597246916,0.0,2.6693589597246916,0.0,0.0,8.839587464558878
0,9,0.0,5.97293272137214,0.0,1.0922107859313377,4.8807219354408025,0.0,5.674914383040875
1,9,0.0,2.7730670377288593,0.0,0.0,2.7730670377288593,0.0,4.38
2,9,0.0,2.9259379547971314,0.0,0.0,2.9259379547971314,0.0,4.38
3,9,0.0,3.082038658643757,0.0,0.0,3.082038658643757,0.0,4.38
4,9,0.0,0.6097624429223745,0.0,0.0,0.6097624429223745,0.0,4.38
5,9,0.0,3.2836049367878277,0.0,0.0,3.2836049367878277,0.0,4.38
6,9,0.0,1.855441168780456,0.0,0.0,1.855441168780456,0.0,4.38
7,9,0.2731850995140196,3.3729805896615823,0.0,0.0,3.099795490147563,0.0,4.38
8,9,1.5527455661091625,1.8674293080885431,0.0,0.0,0.31468374197938065,0.0,4.38
9,9,2.8279789381105234,0.7647624429223745,2.063216495188149,0.0,0.0,0.0,4.38
10,9,3.846087429415802,0.7852624429223745,3.0608249864934276,0.0,0.0,0.0,6.3924128607277275
11,9,4.533579579494352,2.400433967608399,2.1331456118859524,0.0,0.0,0.0,9.377937176508857
12,9,4.873665443261911,3.2146197966919337,1.659045646569977,0.0,0.0,0.0,11.458674238887284
13,9,4.877123355011647,2.4068910087965945,2.4702323462150524,0.0,0.0,0.0,13.076997221454809
14,9,4.549038438221188,1.5835393364279589,2.965499101793229,0.0,0.0,0.0,15.486639515093879
15,9,3.8620960997851066,1.6484945429386633,2.2136015568464433,0.0,0.0,0.0,18.379479038797918
16,9,2.8437521623935416,1.1427624429223746,1.700989719471167,0.0,0.0,0.0,20.53891401099778
17,9,1.7334990257320917,2.895590108430879,0.0,1.1620910826987871,0.0,0.0,22.19832101153169
18,9,0.6056666128955192,5.3412232402558715,0.0,4.735556627360352,0.0,0.0,20.820264522436716
19,9,0.0028837104654423,4.974896315797868,0.0,4.972012605332425,0.0,0.0,15.204570653396361
20,9,0.0,3.4094854106827075,0.0,3.4094854106827075,0.0,0.0,9.308167318156402
21,9,0.0,3.086294717084745,0.0,0.7458287609381755,2.3404659561465695,0.0,5.26457373761381
22,9,0.0,0.9451624429223744,0.0,0.0,0.9451624429223744,0.0,4.38
23,9,0.0,0.9046624429223744,0.0,0.0,0.9046624429223744,0.0,4.38
0,9,0.0,0.9562624429223744,0.0,0.0,0.9562624429223744,0.0,4.38
1,9,0.0,0.9247624429223744,0.0,0.0,0.9247624429223744,0.0,4.38
2,9,0.0,0.8752624429223744,0.0,0.0,0.8752624429223744,0.0,4.38
3,9,0.0,0.6547624429223744,0.0,0.0,0.6547624429223744,0.0,4.38
4,9,0.0,0.8077624429223744,0.0,0.0,0.8077624429223744,0.0,4.38
5,9,0.0,0.6052624429223744,0.0,0.0,0.6052624429223744,0.0,4.38
6,9,0.0,0.5917624429223743,0.0,0.0,0.5917624429223743,0.0,4.38
7,9,0.2672921037232457,0.6142624429223743,0.0,0.0,0.3469703391991286,0.0,4.38
8,9,1.5344520489310458,5.706250672843015,0.0,0.0,4.171798623911969,0.0,4.38
9,9,2.815660237893439,0.8322624429223743,1.9833977949710646,0.0,0.0,0.0,4.38
10,9,3.825657679276857,1.1022624429223742,2.7233952363544827,0.0,0.0,0.0,6.3152665067228835
11,9,4.498111757774549,2.885936279849904,1.6121754779246444,0.0,0.0,0.0,8.972630724390134
12,9,4.835112353399596,1.0887624429223743,3.746349910477222,0.0,0.0,0.0,10.545764672489366
13,9,4.835045797255993,1.327262442922374,3.5077833543336188,0.0,0.0,0.0,14.201455138270529
14,9,4.518358614366807,3.3480604149822617,1.1702981993845456,0.0,0.0,0.0,17.624492987104144
15,9,3.892461798205239,3.965229071866387,0.0,0.07276727366114777,0.0,0.0,18.766561607294605
16,9,2.9426472972201845,1.1722624429223742,1.7703848542978102,0.0,0.0,0.0,18.68024291327055
17,9,1.7761739939872838,1.1427624429223746,0.6334115510649092,0.0,0.0,0.0,20.40794665657291
18,9,0.610117397006592,3.8597470652582793,0.0,3.2496296682516874,0.0,0.0,21.0260996953963
19,9,0.0027736960604058,5.35402326170416,0.0,5.351249565643754,0.0,0.0,17.17118798157968
20,9,0.0,1.0801624429223744,0.0,1.0801624429223744,0.0,0.0,10.822978273917883
21,9,0.0,1.0261624429223746,0.0,1.0261624429223746,0.0,0.0,9.541501769248573
22,9,0.0,0.9676624429223742,0.0,0.9676624429223742,0.0,0.0,8.324075015636238
23,9,0.0,3.0193036032855787,0.0,2.3567146146747877,0.662588988610791,0.0,7.176039022091412
0,9,0.0,0.7582624429223744,0.0,0.0,0.7582624429223744,0.0,4.38
1,9,0.0,0.8752624429223744,0.0,0.0,0.8752624429223744,0.0,4.38
2,9,0.0,0.8212624429223744,0.0,0.0,0.8212624429223744,0.0,4.38
3,9,0.0,0.5917624429223743,0.0,0.0,0.5917624429223743,0.0,4.38
4,9,0.0,0.7312624429223744,0.0,0.0,0.7312624429223744,0.0,4.38
5,9,0.0,0.5872624429223744,0.0,0.0,0.5872624429223744,0.0,4.38
6,9,0.0,3.950370386844183,0.0,0.0,3.950370386844183,0.0,4.38
7,9,0.2557989021212729,1.8078330908479276,0.0,0.0,1.5520341887266547,0.0,4.38
8,9,1.522187481118287,1.4587624429223744,0.0634250381959125,0.0,0.0,0.0,4.38
9,9,2.8003242700544995,2.0009078348782245,0.7994164351762749,0.0,0.0,0.0,4.441907133218593
10,9,3.8092531005101056,1.8472238215854797,1.9620292789246259,0.0,0.0,0.0,5.2221922638665745
11,9,4.48961271848851,0.9402624429223744,3.5493502755661352,0.0,0.0,0.0,7.137283877203967
12,9,4.832268668011,3.6128795762499832,1.219389091761017,0.0,0.0,0.0,10.601797613510056
13,9,4.842701757149343,3.1925499222606724,1.6501518348886708,0.0,0.0,0.0,11.792087267847819
14,9,4.529009617645205,3.500871788117045,1.0281378295281596,0.0,0.0,0.0,13.40288153437628
15,9,3.826764272741992,3.979024617254288,0.0,0.1522603445122961,0.0,0.0,14.406515561363985
16,9,2.408397384204504,3.78612978201225,0.0,1.3777323978077458,0.0,0.0,14.225846717625725
17,9,1.222361347581273,4.566104117529049,0.0,3.343742769947776,0.0,0.0,12.591056409734623
18,9,0.3873470779178609,4.449653557526853,0.0,3.575953633036688,0.48635284657230393,0.0,8.623376630361689
19,9,0.0015448927247015,5.735396985751382,0.0,0.0,5.73385209302668,0.0,4.38
20,9,0.0,3.207615229520763,0.0,0.0,3.207615229520763,0.0,4.38
21,9,0.0,2.7290460564846715,0.0,0.0,2.7290460564846715,0.0,4.38
22,9,0.0,3.255675309394679,0.0,0.0,3.255675309394679,0.0,4.38
23,9,0.0,1.9235589312662311,0.0,0.0,1.9235589312662311,0.0,4.38
0,9,0.0,2.2055950351109304,0.0,0.0,2.2055950351109304,0.0,4.38
1,9,0.0,0.7672624429223742,0.0,0.0,0.7672624429223742,0.0,4.38
2,9,0.0,0.7357624429223745,0.0,0.0,0.7357624429223745,0.0,4.38
3,9,0.0,0.8167624429223743,0.0,0.0,0.8167624429223743,0.0,4.38
4,9,0.0,0.5917624429223743,0.0,0.0,0.5917624429223743,0.0,4.38
5,9,0.0,0.7852624429223745,0.0,0.0,0.7852624429223745,0.0,4.38
6,9,0.0,0.5917624429223743,0.0,0.0,0.5917624429223743,0.0,4.38
7,9,0.262234570998316,0.6232624429223744,0.0,0.0,0.36102787192405844,0.0,4.38
8,9,1.5608854804719834,2.075008790975164,0.0,0.0,0.5141233105031806,0.0,4.38
9,9,2.842370876985603,2.31224264742519,0.5301282295604133,0.0,0.0,0.0,4.38
10,9,3.844884246629156,1.0572624429223745,2.7876218037067817,0.0,0.0,0.0,4.897547449315837
11,9,4.513959166644343,3.66452316533256,0.8494360013117825,0.0,0.0,0.0,7.619030429209078
12,9,4.74654236072689,4.646531495196026,0.10001086553086402,0.0,0.0,0.0,8.44833818995408
13,9,3.9717158913547648,5.3394369006261115,0.0,1.3677210092713468,0.0,0.0,8.545980108339593
14,9,4.040449673850748,1.956515754059436,2.0839339197913125,0.0,0.0,0.0,6.922845161970374
15,9,3.644869942480125,1.8203282435752428,1.8245416989048822,0.0,0.0,0.0,8.957449949932277
16,9,2.828557707188457,1.8181968715367889,1.0103608356516682,0.0,0.0,0.0,10.738843404272732
17,9,1.7469276494957755,1.9521086898730675,0.0,0.205181040377292,0.0,0.0,11.72533017475485
18,9,0.5919405320456744,1.4311624429223744,0.0,0.8392219108767,0.0,0.0,11.48181595600523
19,9,0.0023588075697971,1.1431624429223746,0.0,1.1408036353525774,0.0,0.0,10.485803224170603
20,9,0.0,1.0621624429223744,0.0,1.0621624429223744,0.0,0.0,9.13185213631037
21,9,0.0,4.07247014251152,0.0,2.941538908049562,1.1309312344619578,0.0,7.87121974445913
22,9,0.0,2.985378030025359,0.0,0.0,2.985378030025359,0.0,4.38
23,9,0.0,3.0633925470493324,0.0,0.0,3.0633925470493324,0.0,4.38
0,9,0.0,3.3227724580232216,0.0,0.0,3.3227724580232216,0.0,4.38
1,9,0.0,2.596317167642084,0.0,0.0,2.596317167642084,0.0,4.38
2,9,0.0,2.8366352744805496,0.0,0.0,2.8366352744805496,0.0,4.38
3,9,0.0,2.601533278680482,0.0,0.0,2.601533278680482,0.0,4.38
4,9,0.0,2.073167848341564,0.0,0.0,2.073167848341564,0.0,4.38
5,9,0.0,0.7627624429223744,0.0,0.0,0.7627624429223744,0.0,4.38
6,9,0.0,0.7537624429223744,0.0,0.0,0.7537624429223744,0.0,4.38
7,9,0.2607577663488418,0.6322624429223744,0.0,0.0,0.37150467657353264,0.0,4.38
8,9,1.5790039115473653,0.9202624429223746,0.6587414686249907,0.0,0.0,0.0,4.38
9,9,2.866151605872274,0.9087624429223744,1.9573891629498996,0.0,0.0,0.0,5.02322676649708
10,9,3.8849197582827784,0.9247624429223742,2.960157315360404,0.0,0.0,0.0,6.934529261385456
11,9,4.52497666135926,1.0797624429223742,3.4452142184368864,0.0,0.0,0.0,9.825051912301294
12,9,4.72824661572524,1.0867624429223743,3.6414841728028655,0.0,0.0,0.0,13.189330395239908
13,9,3.74595720652863,1.1002624429223746,2.6456947636062553,0.0,0.0,0.0,16.74540259880817
14,9,3.5095485471423036,3.098046903800943,0.4115016433413605,0.0,0.0,0.0,19.329145254935575
15,9,3.284205605462154,3.430214623362869,0.0,0.1460090179007154,0.0,0.0,19.731022775881556
16,9,2.650541780753714,1.9284354954787437,0.7221062852749704,0.0,0.0,0.0,19.557693748763334
17,9,1.5926091510607836,1.2892624429223742,0.30334670813840936,0.0,0.0,0.0,20.262915868652907
18,9,0.4820698194845597,1.2061624429223743,0.0,0.7240926234378147,0.0,0.0,20.559172126355744
19,9,0.0014321809244173,1.9201624429223745,0.0,1.9187302619979572,0.0,0.0,19.699582170430773
20,9,0.0,1.1341624429223744,0.0,1.1341624429223744,0.0,0.0,17.421787412132513
21,9,0.0,1.2646624429223745,0.0,1.2646624429223745,0.0,0.0,16.075353377899482
22,9,0.0,1.0486624429223743,0.0,1.0486624429223743,0.0,0.0,14.573976054075828
23,9,0.0,1.1341624429223742,0.0,1.1341624429223742,0.0,0.0,13.329011520074312
0,9,0.0,0.9427624429223744,0.0,0.9427624429223744,0.0,0.0,11.982526485176857
1,9,0.0,0.7177624429223743,0.0,0.7177624429223743,0.0,0.0,10.863258828639383
2,9,0.0,0.6772624429223744,0.0,0.6772624429223744,0.0,0.0,10.01110713843697
3,9,0.0,3.065339122939527,0.0,3.065339122939527,0.0,0.0,9.207032067842885
4,9,0.0,2.849752131768888,0.0,1.0003460727207505,1.8494060590481374,0.0,5.567702677868735
5,9,0.0,3.157634933838203,0.0,0.0,3.157634933838203,0.0,4.38
6,9,0.0,3.0069425448264915,0.0,0.0,3.0069425448264915,0.0,4.38
7,9,0.2048051231505477,1.5532624429223745,0.0,0.0,1.3484573197718268,0.0,4.38
8,9,1.2680762848895908,4.513423729265801,0.0,0.0,3.2453474443762103,0.0,4.38
9,9,2.5562650193936043,2.6303184188392876,0.0,0.0,0.07405339944568334,0.0,4.38
10,9,3.617726923366281,0.9132624429223744,2.7044644804439066,0.0,0.0,0.0,4.38
11,9,4.342862283563061,1.1652624429223746,3.1775998406406867,0.0,0.0,0.0,7.0216544291889695
12,9,4.780622188382204,1.2327624429223745,3.5478597454598297,0.0,0.0,0.0,10.125548087110419
13,9,4.7841739393446305,1.1202624429223746,3.663911496422256,0.0,0.0,0.0,13.59123427808154
14,9,4.3969413060035665,4.037788049917829,0.35915325608573756,0.0,0.0,0.0,17.17042383535274
15,9,3.2896144758567587,1.3117624429223742,1.9778520329343845,0.0,0.0,0.0,17.521286388966704
16,9,2.6016415361616625,1.2012624429223744,1.400379093239288,0.0,0.0,0.0,19.45348926400734
17,9,1.5332618367695976,1.1607624429223744,0.3724993938472232,0.0,0.0,0.0,20.821577108942332
18,9,0.5597280251932764,3.0013163485033747,0.0,2.441588323310098,0.0,0.0,21.185492664780547
19,9,0.0019527221421547,3.4841855420155783,0.0,3.4822328198734236,0.0,0.0,18.286034928903696
20,9,0.0,3.6891794561058657,0.0,3.6891794561058657,0.0,0.0,14.150670368820418
21,9,0.0,3.6001624429223744,0.0,3.6001624429223744,0.0,0.0,9.76937633588996
22,9,0.0,2.731023175720698,0.0,0.9376310867444935,1.7933920889762045,0.0,5.493626128213425
23,9,0.0,2.837270449290583,0.0,0.0,2.837270449290583,0.0,4.38
0,9,0.0,2.6215581076242285,0.0,0.0,2.6215581076242285,0.0,4.38
1,9,0.0,3.093301406624539,0.0,0.0,3.093301406624539,0.0,4.38
2,9,0.0,3.1559594580256647,0.0,0.0,3.1559594580256647,0.0,4.38
3,9,0.0,0.6232624429223744,0.0,0.0,0.6232624429223744,0.0,4.38
4,9,0.0,0.8392624429223743,0.0,0.0,0.8392624429223743,0.0,4.38
5,9,0.0,0.5242624429223743,0.0,0.0,0.5242624429223743,0.0,4.38
6,9,0.0,0.6817624429223743,0.0,0.0,0.6817624429223743,0.0,4.38
7,9,0.262642481419672,3.251247191564592,0.0,0.0,2.98860471014492,0.0,4.38
8,9,1.61646974748805,2.6915204773299646,0.0,0.0,1.0750507298419145,0.0,4.38
9,9,2.920854042435175,0.8817624429223744,2.0390915995128007,0.0,0.0,0.0,4.38
10,9,3.933228673103952,1.1787624429223742,2.7544662301815777,0.0,0.0,0.0,6.372420998023358
11,9,4.605864757318863,1.0842624429223744,3.521602314396489,0.0,0.0,0.0,9.063903502385772
12,9,4.9373653951699445,1.1472624429223743,3.79010295224757,0.0,0.0,0.0,12.505084919711242
13,9,4.934549838817656,1.1272624429223743,3.8072873958952815,0.0,0.0,0.0,16.20877874786876
14,9,4.597730717727734,1.2237624429223743,3.0293985966333357,0.0,0.0,0.3445696781720238,19.929420256075385
15,9,3.944036384355948,1.4217624429223743,0.0,0.0,0.0,2.522273941433574,22.89
16,9,2.9925981692994283,1.2507624429223745,0.0,0.0,0.0,1.7418357263770539,22.89
17,9,1.8158700719929015,1.1362624429223744,0.0,0.0,0.0,0.6796076290705271,22.89
18,9,0.5787499888338399,3.726175887923619,0.0,3.147425899089779,0.0,0.0,22.89
19,9,0.0019420014753401,3.8147980821438776,0.0,3.8128560806685377,0.0,0.0,19.150979575508753
20,9,0.0,3.193198413011812,0.0,3.193198413011812,0.0,0.0,14.621297049379365
21,9,0.0,1.0126624429223745,0.0,1.0126624429223745,0.0,0.0,10.827610342335378
22,9,0.0,3.1326442639331424,0.0,3.1326442639331424,0.0,0.0,9.62447216022273
23,9,0.0,1.1296624429223745,0.0,1.1296624429223745,0.0,0.0,5.902554833935693
0,9,0.0,0.9337624429223744,0.0,0.15178766485190223,0.7819747780704722,0.0,4.5603484756521615
1,9,0.0,0.8527624429223744,0.0,0.0,0.8527624429223744,0.0,4.38
2,9,0.0,2.7126549485817897,0.0,0.0,2.7126549485817897,0.0,4.38
3,9,0.0,2.8379032750690096,0.0,0.0,2.8379032750690096,0.0,4.38
4,9,0.0,0.5377624429223744,0.0,0.0,0.5377624429223744,0.0,4.38
5,9,0.0,0.7132624429223744,0.0,0.0,0.7132624429223744,0.0,4.38
6,9,0.0,0.4792624429223743,0.0,0.0,0.4792624429223743,0.0,4.38
7,9,0.2506719994797378,1.581831846166776,0.0,0.0,1.3311598466870382,0.0,4.38
8,9,1.600410029729323,1.9048542629740275,0.0,0.0,0.3044442332447046,0.0,4.38
9,9,2.906633573615553,2.1048444858083863,0.8017890878071667,0.0,0.0,0.0,4.38
10,9,3.896325051444261,2.122932716224878,1.7733923352193828,0.0,0.0,0.0,5.163735189372186
11,9,4.5531127322593195,1.5560691367371886,2.997043595522131,0.0,0.0,0.0,6.897211302699646
12,9,4.901413564037566,1.6863801764569266,3.215033387580639,0.0,0.0,0.0,9.826853375457377
13,9,4.886671353681139,3.4893730317123444,1.3972983219687949,0.0,0.0,0.0,12.969686371869223
14,9,4.546209522371358,3.2948241882514107,1.2513853341199472,0.0,0.0,0.0,14.335653691244234
15,9,3.873093934413272,3.0481087753871496,0.8249851590261223,0.0,0.0,0.0,15.558998563493935
16,9,2.954267580921008,1.7644127729899348,1.1898548079310731,0.0,0.0,0.0,16.365508937016
17,9,1.786181441751557,1.716743476692351,0.06943796505920585,0.0,0.0,0.0,17.528728592125145
18,9,0.558506392867968,1.2286624429223745,0.0,0.6701560500544065,0.0,0.0,17.59661306187869
19,9,0.0017405400460725,1.1611624429223744,0.0,1.1594219028763018,0.0,0.0,16.800238764425487
20,9,0.0,1.0891624429223743,0.0,1.0891624429223743,0.0,0.0,15.422439357136232
21,9,0.0,1.0081624429223746,0.0,1.0081624429223746,0.0,0.0,14.128116298608147
22,9,0.0,0.9586624429223743,0.0,0.9586624429223743,0.0,0.0,12.930036493380824
23,9,0.0,1.0801624429223742,0.0,1.0801624429223742,0.0,0.0,11.790768852435049
0,9,0.0,0.8302624429223745,0.0,0.8302624429223745,0.0,0.0,10.507097939633322
1,9,0.0,0.8032624429223744,0.0,0.8032624429223744,0.0,0.0,9.520397821897568
2,9,0.0,0.9382624429223744,0.0,0.9382624429223744,0.0,0.0,8.565776314753332
3,9,0.0,2.0276207971728755,0.0,2.0276207971728755,0.0,0.0,7.450706852143443
4,9,0.0,0.6682624429223745,0.0,0.5561512875513591,0.11211115537101535,0.0,5.0409744984734335
5,9,0.0,0.6097624429223745,0.0,0.0,0.6097624429223745,0.0,4.38
6,9,0.0,0.5962624429223744,0.0,0.0,0.5962624429223744,0.0,4.38
7,9,0.2303116528714623,0.5602624429223744,0.0,0.0,0.3299507900509121,0.0,4.38
8,9,1.4173488864432606,3.761316255835058,0.0,0.0,2.3439673693917973,0.0,4.38
9,9,2.526286869182152,0.8457624429223745,1.6805244262597774,0.0,0.0,0.0,4.38
10,9,3.559405712997698,1.0977624429223745,2.4616432700753235,0.0,0.0,0.0,6.023129252291296
11,9,4.575547570069392,0.9942624429223744,3.5812851271470176,0.0,0.0,0.0,8.430040314616393
12,9,4.933467306636843,1.0147624429223745,3.918704863714469,0.0,0.0,0.0,11.931793917275506
13,9,4.889977369682239,5.388877243173684,0.0,0.49889987349144516,0.0,0.0,15.763624940857119
14,9,4.2655145395976435,5.369976701480214,0.0,1.1044621618825703,0.0,0.0,15.170613020048151
15,9,3.6388477513311326,5.49573712295286,0.0,1.8568893716217278,0.0,0.0,13.857798851499163
16,9,2.663546814022607,7.798243706876494,0.0,5.134696892853887,0.0,0.0,11.650588519727028
17,9,1.630069083139885,2.754411586332606,0.0,0.9817479995796617,0.14259450361305948,0.0,5.547054449617465
18,9,0.5409714963916644,1.9201624429223745,0.0,0.0,1.3791909465307102,0.0,4.38
19,9,0.0015429395667798,1.2916624429223744,0.0,0.0,1.2901195033555946,0.0,4.38
20,9,0.0,3.1151703916952,0.0,0.0,3.1151703916952,0.0,4.38
21,9,0.0,1.0081624429223746,0.0,0.0,1.0081624429223746,0.0,4.38
22,9,0.0,2.4600941764407267,0.0,0.0,2.4600941764407267,0.0,4.38
23,9,0.0,0.9406624429223746,0.0,0.0,0.9406624429223746,0.0,4.38
0,9,0.0,0.7762624429223743,0.0,0.0,0.7762624429223743,0.0,4.38
1,9,0.0,0.8752624429223744,0.0,0.0,0.8752624429223744,0.0,4.38
2,9,0.0,2.9277815666100433,0.0,0.0,2.9277815666100433,0.0,4.38
3,9,0.0,2.5777283917878204,0.0,0.0,2.5777283917878204,0.0,4.38
4,9,0.0,2.413544687975877,0.0,0.0,2.413544687975877,0.0,4.38
5,9,0.0,2.4359221656128516,0.0,0.0,2.4359221656128516,0.0,4.38
6,9,0.0,2.03835175248152,0.0,0.0,2.03835175248152,0.0,4.38
7,9,0.243812955673529,3.029982615458155,0.0,0.0,2.786169659784626,0.0,4.38
8,9,1.5881934237282225,5.914254646722552,0.0,0.0,4.326061222994329,0.0,4.38
9,9,2.9005141261768213,4.668196862378444,0.0,0.0,1.767682736201623,0.0,4.38
10,9,3.987461397496036,2.955641668521603,1.0318197289744329,0.0,0.0,0.0,4.38
11,9,4.659428856670102,3.20218134684314,1.4572475098269622,0.0,0.0,0.0,5.389095098165113
12,9,4.962215351261002,3.158248405354689,1.8039669459063132,0.0,0.0,0.0,6.814264602667917
13,9,4.943687728715861,3.53791442493117,1.4057733037846907,0.0,0.0,0.0,8.57854958524079
14,9,4.612308298066202,2.4810747848859807,2.131233513180221,0.0,0.0,0.0,9.95342730124452
15,9,3.9604909669290143,1.3767624429223742,2.58372852400664,0.0,0.0,0.0,12.037853557980247
16,9,3.0140408069712064,3.18147890372408,0.0,0.16743809675287347,0.0,0.0,14.564896150753176
17,9,1.8176315608815845,1.239762442922374,0.5778691179592106,0.0,0.0,0.0,14.365828898155492
18,9,0.5610594456074189,1.1296624429223745,0.0,0.5686029973149556,0.0,0.0,14.931036916383492
19,9,0.0014479798018282,1.2331624429223744,0.0,1.2317144631205463,0.0,0.0,14.255018931715941
20,9,0.0,2.38163357560082,0.0,2.38163357560082,0.0,0.0,12.79061170485133
21,9,0.0,2.5335636232053957,0.0,2.5335636232053957,0.0,0.0,9.959006822236725
22,9,0.0,2.350867697198052,0.0,2.1586981532209384,0.19216954397711383,0.0,6.946688216732575
23,9,0.0,1.9614708213669303,0.0,0.0,1.9614708213669303,0.0,4.38
0,9,0.0,2.0309433860496897,0.0,0.0,2.0309433860496897,0.0,4.38
1,9,0.0,2.0572892728890615,0.0,0.0,2.0572892728890615,0.0,4.38
2,9,0.0,1.9372365848100572,0.0,0.0,1.9372365848100572,0.0,4.38
3,9,0.0,1.7493434981606568,0.0,0.0,1.7493434981606568,0.0,4.38
4,9,0.0,2.0007916786784543,0.0,0.0,2.0007916786784543,0.0,4.38
5,9,0.0,1.803350595589558,0.0,0.0,1.803350595589558,0.0,4.38
6,9,0.0,1.5950870091093143,0.0,0.0,1.5950870091093143,0.0,4.38
7,9,0.2499085020214125,0.4252624429223743,0.0,0.0,0.17535394090096182,0.0,4.38
8,9,1.6422587181126174,2.812205049020262,0.0,0.0,1.1699463309076448,0.0,4.38
9,9,2.9612074165748448,0.7782624429223745,2.18294497365247,0.0,0.0,0.0,4.38
10,9,3.966466804284037,0.8997624429223743,3.066704361361663,0.0,0.0,0.0,6.515338773442815
11,9,4.60197594244744,1.7074079014392067,2.894568041008233,0.0,0.0,0.0,9.515235754137667
12,9,4.9478708077529205,2.7520288573409477,2.195841950411973,0.0,0.0,0.0,12.346841919102616
13,9,4.343852504503432,2.7540832938621014,1.5897692106413306,0.0,0.0,0.0,14.494988924798678
14,9,4.11358269101772,1.5684870278191274,2.545095663198592,0.0,0.0,0.0,16.050265021539296
15,9,3.634713919935765,1.1652624429223746,2.4694514770133904,0.0,0.0,0.0,18.540183481511306
16,9,2.79413889212943,1.0957624429223745,1.6983764492070557,0.0,0.0,0.0,20.956165379124446
17,9,1.6756705437061703,1.1292624429223743,0.2781981315746307,0.0,0.0,0.2682099692091653,22.617813043513344
18,9,0.504695016029794,2.8466650819083936,0.0,2.3419700658785993,0.0,0.0,22.89
19,9,0.0011348418788345,2.960283612166683,0.0,2.9591487702878485,0.0,0.0,20.10475575392245
20,9,0.0,2.9379135590360796,0.0,2.9379135590360796,0.0,0.0,16.585426168745464
21,9,0.0,2.965852003198056,0.0,2.965852003198056,0.0,0.0,13.091237913679974
22,9,0.0,0.8866624429223744,0.0,0.8866624429223744,0.0,0.0,9.563707181019124
23,9,0.0,0.8506624429223746,0.0,0.8506624429223746,0.0,0.0,8.509092478287254
0,9,0.0,1.797985709261423,0.0,1.797985709261423,0.0,0.0,7.497287046994164
1,9,0.0,0.9022624429223745,0.0,0.8227925791165833,0.07946986380579113,0.0,5.358684647992652
2,9,0.0,0.6817624429223743,0.0,0.0,0.6817624429223743,0.0,4.38
3,9,0.0,0.6142624429223743,0.0,0.0,0.6142624429223743,0.0,4.38
4,9,0.0,0.7537624429223744,0.0,0.0,0.7537624429223744,0.0,4.38
5,9,0.0,0.7177624429223743,0.0,0.0,0.7177624429223743,0.0,4.38
6,9,0.0,0.6862624429223745,0.0,0.0,0.6862624429223745,0.0,4.38
7,9,0.2121313874689668,2.2174823831166233,0.0,0.0,2.0053509956476563,0.0,4.38
8,9,1.521991853724716,2.5389470808210945,0.0,0.0,1.0169552270963786,0.0,4.38
9,9,2.0499893940075737,0.7827624429223744,1.2672269510851994,0.0,0.0,0.0,4.38
10,9,2.022385623833972,0.8367624429223743,1.1856231809115976,0.0,0.0,0.0,5.6200615127104
11,9,3.454206560279,1.0887624429223743,2.365444117356626,0.0,0.0,0.0,6.78028477350963
12,9,4.179070343982814,3.4086920663730207,0.7703782776097934,0.0,0.0,0.0,9.095083565989047
13,9,4.3500119980149785,3.987183139530467,0.3628288584845114,0.0,0.0,0.0,9.848987296551336
14,9,4.346630931602743,1.0572624429223745,3.2893684886803682,0.0,0.0,0.0,10.204060067686125
15,9,3.260460196109429,1.2372624429223742,2.0231977531870546,0.0,0.0,0.0,13.423125537627469
16,9,2.3949173038417157,1.0797624429223742,1.3151548609193415,0.0,0.0,0.0,15.403153589342423
17,9,1.4009818187451903,1.6364567108118329,0.0,0.23547489206664252,0.0,0.0,16.690275185316803
18,9,0.4840405993564691,1.4342205381144515,0.0,0.9501799387579823,0.0,0.0,16.41014423596807
19,9,0.0009343708808464,1.9426624429223744,0.0,1.941728072041528,0.0,0.0,15.279766827035596
20,9,0.0,3.639358500834516,0.0,3.639358500834516,0.0,0.0,12.969774351956623
21,9,0.0,6.457104878003841,0.0,3.5807160903508035,2.876388787653038,0.0,8.64008957238376
22,9,0.0,4.394135961428549,0.0,0.0,4.394135961428549,0.0,4.38
23,9,0.0,3.2013121588176627,0.0,0.0,3.2013121588176627,0.0,4.38
0,9,0.0,0.8887624429223744,0.0,0.0,0.8887624429223744,0.0,4.38
1,9,0.0,0.8662624429223744,0.0,0.0,0.8662624429223744,0.0,4.38
2,9,0.0,0.6592624429223743,0.0,0.0,0.6592624429223743,0.0,4.38
3,9,0.0,0.6322624429223744,0.0,0.0,0.6322624429223744,0.0,4.38
4,9,0.0,0.5962624429223744,0.0,0.0,0.5962624429223744,0.0,4.38
5,9,0.0,1.007014524976435,0.0,0.0,1.007014524976435,0.0,4.38
6,9,0.0,0.5512624429223744,0.0,0.0,0.5512624429223744,0.0,4.38
7,9,0.1694992630356824,3.0109497886207786,0.0,0.0,2.8414505255850964,0.0,4.38
8,9,1.2711396199904808,4.4664618621706005,0.0,0.0,3.1953222421801195,0.0,4.38
9,9,2.069200983241574,3.270951560358629,0.0,0.0,1.2017505771170551,0.0,4.38
10,9,2.6247255549494883,3.0420820237886392,0.0,0.0,0.4173564688391509,0.0,4.38
11,9,3.575514833762498,0.8637624429223744,2.7117523908401235,0.0,0.0,0.0,4.38
12,9,3.896813555166416,1.0282624429223746,2.8685511122440412,0.0,0.0,0.0,7.03429067782812
13,9,4.0222964264564185,3.949698729393944,0.07259769706247443,0.0,0.0,0.0,9.842141370770227
14,9,3.5569395287757817,5.002036876825706,0.0,1.445097348049924,0.0,0.0,9.913205097703917
15,9,3.3785203166243343,4.444821174929494,0.0,1.0663008583051599,0.0,0.0,8.193752914877146
16,9,2.557771874279887,3.933135443790353,0.0,1.375363569510466,0.0,0.0,6.924992359033684
17,9,1.19083637111166,3.75623885977761,0.0,0.7634805082606451,1.801921980405305,0.0,5.28846780460584
18,9,0.2501642616187789,3.4378406345564985,0.0,0.0,3.1876763729377195,0.0,4.38
19,9,0.0005308187872311,3.3658899822325816,0.0,0.0,3.3653591634453504,0.0,4.38
20,9,0.0,5.452174613559678,0.0,0.0,5.452174613559678,0.0,4.38
21,9,0.0,2.1716080650770113,0.0,0.0,2.1716080650770113,0.0,4.38
22,9,0.0,1.9057682801389957,0.0,0.0,1.9057682801389957,0.0,4.38
23,9,0.0,1.9030509598853085,0.0,0.0,1.9030509598853085,0.0,4.38
0,9,0.0,0.7717624429223744,0.0,0.0,0.7717624429223744,0.0,4.38
1,9,0.0,0.7627624429223744,0.0,0.0,0.7627624429223744,0.0,4.38
2,9,0.0,0.5737624429223744,0.0,0.0,0.5737624429223744,0.0,4.38
3,9,0.0,0.7402624429223743,0.0,0.0,0.7402624429223743,0.0,4.38
4,9,0.0,0.5377624429223744,0.0,0.0,0.5377624429223744,0.0,4.38
5,9,0.0,0.5152624429223743,0.0,0.0,0.5152624429223743,0.0,4.38
6,9,0.0,0.4747624429223744,0.0,0.0,0.4747624429223744,0.0,4.38
7,9,0.1533288340434705,4.9498599792729205,0.0,0.0,4.79653114522945,0.0,4.38
8,9,1.0446918152043834,4.932879545545125,0.0,0.0,3.888187730340742,0.0,4.38
9,9,2.2080198878771027,3.1339641150524153,0.0,0.0,0.9259442271753127,0.0,4.38
10,9,3.48726256961097,1.9101325551301789,1.577130014480791,0.0,0.0,0.0,4.38
11,9,4.353999039051697,2.000621986751284,2.353377052300413,0.0,0.0,0.0,5.923885966717497
12,9,4.44769965235007,0.8392624429223743,3.608437209427696,0.0,0.0,0.0,8.227696607793884
13,9,4.599866879020302,1.0642624429223744,3.5356044360979277,0.0,0.0,0.0,11.760225101677987
14,9,4.274586096839213,0.9942624429223744,3.280323653916839,0.0,0.0,0.0,15.221590515946083
15,9,3.7785960202523152,0.9697624429223742,2.808833577329941,0.0,0.0,0.0,18.433160471376326
16,9,2.932954741513483,1.0347624429223743,1.7432001442789686,0.0,0.0,0.1549921543121402,21.183221866101242
17,9,1.7675479183346106,0.9987624429223744,0.0,0.0,0.0,0.7687854754122362,22.89
18,9,0.522094458078443,1.0126624429223745,0.0,0.4905679848439315,0.0,0.0,22.89
19,9,0.0009410116177801,4.205937785037526,0.0,4.204996773419746,0.0,0.0,22.30614517519724
20,9,0.0,2.8277171292310364,0.0,2.8277171292310364,0.0,0.0,17.30149547061209
21,9,0.0,2.847565299726866,0.0,2.847565299726866,0.0,0.0,13.935883094002996
22,9,0.0,2.5348148713206866,0.0,2.5348148713206866,0.0,0.0,10.546541409330787
23,9,0.0,0.9136624429223744,0.0,0.9136624429223744,0.0,0.0,7.529359256158161
0,9,0.0,0.5422624429223745,0.0,0.5422624429223745,0.0,0.0,6.441799361620599
1,9,0.0,0.4972624429223744,0.0,0.4972624429223744,0.0,0.0,5.7963215643846375
2,9,0.0,0.4657624429223744,0.0,0.4657624429223744,0.0,0.0,5.20440562424374
3,9,0.0,1.4556078484841657,0.0,0.22680721493108313,1.2288006335530826,0.0,4.649982646079413
4,9,0.0,1.810103685296567,0.0,0.0,1.810103685296567,0.0,4.38
5,9,0.0,3.654198427051107,0.0,0.0,3.654198427051107,0.0,4.38
6,9,0.0,3.2872664396241427,0.0,0.0,3.2872664396241427,0.0,4.38
7,9,0.2374037141600537,2.3333869416481128,0.0,0.0,2.095983227488059,0.0,4.38
8,9,1.701408416559578,1.3687624429223746,0.3326459736372034,0.0,0.0,0.0,4.38
9,9,3.081957424545229,1.3977624429223745,1.6841949816228543,0.0,0.0,0.0,4.705757800869594
10,9,4.140704204046202,0.7467624429223744,3.3939417611238274,0.0,0.0,0.0,6.355083833561698
11,9,4.831906256855201,0.8232624429223745,4.008643813932826,0.0,0.0,0.0,9.678820350230763
12,9,5.153366404481468,2.3693804067182977,2.7839859977631702,0.0,0.0,0.0,13.604690313789686
13,9,5.124085693557904,1.1292624429223743,3.9948232506355303,0.0,0.0,0.0,16.331310643785077
14,9,4.75343952653916,1.1742624429223742,2.7015307804674418,0.0,0.0,0.8776463031493442,20.243938224789336
15,9,4.055040922871784,2.842922872551757,0.0,0.0,0.0,1.2121180503200275,22.89
16,9,3.0538425454463947,3.279469680078102,0.0,0.22562713463170736,0.0,0.0,22.89
17,9,1.8080241313010048,2.62303445808145,0.0,0.8150103267804454,0.0,0.0,22.621365473391936
18,9,0.5307813374522973,1.7446624429223745,0.0,1.2138811054700773,0.0,0.0,21.6510014345678
19,9,0.0008385401021689,1.0891624429223743,0.0,1.0883239028202054,0.0,0.0,20.20572263055989
20,9,0.0,1.0756624429223745,0.0,1.0756624429223745,0.0,0.0,18.90991820560865
21,9,0.0,0.8911624429223745,0.0,0.8911624429223745,0.0,0.0,17.62917369078231
22,9,0.0,2.060768621384866,0.0,2.060768621384866,0.0,0.0,16.568092729392593
23,9,0.0,1.9265475134016696,0.0,1.9265475134016696,0.0,0.0,14.11437192873642
0,9,0.0,0.5602624429223744,0.0,0.5602624429223744,0.0,0.0,11.820413738603287
1,9,0.0,0.6592624429223743,0.0,0.6592624429223743,0.0,0.0,11.153289831081297
2,9,0.0,0.4252624429223743,0.0,0.4252624429223743,0.0,0.0,10.368278345886276
3,9,0.0,0.3667624429223743,0.0,0.3667624429223743,0.0,0.0,9.861896811722067
4,9,0.0,0.3532624429223744,0.0,0.3532624429223744,0.0,0.0,9.425172144442298
5,9,0.0,0.2722624429223744,0.0,0.2722624429223744,0.0,0.0,9.004520986227012
6,9,0.0,2.0579242152160715,0.0,2.0579242152160715,0.0,0.0,8.680320211122812
7,9,0.224305614441603,2.838177632383013,0.0,1.5534204863446623,1.0604515315967475,0.0,6.229807315120815
8,9,1.678737671178008,1.6387877139048528,0.0399499572731552,0.0,0.0,0.0,4.38
9,9,3.057209072487861,2.8504340336398144,0.2067750388480465,0.0,0.0,0.0,4.419137556070387
10,9,4.086812924970064,2.9292034939102676,1.1576094310597966,0.0,0.0,0.0,4.621707816271975
11,9,4.7598164744087805,2.8707493540389915,1.889067120369789,0.0,0.0,0.0,5.755779797784099
12,9,5.07857667468811,1.1787624429223742,3.8998142317657356,0.0,0.0,0.0,7.606460490621412
13,9,5.055295027970704,1.2147624429223742,3.84053258504833,0.0,0.0,0.0,11.427108834562127
14,9,4.69543610115674,1.0662624429223744,3.6291736582343654,0.0,0.0,0.0,15.189840666234337
15,9,4.009040715148473,1.0842624429223744,2.9247782722260984,0.0,0.0,0.0,18.745645750436136
16,9,3.0128696941266626,1.2642624429223743,1.3048770933749125,0.0,0.0,0.44373015782937575,21.611410371044897
17,9,1.77985392069996,1.2327624429223745,0.0,0.0,0.0,0.5470914777775855,22.89
18,9,0.5205380033202845,1.0621624429223744,0.0,0.5416244396020898,0.0,0.0,22.89
19,9,0.0007294707625435,0.9721624429223744,0.0,0.9714329721598309,0.0,0.0,22.244890280843894
20,9,0.0,0.9136624429223744,0.0,0.9136624429223744,0.0,0.0,21.087843907903526
21,9,0.0,2.936132276574888,0.0,2.936132276574888,0.0,0.0,19.999594727400762
22,9,0.0,0.7921624429223744,0.0,0.7921624429223744,0.0,0.0,16.502377840020557
23,9,0.0,0.7246624429223744,0.0,0.7246624429223744,0.0,0.0,15.55880538499957
0,9,0.0,0.7897624429223744,0.0,0.7897624429223744,0.0,0.0,14.695627008512686
1,9,0.0,0.6232624429223744,0.0,0.6232624429223744,0.0,0.0,13.754897547830907
2,9,0.0,0.5287624429223744,0.0,0.5287624429223744,0.0,0.0,13.012488926480508
3,9,0.0,0.4252624429223743,0.0,0.4252624429223743,0.0,0.0,12.382641102471792
4,9,0.0,0.4207624429223744,0.0,0.4207624429223744,0.0,0.0,11.876076785707028
5,9,0.0,2.4130028074900327,0.0,2.4130028074900327,0.0,0.0,11.374870431355669
6,9,0.0,0.3892624429223743,0.0,0.3892624429223743,0.0,0.0,8.500521804426397
7,9,0.2150412862138508,0.6187624429223744,0.0,0.4037211567085236,0.0,0.0,8.036823325049404
8,9,1.6562441901842933,1.9520947919266185,0.0,0.29585060174232525,0.0,0.0,7.555899225554192
9,9,2.999264646447435,3.897818679545714,0.0,0.8985540330982791,0.0,0.0,7.203472023921814
10,9,4.019753114021169,2.4526076755105373,1.5671454385106318,0.0,0.0,0.0,6.133080703414881
11,9,4.6877898314997655,1.5473098615370402,3.1404799699627253,0.0,0.0,0.0,7.668915385749738
12,9,4.994394157191212,1.8331566056126984,3.1612375515785134,0.0,0.0,0.0,10.746703364092834
13,9,4.960944977605668,1.8037320208372176,3.1572129567684506,0.0,0.0,0.0,13.844941820900873
14,9,4.606217418579971,1.6066618663789984,2.999555552200972,0.0,0.0,0.0,16.939343737692482
15,9,3.927589086882146,1.3182624429223744,2.609326643959772,0.0,0.0,0.0,19.879327099797393
16,9,2.942706200005072,1.3137624429223744,0.4622359225330265,0.0,0.0,1.1667078345496709,22.436916219326115
17,9,1.7329135579921366,2.991060865042183,0.0,1.2581473070500462,0.0,0.0,22.89
18,9,0.5003187839326182,5.089475536138739,0.0,4.5891567522061205,0.0,0.0,21.390950259060016
19,9,0.0006236995990406,5.0595541440509235,0.0,5.058930444451883,0.0,0.0,15.923013680806225
20,9,0.0,4.71815099229074,0.0,4.628198497027141,0.08995249526359927,0.0,9.895041180997298
21,9,0.0,4.144362514534654,0.0,5.729627602949524e-16,4.144362514534653,0.0,4.380000000000001
22,9,0.0,4.651873577281242,0.0,0.0,4.651873577281242,0.0,4.38
23,9,0.0,2.573708058294365,0.0,0.0,2.573708058294365,0.0,4.38
0,9,0.0,0.6727624429223743,0.0,0.0,0.6727624429223743,0.0,4.38
1,9,0.0,1.3648687045868502,0.0,0.0,1.3648687045868502,0.0,4.38
2,9,0.0,0.9894752286659014,0.0,0.0,0.9894752286659014,0.0,4.38
3,9,0.0,0.9501105778583278,0.0,0.0,0.9501105778583278,0.0,4.38
4,9,0.0,1.0149549829146485,0.0,0.0,1.0149549829146485,0.0,4.38
5,9,0.0,1.1271456978653305,0.0,0.0,1.1271456978653305,0.0,4.38
6,9,0.0,0.5332624429223745,0.0,0.0,0.5332624429223745,0.0,4.38
7,9,0.1854947417373523,4.153806739977342,0.0,0.0,3.9683119982399897,0.0,4.38
8,9,1.4783213607324504,2.8841463425139717,0.0,0.0,1.4058249817815214,0.0,4.38
9,9,2.928529714545183,3.1191843673172017,0.0,0.0,0.19065465277201854,0.0,4.38
10,9,3.2988608120170886,0.6907624429223744,2.608098369094714,0.0,0.0,0.0,4.38
11,9,3.932436836195373,3.4186949549760084,0.5137418812193646,0.0,0.0,0.0,6.936909764589435
12,9,4.739870990807868,4.92387233797243,0.0,0.1840013471645623,0.0,0.0,7.440583028211143
13,9,4.722533375581391,5.675614482668301,0.0,0.9530811070869101,0.0,0.0,7.22130510709098
14,9,4.217209033858477,5.190012828607226,0.0,0.9728037947487485,0.0,0.0,6.085497836355266
15,9,2.928556318510082,1.2882875283032629,1.640268790206819,0.0,0.0,0.0,4.926174427917599
16,9,2.110031826034461,0.8077624429223745,1.3022693831120864,0.0,0.0,0.0,6.534342792739096
17,9,1.4417809700727515,0.8707624429223744,0.5710185271503772,0.0,0.0,0.0,7.81114957272804
18,9,0.4177376264636782,0.9316624429223744,0.0,0.5139248164586963,0.0,0.0,8.371011309920185
19,9,0.0004196212038773,3.928025920885664,0.0,2.8348044360035445,1.0928018636782424,0.0,7.7585192993114065
20,9,0.0,3.0626881073437557,0.0,0.0,3.0626881073437557,0.0,4.38
21,9,0.0,4.221094913636246,0.0,0.0,4.221094913636246,0.0,4.38
22,9,0.0,3.8705326859348066,0.0,0.0,3.8705326859348066,0.0,4.38
23,9,0.0,2.945319091442321,0.0,0.0,2.945319091442321,0.0,4.38
0,9,0.0,0.5872624429223744,0.0,0.0,0.5872624429223744,0.0,4.38
1,9,0.0,0.6997624429223744,0.0,0.0,0.6997624429223744,0.0,4.38
2,9,0.0,0.5152624429223743,0.0,0.0,0.5152624429223743,0.0,4.38
3,9,0.0,0.4657624429223744,0.0,0.0,0.4657624429223744,0.0,4.38
4,9,0.0,2.467292828668922,0.0,0.0,2.467292828668922,0.0,4.38
5,9,0.0,2.82161375270677,0.0,0.0,2.82161375270677,0.0,4.38
6,9,0.0,2.642923146932412,0.0,0.0,2.642923146932412,0.0,4.38
7,9,0.0964436933112254,3.3827866638554687,0.0,0.0,3.286342970544243,0.0,4.38
8,9,0.6769154649048916,3.733246815145983,0.0,0.0,3.0563313502410914,0.0,4.38
9,9,1.2845372210746928,0.5107624429223745,0.7737747781523183,0.0,0.0,0.0,4.38
10,9,1.9343976185808895,0.5782624429223745,1.356135175658515,0.0,0.0,0.0,5.1386892555163595
11,9,2.6447500662714427,1.343719506749968,1.3010305595214746,0.0,0.0,0.0,6.468396551816611
12,9,3.0250162038782307,6.7166090874812765,0.0,2.8225040338323137,0.8690888497707321,0.0,7.744092173490827
13,9,3.1238805005266332,5.085735939222282,0.0,0.0,1.9618554386956486,0.0,4.38
14,9,2.937966042207574,5.7195479342371875,0.0,0.0,2.7815818920296134,0.0,4.38
15,9,3.6705005029199103,3.744764416176807,0.0,0.0,0.07426391325689696,0.0,4.38
16,9,2.8654445665283976,1.0707624429223743,1.7946821236060233,0.0,0.0,0.0,4.38
17,9,1.641097019513799,0.7827624429223744,0.8583345765914246,0.0,0.0,0.0,6.13981436369904
18,9,0.4674335145247026,1.5691624429223745,0.0,1.101728928397672,0.0,0.0,6.9814895555365295
19,9,0.0004239615548144,2.943014001743956,0.0,1.08079958555622,1.8617904546329214,0.0,5.668279197796788
20,9,0.0,0.7426624429223745,0.0,0.0,0.7426624429223745,0.0,4.38
21,9,0.0,1.598960421403495,0.0,0.0,1.598960421403495,0.0,4.38
22,9,0.0,2.061496916180653,0.0,0.0,2.061496916180653,0.0,4.38
23,9,0.0,1.758618870432867,0.0,0.0,1.758618870432867,0.0,4.38
0,9,0.0,0.4927624429223743,0.0,0.0,0.4927624429223743,0.0,4.38
1,9,0.0,0.4567624429223743,0.0,0.0,0.4567624429223743,0.0,4.38
2,9,0.0,0.4342624429223743,0.0,0.0,0.4342624429223743,0.0,4.38
3,9,0.0,0.4162624429223743,0.0,0.0,0.4162624429223743,0.0,4.38
4,9,0.0,0.9122581554363656,0.0,0.0,0.9122581554363656,0.0,4.38
5,9,0.0,0.9198664999666868,0.0,0.0,0.9198664999666868,0.0,4.38
6,9,0.0,0.9434912504181404,0.0,0.0,0.9434912504181404,0.0,4.38
7,9,0.0622194685548386,4.92733031074078,0.0,0.0,4.865110842185942,0.0,4.38
8,9,0.5111497500841037,4.060153439436605,0.0,0.0,3.549003689352501,0.0,4.38
9,9,0.7354285011106031,0.5172624429223744,0.21816605818822865,0.0,0.0,0.0,4.38
10,9,2.047689844243892,0.7872624429223745,1.2604274013215178,0.0,0.0,0.0,4.5939388574079665
11,9,3.4384373103528394,0.6882624429223745,2.7501748674304647,0.0,0.0,0.0,5.829947104053448
12,9,4.881057581333665,2.3961012740015972,2.4849563073320677,0.0,0.0,0.0,8.526878380825401
13,9,4.987342995837066,2.064682314068292,2.922660681768774,0.0,0.0,0.0,10.96379968201822
14,9,4.603791092696076,0.7762624429223743,3.8275286497737016,0.0,0.0,0.0,13.830042965956888
15,9,3.574737134982225,0.8592624429223743,2.7154746920598507,0.0,0.0,0.0,17.583808190209165
16,9,2.588812694413873,2.4308989612437077,0.15791373317016522,0.0,0.0,0.0,20.247063218194832
17,9,1.3289248969359106,2.8948160930935054,0.0,1.5658911961575948,0.0,0.0,20.40194484739293
18,9,0.408441726979465,3.200964898928019,0.0,2.792523171948554,0.0,0.0,18.53509296374559
19,9,0.0003158885335456,3.0003011890183173,0.0,2.999985300484772,0.0,0.0,15.205795738212563
20,9,0.0,4.2398810679297885,0.0,4.2398810679297885,0.0,0.0,11.629048161375401
21,9,0.0,2.9353771302271916,0.0,1.8399469583938761,1.0954301718333155,0.0,6.573861278795878
22,9,0.0,0.9721624429223744,0.0,0.0,0.9721624429223744,0.0,4.38
23,9,0.0,0.9136624429223744,0.0,0.0,0.9136624429223744,0.0,4.38
0,9,0.0,0.5377624429223744,0.0,0.0,0.5377624429223744,0.0,4.38
1,9,0.0,0.6457624429223745,0.0,0.0,0.6457624429223745,0.0,4.38
2,9,0.0,0.3937624429223744,0.0,0.0,0.3937624429223744,0.0,4.38
3,9,0.0,0.3487624429223744,0.0,0.0,0.3487624429223744,0.0,4.38
4,9,0.0,0.5107624429223745,0.0,0.0,0.5107624429223745,0.0,4.38
5,9,0.0,0.3442624429223743,0.0,0.0,0.3442624429223743,0.0,4.38
6,9,0.0,2.2130796529361465,0.0,0.0,2.2130796529361465,0.0,4.38
7,9,0.0393509159096882,2.5184913300019582,0.0,0.0,2.47914041409227,0.0,4.38
8,9,0.1679342791528552,3.9663121349220543,0.0,0.0,3.798377855769199,0.0,4.38
9,9,0.2623720697193062,4.588335671352515,0.0,0.0,4.325963601633209,0.0,4.38
10,9,0.4836150962955495,3.897421703205648,0.0,0.0,3.4138066069100983,0.0,4.38
11,9,0.9556367932149976,4.36832752010198,0.0,0.0,3.412690726886982,0.0,4.38
12,9,0.97967061165278,4.690770708386319,0.0,0.0,3.711100096733539,0.0,4.38
13,9,1.0278415733369426,0.3777624429223744,0.6500791304145682,0.0,0.0,0.0,4.38
14,9,1.828459162318568,0.3577624429223743,1.4706967193961937,0.0,0.0,0.0,5.0176926125518815
15,9,2.1023319809221688,0.6342624429223743,1.4680695379997943,0.0,0.0,0.0,6.460377229340953
16,9,1.7341407771056367,0.4722624429223744,1.2618783341832622,0.0,0.0,0.0,7.900508076562949
17,9,1.3171647168028675,0.3237624429223744,0.9934022738804931,0.0,0.0,0.0,9.138391779487696
18,9,0.1799435233522014,0.3691624429223744,0.0,0.18921891957017298,0.0,0.0,10.112918068245984
19,9,0.0056499221569246,1.7599771526480992,0.0,1.7543272304911746,0.0,0.0,9.887283703627313
20,9,0.0,3.731827310962882,0.0,2.864063174498553,0.8677641364643289,0.0,7.795329381817323
21,9,0.0,2.7257703302544978,0.0,0.0,2.7257703302544978,0.0,4.38
22,9,0.0,2.7985242581605556,0.0,0.0,2.7985242581605556,0.0,4.38
23,9,0.0,1.00888956337159,0.0,0.0,1.00888956337159,0.0,4.38
0,9,0.0,0.6778244584435794,0.0,0.0,0.6778244584435794,0.0,4.38
1,9,0.0,0.8834552813401284,0.0,0.0,0.8834552813401284,0.0,4.38
2,9,0.0,0.2227624429223743,0.0,0.0,0.2227624429223743,0.0,4.38
3,9,0.0,0.2137624429223744,0.0,0.0,0.2137624429223744,0.0,4.38
4,9,0.0,0.2092624429223743,0.0,0.0,0.2092624429223743,0.0,4.38
5,9,0.0,0.4162624429223744,0.0,0.0,0.4162624429223744,0.0,4.38
6,9,0.0,0.4342624429223743,0.0,0.0,0.4342624429223743,0.0,4.38
7,9,0.137910138540508,1.762889560695279,0.0,0.0,1.624979422154771,0.0,4.38
8,9,1.2257859853054975,1.9190420673063329,0.0,0.0,0.6932560820008353,0.0,4.38
9,9,1.917743606122125,3.3779456159771835,0.0,0.0,1.4602020098550585,0.0,4.38
10,9,2.359584239016261,1.5227294408480745,0.8368547981681864,0.0,0.0,0.0,4.38
11,9,3.358558403738652,3.622279597045703,0.0,0.2637211933070507,0.0,0.0,5.201005985637649
12,9,3.484221339700166,6.19797509814925,0.0,0.42473736660733974,2.289016391841744,0.0,4.886511690604277
13,9,3.6535366118703534,6.68223570872712,0.0,0.0,3.0286990968567666,0.0,4.38
14,9,2.9213339662928464,5.576432658174233,0.0,0.0,2.6550986918813866,0.0,4.38
15,9,3.3046647424178586,2.9305315049412632,0.3741332374765953,0.0,0.0,0.0,4.38
16,9,2.6925268966018434,2.551194635554405,0.14133226104743857,0.0,0.0,0.0,4.747053877145161
17,9,1.5629873444962517,0.7287624429223744,0.8342249015738773,0.0,0.0,0.0,4.885712417453565
18,9,0.3247173349081736,0.5446624429223743,0.0,0.2199451080142007,0.0,0.0,5.704156746532488
19,9,0.0111605175522842,1.881850029698104,0.0,0.8904078236844902,0.9802816884613296,0.0,5.441860657251755
20,9,0.0,0.4771624429223743,0.0,0.0,0.4771624429223743,0.0,4.38
21,9,0.0,0.4456624429223744,0.0,0.0,0.4456624429223744,0.0,4.38
22,9,0.0,0.4141624429223744,0.0,0.0,0.4141624429223744,0.0,4.38
23,9,0.0,0.5716624429223743,0.0,0.0,0.5716624429223743,0.0,4.38
0,9,0.0,2.3176368237943894,0.0,0.0,2.3176368237943894,0.0,4.38
1,9,0.0,4.398218858173283,0.0,0.0,4.398218858173283,0.0,4.38
2,9,0.0,3.896587562754592,0.0,0.0,3.896587562754592,0.0,4.38
3,9,0.0,2.3369987115152244,0.0,0.0,2.3369987115152244,0.0,4.38
4,9,0.0,0.2182624429223744,0.0,0.0,0.2182624429223744,0.0,4.38
5,9,0.0,0.2497624429223744,0.0,0.0,0.2497624429223744,0.0,4.38
6,9,0.0,2.121108103554589,0.0,0.0,2.121108103554589,0.0,4.38
7,9,0.1603146188832386,2.675909278023846,0.0,0.0,2.5155946591406075,0.0,4.38
8,9,1.343400366543884,3.3369584266605714,0.0,0.0,1.9935580601166873,0.0,4.38
9,9,2.69158705732139,2.356097748866448,0.33548930845494196,0.0,0.0,0.0,4.38
10,9,3.8233658971841074,1.8303139826567107,1.9930519145273966,0.0,0.0,0.0,4.709150106250592
11,9,4.533592590362396,0.5937624429223745,3.9398301474400217,0.0,0.0,0.0,6.664549762671571
12,9,4.6282558963020515,0.6297624429223745,3.9984934533796768,0.0,0.0,0.0,10.530034614522986
13,9,4.687786877347909,0.8457624429223745,3.8420244344255345,0.0,0.0,0.0,14.453246383734605
14,9,4.105434657845458,0.8032624429223745,3.3021722149230834,0.0,0.0,0.0,18.223101434284096
15,9,3.713327398291992,0.7197624429223745,1.4538138633687923,0.0,0.0,1.539751092000825,21.463382377186797
16,9,2.642909785728194,0.7242624429223743,0.0,0.0,0.0,1.9186473428058197,22.89
17,9,1.4245068131070413,0.7242624429223743,0.0,0.0,0.0,0.700244370184667,22.89
18,9,0.3934320949995072,2.6477428512238084,0.0,2.254310756224301,0.0,0.0,22.89
19,9,0.0110670093418584,2.436652832409002,0.0,2.4255858230671437,0.0,0.0,20.20102324958132
20,9,0.0,1.4611624429223744,0.0,1.4611624429223744,0.0,0.0,17.30767494650501
21,9,0.0,2.12508264875752,0.0,2.12508264875752,0.0,0.0,15.564687730152716
22,9,0.0,1.7959093243707795,0.0,1.7959093243707795,0.0,0.0,13.02968441293205
23,9,0.0,0.5266624429223744,0.0,0.5266624429223744,0.0,0.0,10.8873004883585
0,9,0.0,0.3262624429223744,0.0,0.3262624429223744,0.0,0.0,10.259019590376395
1,9,0.0,0.2857624429223744,0.0,0.2857624429223744,0.0,0.0,9.869803204682052
2,9,0.0,0.2362624429223744,0.0,0.2362624429223744,0.0,0.0,9.528900265189826
3,9,0.0,0.3712624429223744,0.0,0.3712624429223744,0.0,0.0,9.247047917593795
4,9,0.0,0.2027374429223744,0.0,0.2027374429223744,0.0,0.0,8.804144412617719
5,9,0.0,2.0173501806827785,0.0,2.0173501806827785,0.0,0.0,8.562284526627105
6,9,0.0,4.409357967934657,0.0,1.488381045527939,2.9209769224067177,0.0,6.155638917441782
7,9,0.1636481460809301,4.035696643702943,0.0,0.0,3.872048497622013,0.0,4.38
8,9,1.6187180654631614,4.693910001205061,0.0,0.0,3.0751919357418993,0.0,4.38
9,9,3.039376166266311,1.9803332008478225,1.0590429654184883,0.0,0.0,0.0,4.38
10,9,3.993412377370733,2.4657462286162772,1.5276661487544558,0.0,0.0,0.0,5.419426357873996
11,9,4.793312396790945,2.7543312919938447,2.0389811047971005,0.0,0.0,0.0,6.9188131441183724
12,9,4.962484931732417,0.6342624429223744,4.328222488810043,0.0,0.0,0.0,8.920083445264613
13,9,4.239302545990505,0.8277624429223743,3.4115401030681305,0.0,0.0,0.0,13.168351423181937
14,9,3.4183431011907577,0.6612624429223743,2.757080658268383,0.0,0.0,0.0,16.51703076660889
15,9,2.394781844340912,0.6387624429223744,1.7560194014185375,0.0,0.0,0.0,19.223411632650556
16,9,1.5737625137224704,0.6297624429223745,0.944000070800096,0.0,0.0,0.0,20.947192178520357
17,9,0.6822146162121062,0.8097624429223744,0.0,0.1275478267102682,0.0,0.0,21.87387927060633
18,9,0.3982476637855664,0.5716624429223744,0.0,0.17341477913680803,0.0,0.0,21.721682235267153
19,9,0.0055786778061241,2.750359387398692,0.0,2.744780709592568,0.0,0.0,21.514753954909825
20,9,0.0,4.508309574317714,0.0,4.508309574317714,0.0,0.0,18.239520767039302
21,9,0.0,3.887382771948243,0.0,3.887382771948243,0.0,0.0,12.859778527540836
22,9,0.0,5.424291747164664,0.0,3.2183145464552614,2.2059772007094023,0.0,8.22075402726229
23,9,0.0,3.806932851347386,0.0,0.0,3.806932851347386,0.0,4.38
0,9,0.0,0.1950874429223744,0.0,0.0,0.1950874429223744,0.0,4.38
1,9,0.0,0.3903874429223744,0.0,0.0,0.3903874429223744,0.0,4.38
2,9,0.0,1.831130942650042,0.0,0.0,1.831130942650042,0.0,4.38
3,9,0.0,2.009598631135308,0.0,0.0,2.009598631135308,0.0,4.38
4,9,0.0,0.2409874429223744,0.0,0.0,0.2409874429223744,0.0,4.38
5,9,0.0,1.5889036526774054,0.0,0.0,1.5889036526774054,0.0,4.38
6,9,0.0,1.4808171705635125,0.0,0.0,1.4808171705635125,0.0,4.38
7,9,0.1532293624600419,0.2065624429223743,0.0,0.0,0.0533330804623324,0.0,4.38
8,9,1.4199244279316017,6.253393069694625,0.0,0.0,4.833468641763023,0.0,4.38
9,9,2.4457946739830154,3.4407489805641394,0.0,0.0,0.9949543065811239,0.0,4.38
10,9,3.636317544982992,2.1446454419210843,1.4916721030619078,0.0,0.0,0.0,4.38
11,9,4.605548687692705,2.4415437016891968,2.1640049860035084,0.0,0.0,0.0,5.844567173923282
12,9,5.111474126806422,1.1664375658890531,3.9450365609173685,0.0,0.0,0.0,7.969285386036157
13,9,4.4464908415766775,2.158107208489282,2.2883836330873955,0.0,0.0,0.0,11.842793734919136
14,9,3.748881711486638,2.360314590971858,1.38856712051478,0.0,0.0,0.0,14.089784158699723
15,9,3.1753499595661987,1.1263185124330797,2.0490314471331192,0.0,0.0,0.0,15.453268780358318
16,9,2.2542995649895534,1.1419894001750437,1.1123101648145097,0.0,0.0,0.0,17.465318237359934
17,9,1.4953491029743278,1.285195271904732,0.21015383106959584,0.0,0.0,0.0,18.5575775697393
18,9,0.3971156765776957,2.698154340201802,0.0,2.3010386636241065,0.0,0.0,18.763945641312567
19,9,0.0055408292447613,0.7561624429223744,0.0,0.7506216136776132,0.0,0.0,16.017331611332573
20,9,0.0,2.1834698552941205,0.0,2.1834698552941205,0.0,0.0,15.121336122464346
21,9,0.0,0.4591624429223744,0.0,0.4591624429223744,0.0,0.0,12.514969176034736
22,9,0.0,0.5986624429223745,0.0,0.5986624429223745,0.0,0.0,11.966862373043263
23,9,0.0,0.3781624429223744,0.0,0.3781624429223744,0.0,0.0,11.252229399047197
0,10,0.0,0.2317624429223743,0.0,0.2317624429223743,0.0,0.0,10.800807831213007
1,10,0.0,0.1957624429223744,0.0,0.1957624429223744,0.0,0.0,10.52414629488747
2,10,0.0,0.3865624429223743,0.0,0.3865624429223743,0.0,0.0,10.29045840221959
3,10,0.0,0.2256874429223743,0.0,0.2256874429223743,0.0,0.0,9.829005445814024
4,10,0.0,0.4362874429223744,0.0,0.4362874429223744,0.0,0.0,9.559593389813385
5,10,0.0,0.2754124429223744,0.0,0.2754124429223744,0.0,0.0,9.038778458544687
6,10,0.0,2.062614243950737,0.0,2.062614243950737,0.0,0.0,8.71000529251823
7,10,0.164525400913589,2.9157819474635795,0.0,1.564573459707108,1.1866830868428828,0.0,6.2477553250370335
8,10,1.6513211016527012,3.5471129167981146,0.0,0.0,1.8957918151454134,0.0,4.38
9,10,3.1140123193988134,3.8657898870769047,0.0,0.0,0.7517775676780913,0.0,4.38
10,10,4.205300862910803,2.1788297109551813,2.0264711519556213,0.0,0.0,0.0,4.38
11,10,4.9050650265313624,1.893169979138294,3.011895047393068,0.0,0.0,0.0,6.370235376463644
12,10,5.228903176479479,1.208269326884313,4.020633849595166,0.0,0.0,0.0,9.328340296251975
13,10,5.192086105386925,1.2330624020042185,3.959023703382706,0.0,0.0,0.0,13.277300128707637
14,10,4.803524419370422,1.2706672532892642,3.532857166081158,0.0,0.0,0.0,17.16592085695083
15,10,4.073714798864345,3.715533044298619,0.358181754565726,0.0,0.0,0.0,20.636105332454548
16,10,3.0182516461661666,0.9492624429223744,1.936321763963753,0.0,0.0,0.1326674392800391,20.987946697523856
17,10,1.7244517129481156,0.7467624429223744,0.0,0.0,0.0,0.9776892700257412,22.89
18,10,0.4733092676701403,0.7291624429223744,0.0,0.2558531752522341,0.0,0.0,22.89
19,10,0.0054718112799233,1.4656624429223744,0.0,1.460190631642451,0.0,0.0,22.584498901815248
20,10,0.0,3.0354602692445662,0.0,3.0354602692445662,0.0,0.0,20.840955549940677
21,10,0.0,0.6841624429223745,0.0,0.6841624429223745,0.0,0.0,17.21640005846802
22,10,0.0,0.6616624429223744,0.0,0.6616624429223744,0.0,0.0,16.399434028737105
23,10,0.0,0.6301624429223744,0.0,0.6301624429223744,0.0,0.0,15.609329527014115
0,10,0.0,0.4342624429223743,0.0,0.4342624429223743,0.0,0.0,14.856834309838568
1,10,0.0,0.2137624429223744,0.0,0.2137624429223744,0.0,0.0,14.338265342870624
2,10,0.0,0.3712624429223744,0.0,0.3712624429223744,0.0,0.0,14.083002418329432
3,10,0.0,0.2103874429223744,0.0,0.2103874429223744,0.0,0.0,13.639660924196312
4,10,0.0,0.4018624429223744,0.0,0.4018624429223744,0.0,0.0,13.388426607955351
5,10,0.0,1.428065747126828,0.0,1.428065747126828,0.0,0.0,12.908541167008428
6,10,0.0,1.305908087829406,0.0,1.305908087829406,0.0,0.0,11.203203889471153
7,10,0.1671891228385682,2.9403422462151583,0.0,2.77315312337659,0.0,0.0,9.643717643272273
8,10,1.676252738957692,2.801459180699047,0.0,1.1252064417413552,0.0,0.0,6.332032378343875
9,10,3.112274731652819,1.832320297019565,1.279954434633254,0.0,0.0,0.0,4.988275420948229
10,10,4.1773545170752655,0.8052624429223743,3.3720920741528913,0.0,0.0,0.0,6.245812823009405
11,10,4.8655159772129695,0.8952624429223743,3.9702535342905954,0.0,0.0,0.0,9.558893180717005
12,10,4.977279952436334,3.199012793591743,1.7782671588445904,0.0,0.0,0.0,13.45981254225814
13,10,4.951830631549202,4.417800776189034,0.5340298553601688,0.0,0.0,0.0,15.207101765559862
14,10,4.721335569238149,4.367936057955672,0.35339951128247726,0.0,0.0,0.0,15.731838978397997
15,10,4.006449081546734,2.801313685815648,1.2051353957310855,0.0,0.0,0.0,16.079091041879497
16,10,2.9564531988058977,3.280332300922592,0.0,0.32387910211669446,0.0,0.0,17.26326751737333
17,10,1.6793988618456617,0.8142624429223744,0.8651364189232873,0.0,0.0,0.0,16.87642267176312
18,10,0.462878634027165,0.9856624429223744,0.0,0.5227838088952094,0.0,0.0,17.726527576411325
19,10,0.0054673585079982,2.326842368006036,0.0,2.3213750094980377,0.0,0.0,17.102100502862072
20,10,0.0,3.615215237551281,0.0,3.615215237551281,0.0,0.0,14.32937159307319
21,10,0.0,1.8565540142990529,0.0,1.8565540142990529,0.0,0.0,10.011125297908595
22,10,0.0,0.5491624429223745,0.0,0.5491624429223745,0.0,0.0,7.7934487907317695
23,10,0.0,0.4816624429223744,0.0,0.4816624429223744,0.0,0.0,7.137454063530539
0,10,0.0,0.3307624429223744,0.0,0.3307624429223744,0.0,0.0,6.5620870747967475
1,10,0.0,0.4792624429223743,0.0,0.4792624429223743,0.0,0.0,6.16697467410629
2,10,0.0,0.4657624429223744,0.0,0.4657624429223744,0.0,0.0,5.594469449074324
3,10,0.0,2.1820978752110616,0.0,0.5509005701801667,1.631197305030895,0.0,5.03808776518342
4,10,0.0,0.2227624429223743,0.0,0.0,0.2227624429223743,0.0,4.38
5,10,0.0,0.2407624429223744,0.0,0.0,0.2407624429223744,0.0,4.38
6,10,0.0,0.2542624429223743,0.0,0.0,0.2542624429223743,0.0,4.38
7,10,0.1395555147368858,1.5775724537265374,0.0,0.0,1.4380169389896515,0.0,4.38
8,10,0.9856290614184002,1.3160036225538838,0.0,0.0,0.3303745611354836,0.0,4.38
9,10,2.2683750552833843,0.5622624429223744,1.70611261236101,0.0,0.0,0.0,4.38
10,10,3.8373592576657582,0.7152624429223744,3.122096814743384,0.0,0.0,0.0,6.056692485043143
11,10,4.511247119148999,0.8007624429223745,3.7104846762266246,0.0,0.0,0.0,9.125009880027672
12,10,5.070459358102426,2.386642976104919,2.6838163819975076,0.0,0.0,0.0,12.77170578218957
13,10,5.017171264359931,4.725580501462994,0.291590762896937,0.0,0.0,0.0,15.409491561918447
14,10,4.533611075003198,1.1112624429223743,3.4223486320808236,0.0,0.0,0.0,15.69608970521934
15,10,3.8309777831085783,0.8752624429223744,2.9557153401862037,0.0,0.0,0.0,19.059851699009027
16,10,2.459926264908239,1.1112624429223743,0.9409644368685046,0.0,0.0,0.40769938511736026,21.96507855617506
17,10,1.4134849066844315,0.8997624429223743,0.0,0.0,0.0,0.5137224637620572,22.89
18,10,0.4413407482375375,1.0801624429223742,0.0,0.6388216946848366,0.0,0.0,22.89
19,10,0.0,0.8236624429223744,0.0,0.8236624429223744,0.0,0.0,22.12672097257649
20,10,0.0,0.7786624429223745,0.0,0.7786624429223745,0.0,0.0,21.14258296569578
21,10,0.0,0.9181624429223744,0.0,0.9181624429223744,0.0,0.0,20.212203912069462
22,10,0.0,0.6886624429223744,0.0,0.6886624429223744,0.0,0.0,19.1151348703266
23,10,0.0,0.6436624429223745,0.0,0.6436624429223745,0.0,0.0,18.292276210660432
0,10,0.0,0.4882624429223744,0.0,0.4882624429223744,0.0,0.0,17.52318061974079
1,10,0.0,0.4342624429223743,0.0,0.4342624429223743,0.0,0.0,16.939764313462938
2,10,0.0,0.3847624429223744,0.0,0.3847624429223744,0.0,0.0,16.4208688668891
3,10,0.0,1.7260425558134056,0.0,1.7260425558134056,0.0,0.0,15.96111822146013
4,10,0.0,0.3532624429223744,0.0,0.3532624429223744,0.0,0.0,13.898670157423144
5,10,0.0,0.3442624429223743,0.0,0.3442624429223743,0.0,0.0,13.476548845261355
6,10,0.0,0.4612624429223744,0.0,0.4612624429223744,0.0,0.0,13.065180230347858
7,10,0.1318244740307034,0.2992624429223743,0.0,0.1674379688916709,0.0,0.0,12.51400301496705
8,10,0.8975847446889964,1.5907632093103312,0.0,0.6931784646213348,0.0,0.0,12.31392502114854
9,10,1.754255740890822,2.2272482275978773,0.0,0.4729924867070554,0.0,0.0,11.4856181903601
10,10,2.6083978713506717,2.6301809394914555,0.0,0.02178306814078379,0.0,0.0,10.920416108978584
11,10,3.6313497099266887,2.9327631247241976,0.6985865852024911,0.0,0.0,0.0,10.894386308931509
12,10,3.2233900707989585,1.3552103489510032,1.8681797218479552,0.0,0.0,0.0,11.581145709365273
13,10,4.893438840203976,3.9736322444738423,0.919806595730134,0.0,0.0,0.0,13.417711032603037
14,10,4.46302578077764,2.566689673513594,1.896336107264046,0.0,0.0,0.0,14.321970820795162
15,10,3.588604679473679,0.9942624429223744,2.5943422365513045,0.0,0.0,0.0,16.18627353207242
16,10,2.462450500194429,1.1742624429223742,1.2881880572720548,0.0,0.0,0.0,18.736844965354216
17,10,1.2956832063445405,0.8952624429223746,0.4004207634221659,0.0,0.0,0.0,20.00333551859376
18,10,0.3687051426336108,0.9946624429223744,0.0,0.6259573002887635,0.0,0.0,20.397017432219894
19,10,0.0,5.092267493684822,0.0,5.092267493684822,0.0,0.0,19.648946083574216
20,10,0.0,3.5114655898433407,0.0,3.5114655898433407,0.0,0.0,13.563218218332315
21,10,0.0,1.6804967173652228,0.0,1.6804967173652228,0.0,0.0,9.366457607638013
22,10,0.0,2.113064583418481,0.0,2.113064583418481,0.0,0.0,7.357918385872377
23,10,0.0,1.8646322439880445,0.0,0.3784333309351774,1.486198913052867,0.0,4.832324646868589
0,10,0.0,1.658039953609709,0.0,0.0,1.658039953609709,0.0,4.38
1,10,0.0,1.9930385971648312,0.0,0.0,1.9930385971648312,0.0,4.38
2,10,0.0,0.4162624429223743,0.0,0.0,0.4162624429223743,0.0,4.38
3,10,0.0,0.4297624429223744,0.0,0.0,0.4297624429223744,0.0,4.38
4,10,0.0,2.4898618488357616,0.0,0.0,2.4898618488357616,0.0,4.38
5,10,0.0,0.3532624429223744,0.0,0.0,0.3532624429223744,0.0,4.38
6,10,0.0,0.3172624429223744,0.0,0.0,0.3172624429223744,0.0,4.38
7,10,0.0797838091249716,0.3127624429223744,0.0,0.0,0.23297863379740277,0.0,4.38
8,10,0.7627212536846483,0.5737624429223744,0.18895881076227383,0.0,0.0,0.0,4.38
9,10,1.3888443610008336,2.546014621942427,0.0,0.15545286255699037,1.0017173983846028,0.0,4.56580710718898
10,10,2.9670828981900614,2.4860122207815203,0.48107067740854115,0.0,0.0,0.0,4.38
11,10,3.954521390978993,2.5318373578151636,1.4226840331638293,0.0,0.0,0.0,4.853048550145349
12,10,3.3016493999383365,6.033658909090006,0.0,1.566159743277611,1.1658497658740583,0.0,6.252015962205599
13,10,3.9199903977005826,3.5315687327434677,0.38842166495711483,0.0,0.0,0.0,4.38
14,10,4.146301404259992,2.700427755289886,1.4458736489701058,0.0,0.0,0.0,4.7619591736331515
15,10,3.170741056011866,2.4164186506438714,0.7543224053679944,0.0,0.0,0.0,6.183782740521162
16,10,1.4403952334918395,2.5881023747841816,0.0,1.147707141292342,0.0,0.0,6.925569914324083
17,10,0.9838794725650848,3.2132453592915406,0.0,0.9818487138681858,1.2475171728582701,0.0,5.553663345311073
18,10,0.4074087512727758,3.3362791621211025,0.0,0.0,2.9288704108483268,0.0,4.38
19,10,0.0,3.7374547634109505,0.0,0.0,3.7374547634109505,0.0,4.38
20,10,0.0,5.622189818445241,0.0,0.0,5.622189818445241,0.0,4.38
21,10,0.0,5.700920018771599,0.0,0.0,5.700920018771599,0.0,4.38
22,10,0.0,7.033789713966781,0.0,0.0,7.033789713966781,0.0,4.38
23,10,0.0,3.914778370944271,0.0,0.0,3.914778370944271,0.0,4.38
0,10,0.0,1.5110945034140175,0.0,0.0,1.5110945034140175,0.0,4.38
1,10,0.0,3.1860426981990098,0.0,0.0,3.1860426981990098,0.0,4.38
2,10,0.0,1.3496494230134417,0.0,0.0,1.3496494230134417,0.0,4.38
3,10,0.0,0.2272624429223744,0.0,0.0,0.2272624429223744,0.0,4.38
4,10,0.0,0.3712624429223744,0.0,0.0,0.3712624429223744,0.0,4.38
5,10,0.0,0.4056874429223743,0.0,0.0,0.4056874429223743,0.0,4.38
6,10,0.0,2.447949939483877,0.0,0.0,2.447949939483877,0.0,4.38
7,10,0.1358415205262595,0.2065624429223743,0.0,0.0,0.0707209223961148,0.0,4.38
8,10,1.6069396753578684,2.0748766192872616,0.0,0.0,0.4679369439293932,0.0,4.38
9,10,3.049764581772505,2.896161265872755,0.15360331589974985,0.0,0.0,0.0,4.38
10,10,4.1482135371161295,0.5217624429223744,3.6264510941937553,0.0,0.0,0.0,4.531055575079107
11,10,4.8640243410638915,0.5937624429223745,4.270261898141517,0.0,0.0,0.0,8.097362612027652
12,10,5.17937971824865,0.6747624429223744,4.504617275326275,0.0,0.0,0.0,12.296971446635057
13,10,5.114498990581566,0.7332624429223744,4.381236547659192,0.0,0.0,0.0,16.72726746278535
14,10,4.758219040617698,0.7602624429223744,1.8844764143335042,0.0,0.0,2.1134801833618195,21.03643315927849
15,10,3.998698771915781,0.7087624429223743,0.0,0.0,0.0,3.2899363289934067,22.89
16,10,2.9188112044929144,0.7042624429223743,0.0,0.0,0.0,2.21454876157054,22.89
17,10,1.628172139512537,0.7332624429223744,0.0,0.0,0.0,0.8949096965901626,22.89
18,10,0.4739501348260598,0.7606624429223744,0.0,0.2867123080963146,0.0,0.0,22.89
19,10,0.0,2.7539712585081917,0.0,2.7539712585081917,0.0,0.0,22.547200283958574
20,10,0.0,3.529054942774094,0.0,3.529054942774094,0.0,0.0,19.25447955384016
21,10,0.0,0.7201624429223744,0.0,0.7201624429223744,0.0,0.0,15.034919728723082
22,10,0.0,0.6436624429223744,0.0,0.6436624429223744,0.0,0.0,14.17381463636878
23,10,0.0,0.6841624429223744,0.0,0.6841624429223744,0.0,0.0,13.404175189199847
0,10,0.0,0.5467624429223743,0.0,0.5467624429223743,0.0,0.0,12.586103293414398
1,10,0.0,0.5017624429223744,0.0,0.5017624429223744,0.0,0.0,11.93231941603412
2,10,0.0,0.2902624429223743,0.0,0.2902624429223743,0.0,0.0,11.3323400564985
3,10,0.0,0.4162624429223744,0.0,0.4162624429223744,0.0,0.0,10.985258595817225
4,10,0.0,0.2452624429223743,0.0,0.2452624429223743,0.0,0.0,10.487510973554812
5,10,0.0,0.4162624429223744,0.0,0.4162624429223744,0.0,0.0,10.194235992280264
6,10,0.0,0.3750874429223745,0.0,0.3750874429223745,0.0,0.0,9.696484726152413
7,10,0.0841056814882615,0.1950874429223744,0.0,0.1109817614341129,0.0,0.0,9.247966939254944
8,10,1.622025887371103,1.2067624429223744,0.41526344444872865,0.0,0.0,0.0,9.11525788278098
9,10,3.1238341061225685,0.4632624429223745,2.660571663200194,0.0,0.0,0.0,9.52377068182229
10,10,3.968265102255306,1.8432292221673203,2.125035880087986,0.0,0.0,0.0,12.141103332956892
11,10,4.827474071285415,0.6792624429223744,4.1482116283630415,0.0,0.0,0.0,14.231665161324193
12,10,4.838279050041171,0.9312624429223744,3.9070166071187966,0.0,0.0,0.0,18.312677119194397
13,10,4.37882493099578,0.9807624429223744,0.7454325746084667,0.0,0.0,2.652629913464939,22.156577805585716
14,10,3.685184833975945,1.0077624429223744,0.0,0.0,0.0,2.677422391053571,22.89
15,10,2.9659716416194155,0.7717624429223743,0.0,0.0,0.0,2.1942091986970413,22.89
16,10,1.6998299414017992,2.4964612640067587,0.0,0.7966313226049595,0.0,0.0,22.89
17,10,1.0411746256160967,0.7087624429223743,0.3324121826937224,0.0,0.0,0.0,21.937260528384627
18,10,1.502504784678013,0.9451624429223744,0.5573423417556387,0.0,0.0,0.0,22.264322481348323
19,10,0.0,2.5301648250128874,0.0,2.5301648250128874,0.0,0.0,22.81269632241265
20,10,0.0,2.477959535824102,0.0,2.477959535824102,0.0,0.0,19.7866630428725
21,10,0.0,4.389545562157167,0.0,4.389545562157167,0.0,0.0,16.822983386578855
22,10,0.0,0.5311624429223745,0.0,0.5311624429223745,0.0,0.0,11.57287194598117
23,10,0.0,0.6931624429223744,0.0,0.6931624429223744,0.0,0.0,10.9375447847948
0,10,0.0,0.3982624429223744,0.0,0.3982624429223744,0.0,0.0,10.10844340094954
1,10,0.0,0.3442624429223743,0.0,0.3442624429223743,0.0,0.0,9.632072415186405
2,10,0.0,0.4837624429223744,0.0,0.4837624429223744,0.0,0.0,9.220290271978978
3,10,0.0,0.4657624429223744,0.0,0.4657624429223744,0.0,0.0,8.641645988233936
4,10,0.0,1.215630530438088,0.0,1.215630530438088,0.0,0.0,8.084529117324113
5,10,0.0,3.4273972978818863,0.0,1.881399231519259,1.5459980663626274,0.0,6.630457885383731
6,10,0.0,3.3286994202701923,0.0,0.0,3.3286994202701923,0.0,4.38
7,10,0.0678727890559258,2.9076337559445813,0.0,0.0,2.8397609668886554,0.0,4.38
8,10,0.972734202750293,5.39909955028924,0.0,0.0,4.426365347538947,0.0,4.38
9,10,2.4242119798830357,2.2727946086257744,0.1514173712572613,0.0,0.0,0.0,4.38
10,10,3.8284699452882287,0.5757624429223744,3.2527075023658543,0.0,0.0,0.0,4.5290071676506525
11,10,4.422904081978318,0.6837624429223744,3.7391416390559438,0.0,0.0,0.0,7.729944685820206
12,10,4.907379164673583,0.9447624429223744,3.9626167217512087,0.0,0.0,0.0,11.409706774339886
13,10,4.742637906172735,0.8142624429223744,3.9283754632503607,0.0,0.0,0.0,15.309556477541063
14,10,4.303047174833834,1.0257624429223744,3.2772847319114593,0.0,0.0,0.0,19.175876915811177
15,10,2.9184663608425145,2.9965633262500027,0.0,0.07809696540748812,0.0,0.0,22.401531946667514
16,10,2.2130383693558273,2.581402557367418,0.0,0.3683641880115909,0.0,0.0,22.308094453366817
17,10,1.298222328398598,0.9202624429223746,0.3779598854762235,0.0,0.0,0.0,21.867372385187604
18,10,0.0054093490100292,0.9586624429223743,0.0,0.9532530939123451,0.0,0.0,22.23939330315281
19,10,0.0,1.4656624429223744,0.0,1.4656624429223744,0.0,0.0,21.098883013312772
20,10,0.0,0.6751624429223744,0.0,0.6751624429223744,0.0,0.0,19.34528708760319
21,10,0.0,2.6006091108632994,0.0,2.6006091108632994,0.0,0.0,18.53747398600383
22,10,0.0,0.6031624429223743,0.0,0.6031624429223743,0.0,0.0,15.425894188010497
23,10,0.0,0.7471624429223742,0.0,0.7471624429223742,0.0,0.0,14.704200908029145
0,10,0.0,0.5962624429223744,0.0,0.5962624429223744,0.0,0.0,13.810203408760858
1,10,0.0,2.4597666308756043,0.0,2.4597666308756043,0.0,0.0,13.096755418562541
2,10,0.0,2.211277616447955,0.0,2.211277616447955,0.0,0.0,10.153542799166845
3,10,0.0,0.4522624429223744,0.0,0.4522624429223744,0.0,0.0,7.507585502161848
4,10,0.0,0.2407624429223744,0.0,0.2407624429223744,0.0,0.0,6.966406770813701
5,10,0.0,0.2362624429223744,0.0,0.2362624429223744,0.0,0.0,6.678308194341852
6,10,0.0,0.2452624429223743,0.0,0.2452624429223743,0.0,0.0,6.395593605894663
7,10,0.0855280761329332,0.4207624429223744,0.0,0.3352343667894412,0.0,0.0,6.102108737216938
8,10,1.2173846903368035,1.4528737407174672,0.0,0.2354890503806637,0.0,0.0,5.700960970075081
9,10,2.746820909926317,1.5594755376738882,1.1873453722524288,0.0,0.0,0.0,5.419169283986853
10,10,3.7662772535294953,1.4831360526169326,2.2831412009125627,0.0,0.0,0.0,6.588044467586342
11,10,3.3094588420365456,1.6794766108646946,1.629982231171851,0.0,0.0,0.0,8.835698978599423
12,10,3.687590712730501,3.2835227116338395,0.4040680010966615,0.0,0.0,0.0,10.44038709417959
13,10,4.154930224797052,3.166758710109085,0.9881715146879673,0.0,0.0,0.0,10.838191936395333
14,10,4.061116159654222,5.730066382468422,0.0,1.6689502228142006,0.0,0.0,11.811050889762331
15,10,3.74915988989344,4.739126065785717,0.0,0.9899661758922771,0.0,0.0,9.813797339381587
16,10,2.876109284710762,7.317874333974768,0.0,3.550514876597043,0.8912501726669624,0.0,8.629070569261023
17,10,1.6417715530575003,4.8503929748016095,0.0,0.0,3.208621421744109,0.0,4.38
18,10,0.0071089471725562,5.604867624493759,0.0,0.0,5.597758677321203,0.0,4.38
19,10,0.0,3.317735515048638,0.0,0.0,3.317735515048638,0.0,4.38
20,10,0.0,4.061173289189413,0.0,0.0,4.061173289189413,0.0,4.38
21,10,0.0,5.322071057083424,0.0,0.0,5.322071057083424,0.0,4.38
22,10,0.0,3.916351335115002,0.0,0.0,3.916351335115002,0.0,4.38
23,10,0.0,4.178051351036883,0.0,0.0,4.178051351036883,0.0,4.38
0,10,0.0,3.3866248874940106,0.0,0.0,3.3866248874940106,0.0,4.38
1,10,0.0,3.304888806780356,0.0,0.0,3.304888806780356,0.0,4.38
2,10,0.0,0.4248124429223743,0.0,0.0,0.4248124429223743,0.0,4.38
3,10,0.0,0.2715874429223744,0.0,0.0,0.2715874429223744,0.0,4.38
4,10,0.0,0.2983624429223744,0.0,0.0,0.2983624429223744,0.0,4.38
5,10,0.0,0.5051374429223744,0.0,0.0,0.5051374429223744,0.0,4.38
6,10,0.0,0.3748624429223743,0.0,0.0,0.3748624429223743,0.0,4.38
7,10,0.1249570344188623,0.5357374429223745,0.0,0.0,0.41078040850351216,0.0,4.38
8,10,1.728678529272626,0.2830624429223743,1.4456160863502518,0.0,0.0,0.0,4.38
9,10,3.2652065955553455,0.1950874429223744,3.070119152632971,0.0,0.0,0.0,5.803328490070037
10,10,4.38715902624609,0.3687624429223744,4.018396583323716,0.0,0.0,0.0,8.826162883992879
11,10,5.092427800158561,0.4587624429223744,4.633665357236186,0.0,0.0,0.0,12.782804261224447
12,10,5.402196315363388,1.2505130054317155,4.151683309931673,0.0,0.0,0.0,17.345461970377244
13,10,5.350511253618273,1.0976631686355005,1.4787861296269147,0.0,0.0,2.774061955355858,21.433733505952947
14,10,4.919109787515989,1.1829423792307927,0.0,0.0,0.0,3.7361674082851963,22.89
15,10,4.134507488209329,1.4240601173300784,0.0,0.0,0.0,2.7104473708792507,22.89
16,10,3.0248434338532753,1.270541101612983,0.0,0.0,0.0,1.7543023322402922,22.89
17,10,1.6775467197103409,1.112364483534726,0.0,0.0,0.0,0.5651822361756149,22.89
18,10,0.0066754717049185,2.9516781702156987,0.0,2.94500269851078,0.0,0.0,22.89
19,10,0.0,0.5716624429223744,0.0,0.5716624429223744,0.0,0.0,19.3647021491568
20,10,0.0,2.039595805557714,0.0,2.039595805557714,0.0,0.0,18.680374717401357
21,10,0.0,1.7482625461300685,0.0,1.7482625461300685,0.0,0.0,16.238793647317937
22,10,0.0,1.6302929733728335,0.0,1.6302929733728335,0.0,0.0,14.145917607561316
23,10,0.0,0.3241624429223744,0.0,0.3241624429223744,0.0,0.0,12.19422722939093
0,10,0.0,0.2065624429223743,0.0,0.2065624429223743,0.0,0.0,11.80615210502556
1,10,0.0,0.4324624429223744,0.0,0.4324624429223744,0.0,0.0,11.558862403890725
2,10,0.0,0.3021874429223743,0.0,0.3021874429223743,0.0,0.0,11.041131535202181
3,10,0.0,0.3366124429223744,0.0,0.3366124429223744,0.0,0.0,10.679360196386583
4,10,0.0,0.3672124429223743,0.0,0.3672124429223743,0.0,0.0,10.276374749075858
5,10,0.0,0.3978124429223744,0.0,0.3978124429223744,0.0,0.0,9.83675397575175
6,10,0.0,0.5969374429223744,0.0,0.5969374429223744,0.0,0.0,9.360497441680915
7,10,0.1280702475725812,1.5375486010139954,0.0,1.4094783534414141,0.0,0.0,8.645847571500255
8,10,1.7515119605158729,1.9394280417516696,0.0,0.18791608123579673,0.0,0.0,6.958417512738554
9,10,3.2914091810202715,0.2607624429223745,3.030646738097897,0.0,0.0,0.0,6.733440523721862
10,10,4.401909473743305,0.4092624429223743,3.9926470308209305,0.0,0.0,0.0,9.71843037010999
11,10,5.0723670500648534,0.6457624429223745,4.426604607142479,0.0,0.0,0.0,13.651059966884144
12,10,5.357451360646997,0.5557624429223744,4.801688917724622,0.0,0.0,0.0,18.01131679015712
13,10,5.292883174262863,0.8322624429223744,0.1509797275170643,0.0,0.0,4.309641003823424,22.741268010339965
14,10,4.852287738533527,0.7062624429223744,0.0,0.0,0.0,4.146025295611153,22.89
15,10,4.077249630424185,1.9714939155659963,0.0,0.0,0.0,2.105755714858189,22.89
16,10,2.989217896330924,0.7017624429223743,0.0,0.0,0.0,2.28745545340855,22.89
17,10,1.6306172184906278,0.8322624429223744,0.0,0.0,0.0,0.7983547755682534,22.89
18,10,0.0062322660017459,2.7148170010400268,0.0,2.708584735038281,0.0,0.0,22.89
19,10,0.0,4.2881002170024916,0.0,4.2881002170024916,0.0,0.0,19.64663056828299
20,10,0.0,4.082492999125408,0.0,4.082492999125408,0.0,0.0,14.51173097991215
21,10,0.0,3.814978084052002,0.0,3.814978084052002,0.0,0.0,9.622808889059138
22,10,0.0,2.278263578584366,0.0,0.5628061023513903,1.715457476232976,0.0,5.054038152100427
23,10,0.0,1.9489327771811429,0.0,0.0,1.9489327771811429,0.0,4.38
0,10,0.0,2.4402689268471045,0.0,0.0,2.4402689268471045,0.0,4.38
1,10,0.0,2.763113130903492,0.0,0.0,2.763113130903492,0.0,4.38
2,10,0.0,5.130642795174388,0.0,0.0,5.130642795174388,0.0,4.38
3,10,0.0,3.1241636026543325,0.0,0.0,3.1241636026543325,0.0,4.38
4,10,0.0,0.8566568402898691,0.0,0.0,0.8566568402898691,0.0,4.38
5,10,0.0,1.176665441218725,0.0,0.0,1.176665441218725,0.0,4.38
6,10,0.0,3.3428374429223746,0.0,0.0,3.3428374429223746,0.0,4.38
7,10,0.0926410686849516,0.4360624429223744,0.0,0.0,0.3434213742374228,0.0,4.38
8,10,1.633707782290313,4.064379366567184,0.0,0.0,2.4306715842768716,0.0,4.38
9,10,3.170592441693257,4.006504467368547,0.0,0.0,0.8359120256752899,0.0,4.38
10,10,4.329531922183289,0.5433624429223743,3.7861694792609146,0.0,0.0,0.0,4.38
11,10,5.243183029014838,0.2524624429223744,4.990720586092463,0.0,0.0,0.0,8.110447440471795
12,10,5.523081114538219,1.5635572248770957,3.9595238896611233,0.0,0.0,0.0,13.027924659904386
13,10,5.462853893438972,1.5455596891540058,3.917294204284966,0.0,0.0,0.0,16.929554765880983
14,10,5.0220276042159755,0.4497624429223744,2.131236204899583,0.0,0.0,2.4410289563940184,20.789742071071892
15,10,4.1999480199420365,0.2697624429223744,0.0,0.0,0.0,3.930185577019662,22.89
16,10,3.0303200850810788,0.4407624429223744,0.0,0.0,0.0,2.5895576421587045,22.89
17,10,1.6445847801187072,0.4477374429223744,0.0,0.0,0.0,1.1968473371963328,22.89
18,10,0.0057817258550574,0.3475624429223743,0.0,0.34178071706731694,0.0,0.0,22.89
19,10,0.0,2.206940095905237,0.0,2.206940095905237,0.0,0.0,22.480582519962912
20,10,0.0,5.593600306811803,0.0,5.593600306811803,0.0,0.0,19.83688955787622
21,10,0.0,5.549199174178429,0.0,5.549199174178429,0.0,0.0,13.136153273407599
22,10,0.0,5.9979910154778215,0.0,1.7596482073390411,4.23834280813878,0.0,6.488194134038041
23,10,0.0,1.5172036848830472,0.0,0.0,1.5172036848830472,0.0,4.38
0,10,0.0,0.6045874429223744,0.0,0.0,0.6045874429223744,0.0,4.38
1,10,0.0,0.6160624429223744,0.0,0.0,0.6160624429223744,0.0,4.38
2,10,0.0,0.4284124429223743,0.0,0.0,0.4284124429223743,0.0,4.38
3,10,0.0,0.6428374429223744,0.0,0.0,0.6428374429223744,0.0,4.38
4,10,0.0,0.4934374429223743,0.0,0.0,0.4934374429223743,0.0,4.38
5,10,0.0,0.7040374429223744,0.0,0.0,0.7040374429223744,0.0,4.38
6,10,0.0,0.5163874429223744,0.0,0.0,0.5163874429223744,0.0,4.38
7,10,0.0894987398338622,0.5775874429223743,0.0,0.0,0.4880887030885121,0.0,4.38
8,10,1.5856255319893091,0.4972624429223744,1.0883630890669347,0.0,0.0,0.0,4.38
9,10,3.157407142221418,0.4551624429223744,2.7022446992990434,0.0,0.0,0.0,5.452752441782919
10,10,4.32700777606865,0.5280624429223744,3.7989453331462757,0.0,0.0,0.0,8.1162703538527
11,10,5.066959193552887,2.8447158422555185,2.2222433512973687,0.0,0.0,0.0,11.860883910002682
12,10,5.405138563093035,2.3477932440956426,3.0573453189973927,0.0,0.0,0.0,14.051437445575637
13,10,5.336387333503704,1.802527925999521,3.533859407504183,0.0,0.0,0.0,17.065258427532584
14,10,4.8954265990530885,0.5622624429223744,2.37470723822803,0.0,0.0,1.9584569179026836,20.548927957450275
15,10,4.0837772747857155,0.5892624429223743,0.0,0.0,0.0,3.4945148318633414,22.89
16,10,2.947662578477232,0.4182624429223744,0.0,0.0,0.0,2.529400135554858,22.89
17,10,1.5956939663465175,0.5577624429223743,0.0,0.0,0.0,1.037931523424143,22.89
18,10,0.0053780173317289,0.3961624429223744,0.0,0.3907844255906455,0.0,0.0,22.89
19,10,0.0,0.5311624429223745,0.0,0.5311624429223745,0.0,0.0,22.421703510032845
20,10,0.0,2.6936215235727223,0.0,2.6936215235727223,0.0,0.0,21.785182273850143
21,10,0.0,2.433307426605808,0.0,2.433307426605808,0.0,0.0,18.557248098601914
22,10,0.0,2.031790180603611,0.0,2.031790180603611,0.0,0.0,15.641177380136261
23,10,0.0,0.4202374429223744,0.0,0.4202374429223744,0.0,0.0,13.206218407443886
0,10,0.0,0.5204374429223744,0.0,0.5204374429223744,0.0,0.0,12.702581761514375
1,10,0.0,0.2868874429223744,0.0,0.2868874429223744,0.0,0.0,12.078856783431387
2,10,0.0,0.3939874429223744,0.0,0.3939874429223744,0.0,0.0,11.735030835871957
3,10,0.0,0.4666624429223743,0.0,0.4666624429223743,0.0,0.0,11.262847266055667
4,10,0.0,0.5087374429223744,0.0,0.5087374429223744,0.0,0.0,10.703562179506717
5,10,0.0,0.7193374429223744,0.0,0.7193374429223744,0.0,0.0,10.093847937778909
6,10,0.0,2.62795726572529,0.0,2.62795726572529,0.0,0.0,9.2317278707115
7,10,0.0767402413720111,2.677802069093495,0.0,1.4201633135416833,1.1808985141798005,0.0,6.08211736014225
8,10,1.5782956799554055,2.070891995533072,0.0,0.0,0.4925963155776665,0.0,4.38
9,10,3.134467185216974,0.4207374429223744,2.7137297422946,0.0,0.0,0.0,4.38
10,10,4.283133273920091,0.2333374429223744,4.049795830997717,0.0,0.0,0.0,7.0558214568941855
11,10,5.011343107487801,0.8886303531592189,4.122712754328582,0.0,0.0,0.0,11.049165604657487
12,10,5.328875447319589,0.8393438561488777,4.489531591170712,0.0,0.0,0.0,15.114592888383012
13,10,5.263778360955782,0.8704904643369602,3.3949081921057385,0.0,0.0,0.9983797045130833,19.541944506467946
14,10,4.8262035417578995,2.1133377855932975,0.0,0.0,0.0,2.712865756164602,22.89
15,10,4.027070126900316,0.5262624429223745,0.0,0.0,0.0,3.500807683977942,22.89
16,10,2.897744141059284,2.2002027969236044,0.0,0.0,0.0,0.6975413441356797,22.89
17,10,1.556304454710132,0.4947624429223745,0.0,0.0,0.0,1.0615420117877574,22.89
18,10,0.0050128467094138,0.6571624429223744,0.0,0.6521495962129605,0.0,0.0,22.89
19,10,0.0,2.3032969302633095,0.0,2.3032969302633095,0.0,0.0,22.10819990985056
20,10,0.0,0.3601624429223745,0.0,0.3601624429223745,0.0,0.0,19.346976431319884
21,10,0.0,1.549118384207615,0.0,1.549118384207615,0.0,0.0,18.915197795010315
22,10,0.0,3.804026063770445,0.0,3.804026063770445,0.0,0.0,17.058038867465086
23,10,0.0,3.64931490162887,0.0,3.64931490162887,0.0,0.0,12.49750788239281
0,10,0.0,3.145209292250167,0.0,3.1212414133626067,0.023967878887560357,0.0,8.122270734885605
1,10,0.0,0.3633874429223743,0.0,0.0,0.3633874429223743,0.0,4.38
2,10,0.0,0.3786874429223744,0.0,0.0,0.3786874429223744,0.0,4.38
3,10,0.0,0.3366124429223744,0.0,0.0,0.3366124429223744,0.0,4.38
4,10,0.0,0.3442624429223744,0.0,0.0,0.3442624429223744,0.0,4.38
5,10,0.0,0.4054624429223744,0.0,0.0,0.4054624429223744,0.0,4.38
6,10,0.0,0.5739874429223745,0.0,0.0,0.5739874429223745,0.0,4.38
7,10,0.0710648106132493,3.1574941029209556,0.0,0.0,3.0864292923077064,0.0,4.38
8,10,1.545551492478652,4.1312284282812275,0.0,0.0,2.5856769358025753,0.0,4.38
9,10,3.1010729424940813,3.5076962483219147,0.0,0.0,0.40662330582783346,0.0,4.38
10,10,4.269620027134046,1.7023666093883318,2.567253417745714,0.0,0.0,0.0,4.38
11,10,4.993623623265893,0.3937624429223744,4.5998611803435185,0.0,0.0,0.0,6.912352211991034
12,10,5.312113553771753,0.7242624429223743,4.587851110849378,0.0,0.0,0.0,11.449808623143944
13,10,5.2508017812292715,1.1377136165330826,4.1130881646961885,0.0,0.0,0.0,15.975648916817622
14,10,4.820783262352888,1.2913129015849245,2.895510894767534,0.0,0.0,0.6339594660004297,20.033349897087415
15,10,4.019615634435007,0.6612624429223743,0.0,0.0,0.0,3.3583531915126326,22.89
16,10,2.8867796080226364,0.8502624429223744,0.0,0.0,0.0,2.0365171651002623,22.89
17,10,1.5513475345355594,0.8052624429223743,0.0,0.0,0.0,0.7460850916131851,22.89
18,10,0.0048687259766273,2.0184065578397403,0.0,2.013537831863113,0.0,0.0,22.89
19,10,0.0,2.654111833689477,0.0,2.654111833689477,0.0,0.0,20.475244790853548
20,10,0.0,1.9548857215008248,0.0,1.9548857215008248,0.0,0.0,17.292203724719236
21,10,0.0,2.8515316263563126,0.0,2.8515316263563126,0.0,0.0,14.94766618121996
22,10,0.0,2.3957881857601704,0.0,2.3957881857601704,0.0,0.0,11.52768722985529
23,10,0.0,0.5131624429223743,0.0,0.5131624429223743,0.0,0.0,8.654212346291656
0,10,0.0,0.2092624429223743,0.0,0.2092624429223743,0.0,0.0,8.038716112584366
1,10,0.0,0.2047624429223744,0.0,0.2047624429223744,0.0,0.0,7.7877215572909515
2,10,0.0,0.1989124429223743,0.0,0.1989124429223743,0.0,0.0,7.542123842922553
3,10,0.0,0.2218624429223744,0.0,0.2218624429223744,0.0,0.0,7.3035422374172
4,10,0.0,0.4209874429223744,0.0,0.4209874429223744,0.0,0.0,7.037433119602454
5,10,0.0,0.2983624429223744,0.0,0.2983624429223744,0.0,0.0,6.532485677974195
6,10,0.0,0.5089624429223745,0.0,0.5089624429223745,0.0,0.0,6.174617388054048
7,10,0.0712538152772995,1.0598374429223745,0.0,0.9872379013003849,0.0013457263446901013,0.0,5.564144700722755
8,10,1.532391725777512,2.753596054573197,0.0,0.0,1.221204328795685,0.0,4.38
9,10,3.061715401359767,2.366079474728732,0.6956359266310352,0.0,0.0,0.0,4.38
10,10,4.1781096562471935,2.603061633049127,1.5750480231980664,0.0,0.0,0.0,5.066439399791547
11,10,4.868142041368087,3.7456507522796025,1.1224912890884848,0.0,0.0,0.0,6.620676792121582
12,10,5.139179567494272,1.701801050864174,3.4373785166300985,0.0,0.0,0.0,7.728356311867051
13,10,5.053426259587235,0.8232624429223745,4.230163816664861,0.0,0.0,0.0,11.12041936525994
14,10,4.623404240155358,3.042857149519963,1.580547090635395,0.0,0.0,0.0,15.29497560975659
15,10,3.8488205814717777,0.8637624429223744,2.9850581385494035,0.0,0.0,0.0,16.854818888093735
16,10,2.75670682656598,2.233348239310531,0.5233585872554491,0.0,0.0,0.0,19.800827017823433
17,10,1.4597138331923405,1.9279870091849187,0.0,0.46827317599257823,0.0,0.0,20.31735623771896
18,10,0.0042566237272755,0.7426624429223745,0.0,0.738405819195099,0.0,0.0,19.7555780665589
19,10,0.0,2.5143711186828996,0.0,2.5143711186828996,0.0,0.0,18.86972244073132
20,10,0.0,2.9277090541684703,0.0,2.9277090541684703,0.0,0.0,15.853240170633612
21,10,0.0,4.21444723046218,0.0,4.21444723046218,0.0,0.0,12.3407797635886
22,10,0.0,1.6934015865430596,0.0,1.6934015865430596,0.0,0.0,7.284416588158952
23,10,0.0,2.592675157867461,0.0,0.7272846015687562,1.865390556298705,0.0,5.25263076798244
0,10,0.0,2.229239089005111,0.0,0.0,2.229239089005111,0.0,4.38
1,10,0.0,1.7937596721164173,0.0,0.0,1.7937596721164173,0.0,4.38
2,10,0.0,2.375228929748914,0.0,0.0,2.375228929748914,0.0,4.38
3,10,0.0,1.3974684395868628,0.0,0.0,1.3974684395868628,0.0,4.38
4,10,0.0,1.5168747539931529,0.0,0.0,1.5168747539931529,0.0,4.38
5,10,0.0,0.2295124429223744,0.0,0.0,0.2295124429223744,0.0,4.38
6,10,0.0,2.5566452227596628,0.0,0.0,2.5566452227596628,0.0,4.38
7,10,0.0504991767525461,3.227609425994652,0.0,0.0,3.177110249242106,0.0,4.38
8,10,1.296525002653887,4.116823195275701,0.0,0.0,2.820298192621814,0.0,4.38
9,10,2.425062768666783,3.020650566366104,0.0,0.0,0.5955877976993209,0.0,4.38
10,10,3.792557640384119,2.7573444755434604,1.0352131648406586,0.0,0.0,0.0,4.38
11,10,4.515449118335684,2.4722849073897835,2.0431642109459003,0.0,0.0,0.0,5.401861194976716
12,10,4.950986772302017,1.8261051390414584,3.124881633260559,0.0,0.0,0.0,7.418696271657369
13,10,4.467626627313249,1.7811607478951197,2.6864658794181295,0.0,0.0,0.0,10.503379258592789
14,10,4.564203633005179,1.9029823220530449,2.661221310952134,0.0,0.0,0.0,13.155378322220818
15,10,3.289507916269375,0.7737624429223744,2.5157454733470006,0.0,0.0,0.0,15.782535077115183
16,10,2.2118639449767783,0.9852624429223744,1.2266015020544039,0.0,0.0,0.0,18.266151536235135
17,10,0.6746322401675273,0.7197624429223745,0.0,0.04513020275484714,0.0,0.0,19.47712173497276
18,10,0.0035318236594472,0.6796624429223743,0.0,0.6761306192629272,0.0,0.0,19.422962729611655
19,10,0.0,3.110722615864102,0.0,3.110722615864102,0.0,0.0,18.611564199307665
20,10,0.0,0.5716624429223744,0.0,0.5716624429223744,0.0,0.0,14.878476774304936
21,10,0.0,2.438184909082218,0.0,2.438184909082218,0.0,0.0,14.192417658140377
22,10,0.0,0.6571624429223744,0.0,0.6571624429223744,0.0,0.0,11.266303436000182
23,10,0.0,0.4141624429223744,0.0,0.4141624429223744,0.0,0.0,10.477608354557727
0,10,0.0,0.2542624429223743,0.0,0.2542624429223743,0.0,0.0,9.98054667759953
1,10,0.0,0.3892624429223744,0.0,0.3892624429223744,0.0,0.0,9.675389365981918
2,10,0.0,0.2256874429223743,0.0,0.2256874429223743,0.0,0.0,9.20820823336886
3,10,0.0,0.4592374429223744,0.0,0.4592374429223744,0.0,0.0,8.937343748523771
4,10,0.0,0.3251374429223744,0.0,0.3251374429223744,0.0,0.0,8.386176950724668
5,10,0.0,2.398226224421876,0.0,2.398226224421876,0.0,0.0,7.995952067869138
6,10,0.0,1.95016476172658,0.0,0.6145769726138279,1.335587789112752,0.0,5.117628000312685
7,10,0.0515953233494197,2.460282837715278,0.0,0.0,2.4086875143658584,0.0,4.38
8,10,1.4290625022575532,3.8981889216635337,0.0,0.0,2.4691264194059803,0.0,4.38
9,10,2.9066950769401783,0.4947624429223744,2.411932634017804,0.0,0.0,0.0,4.38
10,10,4.021719035711446,0.4362624429223744,3.585456592789072,0.0,0.0,0.0,6.761561128634563
11,10,4.741781432111682,0.8863151182925467,3.8554663138191354,0.0,0.0,0.0,10.30196383496597
12,10,4.992170576108866,1.091246939178253,3.900923636930613,0.0,0.0,0.0,14.109135022289424
13,10,4.912828401415287,1.031070927006709,3.8817574744085777,0.0,0.0,0.0,17.961359100502296
14,10,4.3700932024973245,2.5680769996618986,1.1089268657694815,0.0,0.0,0.6930893370659443,21.79482241259026
15,10,3.748826726859327,2.403011066760709,0.0,0.0,0.0,1.345815660098618,22.89
16,10,2.66833519752688,2.0828709612860674,0.0,0.0,0.0,0.5854642362408127,22.89
17,10,1.4176206701129184,3.1767267039279945,0.0,1.7591060338150761,0.0,0.0,22.89
18,10,0.0037883918467437,5.645560274478962,0.0,5.641771882632218,0.0,0.0,20.778230434210677
19,10,0.0,3.0990702274109787,0.0,3.0990702274109787,0.0,0.0,14.0052703162595
20,10,0.0,2.8804988174804738,0.0,2.8804988174804738,0.0,0.0,10.284596164218948
21,10,0.0,2.928104245262148,0.0,2.0373963556555097,0.8907078896066385,0.0,6.826214856002097
22,10,0.0,2.685612198817632,0.0,0.0,2.685612198817632,0.0,4.38
23,10,0.0,2.1924036115621717,0.0,0.0,2.1924036115621717,0.0,4.38
0,10,0.0,0.4286374429223744,0.0,0.0,0.4286374429223744,0.0,4.38
1,10,0.0,0.2830624429223743,0.0,0.0,0.2830624429223743,0.0,4.38
2,10,0.0,0.4898374429223744,0.0,0.0,0.4898374429223744,0.0,4.38
3,10,0.0,0.5280874429223744,0.0,0.0,0.5280874429223744,0.0,4.38
4,10,0.0,0.3289624429223744,0.0,0.0,0.3289624429223744,0.0,4.38
5,10,0.0,0.3672124429223743,0.0,0.0,0.3672124429223743,0.0,4.38
6,10,0.0,4.284906049932008,0.0,0.0,4.284906049932008,0.0,4.38
7,10,0.0466587095587006,0.4016374429223743,0.0,0.0,0.3549787333636737,0.0,4.38
8,10,1.407434762605974,2.300315183545943,0.0,0.0,0.8928804209399692,0.0,4.38
9,10,2.944722765789119,0.3021624429223744,2.6425603228667445,0.0,0.0,0.0,4.38
10,10,4.097521268673338,2.3103335894351495,1.7871876792381887,0.0,0.0,0.0,6.990275221783524
11,10,4.836654976592577,5.103940386071195,0.0,0.26728540947861834,0.0,0.0,8.755680031714435
12,10,5.172929893993005,3.443011749419234,1.7299181445737708,0.0,0.0,0.0,8.43473878409734
13,10,5.116395695567317,3.123307387038395,1.9930883085289222,0.0,0.0,0.0,10.14361109388417
14,10,4.680605135272587,0.6882624429223745,3.9923426923502126,0.0,0.0,0.0,12.112489741861825
15,10,3.882832848060897,0.7017624429223743,3.181070405138523,0.0,0.0,0.0,16.05642556803557
16,10,2.7679156168678727,0.5172624429223744,2.2506531739454982,0.0,0.0,0.0,19.199065153960255
17,10,1.4522510767320451,0.6657624429223744,0.7864886338096707,0.0,0.0,0.0,21.422606577674923
18,10,0.003586251660198,0.5086624429223745,0.0,0.5050761912621765,0.0,0.0,22.199640472219066
19,10,0.0,4.000543432931955,0.0,4.000543432931955,0.0,0.0,21.593077742874982
20,10,0.0,1.9513641010611225,0.0,1.9513641010611225,0.0,0.0,16.788665641642773
21,10,0.0,1.6876318061578526,0.0,1.6876318061578526,0.0,0.0,14.445090493029877
22,10,0.0,0.3331624429223744,0.0,0.3331624429223744,0.0,0.0,12.418212094042806
23,10,0.0,0.3054874429223745,0.0,0.3054874429223745,0.0,0.0,12.018070058516447
0,10,0.0,0.4286374429223744,0.0,0.4286374429223744,0.0,0.0,11.651165497365943
1,10,0.0,0.2868874429223744,0.0,0.2868874429223744,0.0,0.0,11.136350337023549
2,10,0.0,0.2868874429223744,0.0,0.2868874429223744,0.0,0.0,10.791782425256478
3,10,0.0,0.2983624429223744,0.0,0.2983624429223744,0.0,0.0,10.44721341470408
4,10,0.0,1.8625418628352928,0.0,1.8625418628352928,0.0,0.0,10.08886109877528
5,10,0.0,1.6017904726246688,0.0,1.6017904726246688,0.0,0.0,7.85182215689017
6,10,0.0,1.894299708958043,0.0,1.2887398526951066,0.6055598562629363,0.0,5.927923466727779
7,10,0.0474483817713122,2.492960274551203,0.0,0.0,2.445511892779891,0.0,4.38
8,10,1.3343420380736717,3.740160566561811,0.0,0.0,2.4058185284881395,0.0,4.38
9,10,2.887237268722533,2.939649770870586,0.0,0.0,0.052412502148053264,0.0,4.38
10,10,4.011666206481842,2.569893929381103,1.441772277100739,0.0,0.0,0.0,4.38
11,10,4.662286461023714,1.004102379593132,3.658184081430582,0.0,0.0,0.0,5.804687461116313
12,10,5.0646202733689805,2.1923934254581647,2.8722268479108157,0.0,0.0,0.0,9.419580467294045
13,10,5.018773678608664,2.449358665867382,2.569415012741282,0.0,0.0,0.0,12.257932707328518
14,10,4.615004486471955,1.886643477695634,2.728361008776321,0.0,0.0,0.0,14.797125504865223
15,10,3.851914296456573,4.251739189419752,0.0,0.3998248929631787,0.0,0.0,17.493471748369252
16,10,2.755144913536589,3.367704590530184,0.0,0.612559676993595,0.0,0.0,17.013158745057986
17,10,1.4389662170019328,3.0027815703906153,0.0,1.5638153533886825,0.0,0.0,16.27728238717954
18,10,0.0034484180586036,0.6031624429223743,0.0,0.5997140248637707,0.0,0.0,14.398636718767126
19,10,0.0,2.2541546082165125,0.0,2.2541546082165125,0.0,0.0,13.678174586680225
20,10,0.0,1.2136624429223746,0.0,1.2136624429223746,0.0,0.0,10.9701440982847
21,10,0.0,0.4006624429223744,0.0,0.4006624429223744,0.0,0.0,9.512073184376654
22,10,0.0,0.3511624429223745,0.0,0.3511624429223745,0.0,0.0,9.030718470842968
23,10,0.0,0.3241624429223744,0.0,0.3241624429223744,0.0,0.0,8.60883103638217
0,10,0.0,1.5328791889182285,0.0,1.5328791889182285,0.0,0.0,8.219379948651822
1,10,0.0,0.3937624429223744,0.0,0.3937624429223744,0.0,0.0,6.377761241133349
2,10,0.0,2.9160921162272153,0.0,1.2690487530217172,1.6470433632054982,0.0,5.904682445358442
3,10,0.0,3.062731120639456,0.0,0.0,3.062731120639456,0.0,4.38
4,10,0.0,3.1051723135331617,0.0,0.0,3.1051723135331617,0.0,4.38
5,10,0.0,0.5625124429223745,0.0,0.0,0.5625124429223745,0.0,4.38
6,10,0.0,2.213225247851813,0.0,0.0,2.213225247851813,0.0,4.38
7,10,0.0422360821918316,2.7127460680558593,0.0,0.0,2.6705099858640278,0.0,4.38
8,10,1.440668579763806,0.3174874429223744,1.1231811368414315,0.0,0.0,0.0,4.38
9,10,2.9724085160189273,0.2639124429223744,2.708496073096553,0.0,0.0,0.0,5.490170050599314
10,10,4.106077298607832,0.4047624429223744,3.7013148556854576,0.0,0.0,0.0,8.167323963407098
11,10,4.80214828169029,0.5307624429223745,4.271385838767915,0.0,0.0,0.0,11.825918147341591
12,10,5.088366116281608,3.90694417567353,1.181421940608078,0.0,0.0,0.0,16.048177315794756
13,10,5.007096846774223,2.381834406731614,2.625262440042609,0.0,0.0,0.0,17.216066790621426
14,10,4.565247511355042,1.83932206333649,2.725925448018552,0.0,0.0,0.0,19.811292551220948
15,10,3.750493430158688,0.7782624429223745,0.38831171655188806,0.0,0.0,2.5839192706844254,22.50610826840689
16,10,2.5938381630702763,2.8273735908085103,0.0,0.233535427738234,0.0,0.0,22.89
17,10,1.359748982751192,2.226103339415072,0.0,0.8663543566638803,0.0,0.0,22.60935944685742
18,10,0.0032094687525731,3.1744041456235457,0.0,3.1711946768709725,0.0,0.0,21.568254892803207
19,10,0.0,2.894793723186219,0.0,2.894793723186219,0.0,0.0,17.757369652246698
20,10,0.0,2.6125394294411977,0.0,2.6125394294411977,0.0,0.0,14.278518025319254
21,10,0.0,2.492034777330856,0.0,2.492034777330856,0.0,0.0,11.138767653446564
22,10,0.0,2.8450503486922916,0.0,2.8450503486922916,0.0,0.0,8.14375276749682
23,10,0.0,2.235917182552166,0.0,0.28652529024259793,1.949391892309568,0.0,4.724376596157673
0,10,0.0,2.367348279409281,0.0,0.0,2.367348279409281,0.0,4.38
1,10,0.0,0.4747624429223744,0.0,0.0,0.4747624429223744,0.0,4.38
2,10,0.0,0.4252624429223743,0.0,0.0,0.4252624429223743,0.0,4.38
3,10,0.0,0.4515874429223744,0.0,0.0,0.4515874429223744,0.0,4.38
4,10,0.0,0.3060124429223744,0.0,0.0,0.3060124429223744,0.0,4.38
5,10,0.0,0.5127874429223744,0.0,0.0,0.5127874429223744,0.0,4.38
6,10,0.0,2.504055610541393,0.0,0.0,2.504055610541393,0.0,4.38
7,10,0.0426503744130683,3.470683360884763,0.0,0.0,3.428032986471695,0.0,4.38
8,10,1.3939372697908206,2.2936414997832206,0.0,0.0,0.8997042299924001,0.0,4.38
9,10,2.9401847235862144,0.4587624429223744,2.48142228066384,0.0,0.0,0.0,4.38
10,10,4.083584391412919,0.5937624429223743,3.489821948490545,0.0,0.0,0.0,6.833608197959218
11,10,4.554896228125468,0.4567624429223743,4.0981337852030935,0.0,0.0,0.0,10.284408232533263
12,10,4.546754287094912,0.6027624429223744,3.9439918441725377,0.0,0.0,0.0,14.33687549758177
13,10,4.393913240075451,1.1756793976859603,3.2182338423894903,0.0,0.0,0.0,18.237096266007107
14,10,4.323037145202744,1.2342819086638108,1.486628450101457,0.0,0.0,1.6021267864374762,21.41975325486741
15,10,3.590726337014154,1.4277487247784746,0.0,0.0,0.0,2.1629776122356796,22.89
16,10,2.355092513460365,1.333069944654269,0.0,0.0,0.0,1.0220225688060958,22.89
17,10,1.132156478364063,0.7197624429223745,0.0,0.0,0.0,0.4123940354416885,22.89
18,10,0.0030028096951554,0.8371624429223743,0.0,0.8341596332272189,0.0,0.0,22.89
19,10,0.0,2.4561055192951824,0.0,2.4561055192951824,0.0,0.0,21.88720616581866
20,10,0.0,3.238145911720361,0.0,3.238145911720361,0.0,0.0,18.93454551115406
21,10,0.0,0.6391624429223743,0.0,0.6391624429223743,0.0,0.0,15.041631616752113
22,10,0.0,0.5806624429223743,0.0,0.5806624429223743,0.0,0.0,14.273199906077974
23,10,0.0,2.55186653678875,0.0,2.55186653678875,0.0,0.0,13.57509473345289
0,10,0.0,0.4882624429223745,0.0,0.4882624429223745,0.0,0.0,10.507076884868594
1,10,0.0,0.2182624429223744,0.0,0.2182624429223744,0.0,0.0,9.920039748416599
2,10,0.0,0.4668874429223744,0.0,0.4668874429223744,0.0,0.0,9.657621744636494
3,10,0.0,0.3442624429223744,0.0,0.3442624429223744,0.0,0.0,9.09627932276653
4,10,0.0,0.3939874429223744,0.0,0.3939874429223744,0.0,0.0,8.682367746556237
5,10,0.0,0.5778124429223744,0.0,0.5778124429223744,0.0,0.0,8.208669289043359
6,10,0.0,0.4054624429223744,0.0,0.4054624429223744,0.0,0.0,7.513951556823103
7,10,0.0174067558693479,4.327366600341318,0.0,2.201089224760568,2.1088706197114018,0.0,7.026451221109745
8,10,1.416054003265448,4.006493858921963,0.0,0.0,2.5904398556565145,0.0,4.38
9,10,2.96120983510273,0.2065624429223743,2.7546473921803556,0.0,0.0,0.0,4.38
10,10,4.08305156994908,0.5757624429223744,3.5072891270267057,0.0,0.0,0.0,7.104804715509224
11,10,4.464420338889579,0.7017624429223743,3.762657895967205,0.0,0.0,0.0,10.574203711311148
12,10,3.6691813316894497,0.7177624429223743,2.9514188887670754,0.0,0.0,0.0,14.296357933342858
13,10,2.640040310005078,2.366007448123921,0.27403286188115716,0.0,0.0,0.0,17.216128104153498
14,10,3.758244849288212,2.8127904274346496,0.9454544218535625,0.0,0.0,0.0,17.48723135557249
15,10,3.2885655780870993,2.8073450004028473,0.48122057768425197,0.0,0.0,0.0,18.422581035076156
16,10,2.496996369873359,0.8862624429223743,1.6107339269509846,0.0,0.0,0.0,18.898663476345
17,10,1.3659958506317949,0.7672624429223744,0.5987334077094204,0.0,0.0,0.0,20.492207648585275
18,10,0.0026886940962155,1.3756624429223745,0.0,1.372973748826159,0.0,0.0,21.08456199132344
19,10,0.0,3.3242396430351953,0.0,3.3242396430351953,0.0,0.0,19.433434043227066
20,10,0.0,5.0941493325084695,0.0,5.0941493325084695,0.0,0.0,15.435667255269935
21,10,0.0,2.728215917578612,0.0,2.728215917578612,0.0,0.0,9.309161135547482
22,10,0.0,2.773062072479212,0.0,1.3700749860567583,1.4029870864224536,0.0,6.027871529054741
23,10,0.0,3.1499495180707653,0.0,0.0,3.1499495180707653,0.0,4.38
0,10,0.0,0.3827374429223744,0.0,0.0,0.3827374429223744,0.0,4.38
1,10,0.0,0.2497624429223744,0.0,0.0,0.2497624429223744,0.0,4.38
2,10,0.0,0.3802624429223744,0.0,0.0,0.3802624429223744,0.0,4.38
3,10,0.0,0.2715874429223744,0.0,0.0,0.2715874429223744,0.0,4.38
4,10,0.0,0.3404374429223743,0.0,0.0,0.3404374429223743,0.0,4.38
5,10,0.0,2.8559197343575287,0.0,0.0,2.8559197343575287,0.0,4.38
6,10,0.0,0.5319124429223744,0.0,0.0,0.5319124429223744,0.0,4.38
7,10,0.0173199268168097,0.3595624429223744,0.0,0.0,0.34224251610556466,0.0,4.38
8,10,1.2504014323628816,3.966262599944395,0.0,0.0,2.7158611675815134,0.0,4.38
9,10,2.7921150518976456,1.9257523857728152,0.8663626661248305,0.0,0.0,0.0,4.38
10,10,3.8892163039861254,4.364100538335313,0.0,0.4748842343491875,0.0,0.0,5.237270441986602
11,10,4.562624867456033,5.188055233327708,0.0,0.23784940867708357,0.3875809571945913,0.0,4.666084412961454
12,10,4.987315074648041,3.344874727068492,1.6424403475795493,0.0,0.0,0.0,4.38
13,10,4.914377462608973,3.039988318912198,1.8743891436967752,0.0,0.0,0.0,6.005231981397756
14,10,4.4917906246813555,0.6792624429223744,3.812528181758981,0.0,0.0,0.0,7.860016468937388
15,10,3.623769338886899,0.6277624429223744,2.9960068959645243,0.0,0.0,0.0,11.632747282772355
16,10,2.4233610805390673,0.7107624429223744,1.7125986376166928,0.0,0.0,0.0,14.597605962330057
17,10,1.1183315301972605,0.8457624429223745,0.27256908727488605,0.0,0.0,0.0,16.29245596445482
18,10,0.0024676201677893,3.524642865406103,0.0,3.5221752452383135,0.0,0.0,16.56220540602763
19,10,0.0,2.58666520788589,0.0,2.58666520788589,0.0,0.0,12.325153852563785
20,10,0.0,0.5446624429223743,0.0,0.5446624429223743,0.0,0.0,9.213365581230743
21,10,0.0,2.474058696781611,0.0,2.474058696781611,0.0,0.0,8.55811146948222
22,10,0.0,0.6931624429223744,0.0,0.6931624429223744,0.0,0.0,5.581686372149897
23,10,0.0,0.6661624429223745,0.0,0.3056712605087924,0.3604911824135821,0.0,4.747751863206719
0,10,0.0,2.069516921419516,0.0,0.0,2.069516921419516,0.0,4.38
1,10,0.0,0.2227624429223743,0.0,0.0,0.2227624429223743,0.0,4.38
2,10,0.0,0.2542624429223743,0.0,0.0,0.2542624429223743,0.0,4.38
3,10,0.0,0.2601124429223744,0.0,0.0,0.2601124429223744,0.0,4.38
4,10,0.0,0.4592374429223744,0.0,0.0,0.4592374429223744,0.0,4.38
5,10,0.0,0.2983624429223744,0.0,0.0,0.2983624429223744,0.0,4.38
6,10,0.0,0.3251374429223744,0.0,0.0,0.3251374429223744,0.0,4.38
7,10,0.0172531352379342,0.5013124429223743,0.0,0.0,0.4840593076844401,0.0,4.38
8,10,1.2775340979095002,0.4286374429223744,0.8488966549871259,0.0,0.0,0.0,4.38
9,10,2.7811377354569533,2.408455141020954,0.37268259443599927,0.0,0.0,0.0,5.220212345960801
10,10,3.895095152261848,2.530145663583468,1.3649494886783802,0.0,0.0,0.0,5.589085841751354
11,10,4.5395694593469536,0.5892624429223743,3.9503070164245795,0.0,0.0,0.0,6.940090118022849
12,10,4.8660789761326475,1.7511473947362712,3.1149315813963763,0.0,0.0,0.0,10.850097650996785
13,10,4.860686649797773,2.303310481329756,2.5573761684680174,0.0,0.0,0.0,13.933387540848853
14,10,4.3046103702952365,2.6823742822240453,1.6222360880711912,0.0,0.0,0.0,16.46487350940795
15,10,3.609181236453134,5.38827304704742,0.0,1.7790918105942861,0.0,0.0,18.07073223955786
16,10,2.567154865720025,3.366500432385912,0.0,0.7993455666658869,0.0,0.0,15.929977075576764
17,10,1.313638690598724,0.7422624429223744,0.5713762476763496,0.0,0.0,0.0,14.968117185872574
18,10,0.0022439400664418,0.6976624429223744,0.0,0.6954185028559327,0.0,0.0,15.533751537990758
19,10,0.0,0.6436624429223745,0.0,0.6436624429223745,0.0,0.0,14.696935268542312
20,10,0.0,0.5896624429223744,0.0,0.5896624429223744,0.0,0.0,13.922392495413666
21,10,0.0,0.5311624429223745,0.0,0.5311624429223745,0.0,0.0,13.212824828966546
22,10,0.0,0.6661624429223745,0.0,0.6661624429223745,0.0,0.0,12.573648678818302
23,10,0.0,0.6076624429223744,0.0,0.6076624429223744,0.0,0.0,11.772015073002438
0,10,0.0,0.2677624429223744,0.0,0.2677624429223744,0.0,0.0,11.040772634554909
1,10,0.0,0.2272624429223744,0.0,0.2272624429223744,0.0,0.0,10.718553302040991
2,10,0.0,0.2002624429223743,0.0,0.2002624429223743,0.0,0.0,10.445069947784122
3,10,0.0,0.2333374429223744,0.0,0.2333374429223744,0.0,0.0,10.204077276327821
4,10,0.0,0.4209874429223744,0.0,0.4209874429223744,0.0,0.0,9.92328204424828
5,10,0.0,0.4592374429223744,0.0,0.4592374429223744,0.0,0.0,9.416669935833077
6,10,0.0,0.5051374429223744,0.0,0.5051374429223744,0.0,0.0,8.86402556614596
7,10,0.0115568142536123,2.4110256013236295,0.0,2.3994687870700173,0.0,0.0,8.256142224218948
8,10,1.310124321298941,0.5357374429223745,0.7743868783765666,0.0,0.0,0.0,5.368600761296263
9,10,2.914188385919293,0.5395374429223744,2.3746509429969187,0.0,0.0,0.0,6.135282642929878
10,10,4.184678353551794,0.3059874429223744,3.8786909106294196,0.0,0.0,0.0,8.4863265543606
11,10,4.937189493398106,0.8361163955409774,4.101073097857129,0.0,0.0,0.0,12.32655994111457
12,10,5.26239776542526,0.5307624429223744,4.7316353225028855,0.0,0.0,0.0,16.387145996916473
13,10,5.192392005229402,0.4227624429223744,1.835660177741473,0.0,0.0,2.933969384565555,21.07228318822634
14,10,4.762159724713023,0.4362624429223744,0.0,0.0,0.0,4.325897281790649,22.89
15,10,3.92905769288502,0.5782624429223745,0.0,0.0,0.0,3.3507952499626454,22.89
16,10,2.7837414890983205,0.6297624429223744,0.0,0.0,0.0,2.1539790461759463,22.89
17,10,1.4340836894976945,0.5757624429223744,0.0,0.0,0.0,0.85832124657532,22.89
18,10,0.0024166754860574,1.3171624429223745,0.0,1.314745767436317,0.0,0.0,22.89
19,10,0.0,0.3466624429223744,0.0,0.3466624429223744,0.0,0.0,21.307469405160226
20,10,0.0,2.275224012475908,0.0,2.275224012475908,0.0,0.0,20.890193327555878
21,10,0.0,0.5160874429223743,0.0,0.5160874429223743,0.0,0.0,18.15150548485335
22,10,0.0,0.3743374429223743,0.0,0.3743374429223743,0.0,0.0,17.530275125759943
23,10,0.0,0.5964124429223744,0.0,0.5964124429223744,0.0,0.0,17.079671019260896
0,10,0.0,0.3519124429223743,0.0,0.3519124429223743,0.0,0.0,16.361743860869048
1,10,0.0,0.4016374429223743,0.0,0.4016374429223743,0.0,0.0,15.938128992001223
2,10,0.0,2.219761522614079,0.0,2.219761522614079,0.0,0.0,15.454655721420112
3,10,0.0,2.5128272963648053,0.0,2.5128272963648053,0.0,0.0,12.78259368118676
4,10,0.0,0.4781374429223743,0.0,0.4781374429223743,0.0,0.0,9.757675729500116
5,10,0.0,0.7040374429223744,0.0,0.7040374429223744,0.0,0.0,9.182082242779293
6,10,0.0,0.5163874429223744,0.0,0.5163874429223744,0.0,0.0,8.33454032518021
7,10,0.0116681335517382,2.313571395942469,0.0,2.3019032623907307,0.0,0.0,7.712892370352026
8,10,1.385648326174323,2.3844589332318207,0.0,0.4666193625620624,0.5321912444954352,0.0,4.941752778259669
9,10,2.977114072491571,0.6045624429223744,2.3725516295691964,0.0,0.0,0.0,4.38
10,10,4.164203556252565,0.3174624429223744,3.846741113330191,0.0,0.0,0.0,6.729810754902829
11,10,4.899651464486367,0.4027624429223744,4.496889021563993,0.0,0.0,0.0,10.539781620297639
12,10,5.221004944386445,0.3552624429223744,4.865742501464071,0.0,0.0,0.0,14.99387665888272
13,10,5.147338519685989,1.6444034895551305,3.1056772491833002,0.0,0.0,0.39725778094755837,19.81355653183729
14,10,4.695959114676503,1.5540084796999625,0.0,0.0,0.0,3.1419506349765407,22.89
15,10,3.8762647195557,2.1645987373516835,0.0,0.0,0.0,1.7116659822040163,22.89
16,10,2.731960372166851,1.762245314820728,0.0,0.0,0.0,0.9697150573461231,22.89
17,10,1.3909328964625078,0.4947624429223745,0.0,0.0,0.0,0.8961704535401334,22.89
18,10,0.002183098403394,2.390964590938,0.0,2.3887814925346063,0.0,0.0,22.89
19,10,0.0,3.129248859988318,0.0,3.129248859988318,0.0,0.0,20.013584701330977
20,10,0.0,0.4366624429223744,0.0,0.4366624429223744,0.0,0.0,16.245446452267842
21,10,0.0,0.5716624429223743,0.0,0.5716624429223743,0.0,0.0,15.719613605847144
22,10,0.0,0.3475624429223743,0.0,0.3475624429223743,0.0,0.0,15.031209193529858
23,10,0.0,0.5964124429223744,0.0,0.5964124429223744,0.0,0.0,14.61266666624675
0,10,0.0,2.05325142545478,0.0,2.05325142545478,0.0,0.0,13.894450578276162
1,10,0.0,0.3289624429223744,0.0,0.3289624429223744,0.0,0.0,11.42185292213382
2,10,0.0,0.3863374429223744,0.0,0.3863374429223744,0.0,0.0,11.025695701146262
3,10,0.0,0.6084124429223744,0.0,0.6084124429223744,0.0,0.0,10.560442198271193
4,10,0.0,0.4398874429223743,0.0,0.4398874429223743,0.0,0.0,9.827747906603788
5,10,0.0,0.4704874429223744,0.0,0.4704874429223744,0.0,0.0,9.298000023140212
6,10,0.0,3.6346793120429934,0.0,3.6132397010213118,0.02143961102168168,0.0,8.731398377569144
7,10,0.0116948501832884,4.584168465439953,0.0,0.0,4.572473615256665,0.0,4.38
8,10,1.347804296510483,5.420370948063161,0.0,0.0,4.072566651552679,0.0,4.38
9,10,2.9238979427710547,3.714328348136276,0.0,0.0,0.7904304053652211,0.0,4.38
10,10,4.071221116565743,3.732011659025433,0.3392094575403104,0.0,0.0,0.0,4.38
11,10,4.782875061687301,2.2258503245311565,2.5570247371561448,0.0,0.0,0.0,4.71608567244886
12,10,5.084259791304627,2.681815024497053,2.4024447668075735,0.0,0.0,0.0,7.2495723081344146
13,10,5.0004155282999925,2.5652462489558525,2.43516927934414,0.0,0.0,0.0,9.629969765544862
14,10,4.553800189032954,3.6677639280667704,0.8860362609661832,0.0,0.0,0.0,12.042856034002348
15,10,3.750660608497933,3.1116713729400596,0.6389892355578732,0.0,0.0,0.0,12.920808452920944
16,10,2.6454574094502,3.1485379279363985,0.0,0.5030805184861986,0.0,0.0,13.553974058543368
17,10,1.3535316265428794,0.8077624429223744,0.545769183620505,0.0,0.0,0.0,12.948030906050427
18,10,0.0020426108100613,2.382069305140848,0.0,2.3800266943307866,0.0,0.0,13.488832934764812
19,10,0.0,4.2910103559473685,0.0,4.2910103559473685,0.0,0.0,10.62213926173165
20,10,0.0,4.148465613835617,0.0,0.8912460700343909,3.257219543801226,0.0,5.453567570279676
21,10,0.0,3.1816371404890793,0.0,0.0,3.1816371404890793,0.0,4.38
22,10,0.0,4.6870534891017925,0.0,0.0,4.6870534891017925,0.0,4.38
23,10,0.0,3.8724703924701935,0.0,0.0,3.8724703924701935,0.0,4.38
0,10,0.0,3.6244883770838694,0.0,0.0,3.6244883770838694,0.0,4.38
1,10,0.0,4.249959512699644,0.0,0.0,4.249959512699644,0.0,4.38
2,10,0.0,0.2524624429223744,0.0,0.0,0.2524624429223744,0.0,4.38
3,10,0.0,0.2639374429223743,0.0,0.0,0.2639374429223743,0.0,4.38
4,10,0.0,0.2639374429223743,0.0,0.0,0.2639374429223743,0.0,4.38
5,10,0.0,0.5089624429223745,0.0,0.0,0.5089624429223745,0.0,4.38
6,10,0.0,0.3442624429223744,0.0,0.0,0.3442624429223744,0.0,4.38
7,10,0.005763467841013,5.579354497854003,0.0,0.0,5.57359103001299,0.0,4.38
8,10,1.317676407923435,4.629058759867178,0.0,0.0,3.3113823519437426,0.0,4.38
9,10,2.869796237864139,0.3597624429223744,2.510033794941765,0.0,0.0,0.0,4.38
10,10,4.002998297099417,0.7287624429223744,3.2742358541770424,0.0,0.0,0.0,6.867414287438763
11,10,4.705805216067294,0.6567624429223744,4.049042773144919,0.0,0.0,0.0,10.112234720653273
12,10,5.014443581202599,4.107746094933603,0.906697486268996,0.0,0.0,0.0,14.12504775859238
13,10,4.944730572516544,0.9582624429223744,3.98646812959417,0.0,0.0,0.0,15.023672927469566
14,10,4.5049876872625765,0.9472624429223744,3.557725244340202,0.0,0.0,0.0,18.974689517516286
15,10,3.7264503331547103,0.8637624429223744,0.3925252403088466,0.0,0.0,2.4701626499234894,22.500932749105917
16,10,2.633095934202686,1.034762442922374,0.0,0.0,0.0,1.5983334912803118,22.89
17,10,1.347913242734439,0.9762624429223744,0.0,0.0,0.0,0.3716507998120645,22.89
18,10,0.0019062026560196,1.691729171573868,0.0,1.6898229689178483,0.0,0.0,22.89
19,10,0.0,6.115041386423307,0.0,6.115041386423307,0.0,0.0,20.854047162312668
20,10,0.0,1.793692633786792,0.0,1.793692633786792,0.0,0.0,13.4863106125429
21,10,0.0,3.754634918849816,0.0,3.754634918849816,0.0,0.0,11.325024185568978
22,10,0.0,3.5386750357186822,0.0,2.0089730842420153,1.529701951476667,0.0,6.800835563691669
23,10,0.0,0.6661624429223745,0.0,0.0,0.6661624429223745,0.0,4.38
0,10,0.0,0.2407624429223744,0.0,0.0,0.2407624429223744,0.0,4.38
1,10,0.0,0.4657624429223744,0.0,0.0,0.4657624429223744,0.0,4.38
2,10,0.0,0.2677624429223744,0.0,0.0,0.2677624429223744,0.0,4.38
3,10,0.0,0.3213124429223744,0.0,0.0,0.3213124429223744,0.0,4.38
4,10,0.0,0.5357374429223745,0.0,0.0,0.5357374429223745,0.0,4.38
5,10,0.0,0.5472124429223744,0.0,0.0,0.5472124429223744,0.0,4.38
6,10,0.0,0.5663374429223744,0.0,0.0,0.5663374429223744,0.0,4.38
7,10,0.0057924108585258,1.6332219719006988,0.0,0.0,1.627429561042173,0.0,4.38
8,10,1.294205933657404,1.501581801400909,0.0,0.0,0.20737586774350492,0.0,4.38
9,10,2.8841517894011868,0.4592124429223744,2.4249393464788125,0.0,0.0,0.0,4.38
10,10,4.051101828101613,0.3597624429223744,3.691339385179239,0.0,0.0,0.0,6.783998915835529
11,10,4.760211424644601,0.6747624429223744,4.085448981722227,0.0,0.0,0.0,10.443560909860816
12,10,5.043557707133501,0.5377624429223744,4.505795264211127,0.0,0.0,0.0,14.494006503235212
13,10,4.958164386599336,0.8592624429223743,3.962170241419466,0.0,0.0,0.13673170225749498,18.96140048529423
14,10,4.523015426700361,3.08552022245235,0.0,0.0,0.0,1.4374952042480111,22.89
15,10,3.740043194854828,2.952343422524496,0.0,0.0,0.0,0.7876997723303316,22.89
16,10,2.633151180026873,0.7332624429223744,0.0,0.0,0.0,1.8998887371044988,22.89
17,10,1.3456866821207525,0.7017624429223743,0.0,0.0,0.0,0.6439242391983782,22.89
18,10,0.0018217046085956,0.6661624429223745,0.0,0.6643407383137788,0.0,0.0,22.89
19,10,0.0,4.463081048291518,0.0,4.463081048291518,0.0,0.0,22.089277151893093
20,10,0.0,2.7533589871882476,0.0,2.7533589871882476,0.0,0.0,16.709933021633432
21,10,0.0,0.4321624429223744,0.0,0.4321624429223744,0.0,0.0,13.391148812026431
22,10,0.0,0.6931624429223744,0.0,0.6931624429223744,0.0,0.0,12.870222208663968
23,10,0.0,0.6571624429223744,0.0,0.6571624429223744,0.0,0.0,12.034683388259484
0,10,0.0,2.244846037675761,0.0,2.244846037675761,0.0,0.0,11.24253288458787
1,10,0.0,2.4513197352000557,0.0,2.4513197352000557,0.0,0.0,8.536552079932207
2,10,0.0,0.2715874429223744,0.0,0.2715874429223744,0.0,0.0,5.581609888686001
3,10,0.0,0.2868874429223744,0.0,0.2868874429223744,0.0,0.0,5.254215983479692
4,10,0.0,0.3136624429223744,0.0,0.3136624429223744,0.0,0.0,4.908377148407454
5,10,0.0,0.3366124429223744,0.0,0.12464614945368865,0.21196629346868576,0.0,4.53026021182771
6,10,0.0,0.5548624429223744,0.0,0.0,0.5548624429223744,0.0,4.38
7,10,0.0057924108585258,0.5701624429223744,0.0,0.0,0.5643700320638486,0.0,4.38
8,10,1.2483388705546286,0.4898374429223744,0.7585014276322541,0.0,0.0,0.0,4.38
9,10,2.8269989523237937,1.1862624429223745,1.6407365094014192,0.0,0.0,0.0,5.132236878234296
10,10,3.984944220586367,0.8962735827918265,3.0886706377945403,0.0,0.0,0.0,6.759436128250002
11,10,4.70209197955365,0.9443951837956656,3.7576967957579845,0.0,0.0,0.0,9.822679078655801
12,10,4.9973233017160785,1.1926970899353249,3.8046262117807537,0.0,0.0,0.0,13.549568811766697
13,10,4.924028788219712,2.215943025480803,2.7080857627389086,0.0,0.0,0.0,17.323161424147944
14,10,4.483148529202596,0.8212624429223744,2.904207845942271,0.0,0.0,0.7576782403379512,20.009271882762214
15,10,3.7055436663471,0.7152624429223744,0.0,0.0,0.0,2.990281223424726,22.89
16,10,2.60067220664288,0.8817624429223743,0.0,0.0,0.0,1.7189097637205057,22.89
17,10,1.3141350234759757,0.6052624429223744,0.0,0.0,0.0,0.7088725805536013,22.89
18,10,0.0016126021993197,0.6301624429223744,0.0,0.6285498407230548,0.0,0.0,22.89
19,10,0.0,0.5761624429223745,0.0,0.5761624429223745,0.0,0.0,22.13212795558136
20,10,0.0,0.6886624429223744,0.0,0.6886624429223744,0.0,0.0,21.437416982920627
21,10,0.0,0.4321624429223744,0.0,0.4321624429223744,0.0,0.0,20.607053189888266
22,10,0.0,1.8300632537290276,0.0,1.8300632537290276,0.0,0.0,20.08596363910524
23,10,0.0,2.231283761392386,0.0,2.231283761392386,0.0,0.0,17.879313215598742
0,11,0.0,2.467706978550862,0.0,2.467706978550862,0.0,0.0,15.188824895354488
1,11,0.0,2.292077385254918,0.0,2.292077385254918,0.0,0.0,12.213182693491268
2,11,0.0,1.9831484211634125,0.0,1.9831484211634125,0.0,0.0,9.449244314028247
3,11,0.0,4.263841413875027,0.0,2.2205151959776153,2.0433262178974116,0.0,7.057771722143563
4,11,0.0,3.112623043667316,0.0,0.0,3.112623043667316,0.0,4.38
5,11,0.0,0.3672124429223743,0.0,0.0,0.3672124429223743,0.0,4.38
6,11,0.0,0.3786874429223744,0.0,0.0,0.3786874429223744,0.0,4.38
7,11,0.0057901844725632,2.501747984623875,0.0,0.0,2.4959578001513116,0.0,4.38
8,11,1.1589792716402414,1.2398374429223746,0.0,0.0,0.08085817128213324,0.0,4.38
9,11,2.7739981333753048,0.4515624429223743,2.3224356904529304,0.0,0.0,0.0,4.38
10,11,3.9507986755687248,0.5397624429223744,3.4110362326463504,0.0,0.0,0.0,6.684128764507801
11,11,4.665960518415951,2.672376730642562,1.9935837877733893,0.0,0.0,0.0,10.06836474395271
12,11,4.96531457784979,0.7467624429223743,4.218552134927416,0.0,0.0,0.0,12.04636039849618
13,11,4.913669808834138,0.6207624429223745,4.292907365911764,0.0,0.0,0.0,16.232020172303343
14,11,4.4863032963280345,0.7627624429223744,2.416961383755929,0.0,0.0,1.3065794696497313,20.491655993773232
15,11,3.6914037499267858,0.6567624429223744,0.0,0.0,0.0,3.0346413070044114,22.89
16,11,2.6107724420572196,2.8690189444155063,0.0,0.2582465023582867,0.0,0.0,22.89
17,11,1.3046526552175584,0.6072624429223745,0.31390679137573724,0.0,0.0,0.3834834209194466,22.578501868650058
18,11,0.0015154288553902,2.443537692142685,0.0,2.4420222632872948,0.0,0.0,22.89
19,11,0.0,3.0121788462892196,0.0,3.0121788462892196,0.0,0.0,19.94440258322282
20,11,0.0,2.2014959921959107,0.0,2.2014959921959107,0.0,0.0,16.310976204367666
21,11,0.0,0.4996624429223744,0.0,0.4996624429223744,0.0,0.0,13.655342856032858
22,11,0.0,1.625660202388037,0.0,1.625660202388037,0.0,0.0,13.05259233382512
23,11,0.0,0.4366624429223744,0.0,0.4366624429223744,0.0,0.0,11.091522383909986
0,11,0.0,0.2002624429223743,0.0,0.2002624429223743,0.0,0.0,10.5647572360474
1,11,0.0,0.4286374429223744,0.0,0.4286374429223744,0.0,0.0,10.323170648181518
2,11,0.0,0.4668874429223744,0.0,0.4668874429223744,0.0,0.0,9.806082734534886
3,11,0.0,0.4974874429223744,0.0,0.4974874429223744,0.0,0.0,9.2428491368133
4,11,0.0,0.3327874429223744,0.0,0.3327874429223744,0.0,0.0,8.642697843135926
5,11,0.0,0.5510374429223743,0.0,0.5510374429223743,0.0,0.0,8.241232586997027
6,11,0.0,0.5892874429223743,0.0,0.5892874429223743,0.0,0.0,7.576474301158668
7,11,0.0058124483321884,3.462064518119826,0.0,2.0603330514244633,1.3959190183631742,0.0,6.865567763923216
8,11,1.183281526063748,5.004376791169342,0.0,0.0,3.821095265105594,0.0,4.38
9,11,2.798632048802845,2.0904663038330673,0.7081657449697776,0.0,0.0,0.0,4.38
10,11,3.931619662741056,1.8512901949489404,2.080329467792115,0.0,0.0,0.0,5.082854724622402
11,11,4.636374395560218,3.4495205588935116,1.1868538366667067,0.0,0.0,0.0,7.147598701030884
12,11,4.612075407060631,2.6036341635464755,2.008441243514156,0.0,0.0,0.0,8.325588182323177
13,11,4.100907854703344,2.2811642210987317,1.8197436336046122,0.0,0.0,0.0,10.319055228062046
14,11,4.086619027805402,1.1899814035524083,2.896637624252994,0.0,0.0,0.0,12.125272028698175
15,11,3.752717949063716,1.2884959762411996,2.4642219728225165,0.0,0.0,0.0,15.000436285442824
16,11,2.617879786511079,1.2294455961626007,1.3884341903484785,0.0,0.0,0.0,17.44646959065838
17,11,1.319881967718436,1.2573390286698165,0.0625429390486194,0.0,0.0,0.0,18.824693533846393
18,11,0.0014038016522504,2.2703712553433144,0.0,2.2689674536910642,0.0,0.0,18.88677750810104
19,11,0.0,3.816508446273818,0.0,3.816508446273818,0.0,0.0,16.149005307224396
20,11,0.0,2.911972575612615,0.0,2.911972575612615,0.0,0.0,11.54382886002087
21,11,0.0,0.9391851872958886,0.0,0.9391851872958886,0.0,0.0,8.02995766945838
22,11,0.0,1.1463069955176444,0.0,1.1463069955176444,0.0,0.0,6.896608020367392
23,11,0.0,0.9058555774404012,0.0,0.9058555774404012,0.0,0.0,5.513302283082163
0,11,0.0,0.7109808937802947,0.0,0.03326814858661929,0.6777127451936754,0.0,4.420147251769296
1,11,0.0,0.8362122477780998,0.0,0.0,0.8362122477780998,0.0,4.38
2,11,0.0,0.9616235682995192,0.0,0.0,0.9616235682995192,0.0,4.38
3,11,0.0,2.9528533285865586,0.0,0.0,2.9528533285865586,0.0,4.38
4,11,0.0,3.2673795193047854,0.0,0.0,3.2673795193047854,0.0,4.38
5,11,0.0,1.4382786621370327,0.0,0.0,1.4382786621370327,0.0,4.38
6,11,0.0,3.265137034075702,0.0,0.0,3.265137034075702,0.0,4.38
7,11,0.0058369385777761,4.254611064570884,0.0,0.0,4.248774125993108,0.0,4.38
8,11,1.159860115675484,2.245854099328479,0.0,0.0,1.0859939836529948,0.0,4.38
9,11,2.795201980614424,2.652781298426819,0.14242068218760506,0.0,0.0,0.0,4.38
10,11,3.974314959252015,2.264290522365791,1.7100244368862239,0.0,0.0,0.0,4.521394623733099
11,11,4.68900973507896,0.4407624429223745,4.248247292156585,0.0,0.0,0.0,6.219102026226447
12,11,4.998972084631633,0.7152624429223744,4.283709641709258,0.0,0.0,0.0,10.436830418913079
13,11,4.930616920119629,0.5982624429223744,4.332354477197255,0.0,0.0,0.0,14.689968202126511
14,11,4.487364161332024,0.6522624429223745,3.835101718409649,0.0,0.0,0.0,18.991609466809738
15,11,3.6948075866800263,0.8592624429223743,0.09092897560203975,0.0,0.0,2.744616168155612,22.799707406898424
16,11,2.5869950037925515,0.6882624429223745,0.0,0.0,0.0,1.898732560870177,22.89
17,11,1.2957384148604596,0.6007624429223745,0.0,0.0,0.0,0.6949759719380851,22.89
18,11,0.001402108915385,2.468477680290894,0.0,2.467075571375509,0.0,0.0,22.89
19,11,0.0,3.081053488218016,0.0,3.081053488218016,0.0,0.0,19.912167695967057
20,11,0.0,2.57562621459558,0.0,2.57562621459558,0.0,0.0,16.19314361326213
21,11,0.0,0.6031624429223743,0.0,0.6031624429223743,0.0,0.0,13.08409482338769
22,11,0.0,1.4749481990280686,0.0,1.4749481990280686,0.0,0.0,12.355994056432232
23,11,0.0,1.612406107845297,0.0,1.612406107845297,0.0,0.0,10.575514910282914
0,11,0.0,3.4416214289091265,0.0,3.4416214289091265,0.0,0.0,8.629071802560354
1,11,0.0,0.2448124429223743,0.0,0.07818350769313659,0.16662893522923772,0.0,4.474385863468884
2,11,0.0,0.2562874429223744,0.0,0.0,0.2562874429223744,0.0,4.38
3,11,0.0,0.4554124429223743,0.0,0.0,0.4554124429223743,0.0,4.38
4,11,0.0,0.3327874429223744,0.0,0.0,0.3327874429223744,0.0,4.38
5,11,0.0,0.3480874429223743,0.0,0.0,0.3480874429223743,0.0,4.38
6,11,0.0,1.4385358406373416,0.0,0.0,1.4385358406373416,0.0,4.38
7,11,0.0,1.732112088164626,0.0,0.0,1.732112088164626,0.0,4.38
8,11,1.143067568151196,2.8236157209138373,0.0,0.0,1.6805481527626414,0.0,4.38
9,11,2.7726180780095273,2.972902478575953,0.0,0.0,0.2002844005664257,0.0,4.38
10,11,3.932528498265661,2.4008877334947525,1.5316407647709087,0.0,0.0,0.0,4.38
11,11,4.65742876887838,5.808938135846496,0.0,1.1515093669681162,0.0,0.0,5.901183417775628
12,11,4.965592297431136,3.2736993517890567,1.691892945642079,0.0,0.0,0.0,4.5110160544188345
13,11,4.89405689302524,0.7017624429223743,4.192294450102866,0.0,0.0,0.0,6.191407898369056
14,11,4.463875829057546,0.7377624429223744,3.7261133861351716,0.0,0.0,0.0,10.355282800013969
15,11,3.680851767509763,0.9357624429223744,2.7450893245873886,0.0,0.0,0.0,14.056310237546857
16,11,2.576590807643771,0.6862624429223744,1.8903283647213964,0.0,0.0,0.0,16.78303185436524
17,11,1.2966679898805211,0.6927624429223744,0.6039055469581467,0.0,0.0,0.0,18.66076941269805
18,11,0.001292173958521,2.4926077331815018,0.0,2.4913155592229805,0.0,0.0,19.260665230975544
19,11,0.0,2.5230084190786526,0.0,2.5230084190786526,0.0,0.0,16.252470109331725
20,11,0.0,0.6436624429223744,0.0,0.6436624429223744,0.0,0.0,13.20592191413267
21,11,0.0,2.1709856991968817,0.0,2.1709856991968817,0.0,0.0,12.42867363814807
22,11,0.0,0.3871624429223743,0.0,0.3871624429223743,0.0,0.0,9.807102272157998
23,11,0.0,2.232582739757869,0.0,2.232582739757869,0.0,0.0,9.339573351793698
0,11,0.0,2.335816215535102,0.0,1.8743939134805687,0.4614223020545334,0.0,6.64354347239583
1,11,0.0,0.2587624429223744,0.0,0.0,0.2587624429223744,0.0,4.38
2,11,0.0,0.2830624429223743,0.0,0.0,0.2830624429223743,0.0,4.38
3,11,0.0,2.4396500319867713,0.0,0.0,2.4396500319867713,0.0,4.38
4,11,0.0,0.5127874429223744,0.0,0.0,0.5127874429223744,0.0,4.38
5,11,0.0,0.5586874429223745,0.0,0.0,0.5586874429223745,0.0,4.38
6,11,0.0,2.1934162468322125,0.0,0.0,2.1934162468322125,0.0,4.38
7,11,0.0,1.817487619378926,0.0,0.0,1.817487619378926,0.0,4.38
8,11,1.1345538553839687,3.200590014523652,0.0,0.0,2.066036159139683,0.0,4.38
9,11,2.782495973168184,2.1003816140825404,0.6821143590856438,0.0,0.0,0.0,4.38
10,11,3.959459089881854,2.106674879804926,1.8527842100769276,0.0,0.0,0.0,5.057683245485862
11,11,4.67445528711262,4.120475044663158,0.5539802424494615,0.0,0.0,0.0,6.898445534283739
12,11,4.98302386445478,2.467589217283976,2.515434647170804,0.0,0.0,0.0,7.448842634112699
13,11,4.904699576793586,4.064393741439924,0.8403058353536625,0.0,0.0,0.0,9.948022931210792
14,11,4.465700601045132,3.740887130306933,0.7248134707381988,0.0,0.0,0.0,10.78292231266978
15,11,3.625244444215165,5.063730812474177,0.0,1.4384863682590123,0.0,0.0,11.503079161034087
16,11,2.2256775040329315,5.073199916874779,0.0,2.847522412841847,0.0,0.0,9.765767945148452
17,11,0.9491190081997776,2.3079493107502884,0.0,1.3588303025505108,0.0,0.0,6.326658423152188
18,11,0.0010637954851871,2.818647132349511,0.0,0.2529136144395349,2.5646697224247887,0.0,4.6854720525216695
19,11,0.0,2.289859892310048,0.0,0.0,2.289859892310048,0.0,4.38
20,11,0.0,2.6721550379034547,0.0,0.0,2.6721550379034547,0.0,4.38
21,11,0.0,2.9094949397087424,0.0,0.0,2.9094949397087424,0.0,4.38
22,11,0.0,2.6915709281440297,0.0,0.0,2.6915709281440297,0.0,4.38
23,11,0.0,2.4398416611065388,0.0,0.0,2.4398416611065388,0.0,4.38
0,11,0.0,2.0560424373125232,0.0,0.0,2.0560424373125232,0.0,4.38
1,11,0.0,2.0841090033913607,0.0,0.0,2.0841090033913607,0.0,4.38
2,11,0.0,0.4439374429223743,0.0,0.0,0.4439374429223743,0.0,4.38
3,11,0.0,0.2907124429223744,0.0,0.0,0.2907124429223744,0.0,4.38
4,11,0.0,0.3060124429223744,0.0,0.0,0.3060124429223744,0.0,4.38
5,11,0.0,2.509769258781145,0.0,0.0,2.509769258781145,0.0,4.38
6,11,0.0,0.3748624429223743,0.0,0.0,0.3748624429223743,0.0,4.38
7,11,0.0,2.536889615118059,0.0,0.0,2.536889615118059,0.0,4.38
8,11,1.099090545788035,5.0642237917798205,0.0,0.0,3.965133245991786,0.0,4.38
9,11,2.7818617982643534,4.598116497330601,0.0,0.0,1.8162546990662474,0.0,4.38
10,11,3.9709090649368672,2.1301808573912906,1.8407282075455766,0.0,0.0,0.0,4.38
11,11,4.689072791256567,2.540607855940061,2.148464935316506,0.0,0.0,0.0,6.209037688965048
12,11,4.981571982608767,0.6117624429223744,4.369809539686393,0.0,0.0,0.0,8.343901586811239
13,11,4.892353749563172,0.8167624429223743,4.075591306640798,0.0,0.0,0.0,12.686151963905738
14,11,4.4466223698229665,5.172389192968443,0.0,0.7257668231454764,0.0,0.0,16.73623749718408
15,11,3.6638548578315695,5.226705082203685,0.0,1.5628502243721152,0.0,0.0,15.859523415313415
16,11,2.5636486771853537,2.9890311945120476,0.0,0.42538251732669385,0.0,0.0,13.971611384688794
17,11,1.2842817880422408,0.7512624429223744,0.5330193451198664,0.0,0.0,0.0,13.45774333045876
18,11,0.0010694379414053,1.4386624429223744,0.0,1.437593004980969,0.0,0.0,13.987467152439933
19,11,0.0,3.4781040289620884,0.0,3.4781040289620884,0.0,0.0,12.25081600772116
20,11,0.0,1.984601217896803,0.0,1.984601217896803,0.0,0.0,8.049104950467601
21,11,0.0,1.7011926958599155,0.0,1.0524791934097226,0.6487135024501929,0.0,5.651521358889537
22,11,0.0,1.6516923843032707,0.0,0.0,1.6516923843032707,0.0,4.38
23,11,0.0,0.4591624429223744,0.0,0.0,0.4591624429223744,0.0,4.38
0,11,0.0,0.4747624429223744,0.0,0.0,0.4747624429223744,0.0,4.38
1,11,0.0,0.3827374429223744,0.0,0.0,0.3827374429223744,0.0,4.38
2,11,0.0,0.4668874429223744,0.0,0.0,0.4668874429223744,0.0,4.38
3,11,0.0,0.3251374429223744,0.0,0.0,0.3251374429223744,0.0,4.38
4,11,0.0,0.5433874429223744,0.0,0.0,0.5433874429223744,0.0,4.38
5,11,0.0,0.5816374429223744,0.0,0.0,0.5816374429223744,0.0,4.38
6,11,0.0,0.6275374429223743,0.0,0.0,0.6275374429223743,0.0,4.38
7,11,0.0,3.327663667496685,0.0,0.0,3.327663667496685,0.0,4.38
8,11,1.0683620365806008,5.191158577062698,0.0,0.0,4.122796540482097,0.0,4.38
9,11,2.7566814031439257,1.0521624429223744,1.7045189602215514,0.0,0.0,0.0,4.38
10,11,2.9936543784557825,0.2767624429223743,2.7168919355334085,0.0,0.0,0.0,6.074141075719527
11,11,3.629225931238179,0.6522624429223745,2.9769634883158043,0.0,0.0,0.0,8.774542805365092
12,11,4.122090498861718,2.073100871381291,2.0489896274804273,0.0,0.0,0.0,11.733527468334328
13,11,4.115383830172351,1.9001574835951325,2.2152263465772184,0.0,0.0,0.0,13.770210393169785
14,11,3.241292175814761,3.549775663793942,0.0,0.3084834879791809,0.0,0.0,15.972182031541688
15,11,2.5283164310788786,6.724775966727716,0.0,4.196459535648837,0.0,0.0,15.599443912600103
16,11,1.9275740259238936,1.8903536915580377,0.03722033436585592,0.0,0.0,0.0,10.528878095429329
17,11,0.8140794473865743,1.881530664129196,0.0,1.0674512167426218,0.0,0.0,10.565878503997167
18,11,0.0331988963586815,0.5851624429223745,0.0,0.5519635465636931,0.0,0.0,9.276020264307283
19,11,0.0,4.774320447058329,0.0,3.4997782460975335,1.2745422009607958,0.0,8.60904530915248
20,11,0.0,2.6468587024394967,0.0,0.0,2.6468587024394967,0.0,4.38
21,11,0.0,2.516145218380698,0.0,0.0,2.516145218380698,0.0,4.38
22,11,0.0,1.98502180857819,0.0,0.0,1.98502180857819,0.0,4.38
23,11,0.0,2.5627703874405907,0.0,0.0,2.5627703874405907,0.0,4.38
0,11,0.0,2.501809994030814,0.0,0.0,2.501809994030814,0.0,4.38
1,11,0.0,1.8914281059721647,0.0,0.0,1.8914281059721647,0.0,4.38
2,11,0.0,0.3136624429223744,0.0,0.0,0.3136624429223744,0.0,4.38
3,11,0.0,0.5204374429223744,0.0,0.0,0.5204374429223744,0.0,4.38
4,11,0.0,0.3748624429223743,0.0,0.0,0.3748624429223743,0.0,4.38
5,11,0.0,0.4131124429223744,0.0,0.0,0.4131124429223744,0.0,4.38
6,11,0.0,2.589797112771892,0.0,0.0,2.589797112771892,0.0,4.38
7,11,0.0,0.6160624429223744,0.0,0.0,0.6160624429223744,0.0,4.38
8,11,1.0447460732354308,0.3710374429223744,0.6737086303130564,0.0,0.0,0.0,4.38
9,11,2.7252361490377903,0.4859874429223744,2.239248706115416,0.0,0.0,0.0,5.049766473059978
10,11,3.925740502851235,0.5217624429223743,3.403978059928861,0.0,0.0,0.0,7.275929150518506
11,11,4.658785380805399,2.03887689080209,2.6199084900033087,0.0,0.0,0.0,10.660099326420694
12,11,4.970073596740648,2.8585604259660866,2.1115131707745616,0.0,0.0,0.0,13.264861627470607
13,11,4.897680618866049,0.6477624429223744,4.249918175943675,0.0,0.0,0.0,15.364229254956346
14,11,4.455066186715618,0.6367624429223743,3.319055126990976,0.0,0.0,0.4992486168022672,19.589801454718835
15,11,3.682179168148244,0.7107624429223744,0.0,0.0,0.0,2.971416725225869,22.89
16,11,2.566745623680595,0.8727624429223744,0.0,0.0,0.0,1.6939831807582204,22.89
17,11,1.2775419512181037,0.5827624429223743,0.0,0.0,0.0,0.6947795082957293,22.89
18,11,0.0009714808813583,0.7651624429223745,0.0,0.7641909620410161,0.0,0.0,22.89
19,11,0.0,2.2700162450985495,0.0,2.2700162450985495,0.0,0.0,21.966342121604807
20,11,0.0,3.242633353362279,0.0,3.242633353362279,0.0,0.0,19.222608661946673
21,11,0.0,2.552273527734743,0.0,2.552273527734743,0.0,0.0,15.30318845156257
22,11,0.0,0.3241624429223744,0.0,0.3241624429223744,0.0,0.0,12.218104748078863
23,11,0.0,0.3322624429223744,0.0,0.3322624429223744,0.0,0.0,11.82625927645261
0,11,0.0,0.2333374429223744,0.0,0.2333374429223744,0.0,0.0,11.424621120530908
1,11,0.0,0.4162624429223744,0.0,0.4162624429223744,0.0,0.0,11.142562252215475
2,11,0.0,0.2715874429223744,0.0,0.2715874429223744,0.0,0.0,10.63938188567101
3,11,0.0,3.06220741476604,0.0,3.06220741476604,0.0,0.0,10.31108393857412
4,11,0.0,2.5145874013179013,0.0,1.844257271612617,0.6703301297052842,0.0,6.609442023571298
5,11,0.0,5.509557611870939,0.0,0.0,5.509557611870939,0.0,4.38
6,11,0.0,0.6313624429223744,0.0,0.0,0.6313624429223744,0.0,4.38
7,11,0.0,0.6351874429223745,0.0,0.0,0.6351874429223745,0.0,4.38
8,11,0.4127135982344727,4.379938023316195,0.0,0.0,3.9672244250817226,0.0,4.38
9,11,1.1867115304685434,2.7767490595232056,0.0,0.0,1.5900375290546622,0.0,4.38
10,11,1.402005311000219,2.5538051028767157,0.0,0.0,1.1517997918764966,0.0,4.38
11,11,3.0632021649082266,4.867913019410075,0.0,0.0,1.8047108545018484,0.0,4.38
12,11,4.298744524972684,1.7326808671242238,2.5660636578484604,0.0,0.0,0.0,4.38
13,11,4.925603857270976,0.6457624429223745,4.279841414348601,0.0,0.0,0.0,6.932016922028797
14,11,4.471765566760366,1.294565340223948,3.177200226536418,0.0,0.0,0.0,11.188552511509258
15,11,3.6635540863163154,0.7177624429223743,2.945791643393941,0.0,0.0,0.0,14.348602646640709
16,11,2.526152492143016,0.7132624429223744,1.8128900492206415,0.0,0.0,0.0,17.278597467852073
17,11,1.2662489599252456,0.5352624429223745,0.7309865170028711,0.0,0.0,0.0,19.08182532088108
18,11,0.0008708323131406,0.6706624429223743,0.0,0.6697916106092338,0.0,0.0,19.808930633987895
19,11,0.0,2.604367297967664,0.0,2.604367297967664,0.0,0.0,18.999091567866483
20,11,0.0,0.3871624429223743,0.0,0.3871624429223743,0.0,0.0,15.850150681519402
21,11,0.0,2.459164055745058,0.0,2.459164055745058,0.0,0.0,15.382018871828146
22,11,0.0,0.3054874429223745,0.0,0.3054874429223745,0.0,0.0,12.408543710842292
23,11,0.0,0.5352124429223744,0.0,0.5352124429223744,0.0,0.0,12.039156268449824
0,11,0.0,0.2792374429223744,0.0,0.2792374429223744,0.0,0.0,11.391989139772488
1,11,0.0,0.2218624429223744,0.0,0.2218624429223744,0.0,0.0,11.054339335656191
2,11,0.0,0.3289624429223744,0.0,0.3289624429223744,0.0,0.0,10.786065698360488
3,11,0.0,0.3863374429223744,0.0,0.3863374429223744,0.0,0.0,10.388286925867407
4,11,0.0,0.3366124429223744,0.0,0.3366124429223744,0.0,0.0,9.921129039441096
5,11,0.0,0.4207624429223744,0.0,0.4207624429223744,0.0,0.0,9.514096689551273
6,11,0.0,0.5739874429223745,0.0,0.5739874429223745,0.0,0.0,9.005308097104765
7,11,0.0,2.470844910705288,0.0,2.470844910705288,0.0,0.0,8.311235602755485
8,11,0.9734098150974384,3.604184674343463,0.0,0.7801849479459388,1.8505899113000854,0.0,5.323441135535049
9,11,2.6831728892802875,2.312248936411928,0.37092395286835966,0.0,0.0,0.0,4.38
10,11,3.915554668964731,0.4553874429223744,3.4601672260423566,0.0,0.0,0.0,4.7490102219913295
11,11,4.663451647777395,0.3642624429223743,4.29918920485502,0.0,0.0,0.0,8.191339482991468
12,11,4.992657362916866,0.9398887825052544,4.052768580411612,0.0,0.0,0.0,12.468531000337094
13,11,4.915945144729673,0.7152624429223744,4.200682701807299,0.0,0.0,0.0,16.50075676905036
14,11,4.466365052569829,0.7222624429223745,2.220715827632588,0.0,0.0,1.5233867820148665,20.68033649323594
15,11,3.6621866936850065,0.6252624429223743,0.0,0.0,0.0,3.036924250762632,22.89
16,11,2.5400892650850144,0.7917624429223743,0.0,0.0,0.0,1.7483268221626402,22.89
17,11,1.2650752214839769,0.5622624429223744,0.0,0.0,0.0,0.7028127785616025,22.89
18,11,0.0008697906289157,0.6841624429223744,0.0,0.6832926522934587,0.0,0.0,22.89
19,11,0.0,0.6166624429223744,0.0,0.6166624429223744,0.0,0.0,22.063546892384668
20,11,0.0,1.1326624429223744,0.0,1.1326624429223744,0.0,0.0,21.317678356176803
21,11,0.0,1.8363121820546071,0.0,1.8363121820546071,0.0,0.0,19.947685551125495
22,11,0.0,1.4748946746597282,0.0,1.4748946746597282,0.0,0.0,17.726576879248647
23,11,0.0,1.462590654224674,0.0,1.462590654224674,0.0,0.0,15.942583545362483
0,11,0.0,0.4974874429223744,0.0,0.4974874429223744,0.0,0.0,14.173443618001947
1,11,0.0,1.8097635126495224,0.0,1.8097635126495224,0.0,0.0,13.571676263293819
2,11,0.0,1.9549293973793045,0.0,1.9549293973793045,0.0,0.0,11.382550321880217
3,11,0.0,1.71164955223451,0.0,1.71164955223451,0.0,0.0,9.01778092945463
4,11,0.0,1.6162305606156278,0.0,1.6162305606156278,0.0,0.0,6.947248324627031
5,11,0.0,1.244599666982392,0.0,0.5059897198792334,0.7386099471031586,0.0,4.992103829766853
6,11,0.0,1.969688895702462,0.0,0.0,1.969688895702462,0.0,4.38
7,11,0.0,1.8304965699443496,0.0,0.0,1.8304965699443496,0.0,4.38
8,11,0.9731477468333168,2.0610253901917917,0.0,0.0,1.0878776433584747,0.0,4.38
9,11,2.6985239088184776,2.5096284787646623,0.18889543005381526,0.0,0.0,0.0,4.38
10,11,3.912948192502633,2.3475222510724065,1.5654259414302265,0.0,0.0,0.0,4.567992186536072
11,11,4.674637510911699,2.327678449237543,2.3469590616741565,0.0,0.0,0.0,6.125936006918111
12,11,5.009985457615445,1.9795074736595748,3.03047798395587,0.0,0.0,0.0,8.461718463005447
13,11,4.955992310364856,2.338132978364939,2.6178593319999166,0.0,0.0,0.0,11.477844063858829
14,11,4.524808459409514,0.6162624429223744,3.90854601648714,0.0,0.0,0.0,14.083393585306343
15,11,3.727199657917479,0.8097624429223744,2.9174372149951044,0.0,0.0,0.0,17.973674696404906
16,11,2.599960954662874,0.6297624429223745,1.9701985117404994,0.0,0.0,0.0,20.87760561153967
17,11,1.3123669633600827,0.7042624429223743,0.05148842266848288,0.0,0.0,0.5566160977692256,22.838747138424498
18,11,0.0007589417454062,2.740869382369727,0.0,2.7401104406243206,0.0,0.0,22.89
19,11,0.0,2.054124375655348,0.0,2.054124375655348,0.0,0.0,19.574535638157332
20,11,0.0,2.14336387115256,0.0,2.14336387115256,0.0,0.0,17.089020808351034
21,11,0.0,2.1096680305675495,0.0,2.1096680305675495,0.0,0.0,14.495465473084717
22,11,0.0,0.3106624429223744,0.0,0.3106624429223744,0.0,0.0,11.94262216727569
23,11,0.0,0.4969624429223743,0.0,0.4969624429223743,0.0,0.0,11.566690379107566
0,11,0.0,0.2754124429223744,0.0,0.2754124429223744,0.0,0.0,10.965315368822331
1,11,0.0,0.2830624429223743,0.0,0.2830624429223743,0.0,0.0,10.63203649663021
2,11,0.0,0.2333374429223744,0.0,0.2333374429223744,0.0,0.0,10.289499239726949
3,11,0.0,0.2409874429223744,0.0,0.2409874429223744,0.0,0.0,10.007133906548253
4,11,0.0,0.5127874429223744,0.0,0.5127874429223744,0.0,0.0,9.715510425206295
5,11,0.0,0.5166124429223744,0.0,0.5166124429223744,0.0,0.0,9.09497492727902
6,11,0.0,0.5548624429223744,0.0,0.5548624429223744,0.0,0.0,8.469807121464806
7,11,0.0,2.3288436387216556,0.0,2.3288436387216556,0.0,0.0,7.798347988604246
8,11,0.956780165089648,0.3978124429223744,0.5589677221672736,0.0,0.0,0.0,4.980112464765204
9,11,2.7007147540202627,0.2792124429223744,2.421502311097888,0.0,0.0,0.0,5.53661544741141
10,11,3.893079781817869,2.845909659098697,1.0471701227191716,0.0,0.0,0.0,7.947455360821552
11,11,4.6380763176269975,0.5262624429223745,4.111813874704623,0.0,0.0,0.0,8.99004284280963
12,11,4.95838946030911,2.030445520407957,2.9279439399011533,0.0,0.0,0.0,13.083910554221031
13,11,4.8857425087903295,0.6882624429223745,4.197480065867955,0.0,0.0,0.0,15.999209634694518
14,11,4.45227955047084,0.7242624429223743,2.72284351951812,0.0,0.0,1.0051735880303458,20.17869918591804
15,11,3.6701572552899657,2.0761088547713484,0.0,0.0,0.0,1.5940484005186173,22.89
16,11,2.561479711273583,1.950937533164525,0.0,0.0,0.0,0.6105421781090581,22.89
17,11,1.2975204655484616,0.7357624429223745,0.0,0.0,0.0,0.5617580226260871,22.89
18,11,0.0007571187980126,2.325570765416661,0.0,2.3248136466186486,0.0,0.0,22.89
19,11,0.0,3.38126822075102,0.0,3.38126822075102,0.0,0.0,20.076001061349604
20,11,0.0,2.0984514603070203,0.0,2.0984514603070203,0.0,0.0,15.983142694863824
21,11,0.0,1.8733045933481252,0.0,1.8733045933481252,0.0,0.0,13.442974512362895
22,11,0.0,3.9143629121790657,0.0,3.9143629121790657,0.0,0.0,11.175292518266934
23,11,0.0,0.3151624429223744,0.0,0.3151624429223744,0.0,0.0,6.436759009765984
0,11,0.0,0.3750874429223745,0.0,0.3750874429223745,0.0,0.0,6.055222263129843
1,11,0.0,0.2371624429223743,0.0,0.2371624429223743,0.0,0.0,5.601138500254619
2,11,0.0,0.3060124429223744,0.0,0.3060124429223744,0.0,0.0,5.3140266038355515
3,11,0.0,0.4821874429223743,0.0,0.465515964796374,0.016671478126000283,0.0,4.943563029635908
4,11,0.0,0.3748624429223743,0.0,0.0,0.3748624429223743,0.0,4.38
5,11,0.0,0.3978124429223744,0.0,0.0,0.3978124429223744,0.0,4.38
6,11,0.0,0.4245874429223744,0.0,0.0,0.4245874429223744,0.0,4.38
7,11,0.0,2.9633348810117077,0.0,0.0,2.9633348810117077,0.0,4.38
8,11,0.932679718866735,2.4493314901665446,0.0,0.0,1.5166517712998098,0.0,4.38
9,11,2.704077171243696,1.8045315680480511,0.8995456031956448,0.0,0.0,0.0,4.38
10,11,3.917272818813694,1.7279569378589943,2.1893158809546995,0.0,0.0,0.0,5.275913024492371
11,11,4.651402637432564,2.0679761050312404,2.5834265324013233,0.0,0.0,0.0,7.456409904263852
12,11,4.975473788285092,2.5759721482179554,2.399501640067137,0.0,0.0,0.0,10.029492995018646
13,11,4.905278005711982,2.5976636524100813,2.3076143533019007,0.0,0.0,0.0,12.419456765147542
14,11,4.471370872973638,5.036298094601516,0.0,0.5649272216278787,0.0,0.0,14.717960291542378
15,11,3.6879643418616297,6.41420029631982,0.0,2.7262359544581907,0.0,0.0,14.033964877212316
16,11,2.5700613227061835,5.956585637617878,0.0,3.3865243149116946,0.0,0.0,10.733106600285245
17,11,1.3111365658208844,1.111061250752866,0.20007531506801834,0.0,0.0,0.0,6.63266243639297
18,11,0.0007571187980126,1.132563185442517,0.0,1.1318060666445044,0.0,0.0,6.831967888539166
19,11,0.0,0.4636624429223744,0.0,0.4636624429223744,0.0,0.0,5.46150848057681
20,11,0.0,0.4411624429223745,0.0,0.429497375607396,0.011665067314978517,0.0,4.900070761582424
21,11,0.0,2.6453050501427304,0.0,0.0,2.6453050501427304,0.0,4.38
22,11,0.0,0.3691624429223744,0.0,0.0,0.3691624429223744,0.0,4.38
23,11,0.0,0.4231624429223743,0.0,0.0,0.4231624429223743,0.0,4.38
0,11,0.0,0.4027624429223744,0.0,0.0,0.4027624429223744,0.0,4.38
1,11,0.0,0.3136624429223744,0.0,0.0,0.3136624429223744,0.0,4.38
2,11,0.0,0.9512831064214848,0.0,0.0,0.9512831064214848,0.0,4.38
3,11,0.0,0.8331937882653946,0.0,0.0,0.8331937882653946,0.0,4.38
4,11,0.0,0.8278440844007267,0.0,0.0,0.8278440844007267,0.0,4.38
5,11,0.0,0.5778124429223744,0.0,0.0,0.5778124429223744,0.0,4.38
6,11,0.0,0.3901624429223743,0.0,0.0,0.3901624429223743,0.0,4.38
7,11,0.0,2.7009495237483376,0.0,0.0,2.7009495237483376,0.0,4.38
8,11,0.888238684736719,2.625213403188083,0.0,0.0,1.736974718451364,0.0,4.38
9,11,2.676214708575133,1.0483374429223744,1.6278772656527587,0.0,0.0,0.0,4.38
10,11,3.908989141404532,1.7993941896146797,2.1095949517898527,0.0,0.0,0.0,6.001653847143546
11,11,4.662452383292035,1.6664843161863252,2.9959680671057094,0.0,0.0,0.0,8.10322209890628
12,11,4.995247743790519,1.882781954790082,3.112465789000437,0.0,0.0,0.0,11.087861507006187
13,11,4.930243655593722,3.1182118133863943,1.812031842207328,0.0,0.0,0.0,14.188662234595839
14,11,4.492253968962356,2.989966025277557,1.5022879436847996,0.0,0.0,0.0,15.993965822337932
15,11,3.701342729457792,3.006598785729982,0.69474394372781,0.0,0.0,0.0,17.49070601813019
16,11,2.58827741062758,3.2624071413227793,0.0,0.6741297306951992,0.0,0.0,18.182896020350405
17,11,1.3083766811828266,0.5737624429223744,0.7346142382604521,0.0,0.0,0.0,17.366473584685767
18,11,0.0006492208625506,0.5581624429223744,0.0,0.5575132220598238,0.0,0.0,18.09839854411766
19,11,0.0,0.4456624429223744,0.0,0.4456624429223744,0.0,0.0,17.42319691918529
20,11,0.0,2.490199554671694,0.0,2.490199554671694,0.0,0.0,16.88345387082201
21,11,0.0,3.4024681157810046,0.0,3.4024681157810046,0.0,0.0,13.867551063941614
22,11,0.0,1.8367185289563712,0.0,1.8367185289563712,0.0,0.0,9.74667667818636
23,11,0.0,0.5446624429223743,0.0,0.5446624429223743,0.0,0.0,7.522063617616269
0,11,0.0,2.4360801797457574,0.0,2.049469505727413,0.38661067401834437,0.0,6.862360940596346
1,11,0.0,0.4401124429223744,0.0,0.0,0.4401124429223744,0.0,4.38
2,11,0.0,2.523186597305563,0.0,0.0,2.523186597305563,0.0,4.38
3,11,0.0,2.5216428054377253,0.0,0.0,2.5216428054377253,0.0,4.38
4,11,0.0,2.5624222250218747,0.0,0.0,2.5624222250218747,0.0,4.38
5,11,0.0,2.9778467361750214,0.0,0.0,2.9778467361750214,0.0,4.38
6,11,0.0,2.469418118547494,0.0,0.0,2.469418118547494,0.0,4.38
7,11,0.0,0.6925624429223745,0.0,0.0,0.6925624429223745,0.0,4.38
8,11,0.8825736978341502,2.2906705786559547,0.0,0.0,1.4080968808218044,0.0,4.38
9,11,2.715836619928575,0.3939624429223745,2.3218741770062006,0.0,0.0,0.0,4.38
10,11,3.958184208069711,0.2652624429223744,3.6929217651473367,0.0,0.0,0.0,6.6936870279964165
11,11,4.704543272943992,0.3667624429223743,4.337780830021618,0.0,0.0,0.0,10.373682981459803
12,11,5.01961995607181,2.002025112080098,3.017594843991712,0.0,0.0,0.0,14.696459844033955
13,11,4.953593320399726,2.00340387743669,2.950189442963036,0.0,0.0,0.0,17.703763358246107
14,11,4.521442689578355,0.6657624429223745,2.2535444891276515,0.0,0.0,1.602135757528329,20.643990822531542
15,11,3.730328438488864,0.8637624429223744,0.0,0.0,0.0,2.8665659955664897,22.89
16,11,2.6030159699430633,0.6882624429223745,0.0,0.0,0.0,1.9147535270206888,22.89
17,11,1.316349386133614,0.6657624429223745,0.0,0.0,0.0,0.6505869432112394,22.89
18,11,0.0006453145467072,0.6256624429223744,0.0,0.6250171283756671,0.0,0.0,22.89
19,11,0.0,2.9619497408935325,0.0,2.9619497408935325,0.0,0.0,22.132790946190298
20,11,0.0,1.864906126933716,0.0,1.864906126933716,0.0,0.0,18.544359883949316
21,11,0.0,0.4456624429223744,0.0,0.4456624429223744,0.0,0.0,16.28493284776811
22,11,0.0,0.4051624429223744,0.0,0.4051624429223744,0.0,0.0,15.744979220132596
23,11,0.0,2.864347931303961,0.0,2.864347931303961,0.0,0.0,15.254091940918963
0,11,0.0,0.4554124429223743,0.0,0.4554124429223743,0.0,0.0,11.783685502445616
1,11,0.0,0.3710374429223744,0.0,0.3710374429223744,0.0,0.0,11.231896029138385
2,11,0.0,0.5931124429223744,0.0,0.5931124429223744,0.0,0.0,10.782335188410014
3,11,0.0,1.2104789638065547,0.0,1.2104789638065547,0.0,0.0,10.063698180350864
4,11,0.0,1.179095169354866,0.0,1.179095169354866,0.0,0.0,8.59702727038819
5,11,0.0,0.9610435029603316,0.0,0.9610435029603316,0.0,0.0,7.168362989224772
6,11,0.0,1.1110617704320709,0.0,1.1110617704320709,0.0,0.0,6.003888131764478
7,11,0.0,1.9598494144833256,0.0,0.2291191580859322,1.7307302563973934,0.0,4.657624995863517
8,11,0.6911200830462898,1.7711060356762915,0.0,0.0,1.0799859526300017,0.0,4.38
9,11,2.0274057652623307,2.870430852767478,0.0,0.0,0.843025087505147,0.0,4.38
10,11,3.633381575849944,2.350144679050564,1.2832368967993801,0.0,0.0,0.0,4.38
11,11,4.673106124771928,2.4212964178725853,2.2518097068993423,0.0,0.0,0.0,5.659197491145032
12,11,4.966262555843325,2.8547428127719017,2.111519743071423,0.0,0.0,0.0,7.903951196791027
13,11,4.698619350142742,3.173103884746917,1.5255154653958254,0.0,0.0,0.0,10.008907689075842
14,11,4.083874361782702,3.0366482302720095,1.0472261315106928,0.0,0.0,0.0,11.529717396664768
15,11,2.2123332066051433,6.534207223493659,0.0,4.321874016888515,0.0,0.0,12.573731010744135
16,11,1.3444966785253432,7.101142720850376,0.0,2.4395130702961634,3.31713297202887,0.0,7.336395329189578
17,11,0.5214338296948271,2.3996857729996455,0.0,0.0,1.8782519433048184,0.0,4.38
18,11,0.0224494549347631,3.009022111656783,0.0,0.0,2.9865726567220197,0.0,4.38
19,11,0.0,3.0387305155402196,0.0,0.0,3.0387305155402196,0.0,4.38
20,11,0.0,0.5311624429223745,0.0,0.0,0.5311624429223745,0.0,4.38
21,11,0.0,0.3691624429223744,0.0,0.0,0.3691624429223744,0.0,4.38
22,11,0.0,0.5266624429223744,0.0,0.0,0.5266624429223744,0.0,4.38
23,11,0.0,0.3241624429223744,0.0,0.0,0.3241624429223744,0.0,4.38
0,11,0.0,0.2142124429223744,0.0,0.0,0.2142124429223744,0.0,4.38
1,11,0.0,0.5663374429223744,0.0,0.0,0.5663374429223744,0.0,4.38
2,11,0.0,0.6313624429223744,0.0,0.0,0.6313624429223744,0.0,4.38
3,11,0.0,0.4819624429223744,0.0,0.0,0.4819624429223744,0.0,4.38
4,11,0.0,1.8540792870112883,0.0,0.0,1.8540792870112883,0.0,4.38
5,11,0.0,1.7979885876673696,0.0,0.0,1.7979885876673696,0.0,4.38
6,11,0.0,1.889393252120947,0.0,0.0,1.889393252120947,0.0,4.38
7,11,0.0,3.64698940272038,0.0,0.0,3.64698940272038,0.0,4.38
8,11,0.4106199866854935,1.4914694535072837,0.0,0.0,1.0808494668217903,0.0,4.38
9,11,1.7974985951536122,4.018406641752806,0.0,0.0,2.220908046599194,0.0,4.38
10,11,2.5559917549785625,2.7732595372792774,0.0,0.0,0.21726778230071497,0.0,4.38
11,11,3.806897967921111,2.801019623412885,1.005878344508226,0.0,0.0,0.0,4.38
12,11,4.308069058649682,2.707680822782546,1.6003882358671362,0.0,0.0,0.0,5.382880492375954
13,11,4.581206486812158,3.06916121753292,1.5120452692792377,0.0,0.0,0.0,6.97851704049216
14,11,4.28972177165226,0.4567624429223743,3.832959328729886,0.0,0.0,0.0,8.48609998078644
15,11,3.6932066494579496,0.4747624429223744,3.218444206535575,0.0,0.0,0.0,12.307812342100613
16,11,2.6091983237287493,0.5307624429223745,2.0784358808063748,0.0,0.0,0.0,15.516950706464504
17,11,1.3076939450457208,0.4227624429223744,0.8849315021233464,0.0,0.0,0.0,17.589451795825777
18,11,0.0005477461558856,3.45208241290849,0.0,3.4515346667526043,0.0,0.0,18.471877026832548
19,11,0.0,1.974545054648081,0.0,1.974545054648081,0.0,0.0,14.288256085860866
20,11,0.0,1.6969868442431508,0.0,1.6969868442431508,0.0,0.0,11.894808332889573
21,11,0.0,2.8461884557285413,0.0,2.8461884557285413,0.0,0.0,9.837757616507284
22,11,0.0,0.5122624429223744,0.0,0.5122624429223744,0.0,0.0,6.387603902658495
23,11,0.0,0.5887624429223743,0.0,0.5887624429223743,0.0,0.0,5.766618809100109
0,11,0.0,0.3174874429223744,0.0,0.3174874429223744,0.0,0.0,5.052893243327735
1,11,0.0,1.6921587378778638,0.0,0.2375873195793657,1.4545714182984981,0.0,4.668017468191602
2,11,0.0,0.6466624429223744,0.0,0.0,0.6466624429223744,0.0,4.38
3,11,0.0,0.4628374429223744,0.0,0.0,0.4628374429223744,0.0,4.38
4,11,0.0,0.4819624429223744,0.0,0.0,0.4819624429223744,0.0,4.38
5,11,0.0,0.6963874429223744,0.0,0.0,0.6963874429223744,0.0,4.38
6,11,0.0,2.2596426769746243,0.0,0.0,2.2596426769746243,0.0,4.38
7,11,0.0,4.2626225155477355,0.0,0.0,4.2626225155477355,0.0,4.38
8,11,0.7974635457594269,4.724634669730921,0.0,0.0,3.9271711239714944,0.0,4.38
9,11,2.6408601683228627,3.074052640056541,0.0,0.0,0.43319247173367836,0.0,4.38
10,11,3.904814437775156,1.7436740225485916,2.1611404152265647,0.0,0.0,0.0,4.38
11,11,4.655047296610943,1.8250207187655791,2.8300265778453637,0.0,0.0,0.0,6.535322177529107
12,11,4.991339835491334,1.9802814189837816,3.0110584165075522,0.0,0.0,0.0,9.357798171537818
13,11,4.9255151091165725,0.7377624429223744,4.187752666194198,0.0,0.0,0.0,12.360918359143612
14,11,4.481559644313968,0.7917624429223743,3.689797201391594,0.0,0.0,0.0,16.53777171664188
15,11,3.6919914047529665,0.6162624429223744,2.67859677730255,0.0,0.0,0.3971321845280418,20.218138549302658
16,11,2.570038946510027,0.6027624429223744,0.0,0.0,0.0,1.9672765035876527,22.89
17,11,1.2909108421437898,0.7512624429223744,0.0,0.0,0.0,0.5396483992214154,22.89
18,11,0.0005460100155108,0.6346624429223743,0.0,0.6341164329068635,0.0,0.0,22.89
19,11,0.0,2.022492368188414,0.0,2.022492368188414,0.0,0.0,22.121124240130452
20,11,0.0,0.5266624429223744,0.0,0.5266624429223744,0.0,0.0,19.668804222785322
21,11,0.0,0.4816624429223743,0.0,0.4816624429223743,0.0,0.0,19.030199012528673
22,11,0.0,0.3284374429223744,0.0,0.3284374429223744,0.0,0.0,18.446155157346798
23,11,0.0,0.3552124429223743,0.0,0.3552124429223743,0.0,0.0,18.047903414867054
0,11,0.0,2.918785708532653,0.0,2.918785708532653,0.0,0.0,17.617183657458465
1,11,0.0,2.8961080459512423,0.0,2.8961080459512423,0.0,0.0,14.077939161064245
2,11,0.0,4.509772177981238,0.0,4.509772177981238,0.0,0.0,10.566077985555165
3,11,0.0,2.1017675794022304,0.0,0.5914724100268147,1.5102951693754156,0.0,5.097287342584339
4,11,0.0,0.3480874429223743,0.0,0.0,0.3480874429223743,0.0,4.38
5,11,0.0,0.3939874429223744,0.0,0.0,0.3939874429223744,0.0,4.38
6,11,0.0,0.4054624429223744,0.0,0.0,0.4054624429223744,0.0,4.38
7,11,0.0,4.66220361914257,0.0,0.0,4.66220361914257,0.0,4.38
8,11,0.4971669137023644,1.6490133613205054,0.0,0.0,1.151846447618141,0.0,4.38
9,11,2.1452713276305477,0.3404124429223744,1.8048588847081732,0.0,0.0,0.0,4.38
10,11,3.799158013816716,0.4722624429223744,3.3268955708943415,0.0,0.0,0.0,6.180683127142174
11,11,4.53701297232079,2.2718818799131704,2.2651310924076196,0.0,0.0,0.0,9.49994876303827
12,11,4.8688669152433715,3.5095713072159644,1.359295608027407,0.0,0.0,0.0,11.759969370127223
13,11,4.834916650438983,1.7186754713048915,3.116241179134092,0.0,0.0,0.0,13.116232678951798
14,11,4.26948842509876,4.448441045426797,0.0,0.1789526203280376,0.0,0.0,16.225569626855616
15,11,3.3519408539766316,2.8372889884332717,0.5146518655433598,0.0,0.0,0.0,16.008520774450417
16,11,1.5757975146373586,2.885141613141693,0.0,1.3093440985043343,0.0,0.0,16.52205138980244
17,11,0.5237936168391869,2.4408586723659713,0.0,1.9170650555267845,0.0,0.0,14.933955914654543
18,11,0.0223960216716627,2.9786284725143974,0.0,2.9562324508427347,0.0,0.0,12.608725220797968
19,11,0.0,4.6778446157560385,0.0,3.827768284291513,0.8500763314645257,0.0,9.022999041010198
20,11,0.0,4.786766594136207,0.0,0.0,4.786766594136207,0.0,4.38
21,11,0.0,4.829437457773869,0.0,0.0,4.829437457773869,0.0,4.38
22,11,0.0,4.1040628453682135,0.0,0.0,4.1040628453682135,0.0,4.38
23,11,0.0,2.626503462908852,0.0,0.0,2.626503462908852,0.0,4.38
0,11,0.0,3.3470249702344104,0.0,0.0,3.3470249702344104,0.0,4.38
1,11,0.0,0.4092874429223743,0.0,0.0,0.4092874429223743,0.0,4.38
2,11,0.0,0.6237124429223744,0.0,0.0,0.6237124429223744,0.0,4.38
3,11,0.0,0.4743124429223744,0.0,0.0,0.4743124429223744,0.0,4.38
4,11,0.0,0.4896124429223744,0.0,0.0,0.4896124429223744,0.0,4.38
5,11,0.0,2.385120352311218,0.0,0.0,2.385120352311218,0.0,4.38
6,11,0.0,0.5546374429223744,0.0,0.0,0.5546374429223744,0.0,4.38
7,11,0.0,1.3237624429223744,0.0,0.0,1.3237624429223744,0.0,4.38
8,11,0.5872315092849281,0.5125624429223744,0.07466906636255366,0.0,0.0,0.0,4.38
9,11,2.4394044991416317,0.6466374429223744,1.7927670562192572,0.0,0.0,0.0,4.454515191457922
10,11,3.760266759502696,0.8156968441640313,2.944569915338665,0.0,0.0,0.0,6.243589287626501
11,11,4.5895395143995685,0.4027624429223744,4.186777071477194,0.0,0.0,0.0,9.182152760578493
12,11,4.950313664792031,2.3542096406196777,2.596104024172353,0.0,0.0,0.0,13.360527614509135
13,11,4.8794728764161635,4.3037370461192745,0.5757358302968889,0.0,0.0,0.0,15.951543445895378
14,11,4.232845030956811,3.34930049414582,0.8835445368109904,0.0,0.0,0.0,16.526167620693826
15,11,3.26696119565198,3.085992528097046,0.18096866755493402,0.0,0.0,0.0,17.4080118721167
16,11,1.6943092948196437,3.012258697382065,0.0,1.3179494025624214,0.0,0.0,17.588634076960325
17,11,0.4216760134232847,3.235923612371457,0.0,2.8142475989481723,0.0,0.0,15.9896840666103
18,11,0.0167655567121429,0.4771624429223743,0.0,0.4603968862102314,0.0,0.0,12.575358897994677
19,11,0.0,0.4141624429223744,0.0,0.4141624429223744,0.0,0.0,12.016774660624892
20,11,0.0,2.229631141349196,0.0,2.229631141349196,0.0,0.0,11.514282538710614
21,11,0.0,2.2446625425554165,0.0,2.2446625425554165,0.0,0.0,8.80911862860615
22,11,0.0,0.3284374429223744,0.0,0.3284374429223744,0.0,0.0,6.085649256729295
23,11,0.0,0.3437374429223744,0.0,0.3437374429223744,0.0,0.0,5.687143091341448
0,11,0.0,0.1912624429223744,0.0,0.1912624429223744,0.0,0.0,5.270071291436766
1,11,0.0,0.2065624429223743,0.0,0.2065624429223743,0.0,0.0,5.038003238130561
2,11,0.0,0.2945374429223744,0.0,0.2945374429223744,0.0,0.0,4.787370410079722
3,11,0.0,0.3251374429223744,0.0,0.04120148800035926,0.2839359549220151,0.0,4.429992164199885
4,11,0.0,0.3404374429223743,0.0,0.0,0.3404374429223743,0.0,4.38
5,11,0.0,0.5166124429223744,0.0,0.0,0.5166124429223744,0.0,4.38
6,11,0.0,0.5089624429223745,0.0,0.0,0.5089624429223745,0.0,4.38
7,11,0.0,4.138954821847448,0.0,0.0,4.138954821847448,0.0,4.38
8,11,0.18311739347608,4.74843832507083,0.0,0.0,4.56532093159475,0.0,4.38
9,11,1.2296506137308207,1.3745535484183606,0.0,0.0,0.1449029346875399,0.0,4.38
10,11,3.449295645848351,1.4788145127972518,1.9704811330510992,0.0,0.0,0.0,4.38
11,11,4.419615682026656,0.6252624429223743,3.7943532391042814,0.0,0.0,0.0,6.346953094410908
12,11,4.141371179464743,0.7062624429223744,3.4351087365423685,0.0,0.0,0.0,10.134596561014073
13,11,4.0456072642641665,2.0811406836088784,1.9644665806552881,0.0,0.0,0.0,13.563776910677852
14,11,4.089697927089729,3.520664519814084,0.5690334072756449,0.0,0.0,0.0,15.524928825142807
15,11,3.5828680424653947,2.5529601827108035,1.0299078597545912,0.0,0.0,0.0,16.09301462904057
16,11,2.502084382670918,2.530367597053204,0.0,0.02828321438228576,0.0,0.0,17.12121396846998
17,11,1.308554425441243,2.2922049256805135,0.0,0.9836505002392706,0.0,0.0,17.08689136267633
18,11,0.0004366353795506,1.7027979234567143,0.0,1.7023612880771637,0.0,0.0,15.893198926368695
19,11,0.0,1.7878014340309512,0.0,1.7878014340309512,0.0,0.0,13.827304340570237
20,11,0.0,0.3691624429223744,0.0,0.3691624429223744,0.0,0.0,11.657682683089723
21,11,0.0,2.477034135171233,0.0,2.477034135171233,0.0,0.0,11.209669330690094
22,11,0.0,1.544522821980315,0.0,1.544522821980315,0.0,0.0,8.20354292360172
23,11,0.0,1.7147638216141072,0.0,1.6059431977743652,0.108820623839742,0.0,6.329059261130374
0,11,0.0,1.461132818888548,0.0,0.0,1.461132818888548,0.0,4.38
1,11,0.0,1.4017668944066357,0.0,0.0,1.4017668944066357,0.0,4.38
2,11,0.0,1.7689773558525008,0.0,0.0,1.7689773558525008,0.0,4.38
3,11,0.0,1.4813152133189866,0.0,0.0,1.4813152133189866,0.0,4.38
4,11,0.0,1.8776177607294864,0.0,0.0,1.8776177607294864,0.0,4.38
5,11,0.0,1.774334752796921,0.0,0.0,1.774334752796921,0.0,4.38
6,11,0.0,3.0960059299387153,0.0,0.0,3.0960059299387153,0.0,4.38
7,11,0.0,0.4054624429223744,0.0,0.0,0.4054624429223744,0.0,4.38
8,11,0.3766710409669535,0.4898374429223744,0.0,0.0,0.11316640195542094,0.0,4.38
9,11,2.2825180291087297,0.1957624429223744,2.086755586186355,0.0,0.0,0.0,4.38
10,11,3.7023184443288786,0.3732624429223745,3.3290560014065043,0.0,0.0,0.0,6.463563625124598
11,11,4.370411055611084,2.8884957372346385,1.481915318376445,0.0,0.0,0.0,9.78760531887969
12,11,4.794552916979337,3.047629780156658,1.7469231368226792,0.0,0.0,0.0,11.267343871794116
13,11,4.644678591734334,0.7872624429223745,3.85741614881196,0.0,0.0,0.0,13.011730014084948
14,11,4.211426037514891,0.6522624429223745,3.5591635945925164,0.0,0.0,0.0,16.863619760966028
15,11,3.341647624620407,0.6567624429223744,2.475502353970987,0.0,0.0,0.20938282772704575,20.41783826034634
16,11,2.2083639950213683,0.8232624429223745,0.0,0.0,0.0,1.3851015520989938,22.89
17,11,0.8675665368967842,0.4477624429223743,0.0,0.0,0.0,0.4198040939744099,22.89
18,11,0.0167321609227051,0.4996624429223744,0.0,0.4829302819996693,0.0,0.0,22.89
19,11,0.0,2.665096627582238,0.0,2.665096627582238,0.0,0.0,22.303757136066984
20,11,0.0,2.1848587199108565,0.0,2.1848587199108565,0.0,0.0,19.068502660102244
21,11,0.0,3.2702408876886495,0.0,3.2702408876886495,0.0,0.0,16.416146445990023
22,11,0.0,2.1710405248002274,0.0,2.1710405248002274,0.0,0.0,12.446069762866871
23,11,0.0,0.9619702796987248,0.0,0.9619702796987248,0.0,0.0,9.810326905288871
0,11,0.0,0.5684860378770279,0.0,0.5684860378770279,0.0,0.0,8.642422338324472
1,11,0.0,0.9528145759794856,0.0,0.9528145759794856,0.0,0.0,7.9522298966129465
2,11,0.0,0.6562961814791738,0.0,0.6562961814791738,0.0,0.0,6.7954211528674815
3,11,0.0,0.2409874429223744,0.0,0.2409874429223744,0.0,0.0,5.998605792912215
4,11,0.0,1.5059518142322466,0.0,1.0921628256743416,0.4137889885579049,0.0,5.706018516719623
5,11,0.0,1.610143629076103,0.0,0.0,1.610143629076103,0.0,4.38
6,11,0.0,1.3157033168160248,0.0,0.0,1.3157033168160248,0.0,4.38
7,11,0.0,2.7130588302237673,0.0,0.0,2.7130588302237673,0.0,4.38
8,11,0.1139554334993268,1.8562433932906164,0.0,0.0,1.7422879597912897,0.0,4.38
9,11,1.3220926373165882,2.1104322760181744,0.0,0.0,0.7883396387015862,0.0,4.38
10,11,2.5669239739568157,0.8751777623404479,1.6917462116163677,0.0,0.0,0.0,4.38
11,11,2.3666991077121824,2.846310814076352,0.0,0.4796117063641696,0.0,0.0,6.069799686437012
12,11,3.660424683215706,0.99390353591498,2.666521147300726,0.0,0.0,0.0,5.487474521199607
13,11,2.2158132373685535,0.5172624429223744,1.698550794446179,0.0,0.0,0.0,8.150992551623345
14,11,1.7302054373285198,1.7156780913142,0.01452734601431982,0.0,0.0,0.0,9.847681224564637
15,11,1.2159775417054173,1.6133283523833115,0.0,0.39735081067789424,0.0,0.0,9.862192921228027
16,11,0.4106124710074997,1.708925619626402,0.0,1.2983131486189023,0.0,0.0,9.379719269799834
17,11,0.3752716240723976,0.3957624429223745,0.0,0.02049081884997689,0.0,0.0,7.803266760669597
18,11,0.0169458939751068,0.3556624429223743,0.0,0.3387165489472675,0.0,0.0,7.778385803316864
19,11,0.0,2.3966488652586873,0.0,2.3966488652586873,0.0,0.0,7.367099460330337
20,11,0.0,3.8617872751853777,0.0,0.06337803473230533,3.7984092404530725,0.0,4.456959101899366
21,11,0.0,5.445101817552696,0.0,0.0,5.445101817552696,0.0,4.38
22,11,0.0,5.8329609661147295,0.0,0.0,5.8329609661147295,0.0,4.38
23,11,0.0,2.391315832977492,0.0,0.0,2.391315832977492,0.0,4.38
0,11,0.0,3.7759449046305193,0.0,0.0,3.7759449046305193,0.0,4.38
1,11,0.0,0.3366124429223744,0.0,0.0,0.3366124429223744,0.0,4.38
2,11,0.0,0.3174874429223744,0.0,0.0,0.3174874429223744,0.0,4.38
3,11,0.0,0.3327874429223744,0.0,0.0,0.3327874429223744,0.0,4.38
4,11,0.0,0.3748624429223743,0.0,0.0,0.3748624429223743,0.0,4.38
5,11,0.0,0.5127874429223744,0.0,0.0,0.5127874429223744,0.0,4.38
6,11,0.0,0.5701624429223744,0.0,0.0,0.5701624429223744,0.0,4.38
7,11,0.0,2.0331124429223744,0.0,0.0,2.0331124429223744,0.0,4.38
8,11,0.5650095851589091,4.910767450092767,0.0,0.0,4.345757864933859,0.0,4.38
9,11,2.064188136404119,6.041333972829911,0.0,0.0,3.977145836425792,0.0,4.38
10,11,3.5561177798968595,2.710492809455374,0.8456249704414853,0.0,0.0,0.0,4.38
11,11,4.511085672392754,3.051427253092935,1.4596584192998194,0.0,0.0,0.0,5.224757031283383
12,11,4.676457798262508,0.3642624429223743,4.312195355340133,0.0,0.0,0.0,6.682931132022184
13,11,3.8684109633730386,0.3352624429223744,3.533148520450664,0.0,0.0,0.0,10.990812104472214
14,11,2.826438472940078,0.4182624429223744,2.408176030017704,0.0,0.0,0.0,14.520596741217654
15,11,2.038979252019903,0.9245290516214186,1.1144502003984844,0.0,0.0,0.0,16.92657550173919
16,11,1.4980548340817452,0.8707125111396348,0.6273423229421105,0.0,0.0,0.0,18.040038991577983
17,11,0.8327207078200355,0.9546055610289794,0.0,0.12188485320894393,0.0,0.0,18.666833730041507
18,11,0.0169993272382072,2.3244074665893133,0.0,2.307408139351106,0.0,0.0,18.518806684601937
19,11,0.0,2.017092213815846,0.0,2.017092213815846,0.0,0.0,15.716495581818904
20,11,0.0,2.235115744078091,0.0,2.235115744078091,0.0,0.0,13.266705096606017
21,11,0.0,5.5289427601829395,0.0,5.081666892929374,0.4472758672535653,0.0,10.552060029424915
22,11,0.0,5.379231152487585,0.0,0.0,5.379231152487585,0.0,4.38
23,11,0.0,4.051687696709316,0.0,0.0,4.051687696709316,0.0,4.38
0,11,0.0,1.7234546148851078,0.0,0.0,1.7234546148851078,0.0,4.38
1,11,0.0,1.867950548337398,0.0,0.0,1.867950548337398,0.0,4.38
2,11,0.0,0.5395624429223744,0.0,0.0,0.5395624429223744,0.0,4.38
3,11,0.0,0.5510374429223743,0.0,0.0,0.5510374429223743,0.0,4.38
4,11,0.0,0.3939874429223744,0.0,0.0,0.3939874429223744,0.0,4.38
5,11,0.0,0.6007624429223744,0.0,0.0,0.6007624429223744,0.0,4.38
6,11,0.0,2.5629902423701196,0.0,0.0,2.5629902423701196,0.0,4.38
7,11,0.0,0.6275374429223743,0.0,0.0,0.6275374429223743,0.0,4.38
8,11,0.5752407193063657,1.6003819779260335,0.0,0.0,1.025141258619668,0.0,4.38
9,11,2.476363111370199,0.4207374429223744,2.0556256684478247,0.0,0.0,0.0,4.38
10,11,3.788345558831728,0.3404124429223744,3.4479331159093536,0.0,0.0,0.0,6.434117451846234
11,11,4.602160634645814,0.2562624429223744,4.345898191723439,0.0,0.0,0.0,9.879600429234587
12,11,4.90556989773856,0.3597624429223744,4.5458074548161855,0.0,0.0,0.0,14.222578710909673
13,11,4.822765860016349,0.5422624429223745,4.126806538956448,0.0,0.0,0.1536968781375272,18.76555389231606
14,11,4.393874187425376,0.4497624429223744,0.0,0.0,0.0,3.9441117445030014,22.89
15,11,3.5716478666286338,2.874247831181862,0.0,0.0,0.0,0.6974000354467718,22.89
16,11,2.4800348798652183,0.6252624429223743,0.0,0.0,0.0,1.854772436942844,22.89
17,11,1.255559593471118,0.3732624429223745,0.0,0.0,0.0,0.8822971505487434,22.89
18,11,0.0003307325337504,0.3466624429223744,0.0,0.34633171038862404,0.0,0.0,22.89
19,11,0.0,1.0561624429223746,0.0,1.0561624429223746,0.0,0.0,22.46924290583778
20,11,0.0,2.706409310407159,0.0,2.706409310407159,0.0,0.0,21.186110124288895
21,11,0.0,0.3934624429223743,0.0,0.3934624429223743,0.0,0.0,17.89805176894924
22,11,0.0,0.4355374429223744,0.0,0.4355374429223744,0.0,0.0,17.42001364025374
23,11,0.0,0.4584874429223744,0.0,0.4584874429223744,0.0,0.0,16.89085404941458
0,11,0.0,0.3672124429223743,0.0,0.3672124429223743,0.0,0.0,16.33380845029024
1,11,0.0,0.3863374429223744,0.0,0.3863374429223744,0.0,0.0,15.887656362657331
2,11,0.0,0.4054624429223744,0.0,0.4054624429223744,0.0,0.0,15.418266036399098
3,11,0.0,0.6160624429223744,0.0,0.6160624429223744,0.0,0.0,14.925637173674525
4,11,0.0,0.6237124429223744,0.0,0.6237124429223744,0.0,0.0,14.177130056484943
5,11,0.0,0.4245874429223744,0.0,0.4245874429223744,0.0,0.0,13.41932304848019
6,11,0.0,0.6275374429223743,0.0,0.6275374429223743,0.0,0.0,12.903448144939702
7,11,0.0,4.084014347748083,0.0,4.084014347748083,0.0,0.0,12.140984796541098
8,11,0.5379517751926582,4.31741568225962,0.0,2.3034317369410466,1.4760321701259151,0.0,7.178837497366422
9,11,2.346167949506725,0.5701374429223743,1.776030506584351,0.0,0.0,0.0,4.38
10,11,3.654070583038014,0.2830374429223744,3.3710331401156393,0.0,0.0,0.0,6.155401132658611
11,11,4.472334167001014,0.3102624429223743,4.16207172407864,0.0,0.0,0.0,9.525306980392681
12,11,4.832789579121772,0.5757624429223744,4.257027136199397,0.0,0.0,0.0,13.686144619275153
13,11,4.79781590354295,1.850527884814006,2.9472880187289436,0.0,0.0,0.0,17.942108723876235
14,11,4.382525527936998,4.101126040497786,0.28139948743921206,0.0,0.0,0.0,20.88880184777891
15,11,3.598905465608899,2.123914110329242,1.474991355279657,0.0,0.0,0.0,21.17015386259337
16,11,2.4892325003705063,0.4902624429223744,0.24513546120100171,0.0,0.0,1.7538345962471302,22.64490105168235
17,11,1.2623668600336586,0.5712624429223744,0.0,0.0,0.0,0.6911044171112842,22.89
18,11,0.0003299512705817,1.3036624429223744,0.0,1.3033324916517928,0.0,0.0,22.89
19,11,0.0,0.3196624429223744,0.0,0.3196624429223744,0.0,0.0,21.305985173564874
20,11,0.0,0.3399124429223744,0.0,0.3399124429223744,0.0,0.0,20.917475353341306
21,11,0.0,0.5734624429223742,0.0,0.5734624429223742,0.0,0.0,20.50435269898704
22,11,0.0,0.6117124429223744,0.0,0.6117124429223744,0.0,0.0,19.807375470546837
23,11,0.0,0.4202374429223744,0.0,0.4202374429223744,0.0,0.0,19.063904998441277
0,11,0.0,0.5472124429223744,0.0,0.5472124429223744,0.0,0.0,18.55314821484781
1,11,0.0,0.5586874429223745,0.0,0.5586874429223745,0.0,0.0,17.88806281340548
2,11,0.0,0.3519124429223743,0.0,0.3519124429223743,0.0,0.0,17.2090264461245
3,11,0.0,0.4590124429223744,0.0,0.4590124429223744,0.0,0.0,16.78130455694064
4,11,0.0,0.5010874429223744,0.0,0.5010874429223744,0.0,0.0,16.223408834992973
5,11,0.0,2.2349319413489575,0.0,2.2349319413489575,0.0,0.0,15.614370913628482
6,11,0.0,0.5661124429223744,0.0,0.5661124429223744,0.0,0.0,12.897946873615957
7,11,0.0,3.4904529213523476,0.0,3.4904529213523476,0.0,0.0,12.20985428268397
8,11,0.5207393365830306,2.8238242719551057,0.0,2.303084935372075,0.0,0.0,7.967287070327057
9,11,2.3966940141924757,0.5316624429223744,1.8650315712701013,0.0,0.0,0.0,5.167829087642632
10,11,3.725506318271512,0.4283874429223744,3.2971188753491374,0.0,0.0,0.0,7.032893877602902
11,11,4.5419186289507545,0.3251124429223744,4.21680618602838,0.0,0.0,0.0,10.330140658086213
12,11,4.906966756674391,0.1957624429223744,4.711204313752017,0.0,0.0,0.0,14.547266848511978
13,11,4.87210964767369,3.7543406206082537,1.1177690270654361,0.0,0.0,0.0,19.259052213211792
14,11,4.448526300493892,0.3687624429223744,2.512506963623916,0.0,0.0,1.5672568939476017,20.37701835655033
15,11,3.662476999839963,0.4047624429223744,0.0,0.0,0.0,3.2577145569175885,22.89
16,11,2.5396264568176603,0.5982624429223744,0.0,0.0,0.0,1.941364013895286,22.89
17,11,1.2993895325396323,0.3642624429223743,0.0,0.0,0.0,0.935127089617258,22.89
18,11,0.0003312533758628,0.3286624429223745,0.0,0.3283311895465117,0.0,0.0,22.89
19,11,0.0,0.3437374429223744,0.0,0.3437374429223744,0.0,0.0,22.49081521911619
20,11,0.0,0.3896374429223744,0.0,0.3896374429223744,0.0,0.0,22.072897984562196
21,11,0.0,0.6040624429223743,0.0,0.6040624429223743,0.0,0.0,21.599173530678385
22,11,0.0,0.3743374429223743,0.0,0.3743374429223743,0.0,0.0,20.86474615297218
23,11,0.0,0.3781624429223744,0.0,0.3781624429223744,0.0,0.0,20.409618477937283
0,11,0.0,0.2983624429223744,0.0,0.2983624429223744,0.0,0.0,19.949838347368715
1,11,0.0,0.5204374429223744,0.0,0.5204374429223744,0.0,0.0,19.587079672476587
2,11,0.0,1.8898004814708385,0.0,1.8898004814708385,0.0,0.0,18.954312930350024
3,11,0.0,2.3632911594321566,0.0,2.3632911594321566,0.0,0.0,16.656611423809316
4,11,0.0,0.5546374429223744,0.0,0.5546374429223744,0.0,0.0,13.78315828293785
5,11,0.0,0.5928874429223744,0.0,0.5928874429223744,0.0,0.0,13.108773715907287
6,11,0.0,2.4038858583696743,0.0,2.4038858583696743,0.0,0.0,12.387876412518636
7,11,0.0,2.5013345490919527,0.0,2.5013345490919527,0.0,0.0,9.464949952467249
8,11,0.5205382826476267,4.6320822442826355,0.0,1.6804916183697591,2.43105234326525,0.0,6.423451666285508
9,11,2.4101292062678557,2.726827256640428,0.0,0.0,0.3166980503725725,0.0,4.38
10,11,3.7370991655230754,2.5418856547012143,1.1952135108218611,0.0,0.0,0.0,4.38
11,11,4.520069973082686,0.8882202159110786,3.631849757171607,0.0,0.0,0.0,5.575677923297523
12,11,4.8650005223229,0.8536044733021692,4.011396049020731,0.0,0.0,0.0,9.20898774337253
13,11,4.820419679978566,0.9994841086230208,3.8209355713555455,0.0,0.0,0.0,13.222160467713543
14,11,4.405303759966396,1.525638157655599,2.8796656023107965,0.0,0.0,0.0,17.044960941427796
15,11,3.628278810206558,1.7602666971749936,1.8680121130315646,0.0,0.0,0.0,19.926155939455416
16,11,2.526606306163634,1.6647377733557036,0.8618685328079305,0.0,0.0,0.0,21.795220736758452
17,11,1.3070847675056607,0.6072624429223744,0.2322688759425776,0.0,0.0,0.4675534486407087,22.657593092028545
18,11,0.0003295606389974,0.5671624429223743,0.0,0.5668328822833769,0.0,0.0,22.89
19,11,0.0,0.3151624429223744,0.0,0.3151624429223744,0.0,0.0,22.20058345528738
20,11,0.0,0.3284374429223744,0.0,0.3284374429223744,0.0,0.0,21.817261323614094
21,11,0.0,2.5054955213854546,0.0,2.5054955213854546,0.0,0.0,21.41779181131841
22,11,0.0,2.635474743375566,0.0,2.635474743375566,0.0,0.0,18.37041461438919
23,11,0.0,2.5857254107212033,0.0,2.5857254107212033,0.0,0.0,15.16485624223132
0,11,0.0,1.995208775436144,0.0,1.995208775436144,0.0,0.0,12.019715252874946
1,11,0.0,0.5510374429223743,0.0,0.5510374429223743,0.0,0.0,9.592777134948689
2,11,0.0,0.3901624429223743,0.0,0.3901624429223743,0.0,0.0,8.922489479324398
3,11,0.0,0.6198874429223744,0.0,0.6198874429223744,0.0,0.0,8.447888896654845
4,11,0.0,0.6504874429223744,0.0,0.6504874429223744,0.0,0.0,7.693843398049543
5,11,0.0,0.4704874429223744,0.0,0.4704874429223744,0.0,0.0,6.902569826094118
6,11,0.0,0.5202124429223743,0.0,0.5202124429223743,0.0,0.0,6.330249776220432
7,11,0.0,0.7040374429223744,0.0,0.7040374429223744,0.0,0.0,5.697438863358429
8,11,0.4909927631814438,2.26371779903156,0.0,0.3789751300876907,1.3937499057624254,0.0,4.841009548354214
9,11,2.3828480505475924,3.4864079194593307,0.0,0.0,1.1035598689117383,0.0,4.38
10,11,3.708650495762853,2.2852989025365615,1.4233515932262915,0.0,0.0,0.0,4.38
11,11,4.521180047494065,5.013481185079472,0.0,0.4923011375854074,0.0,0.0,5.804445176774108
12,11,4.8942139744400945,4.652350518941746,0.24186345549834876,0.0,0.0,0.0,5.205566484672379
13,11,4.85107313592031,3.1006729182951704,1.7504002176251396,0.0,0.0,0.0,5.447620987958313
14,11,4.4304364810892425,3.4073457155558904,1.023090765533352,0.0,0.0,0.0,7.199408615648098
15,11,3.648286445748408,0.5937624429223745,3.0545240028260334,0.0,0.0,0.0,8.223330485944565
16,11,2.5442119510338994,0.5937624429223745,1.950449508111525,0.0,0.0,0.0,11.28037103486592
17,11,1.3310110591593856,0.6387624429223744,0.6922486162370112,0.0,0.0,0.0,13.232494602924124
18,11,0.0003290397968849,0.4051624429223744,0.0,0.4048334031254895,0.0,0.0,13.925352587603506
19,11,0.0,2.3132196224078436,0.0,2.3132196224078436,0.0,0.0,13.432826351321761
20,11,0.0,1.2586624429223745,0.0,1.2586624429223745,0.0,0.0,10.618516714880057
21,11,0.0,0.5536624429223744,0.0,0.5536624429223744,0.0,0.0,9.087162722147834
22,11,0.0,0.3286624429223745,0.0,0.3286624429223745,0.0,0.0,8.413538738623448
23,11,0.0,0.3169624429223743,0.0,0.3169624429223743,0.0,0.0,8.013662808639907
0,11,0.0,2.2402528075229533,0.0,2.2402528075229533,0.0,0.0,7.628020568658787
1,11,0.0,0.5931124429223744,0.0,0.4293009310426808,0.16381151187969362,0.0,4.902337404907184
2,11,0.0,0.6428374429223744,0.0,0.0,0.6428374429223744,0.0,4.38
3,11,0.0,0.6466624429223744,0.0,0.0,0.6466624429223744,0.0,4.38
4,11,0.0,0.4781374429223743,0.0,0.0,0.4781374429223743,0.0,4.38
5,11,0.0,1.8568408008736617,0.0,0.0,1.8568408008736617,0.0,4.38
6,11,0.0,0.5508124429223744,0.0,0.0,0.5508124429223744,0.0,4.38
7,11,0.0,3.824672567083845,0.0,0.0,3.824672567083845,0.0,4.38
8,11,0.4921851449526624,5.171363552665754,0.0,0.0,4.679178407713092,0.0,4.38
9,11,2.3841388689457523,4.2106835191729335,0.0,0.0,1.8265446502271812,0.0,4.38
10,11,3.724071432997839,2.609875875566635,1.114195557431204,0.0,0.0,0.0,4.38
11,11,4.518660773225249,0.735343498742711,3.783317274482538,0.0,0.0,0.0,5.4952835666856465
12,11,4.847381419895037,1.0721083559566822,3.7752730639383554,0.0,0.0,0.0,9.282342754760094
13,11,4.815445499110219,1.2223173698883585,3.593128129221861,0.0,0.0,0.0,13.061510776758242
14,11,4.411040333099275,1.0019048473253114,3.4091354857739637,0.0,0.0,0.0,16.658498864766038
15,11,3.634809978178237,0.6862624429223745,2.815318597501632,0.0,0.0,0.13322893775423017,20.07143475401623
16,11,2.5262886027737266,0.7557624429223744,0.0,0.0,0.0,1.7705261598513522,22.89
17,11,1.320402140634279,1.8457093798177984,0.0,0.5253072391835194,0.0,0.0,22.89
18,11,0.0003294304284693,0.5716624429223743,0.0,0.571333012493905,0.0,0.0,22.250713968424865
19,11,0.0,2.6654092466014427,0.0,2.6654092466014427,0.0,0.0,21.55541158542356
20,11,0.0,0.4906624429223743,0.0,0.4906624429223743,0.0,0.0,18.31163381345852
21,11,0.0,1.7780954841027876,0.0,1.7780954841027876,0.0,0.0,17.714484347789586
22,11,0.0,1.7279016588935785,0.0,1.7279016588935785,0.0,0.0,15.55048208616862
23,11,0.0,0.4623124429223744,0.0,0.4623124429223744,0.0,0.0,13.447525288921804
0,12,0.0,0.3863374429223744,0.0,0.3863374429223744,0.0,0.0,12.884853211335916
1,12,0.0,0.5739874429223745,0.0,0.5739874429223745,0.0,0.0,12.414646477829805
2,12,0.0,1.8286688173440664,0.0,1.8286688173440664,0.0,0.0,11.7160501081808
3,12,0.0,0.6275374429223743,0.0,0.6275374429223743,0.0,0.0,9.490374838953073
4,12,0.0,0.6198874429223744,0.0,0.6198874429223744,0.0,0.0,8.726582443309413
5,12,0.0,0.4934374429223743,0.0,0.4934374429223743,0.0,0.0,7.972095731498986
6,12,0.0,0.7002124429223744,0.0,0.7002124429223744,0.0,0.0,7.371511548665381
7,12,0.0,0.5469874429223744,0.0,0.5469874429223744,0.0,0.0,6.519247778816256
8,12,0.4572501684223671,0.6504874429223744,0.0,0.19323727450000727,0.0,0.0,5.853476609149211
9,12,2.3125224216913316,0.5777874429223744,1.7347349787689572,0.0,0.0,0.0,5.618274502363364
10,12,3.643302902658161,0.2715624429223743,3.3717404597357867,0.0,0.0,0.0,7.3553427011365935
11,12,4.441180449322281,0.3442624429223743,4.096918006399907,0.0,0.0,0.0,10.731684131621865
12,12,4.664605697017949,0.7107624429223744,3.953843254095575,0.0,0.0,0.0,14.83434848981886
13,12,4.319052615658292,0.7782624429223743,3.5407901727359175,0.0,0.0,0.0,18.79392016271866
14,12,3.797403502752201,0.8142624429223744,0.549159661256439,0.0,0.0,2.4339813985733874,22.339998265732937
15,12,3.3208354069995023,0.8232624429223745,0.0,0.0,0.0,2.497572964077128,22.89
16,12,2.2726160245170868,0.5737624429223744,0.0,0.0,0.0,1.6988535815947123,22.89
17,12,0.9601280786133392,0.7017624429223743,0.0,0.0,0.0,0.2583656356909648,22.89
18,12,0.0166453318701669,0.7381624429223743,0.0,0.7215171110522074,0.0,0.0,22.89
19,12,0.0,4.546088736054577,0.0,4.546088736054577,0.0,0.0,22.011620345086868
20,12,0.0,0.3466624429223744,0.0,0.3466624429223744,0.0,0.0,16.477137163119632
21,12,0.0,1.2079689243297174,0.0,1.2079689243297174,0.0,0.0,16.055082987099155
22,12,0.0,0.8210368092613862,0.0,0.8210368092613862,0.0,0.0,14.584400682706923
23,12,0.0,1.0116359241533617,0.0,1.0116359241533617,0.0,0.0,13.584788261183975
0,12,0.0,0.9406467182856366,0.0,0.9406467182856366,0.0,0.0,12.353109998234629
1,12,0.0,0.3174874429223744,0.0,0.3174874429223744,0.0,0.0,11.207848847588675
2,12,0.0,0.5433874429223744,0.0,0.5433874429223744,0.0,0.0,10.821295765498924
3,12,0.0,0.3825124429223744,0.0,0.3825124429223744,0.0,0.0,10.159698442682744
4,12,0.0,0.4092874429223743,0.0,0.4092874429223743,0.0,0.0,9.69397042301883
5,12,0.0,0.4398874429223743,0.0,0.4398874429223743,0.0,0.0,9.195640354583855
6,12,0.0,0.4704874429223744,0.0,0.4704874429223744,0.0,0.0,8.66005062590075
7,12,0.0,5.845102549472878,0.0,3.044745293827878,2.800357255645,0.0,8.087200695768878
8,12,0.3721258573726707,2.504031831443077,0.0,0.0,2.1319059740704063,0.0,4.38
9,12,2.247835799402548,0.3327874429223744,1.9150483564801735,0.0,0.0,0.0,4.38
10,12,3.4561196138846886,0.4630374429223743,2.9930821709623143,0.0,0.0,0.0,6.298325322849521
11,12,4.294176653611052,0.5577624429223743,3.7364142106886775,0.0,0.0,0.0,9.29659385806011
12,12,4.6316907924683655,0.6657624429223744,3.965928349545991,0.0,0.0,0.0,13.039608713797723
13,12,4.66044111349624,3.3877278443932526,1.272713269102987,0.0,0.0,0.0,17.01271045573817
14,12,4.286654751424866,3.630485687464255,0.6561690639606108,0.0,0.0,0.0,18.28778274058633
15,12,3.540135644389294,0.7827624429223743,2.75737320146692,0.0,0.0,0.0,18.945177464943
16,12,2.4579122618093816,0.7222624429223745,1.1800287328299823,0.0,0.0,0.5556210860570248,21.70772160289448
17,12,1.2378678188469288,0.7602624429223743,0.0,0.0,0.0,0.47760537592455443,22.89
18,12,0.0003239615862886,0.5806624429223743,0.0,0.5803384813360858,0.0,0.0,22.89
19,12,0.0,2.713523833132423,0.0,2.713523833132423,0.0,0.0,22.18322393694257
20,12,0.0,0.5266624429223744,0.0,0.5266624429223744,0.0,0.0,18.87848661859912
21,12,0.0,3.0022631358242573,0.0,3.0022631358242573,0.0,0.0,18.237057108715863
22,12,0.0,3.9186393694337673,0.0,3.9186393694337673,0.0,0.0,14.580537397965953
23,12,0.0,4.479313253485956,0.0,4.456248152074051,0.02306510141190543,0.0,9.807782199529779
0,12,0.0,1.9821349436382556,0.0,1.1210900025605637e-15,1.9821349436382545,0.0,4.380000000000002
1,12,0.0,1.9797355317252552,0.0,0.0,1.9797355317252552,0.0,4.38
2,12,0.0,3.1718973059548494,0.0,0.0,3.1718973059548494,0.0,4.38
3,12,0.0,1.6037831698501266,0.0,0.0,1.6037831698501266,0.0,4.38
4,12,0.0,1.6974711915911689,0.0,0.0,1.6974711915911689,0.0,4.38
5,12,0.0,1.6397286974210958,0.0,0.0,1.6397286974210958,0.0,4.38
6,12,0.0,1.8304264322603627,0.0,0.0,1.8304264322603627,0.0,4.38
7,12,0.0,4.530212546749927,0.0,0.0,4.530212546749927,0.0,4.38
8,12,0.3993435738286677,2.20900439903876,0.0,0.0,1.8096608252100923,0.0,4.38
9,12,2.2507707954934895,2.3917809169994317,0.0,0.0,0.14101012150594228,0.0,4.38
10,12,3.5848461009453705,2.668713224180369,0.9161328767650017,0.0,0.0,0.0,4.38
11,12,4.409416114204444,0.3942124429223744,4.01520367128207,0.0,0.0,0.0,5.2980489002928675
12,12,4.779479793233554,4.464045598837561,0.3154341943959924,0.0,0.0,0.0,9.321691624505993
13,12,4.754929250521944,0.5982624429223744,4.15666680759957,0.0,0.0,0.0,9.637803098798699
14,12,4.343389187642569,0.6567624429223743,3.686626744720195,0.0,0.0,0.0,13.803409645635934
15,12,3.5793050549642316,0.5127624429223744,3.0665426120418573,0.0,0.0,0.0,17.498138351983936
16,12,2.485528707066026,0.7062624429223744,1.7792662641436516,0.0,0.0,0.0,20.57154793155103
17,12,1.2647384160933528,1.0210693195063307,0.24366909658702207,0.0,0.0,0.0,22.35486019692946
18,12,0.0003257845336821,2.073972954582766,0.0,2.073647170049084,0.0,0.0,22.59908828966691
19,12,0.0,2.7918606857810673,0.0,2.7918606857810673,0.0,0.0,20.072707927441783
20,12,0.0,2.330054293371448,0.0,2.330054293371448,0.0,0.0,16.671229108552584
21,12,0.0,2.3533504615051424,0.0,2.3533504615051424,0.0,0.0,13.832305279053815
22,12,0.0,1.8473122042150163,0.0,1.8473122042150163,0.0,0.0,10.964922205714084
23,12,0.0,1.5720089451828323,0.0,1.5720089451828323,0.0,0.0,8.714049503269889
0,12,0.0,3.1320863929976017,0.0,1.9848765910847708,1.147209801912831,0.0,6.798582412833911
1,12,0.0,0.2907124429223744,0.0,0.0,0.2907124429223744,0.0,4.38
2,12,0.0,0.4131124429223744,0.0,0.0,0.4131124429223744,0.0,4.38
3,12,0.0,0.4781374429223743,0.0,0.0,0.4781374429223743,0.0,4.38
4,12,0.0,0.6657874429223744,0.0,0.0,0.6657874429223744,0.0,4.38
5,12,0.0,0.7231624429223744,0.0,0.0,0.7231624429223744,0.0,4.38
6,12,0.0,0.5775874429223743,0.0,0.0,0.5775874429223743,0.0,4.38
7,12,0.0,0.7728874429223744,0.0,0.0,0.7728874429223744,0.0,4.38
8,12,0.3719484204409368,4.188805768569672,0.0,0.0,3.8168573481287353,0.0,4.38
9,12,2.2599780190377263,2.401459719507325,0.0,0.0,0.14148170046959851,0.0,4.38
10,12,3.6266733347426903,2.5794469305425043,1.047226404200186,0.0,0.0,0.0,4.38
11,12,4.462150330994781,0.4706874429223743,3.991462888072407,0.0,0.0,0.0,5.429808705654463
12,12,4.844177986537751,0.2542624429223743,4.589915543615377,0.0,0.0,0.0,9.431161190566394
13,12,4.830402170927199,0.5712624429223744,4.259139728004825,0.0,0.0,0.0,14.032656235780761
14,12,4.429270411281941,3.1984376024699075,1.2308328088120333,0.0,0.0,0.0,18.302762017626197
15,12,3.664151619641747,3.5855526445647037,0.0785989750770435,0.0,0.0,0.0,19.536823144703675
16,12,2.567376422439604,4.0779022955270365,0.0,1.5105258730874325,0.0,0.0,19.615629368941327
17,12,1.3215683413342347,0.6072624429223744,0.7143058984118603,0.0,0.0,0.0,17.774689063617217
18,12,0.0003282585337163,0.6121624429223743,0.0,0.611834184388658,0.0,0.0,18.490891275307305
19,12,0.0,2.579181902716737,0.0,2.579181902716737,0.0,0.0,17.74520495793479
20,12,0.0,2.873415383208667,0.0,2.873415383208667,0.0,0.0,14.601748811417423
21,12,0.0,2.3086328818179203,0.0,2.3086328818179203,0.0,0.0,11.099584805256976
22,12,0.0,0.3360874429223743,0.0,0.3360874429223743,0.0,0.0,8.285695420801874
23,12,0.0,0.6040624429223743,0.0,0.6040624429223743,0.0,0.0,7.87604279741584
0,12,0.0,2.1028508004323623,0.0,2.1028508004323623,0.0,0.0,7.139756132135791
1,12,0.0,0.6504874429223744,0.0,0.16128208847879255,0.4892053544435818,0.0,4.576591393244171
2,12,0.0,0.6619624429223745,0.0,0.0,0.6619624429223745,0.0,4.38
3,12,0.0,0.6543124429223743,0.0,0.0,0.6543124429223743,0.0,4.38
4,12,0.0,1.1686442381715003,0.0,0.0,1.1686442381715003,0.0,4.38
5,12,0.0,1.360090493427288,0.0,0.0,1.360090493427288,0.0,4.38
6,12,0.0,3.0160115005830903,0.0,0.0,3.0160115005830903,0.0,4.38
7,12,0.0,2.6423538975034235,0.0,0.0,2.6423538975034235,0.0,4.38
8,12,0.3794168048432608,4.2297473452610586,0.0,0.0,3.8503305404177977,0.0,4.38
9,12,2.2962607254007983,1.3454608627806306,0.9507998626201677,0.0,0.0,0.0,4.38
10,12,3.6728677633436817,0.4360624429223744,3.236805320421307,0.0,0.0,0.0,5.333456199383365
11,12,4.512173875687944,0.5548374429223744,3.95733643276557,0.0,0.0,0.0,8.579339294361594
12,12,4.888718822796365,0.2715624429223743,4.6171563798739905,0.0,0.0,0.0,12.547919175132495
13,12,4.863335391663226,1.7180732320760943,3.1452621595871313,0.0,0.0,0.0,17.178400384569876
14,12,4.450516996891988,0.5107624429223745,2.54951442554973,0.0,0.0,1.3902401284198835,20.332903895956598
15,12,3.6729461066973266,0.6162624429223744,0.0,0.0,0.0,3.056683663774952,22.89
16,12,2.5681170609935213,0.6162624429223744,0.0,0.0,0.0,1.951854618071147,22.89
17,12,1.31550397323894,0.3597624429223744,0.0,0.0,0.0,0.9557415303165655,22.89
18,12,0.0003311231653347,2.840248655018867,0.0,2.839917531853532,0.0,0.0,22.89
19,12,0.0,2.3412880303612633,0.0,2.3412880303612633,0.0,0.0,19.427615345720714
20,12,0.0,5.007369411606899,0.0,5.007369411606899,0.0,0.0,16.573060795464247
21,12,0.0,2.507082849457036,0.0,2.507082849457036,0.0,0.0,10.467794558517797
22,12,0.0,2.5213847161833547,0.0,2.4856043369652716,0.03578037921808308,0.0,7.410845507535809
23,12,0.0,2.4132966875750093,0.0,0.0,2.4132966875750093,0.0,4.38
0,12,0.0,0.4551874429223744,0.0,0.0,0.4551874429223744,0.0,4.38
1,12,0.0,0.5049124429223744,0.0,0.0,0.5049124429223744,0.0,4.38
2,12,0.0,0.5355124429223743,0.0,0.0,0.5355124429223743,0.0,4.38
3,12,0.0,0.5393374429223744,0.0,0.0,0.5393374429223744,0.0,4.38
4,12,0.0,0.7384624429223744,0.0,0.0,0.7384624429223744,0.0,4.38
5,12,0.0,0.7920124429223744,0.0,0.0,0.7920124429223744,0.0,4.38
6,12,0.0,0.8149624429223744,0.0,0.0,0.8149624429223744,0.0,4.38
7,12,0.0,2.72522571009629,0.0,0.0,2.72522571009629,0.0,4.38
8,12,0.3489370385139742,4.185207947120649,0.0,0.0,3.8362709086066746,0.0,4.38
9,12,2.2728435077590765,4.596632513994263,0.0,0.0,2.3237890062351862,0.0,4.38
10,12,3.637884158210461,5.930981200483638,0.0,0.0,2.293097042273177,0.0,4.38
11,12,4.468890756942048,5.085159895700311,0.0,0.0,0.6162691387582635,0.0,4.38
12,12,4.834491159707922,2.5831593760322393,2.251331783675683,0.0,0.0,0.0,4.38
13,12,4.820887178053676,0.9284166857907848,3.8924704922628908,0.0,0.0,0.0,6.638478551584771
14,12,4.420034714482107,2.338822008840474,2.0812127056416325,0.0,0.0,0.0,10.543404755353759
15,12,3.6526423583422174,1.3998151085025636,2.2528272498396538,0.0,0.0,0.0,12.631368958133013
16,12,2.553715174545666,2.2202598702294996,0.3334553043161663,0.0,0.0,0.0,14.891557514330074
17,12,1.2868256903919533,2.59526791337683,0.0,1.3084422229848767,0.0,0.0,15.22611091874294
18,12,0.0003283887442444,4.101042260296214,0.0,4.10071387155197,0.0,0.0,13.630409895052127
19,12,0.0,0.5851624429223744,0.0,0.5851624429223744,0.0,0.0,8.629340805471791
20,12,0.0,2.9646617028033817,0.0,2.898978290583341,0.0656834122200407,0.0,7.915666711417075
21,12,0.0,0.3196624429223744,0.0,0.0,0.3196624429223744,0.0,4.38
22,12,0.0,1.143289193941574,0.0,0.0,1.143289193941574,0.0,4.38
23,12,0.0,0.9741916463916048,0.0,0.0,0.9741916463916048,0.0,4.38
0,12,0.0,0.995264295589094,0.0,0.0,0.995264295589094,0.0,4.38
1,12,0.0,0.4781374429223743,0.0,0.0,0.4781374429223743,0.0,4.38
2,12,0.0,0.7078624429223744,0.0,0.0,0.7078624429223744,0.0,4.38
3,12,0.0,0.5431624429223744,0.0,0.0,0.5431624429223744,0.0,4.38
4,12,0.0,0.7499374429223744,0.0,0.0,0.7499374429223744,0.0,4.38
5,12,0.0,1.748245928496408,0.0,0.0,1.748245928496408,0.0,4.38
6,12,0.0,1.8970848582338,0.0,0.0,1.8970848582338,0.0,4.38
7,12,0.0,3.805592290958696,0.0,0.0,3.805592290958696,0.0,4.38
8,12,0.117822666720047,6.15238316376769,0.0,0.0,6.034560497047643,0.0,4.38
9,12,1.6973284033307492,1.8466900707127205,0.0,0.0,0.14936166738197132,0.0,4.38
10,12,2.5439444828888353,1.9909034156529992,0.5530410672358361,0.0,0.0,0.0,4.38
11,12,3.7937765831929697,2.347148344310425,1.4466282388825449,0.0,0.0,0.0,4.93492007201328
12,12,4.00496639931712,2.4478198796977275,1.5571465196193928,0.0,0.0,0.0,6.386472416585024
13,12,3.357790837348609,3.933774436928312,0.0,0.5759835995797027,0.0,0.0,7.948944743309175
14,12,2.8513085377921716,3.8942939505862983,0.0,1.0429854127941267,0.0,0.0,7.246409490876736
15,12,2.2965256831642393,2.1181406676327024,0.17838501553153696,0.0,0.0,0.0,5.974257323912218
16,12,1.1946260889602995,0.8927891369605245,0.301836951999775,0.0,0.0,0.0,6.153258875617236
17,12,0.5374069443215751,0.3507624429223744,0.1866445013992007,0.0,0.0,0.0,6.456139649575174
18,12,0.0113475339731356,0.3061624429223745,0.0,0.2948149089492389,0.0,0.0,6.643430248949895
19,12,0.0,2.6661444091633877,0.0,1.560837756837153,1.1053066523262347,0.0,6.2838311024392866
20,12,0.0,0.5313874429223744,0.0,0.0,0.5313874429223744,0.0,4.38
21,12,0.0,0.5849374429223744,0.0,0.0,0.5849374429223744,0.0,4.38
22,12,0.0,1.5811261721323464,0.0,0.0,1.5811261721323464,0.0,4.38
23,12,0.0,0.6461374429223744,0.0,0.0,0.6461374429223744,0.0,4.38
0,12,0.0,0.3595624429223744,0.0,0.0,0.3595624429223744,0.0,4.38
1,12,0.0,2.4961856867773498,0.0,0.0,2.4961856867773498,0.0,4.38
2,12,0.0,0.6045874429223744,0.0,0.0,0.6045874429223744,0.0,4.38
3,12,0.0,0.6275374429223743,0.0,0.0,0.6275374429223743,0.0,4.38
4,12,0.0,2.536255688662905,0.0,0.0,2.536255688662905,0.0,4.38
5,12,0.0,0.6390124429223745,0.0,0.0,0.6390124429223745,0.0,4.38
6,12,0.0,0.5087374429223744,0.0,0.0,0.5087374429223744,0.0,4.38
7,12,0.0,0.6887374429223745,0.0,0.0,0.6887374429223745,0.0,4.38
8,12,0.1471751969807433,1.6625725039610124,0.0,0.0,1.515397306980269,0.0,4.38
9,12,0.9139130278726212,1.9765366942763989,0.0,0.0,1.0626236664037778,0.0,4.38
10,12,1.5897682859628033,2.4783769532611943,0.0,0.0,0.888608667298391,0.0,4.38
11,12,2.093117908796658,2.2598714569098175,0.0,0.0,0.16675354811315968,0.0,4.38
12,12,4.132267677414818,2.710368605296156,1.421899072118662,0.0,0.0,0.0,4.38
13,12,4.693689889809688,0.4342624429223743,4.2594274468873135,0.0,0.0,0.0,5.806854084227541
14,12,4.399831343803926,0.3597624429223744,4.040068900881551,0.0,0.0,0.0,10.081193327136537
15,12,3.628119673322429,2.7063913059230837,0.921728367399345,0.0,0.0,0.0,14.135601024549128
16,12,2.5178577628415004,0.4702624429223744,2.047595319919126,0.0,0.0,0.0,15.060642931825168
17,12,1.2508955011793723,0.2967624429223743,0.954133058256998,0.0,0.0,0.0,17.115620577847316
18,12,0.0170727979749703,0.3284374429223744,0.0,0.3113646449474041,0.0,0.0,18.073215769901044
19,12,0.0,0.3207874429223744,0.0,0.3207874429223744,0.0,0.0,17.693363693306743
20,12,0.0,0.3284374429223744,0.0,0.3284374429223744,0.0,0.0,17.30201481450002
21,12,0.0,1.9759573248194675,0.0,1.9759573248194675,0.0,0.0,16.901331765933094
22,12,0.0,1.4516001655284492,0.0,1.4516001655284492,0.0,0.0,14.490718854039436
23,12,0.0,3.763635156714279,0.0,3.763635156714279,0.0,0.0,12.719767565745448
0,12,0.0,1.583658466752153,0.0,1.583658466752153,0.0,0.0,8.128059787155841
1,12,0.0,0.4551874429223744,0.0,0.4551874429223744,0.0,0.0,6.195883680749193
2,12,0.0,0.5049124429223744,0.0,0.5049124429223744,0.0,0.0,5.640512654178249
3,12,0.0,0.5355124429223743,0.0,0.5282075486397827,0.007304894282591623,0.0,5.024469335346948
4,12,0.0,2.269332593308095,0.0,0.0,2.269332593308095,0.0,4.38
5,12,0.0,0.5546374429223744,0.0,0.0,0.5546374429223744,0.0,4.38
6,12,0.0,0.7346374429223743,0.0,0.0,0.7346374429223743,0.0,4.38
7,12,0.0,4.0986083784703755,0.0,0.0,4.0986083784703755,0.0,4.38
8,12,0.2372800289171119,4.335060108541608,0.0,0.0,4.0977800796244965,0.0,4.38
9,12,1.979766924713228,1.7662447560336665,0.21352216867956142,0.0,0.0,0.0,4.38
10,12,3.0223343015822937,1.9227834691748051,1.0995508324074885,0.0,0.0,0.0,4.594326415681509
11,12,3.6305470471418455,2.662624904652698,0.9679221424891473,0.0,0.0,0.0,5.698021448480455
12,12,4.2504547173963125,2.2365392421804855,2.013915475215827,0.0,0.0,0.0,6.669603746704623
13,12,4.643209854613179,0.8254230343517437,3.8177868202614356,0.0,0.0,0.0,8.691156851224273
14,12,4.079738073106946,0.7393232066967623,3.3404148664101836,0.0,0.0,0.0,12.523509505385286
15,12,2.6113923336702607,0.2317624429223743,2.3796298907478866,0.0,0.0,0.0,15.876813476020013
16,12,2.010605668783592,0.2697624429223744,1.7408432258612176,0.0,0.0,0.0,18.265715365249477
17,12,1.1882227970617132,0.4947624429223744,0.6934603541393387,0.0,0.0,0.0,20.013388585393482
18,12,0.0113430812012106,2.5227197567117794,0.0,2.5113766755105686,0.0,0.0,20.709583337303204
19,12,0.0,2.7017210978135107,0.0,2.7017210978135107,0.0,0.0,17.64485572415413
20,12,0.0,2.808810528860443,0.0,2.808810528860443,0.0,0.0,14.347750122084104
21,12,0.0,0.4661374429223744,0.0,0.4661374429223744,0.0,0.0,10.919850946430438
22,12,0.0,0.5043874429223745,0.0,0.5043874429223745,0.0,0.0,10.350954314691494
23,12,0.0,0.5082124429223744,0.0,0.5082124429223744,0.0,0.0,9.735372295942637
0,12,0.0,2.648180705482135,0.0,2.648180705482135,0.0,0.0,9.115118504418081
1,12,0.0,0.4398874429223743,0.0,0.4398874429223743,0.0,0.0,5.883096985130676
2,12,0.0,0.6351874429223745,0.0,0.6351874429223745,0.0,0.0,5.346212094437217
3,12,0.0,0.6466624429223744,0.0,0.15645683765420662,0.4902056052681678,0.0,4.570958695418595
4,12,0.0,0.4628374429223744,0.0,0.0,0.4628374429223744,0.0,4.38
5,12,0.0,0.4819624429223744,0.0,0.0,0.4819624429223744,0.0,4.38
6,12,0.0,1.8194414463755877,0.0,0.0,1.8194414463755877,0.0,4.38
7,12,0.0,0.5393374429223744,0.0,0.0,0.5393374429223744,0.0,4.38
8,12,0.2397525830112404,1.7624878374930444,0.0,0.0,1.522735254481804,0.0,4.38
9,12,2.0791812366116464,2.2512995566917384,0.0,0.0,0.17211832008009198,0.0,4.38
10,12,3.5471504418913415,0.5010624429223745,3.046087998968967,0.0,0.0,0.0,4.38
11,12,4.117012660622074,0.3939874429223744,3.7230252176997,0.0,0.0,0.0,7.43858524189421
12,12,4.318912692908352,0.4245624429223744,3.894350249985978,0.0,0.0,0.0,11.177013614691205
13,12,4.119854987692276,1.580245220065606,2.5396097676266693,0.0,0.0,0.0,15.087640299128589
14,12,4.228527812319911,2.670188358583921,1.5583394537359898,0.0,0.0,0.0,17.637976559104555
15,12,3.4429684890988783,0.5586624429223743,2.884306046176504,0.0,0.0,0.0,19.202942834445242
16,12,2.126520313905213,0.3213124429223744,0.7870480594615427,0.0,0.0,1.0181598115212962,22.099565355598745
17,12,0.5496794631596661,0.6045624429223744,0.0,0.054882979762708284,0.0,0.0,22.89
18,12,0.0115835308851625,0.6805624429223743,0.0,0.6689789120372118,0.0,0.0,22.823000158666215
19,12,0.0,0.5235124429223744,0.0,0.5235124429223744,0.0,0.0,22.00632604679993
20,12,0.0,0.5464624429223744,0.0,0.5464624429223744,0.0,0.0,21.367229233621146
21,12,0.0,3.9293468628769146,0.0,3.9293468628769146,0.0,0.0,20.700111429314514
22,12,0.0,4.174165011675711,0.0,4.174165011675711,0.0,0.0,15.903160660559113
23,12,0.0,3.958947385373941,0.0,3.958947385373941,0.0,0.0,10.807109403591
0,12,0.0,0.6734374429223744,0.0,0.6734374429223744,0.0,0.0,5.973579754273313
1,12,0.0,0.5278624429223744,0.0,0.5278624429223744,0.0,0.0,5.151334559821284
2,12,0.0,0.8073124429223744,0.0,0.10387260993201494,0.7034398329903594,0.0,4.5068267968003575
3,12,0.0,0.6387874429223743,0.0,0.0,0.6387874429223743,0.0,4.38
4,12,0.0,2.8743171625855464,0.0,0.0,2.8743171625855464,0.0,4.38
5,12,0.0,3.463613239594256,0.0,0.0,3.463613239594256,0.0,4.38
6,12,0.0,5.534791894729982,0.0,0.0,5.534791894729982,0.0,4.38
7,12,0.0,3.6663312548391698,0.0,0.0,3.6663312548391698,0.0,4.38
8,12,0.2829898526531832,2.8216495291354686,0.0,0.0,2.5386596764822853,0.0,4.38
9,12,2.2175131295048476,3.2047592929642703,0.0,0.0,0.9872461634594227,0.0,4.38
10,12,3.694446970549421,4.23778770288319,0.0,0.0,0.5433407323337689,0.0,4.38
11,12,4.59585184719049,2.2646543914721784,2.3311974557183115,0.0,0.0,0.0,4.38
12,12,5.038226313324319,1.564629462113568,3.4735968512107513,0.0,0.0,0.0,6.721650279016526
13,12,5.062553067056536,1.6250673802952436,3.437485686761292,0.0,0.0,0.0,10.21091425676043
14,12,4.677537316054327,1.7550559789837974,2.922481337070529,0.0,0.0,0.0,13.664039738684052
15,12,3.89764351112691,1.6847586367147234,2.212884874412187,0.0,0.0,0.0,16.599931762142198
16,12,2.7625144518659277,1.503244159923026,1.2592702919429017,0.0,0.0,0.0,18.823044548508342
17,12,1.4510229863582274,0.4398624429223744,1.011160543435853,0.0,0.0,0.0,20.088166802917748
18,12,0.0003402379023026,1.2926374429223744,0.0,1.2922972050200718,0.0,0.0,21.104040774312775
19,12,0.0,3.1433705678016066,0.0,3.1433705678016066,0.0,0.0,19.525867799540624
20,12,0.0,2.4156457531794224,0.0,2.4156457531794224,0.0,0.0,15.687079851775323
21,12,0.0,0.6841624429223745,0.0,0.6841624429223745,0.0,0.0,12.736908670764505
22,12,0.0,0.7032874429223743,0.0,0.7032874429223743,0.0,0.0,11.901334402810951
23,12,0.0,0.6956374429223744,0.0,0.6956374429223744,0.0,0.0,11.042395943572163
0,12,0.0,0.6043624429223744,0.0,0.6043624429223744,0.0,0.0,10.192793822572112
1,12,0.0,0.8685124429223743,0.0,0.8685124429223743,0.0,0.0,9.45466269419445
2,12,0.0,0.6846874429223744,0.0,0.6846874429223744,0.0,0.0,8.39390775095826
3,12,0.0,0.6961624429223743,0.0,0.6961624429223743,0.0,0.0,7.557658684460249
4,12,0.0,0.7152874429223743,0.0,0.7152874429223743,0.0,0.0,6.707387944745698
5,12,0.0,0.9105874429223744,0.0,0.9105874429223744,0.0,0.0,5.8337516616500915
6,12,0.0,0.7458874429223743,0.0,0.2796554609516384,0.4662319819707359,0.0,4.721571280219733
7,12,0.0,2.585250552971497,0.0,0.0,2.585250552971497,0.0,4.38
8,12,0.2489440607906226,2.8364278449547005,0.0,0.0,2.587483784164078,0.0,4.38
9,12,2.167490950682248,0.6311374429223744,1.5363535077598736,0.0,0.0,0.0,4.38
10,12,3.650972767111158,0.7422624429223743,2.9087103241887835,0.0,0.0,0.0,5.92377163401532
11,12,4.49866153550797,0.9694227987048134,3.5292387368031566,0.0,0.0,0.0,8.846577128323705
12,12,4.958072941447271,2.634337860841752,2.323735080605519,0.0,0.0,0.0,12.393034628874823
13,12,4.9583225852797215,2.822496541791677,2.1358260434880445,0.0,0.0,0.0,14.728200117435117
14,12,4.568494895842107,0.3102624429223743,4.258232452919733,0.0,0.0,0.0,16.874588631882755
15,12,3.79762046182913,0.3192624429223744,1.7273491244982104,0.0,0.0,1.751008894408545,21.153982989996866
16,12,2.6729981788059476,0.4297624429223745,0.0,0.0,0.0,2.243235735883573,22.89
17,12,1.3891482113480798,0.2256874429223743,0.0,0.0,0.0,1.1634607684257054,22.89
18,12,0.0003358107443467,0.4125874429223743,0.0,0.4122516321780276,0.0,0.0,22.89
19,12,0.0,1.2314374429223744,0.0,1.2314374429223744,0.0,0.0,22.386369256979783
20,12,0.0,0.7111624429223744,0.0,0.7111624429223744,0.0,0.0,20.88196612879934
21,12,0.0,3.0014262402900593,0.0,3.0014262402900593,0.0,0.0,20.013152283832888
22,12,0.0,0.7035124429223744,0.0,0.7035124429223744,0.0,0.0,16.34633654341849
23,12,0.0,2.1455014637999223,0.0,2.1455014637999223,0.0,0.0,15.48683248208967
0,12,0.0,0.5737624429223744,0.0,0.5737624429223744,0.0,0.0,12.865582625149294
1,12,0.0,0.7996624429223744,0.0,0.7996624429223744,0.0,0.0,12.1645757825122
2,12,0.0,3.0569191568154106,0.0,3.0569191568154106,0.0,0.0,11.187564324245093
3,12,0.0,4.837032362941188,0.0,2.5147855763255516,2.3222467866156364,0.0,7.452648329453999
4,12,0.0,2.5016164709307933,0.0,0.0,2.5016164709307933,0.0,4.38
5,12,0.0,0.6999874429223744,0.0,0.0,0.6999874429223744,0.0,4.38
6,12,0.0,0.8799874429223744,0.0,0.0,0.8799874429223744,0.0,4.38
7,12,0.0,5.12383797531192,0.0,0.0,5.12383797531192,0.0,4.38
8,12,0.2055214326819142,2.8716444262310485,0.0,0.0,2.666122993549134,0.0,4.38
9,12,1.72460602954736,4.094456853085105,0.0,0.0,2.369850823537745,0.0,4.38
10,12,3.0336520293028757,2.944716226086812,0.08893580321606365,0.0,0.0,0.0,4.38
11,12,4.285268444057542,0.6122124429223743,3.673056001135168,0.0,0.0,0.0,4.46939914445034
12,12,4.529190029341784,0.3442374429223744,4.18495258641941,0.0,0.0,0.0,8.161594889932411
13,12,4.473991843875022,6.291631061622207,0.0,1.8176392177471845,0.0,0.0,12.368529372040273
14,12,4.034793972304376,2.260833232677375,1.7739607396270012,0.0,0.0,0.0,10.14741480595686
15,12,2.962980020663831,2.2784974385883285,0.6844825820755025,0.0,0.0,0.0,11.930814515177795
16,12,1.8390268725719316,0.4857624429223744,1.3532644296495573,0.0,0.0,0.0,12.618952928323454
17,12,0.5580923715280807,0.2562624429223744,0.3018299286057063,0.0,0.0,0.0,13.979455694117409
18,12,0.0170995146065205,3.487427105284236,0.0,3.4703275906777153,0.0,0.0,14.282904693848952
19,12,0.0,4.353071101034782,0.0,4.353071101034782,0.0,0.0,10.041957348407832
20,12,0.0,3.569673489286149,0.0,0.2798600756080391,3.2898134136781096,0.0,4.722035971690399
21,12,0.0,2.2202300324495168,0.0,0.0,2.2202300324495168,0.0,4.38
22,12,0.0,0.6614374429223744,0.0,0.0,0.6614374429223744,0.0,4.38
23,12,0.0,0.4776124429223743,0.0,0.0,0.4776124429223743,0.0,4.38
0,12,0.0,1.4449504614382374,0.0,0.0,1.4449504614382374,0.0,4.38
1,12,0.0,4.1624795604707625,0.0,0.0,4.1624795604707625,0.0,4.38
2,12,0.0,2.171299579401907,0.0,0.0,2.171299579401907,0.0,4.38
3,12,0.0,0.3939874429223744,0.0,0.0,0.3939874429223744,0.0,4.38
4,12,0.0,0.5739874429223745,0.0,0.0,0.5739874429223745,0.0,4.38
5,12,0.0,0.5969374429223744,0.0,0.0,0.5969374429223744,0.0,4.38
6,12,0.0,0.5739874429223745,0.0,0.0,0.5739874429223745,0.0,4.38
7,12,0.0,2.2839041504732966,0.0,0.0,2.2839041504732966,0.0,4.38
8,12,0.0838843000698968,2.768164306955119,0.0,0.0,2.6842800068852224,0.0,4.38
9,12,0.8849310522328022,2.3962418660326184,0.0,0.0,1.5113108137998161,0.0,4.38
10,12,0.4582451746505414,2.50609913118668,0.0,0.0,2.0478539565361387,0.0,4.38
11,12,3.2012777388297344,2.1068689717764504,1.094408767053284,0.0,0.0,0.0,4.38
12,12,4.312341648950077,1.762036601377007,2.5503050475730697,0.0,0.0,0.0,5.480383978346295
13,12,4.658975073509315,1.628820642224978,3.0301544312843367,0.0,0.0,0.0,8.04464482636909
14,12,4.039957813689326,2.1958517350168925,1.8441060786724335,0.0,0.0,0.0,11.091468783766176
15,12,3.0623601254801573,0.8108400418393409,2.2515200836408162,0.0,0.0,0.0,12.945783239993718
16,12,2.280524543155305,1.0765430949414816,1.2039814482138234,0.0,0.0,0.0,15.209814241469994
17,12,1.3373224445018537,0.7178840520336859,0.6194383924681678,0.0,0.0,0.0,16.420516633248607
18,12,0.000333727375897,1.0462166305460965,0.0,1.0458829031701995,0.0,0.0,17.043421378768286
19,12,0.0,3.700605851498928,0.0,3.700605851498928,0.0,0.0,15.764990821099028
20,12,0.0,5.876028959077101,0.0,5.613099830225318,0.2629291288517832,0.0,11.241517339411722
21,12,0.0,4.155848615630856,0.0,0.0,4.155848615630856,0.0,4.38
22,12,0.0,4.2067689078263895,0.0,0.0,4.2067689078263895,0.0,4.38
23,12,0.0,2.2071051908491364,0.0,0.0,2.2071051908491364,0.0,4.38
0,12,0.0,1.7698938726983284,0.0,0.0,1.7698938726983284,0.0,4.38
1,12,0.0,2.1126925642933614,0.0,0.0,2.1126925642933614,0.0,4.38
2,12,0.0,3.9889406978559023,0.0,0.0,3.9889406978559023,0.0,4.38
3,12,0.0,6.098699400363622,0.0,0.0,6.098699400363622,0.0,4.38
4,12,0.0,1.6071426250364336,0.0,0.0,1.6071426250364336,0.0,4.38
5,12,0.0,2.1648946002967544,0.0,0.0,2.1648946002967544,0.0,4.38
6,12,0.0,1.8783836309810311,0.0,0.0,1.8783836309810311,0.0,4.38
7,12,0.0,1.6567624429223744,0.0,0.0,1.6567624429223744,0.0,4.38
8,12,0.241156502487022,2.0669280034507604,0.0,0.0,1.8257715009637385,0.0,4.38
9,12,2.159944312455862,1.6452624429223746,0.5146818695334874,0.0,0.0,0.0,4.38
10,12,3.63531442739023,2.055040916257122,1.5802735111331079,0.0,0.0,0.0,4.89762629763448
11,12,4.5878155825138265,0.7116874429223744,3.876128139591452,0.0,0.0,0.0,6.486949602799103
12,12,5.07033036274388,1.7346437265211336,3.335686636222746,0.0,0.0,0.0,10.385344966873374
13,12,5.095374937632165,0.7269624429223744,4.368412494709791,0.0,0.0,0.0,13.7403412809679
14,12,4.6961224328919355,0.6390124429223745,4.057109989969561,0.0,0.0,0.0,18.134207545997413
15,12,3.904124180317184,0.5048874429223744,0.6708675378173125,0.0,0.0,2.728369199577497,22.215159130387786
16,12,2.6182782298186136,0.6848874429223744,0.0,0.0,0.0,1.9333907868962392,22.89
17,12,1.404525253540617,1.8558957966416656,0.0,0.4513705431010486,0.0,0.0,22.89
18,12,0.0004571218359736,1.3691374429223744,0.0,1.3686803210864007,0.0,0.0,22.338089540706363
19,12,0.0,2.550761459709553,0.0,2.550761459709553,0.0,0.0,20.66453583954531
20,12,0.0,1.4532874429223743,0.0,1.4532874429223743,0.0,0.0,17.545544257947064
21,12,0.0,0.9253624429223744,0.0,0.9253624429223744,0.0,0.0,15.768458389333272
22,12,0.0,0.9636124429223742,0.0,0.9636124429223742,0.0,0.0,14.63690277427877
23,12,0.0,0.9942124429223744,0.0,0.9942124429223744,0.0,0.0,13.458561792680113
0,12,0.0,0.9029374429223744,0.0,0.9029374429223744,0.0,0.0,12.242788739619575
1,12,0.0,0.9067624429223744,0.0,0.9067624429223744,0.0,0.0,11.138618930345338
2,12,0.0,2.6158074988750273,0.0,2.6158074988750273,0.0,0.0,10.02976033463325
3,12,0.0,0.8952874429223744,0.0,0.8952874429223744,0.0,0.0,6.8309176622627445
4,12,0.0,0.9105874429223744,0.0,0.9105874429223744,0.0,0.0,5.736047927601738
5,12,0.0,0.7726624429223744,0.0,0.19825510197239954,0.5744073409499748,0.0,4.6224561509882385
6,12,0.0,2.61562983853342,0.0,0.0,2.61562983853342,0.0,4.38
7,12,0.0,3.785357074561437,0.0,0.0,3.785357074561437,0.0,4.38
8,12,0.2466924344034261,1.97447034713771,0.0,0.0,1.727777912734284,0.0,4.38
9,12,2.240328086662568,2.059329724139197,0.1809983625233711,0.0,0.0,0.0,4.38
10,12,3.7658319883829505,1.936651378715848,1.8291806096671026,0.0,0.0,0.0,4.562102932201461
11,12,4.702815324633394,0.8302374429223744,3.8725778817110195,0.0,0.0,0.0,6.402450161169378
12,12,5.1230833626680035,0.5584374429223744,4.5646459197456295,0.0,0.0,0.0,10.298749676644462
13,12,5.117282635841823,0.4934124429223744,4.623870192919449,0.0,0.0,0.0,14.891557828650456
14,12,4.687438749523828,2.2814265489962904,2.4060122005275377,0.0,0.0,0.0,19.544196031154897
15,12,3.8906552663966134,3.523730317384869,0.36692494901174433,0.0,0.0,0.0,21.96530426872213
16,12,2.7686043716829807,3.3662499026289345,0.0,0.5976455309459539,0.0,0.0,22.334541470680737
17,12,1.492270823265715,1.847344655608412,0.0,0.3550738323426972,0.0,0.0,21.603501363346822
18,12,0.0004552120815613,2.0363856482145684,0.0,2.035930436133007,0.0,0.0,21.16917205737268
19,12,0.0,3.053835389341346,0.0,3.053835389341346,0.0,0.0,18.678794769104428
20,12,0.0,0.6650374429223744,0.0,0.6650374429223744,0.0,0.0,14.943216457119673
21,12,0.0,0.7071124429223744,0.0,0.7071124429223744,0.0,0.0,14.129686904636342
22,12,0.0,0.7338874429223745,0.0,0.7338874429223745,0.0,0.0,13.264681172270027
23,12,0.0,0.7606624429223744,0.0,0.7606624429223744,0.0,0.0,12.36691458172175
0,12,0.0,0.8723374429223744,0.0,0.8723374429223744,0.0,0.0,11.436386326387357
1,12,0.0,0.6961624429223743,0.0,0.6961624429223743,0.0,0.0,10.369235401698498
2,12,0.0,0.6464374429223744,0.0,0.6464374429223744,0.0,0.0,9.517595089921949
3,12,0.0,0.6770374429223743,0.0,0.6770374429223743,0.0,0.0,8.726778908761299
4,12,0.0,0.7650124429223744,0.0,0.7650124429223744,0.0,0.0,7.898522300860307
5,12,0.0,0.9832624429223744,0.0,0.9832624429223744,0.0,0.0,6.962633932279242
6,12,0.0,0.8529874429223744,0.0,0.8529874429223744,0.0,0.0,5.759736041450956
7,12,0.0,3.640427706503036,0.0,0.2748093100554019,3.3656183964476343,0.0,4.716201605626247
8,12,0.2088261854787551,3.632145860182668,0.0,0.0,3.423319674703913,0.0,4.38
9,12,2.1105324243836514,0.8414874429223744,1.269044981461277,0.0,0.0,0.0,4.38
10,12,3.576288900024984,0.9182124429223744,2.6580764571026094,0.0,0.0,0.0,5.657259651810626
11,12,4.559699334408515,2.176772414532702,2.382926919875813,0.0,0.0,0.0,8.332580575722497
12,12,5.027252212972788,1.7569817143921471,3.270270498580641,0.0,0.0,0.0,10.731039092931296
13,12,5.063464927673418,1.9389191341720728,3.124545793501345,0.0,0.0,0.0,14.022713588390953
14,12,4.687354877427903,3.5551400559056043,1.1322148215222985,0.0,0.0,0.0,17.16782606867081
15,12,3.921514670563864,1.1551725601760474,2.766342110387817,0.0,0.0,0.0,18.307533787399173
16,12,2.7863385668436536,3.270186771914494,0.0,0.48384820507084036,0.0,0.0,21.09221900688787
17,12,1.4925176282017725,0.8730195247168366,0.6194981034849358,0.0,0.0,0.0,20.500166156076485
18,12,0.0004541703973364,2.973349696815597,0.0,2.972895526418261,0.0,0.0,21.123794991037524
19,12,0.0,2.4878521891630445,0.0,2.4878521891630445,0.0,0.0,17.48601511414978
20,12,0.0,2.1365540044139535,0.0,2.1365540044139535,0.0,0.0,14.4416554146752
21,12,0.0,0.7147624429223745,0.0,0.7147624429223745,0.0,0.0,11.827102106301421
22,12,0.0,0.8794624429223743,0.0,0.8794624429223743,0.0,0.0,10.952408686043759
23,12,0.0,0.7989124429223744,0.0,0.7989124429223744,0.0,0.0,9.87615426469425
0,12,0.0,0.7191124429223744,0.0,0.7191124429223744,0.0,0.0,8.898464290265025
1,12,0.0,0.7229374429223744,0.0,0.7229374429223744,0.0,0.0,8.018423687894645
2,12,0.0,0.9144124429223744,0.0,0.9144124429223744,0.0,0.0,7.133694893812551
3,12,0.0,0.9067624429223744,0.0,0.9067624429223744,0.0,0.0,6.014630374530957
4,12,0.0,0.7535374429223743,0.0,0.42891205890279366,0.3246253840195807,0.0,4.904916487372163
5,12,0.0,1.0138624429223744,0.0,0.0,1.0138624429223744,0.0,4.38
6,12,0.0,0.9756124429223744,0.0,0.0,0.9756124429223744,0.0,4.38
7,12,0.0,0.9641374429223744,0.0,0.0,0.9641374429223744,0.0,4.38
8,12,0.208971862568693,2.761594334186761,0.0,0.0,2.552622471618068,0.0,4.38
9,12,2.232387800422623,2.562415721447547,0.0,0.0,0.3300279210249242,0.0,4.38
10,12,3.7514569028982088,0.6119874429223744,3.1394694599758344,0.0,0.0,0.0,4.38
11,12,4.695636606036464,1.1104620031116834,3.5851746029247806,0.0,0.0,0.0,7.540914977178397
12,12,5.146905634993979,0.8601924511820781,4.286713183811901,0.0,0.0,0.0,11.15070803937437
13,12,5.143954868323095,2.44529256748695,2.698662300836145,0.0,0.0,0.0,15.467032242291097
14,12,4.7470636513873155,0.8468185375015062,3.900245113885809,0.0,0.0,0.0,18.184467845772797
15,12,3.9684065906893946,0.8680508736910753,0.7726020580356393,0.0,0.0,2.32775365896268,22.111965160820827
16,12,2.8462605013306304,0.8453727130062257,0.0,0.0,0.0,2.0008877883244045,22.89
17,12,1.5635658388241545,0.7705081837913317,0.0,0.0,0.0,0.7930576550328228,22.89
18,12,0.0004501772744743,3.1221700134716652,0.0,3.1217198361971907,0.0,0.0,22.89
19,12,0.0,2.8121385140314192,0.0,2.8121385140314192,0.0,0.0,19.068723843549076
20,12,0.0,2.6532244710490387,0.0,2.6532244710490387,0.0,0.0,15.626282350582697
21,12,0.0,0.7838374429223743,0.0,0.7838374429223743,0.0,0.0,12.37826986582329
22,12,0.0,0.8220874429223743,0.0,0.8220874429223743,0.0,0.0,11.418686400793005
23,12,0.0,0.6688624429223744,0.0,0.6688624429223744,0.0,0.0,10.4122678763623
0,12,0.0,0.7499374429223744,0.0,0.7499374429223744,0.0,0.0,9.593423325775511
1,12,0.0,0.5890624429223744,0.0,0.5890624429223744,0.0,0.0,8.675316996800166
2,12,0.0,0.6579124429223744,0.0,0.6579124429223744,0.0,0.0,7.954154775335659
3,12,0.0,0.6732124429223744,0.0,0.6732124429223744,0.0,0.0,7.148697270434258
4,12,0.0,0.6655624429223743,0.0,0.6655624429223743,0.0,0.0,6.324502406155197
5,12,0.0,0.8608624429223745,0.0,0.8608624429223745,0.0,0.0,5.509667004205556
6,12,0.0,0.8608624429223745,0.0,0.06184877924255559,0.7990136636798189,0.0,4.455721590136991
7,12,0.0,0.8876374429223743,0.0,0.0,0.8876374429223743,0.0,4.38
8,12,0.2024685648969925,2.51592873945789,0.0,0.0,2.313460174560898,0.0,4.38
9,12,2.061725382159146,2.280989663283272,0.0,0.0,0.21926428112412566,0.0,4.38
10,12,3.5301802438588483,0.4819624429223744,3.0482178009364738,0.0,0.0,0.0,4.38
11,12,4.443230554309354,0.4092624429223744,4.033968111386979,0.0,0.0,0.0,7.450205018102117
12,12,4.895636617039448,0.3289374429223743,4.5666991741170735,0.0,0.0,0.0,11.51341103501901
13,12,4.933300462550022,2.9679660825603316,1.9653343799896907,0.0,0.0,0.0,16.1134195704739
14,12,4.5649417004111985,1.6356291579473412,2.9293125424638573,0.0,0.0,0.0,18.093191486044695
15,12,3.818830816540342,0.2562624429223744,1.832348246804816,0.0,0.0,1.7302201268131518,21.044088760638473
16,12,2.7312598529567444,0.4400874429223744,0.0,0.0,0.0,2.29117241003437,22.89
17,12,1.464170786582524,0.2983374429223744,0.0,0.0,0.0,1.1658333436601496,22.89
18,12,0.0004493092042869,2.9900186429990447,0.0,2.989569333794758,0.0,0.0,22.89
19,12,0.0,4.45355131711381,0.0,4.45355131711381,0.0,0.0,19.22909919854113
20,12,0.0,4.5843111321275245,0.0,4.5843111321275245,0.0,0.0,13.775282888443966
21,12,0.0,4.532504610245101,0.0,3.087268784774894,1.4452358254702071,0.0,8.161054817166624
22,12,0.0,2.563281682879136,0.0,0.0,2.563281682879136,0.0,4.38
23,12,0.0,0.5617624429223744,0.0,0.0,0.5617624429223744,0.0,4.38
0,12,0.0,0.5431624429223744,0.0,0.0,0.5431624429223744,0.0,4.38
1,12,0.0,0.6426124429223744,0.0,0.0,0.6426124429223744,0.0,4.38
2,12,0.0,0.6770374429223743,0.0,0.0,0.6770374429223743,0.0,4.38
3,12,0.0,0.6999874429223744,0.0,0.0,0.6999874429223744,0.0,4.38
4,12,0.0,0.8876374429223743,0.0,0.0,0.8876374429223743,0.0,4.38
5,12,0.0,0.7229374429223744,0.0,0.0,0.7229374429223744,0.0,4.38
6,12,0.0,0.7420624429223743,0.0,0.0,0.7420624429223743,0.0,4.38
7,12,0.0,0.7497124429223744,0.0,0.0,0.7497124429223744,0.0,4.38
8,12,0.163857566683497,2.001643824150714,0.0,0.0,1.837786257467217,0.0,4.38
9,12,2.0332994693240605,1.6979441392307388,0.33535533009332164,0.0,0.0,0.0,4.38
10,12,3.518454780063691,1.9198003638925916,1.5986544161710996,0.0,0.0,0.0,4.717902517202972
11,12,4.446773132252281,4.4765124286585944,0.0,0.02973929640631301,0.0,0.0,6.328705615478571
12,12,4.903368637027478,3.618862293920944,1.2845063431065342,0.0,0.0,0.0,6.292281086932222
13,12,4.945646201584451,2.6406046837819623,2.305041517802489,0.0,0.0,0.0,7.5865726908602555
14,12,4.584602876958016,0.2753874429223744,4.309215434035641,0.0,0.0,0.0,9.909207637813077
15,12,3.845474354883106,0.3712624429223744,3.4742119119607313,0.0,0.0,0.0,14.251426986686583
16,12,2.75741959169267,0.2562624429223744,2.5011571487702957,0.0,0.0,0.0,17.752418606654267
17,12,1.4995150348923032,0.4630374429223743,1.036477591969929,0.0,0.0,0.0,20.272954291061048
18,12,0.0005598991385094,1.3464124429223745,0.0,1.345852543783865,0.0,0.0,21.317491950596903
19,12,0.0,2.383566187706503,0.0,2.383566187706503,0.0,0.0,19.668819869345146
20,12,0.0,2.662083871900254,0.0,2.662083871900254,0.0,0.0,16.748901928857748
21,12,0.0,4.4459360287994825,0.0,4.4459360287994825,0.0,0.0,13.48770593042067
22,12,0.0,3.7489374789854177,0.0,2.9882243420042722,0.7607131369811455,0.0,8.041030656887557
23,12,0.0,2.828682936970218,0.0,0.0,2.828682936970218,0.0,4.38
0,12,0.0,0.4934374429223743,0.0,0.0,0.4934374429223743,0.0,4.38
1,12,0.0,0.6925624429223745,0.0,0.0,0.6925624429223745,0.0,4.38
2,12,0.0,0.5546374429223744,0.0,0.0,0.5546374429223744,0.0,4.38
3,12,0.0,0.7537624429223744,0.0,0.0,0.7537624429223744,0.0,4.38
4,12,0.0,0.7652374429223745,0.0,0.0,0.7652374429223745,0.0,4.38
5,12,0.0,0.7614124429223744,0.0,0.0,0.7614124429223744,0.0,4.38
6,12,0.0,0.5967124429223744,0.0,0.0,0.5967124429223744,0.0,4.38
7,12,0.0,0.6043624429223744,0.0,0.0,0.6043624429223744,0.0,4.38
8,12,0.0295836659730556,2.5866680327890235,0.0,0.0,2.557084366815968,0.0,4.38
9,12,0.5496339554478983,1.3008124429223744,0.0,0.0,0.7511784874744761,0.0,4.38
10,12,1.1301024497337169,0.5393124429223743,0.5907900068113425,0.0,0.0,0.0,4.38
11,12,2.442231922317065,2.6110807605681896,0.0,0.16884883825112462,0.0,0.0,4.975484561420351
12,12,2.383127832466197,1.0262376543604057,1.3568901781057912,0.0,0.0,0.0,4.768610582547887
13,12,1.8754391607645953,0.3365874429223744,1.538851717842221,0.0,0.0,0.0,6.13629470554531
14,12,2.710611887096565,0.2830374429223744,2.4275744441741907,0.0,0.0,0.0,7.687411721612043
15,12,1.5367488006824372,0.2677374429223744,1.2690113577600628,0.0,0.0,0.0,10.134377656986013
16,12,0.7714204606995613,0.2677374429223744,0.5036830177771869,0.0,0.0,0.0,11.413561103295349
17,12,0.1771010147352476,0.3518874429223744,0.0,0.17478642818712678,0.0,0.0,11.921288828717168
18,12,0.0114811171308867,0.4125874429223743,0.0,0.40110632579148764,0.0,0.0,11.707122459202143
19,12,0.0,4.451912176793159,0.0,4.451912176793159,0.0,0.0,11.21564462113426
20,12,0.0,5.134746134609605,0.0,1.1267317767045928,4.0080143579050125,0.0,5.760666767615203
21,12,0.0,0.6614374429223744,0.0,0.0,0.6614374429223744,0.0,4.38
22,12,0.0,0.7494124429223743,0.0,0.0,0.7494124429223743,0.0,4.38
23,12,0.0,0.8067874429223744,0.0,0.0,0.8067874429223744,0.0,4.38
0,12,0.0,2.73391152599599,0.0,0.0,2.73391152599599,0.0,4.38
1,12,0.0,2.47735651065094,0.0,0.0,2.47735651065094,0.0,4.38
2,12,0.0,0.5814124429223744,0.0,0.0,0.5814124429223744,0.0,4.38
3,12,0.0,0.6081874429223744,0.0,0.0,0.6081874429223744,0.0,4.38
4,12,0.0,1.4453563291908709,0.0,0.0,1.4453563291908709,0.0,4.38
5,12,0.0,3.0483138223668433,0.0,0.0,3.0483138223668433,0.0,4.38
6,12,0.0,0.6999874429223744,0.0,0.0,0.6999874429223744,0.0,4.38
7,12,0.0,0.7267624429223744,0.0,0.0,0.7267624429223744,0.0,4.38
8,12,0.1591373480822585,3.3924246413815697,0.0,0.0,3.2332872932993113,0.0,4.38
9,12,1.703614394510078,0.6273124429223743,1.0763019515877037,0.0,0.0,0.0,4.38
10,12,2.3888277706634335,0.5813874429223744,1.8074403277410591,0.0,0.0,0.0,5.46502686266813
11,12,4.038293285475366,2.7273946599502077,1.3108986255251587,0.0,0.0,0.0,7.287141226503223
12,12,4.767086138935529,2.745680554289705,2.021405584645824,0.0,0.0,0.0,8.608709712265544
13,12,4.768864264525003,2.061509904156546,2.7073543603684564,0.0,0.0,0.0,10.646598517606032
14,12,4.325365621929695,3.567885737267179,0.7574798846625161,0.0,0.0,0.0,13.376092129296461
15,12,2.817207624617052,0.8065747913723931,2.0106328332446592,0.0,0.0,0.0,14.139789716295427
16,12,2.285398748803672,0.4767624429223743,1.808636305881298,0.0,0.0,0.0,16.166944055468036
17,12,0.9186599670356514,0.2922624429223744,0.6263975241132771,0.0,0.0,0.0,17.990483632640352
18,12,0.0226275658117645,0.5176624429223744,0.0,0.4950348771106099,0.0,0.0,18.622055665696486
19,12,0.0,2.8182179374914527,0.0,2.8182179374914527,0.0,0.0,18.015348314760505
20,12,0.0,0.5084374429223744,0.0,0.5084374429223744,0.0,0.0,14.561363113207522
21,12,0.0,1.4015089936714693,0.0,1.4015089936714693,0.0,0.0,13.938206359413828
22,12,0.0,1.6460940585650137,0.0,1.6460940585650137,0.0,0.0,12.220463412139306
23,12,0.0,1.7376293230850228,0.0,1.7376293230850228,0.0,0.0,10.202915595140196
0,12,0.0,0.3939874429223744,0.0,0.3939874429223744,0.0,0.0,8.0731371118817
1,12,0.0,0.4131124429223744,0.0,0.4131124429223744,0.0,0.0,7.590224843463392
2,12,0.0,0.4284124429223743,0.0,0.4284124429223743,0.0,0.0,7.0838687092665555
3,12,0.0,0.4322374429223744,0.0,0.4322374429223744,0.0,0.0,6.55875674827781
4,12,0.0,0.4437124429223743,0.0,0.4437124429223743,0.0,0.0,6.028953849103003
5,12,0.0,0.6390124429223745,0.0,0.6390124429223745,0.0,0.0,5.485083124456411
6,12,0.0,0.4819624429223744,0.0,0.26255406435129686,0.21940837857107753,0.0,4.701823796854701
7,12,0.0,3.824534245585373,0.0,0.0,3.824534245585373,0.0,4.38
8,12,0.0233934425828705,5.261148395029335,0.0,0.0,5.237754952446465,0.0,4.38
9,12,0.7894458054093376,6.037526169521312,0.0,0.0,5.248080364111974,0.0,4.38
10,12,0.7071740313658991,3.4433478298421742,0.0,0.0,2.7361737984762753,0.0,4.38
11,12,1.3655443883566554,2.2272279471451344,0.0,0.0,0.861683558788479,0.0,4.38
12,12,1.115851024040589,0.2792374429223744,0.8366135811182146,0.0,0.0,0.0,4.38
13,12,4.3273539101258915,0.4542624429223743,3.8730914672035173,0.0,0.0,0.0,5.223641814494173
14,12,4.343925785099954,0.3282624429223745,4.01566334217758,0.0,0.0,0.0,9.12930746138419
15,12,3.5256478765440766,0.3552624429223744,3.170385433621702,0.0,0.0,0.0,13.178921992661731
16,12,2.3546615971657725,0.3507624429223744,2.003899154243398,0.0,0.0,0.0,16.376257709580603
17,12,1.2733999793991977,0.5082624429223744,0.7651375364768233,0.0,0.0,0.0,18.397263967031655
18,12,0.0005514354541821,1.2721624429223743,0.0,1.2716110074681923,0.0,0.0,19.16895095683586
19,12,0.0,1.9858530981747724,0.0,1.9858530981747724,0.0,0.0,17.61001873243488
20,12,0.0,2.1612795424542126,0.0,2.1612795424542126,0.0,0.0,15.175425893329365
21,12,0.0,0.3093124429223744,0.0,0.3093124429223744,0.0,0.0,12.52570610217864
22,12,0.0,0.5352124429223744,0.0,0.5352124429223744,0.0,0.0,12.1464810253928
23,12,0.0,0.3896374429223744,0.0,0.3896374429223744,0.0,0.0,11.490294387117679
0,12,0.0,0.4860124429223744,0.0,0.4860124429223744,0.0,0.0,11.012584199563157
1,12,0.0,0.3174874429223744,0.0,0.3174874429223744,0.0,0.0,10.416711995966907
2,12,0.0,0.3978124429223744,0.0,0.3978124429223744,0.0,0.0,10.027456559703927
3,12,0.0,0.6045874429223744,0.0,0.6045874429223744,0.0,0.0,9.539716911051684
4,12,0.0,0.5010874429223744,0.0,0.5010874429223744,0.0,0.0,8.798456542500865
5,12,0.0,2.1984237761281245,0.0,2.1984237761281245,0.0,0.0,8.184089150182299
6,12,0.0,2.77694514921541,0.0,0.9042093269515867,1.872735822263823,0.0,5.4886562848978855
7,12,0.0,4.051599156446569,0.0,0.0,4.051599156446569,0.0,4.38
8,12,0.0058458441216262,5.385718698152986,0.0,0.0,5.37987285403136,0.0,4.38
9,12,0.0408938013817128,4.911523921610186,0.0,0.0,4.870630120228474,0.0,4.38
10,12,0.1631957009514596,2.635700405820715,0.0,0.0,2.4725047048692557,0.0,4.38
11,12,0.2612841250614178,1.5523495362014523,0.0,0.0,1.2910654111400346,0.0,4.38
12,12,0.226336781893304,1.854701544637136,0.0,0.0,1.628364762743832,0.0,4.38
13,12,0.3984915052034471,0.5010624429223745,0.0,0.0,0.10257093771892734,0.0,4.38
14,12,0.2547225216139178,0.6772374429223744,0.0,0.0,0.42251492130845664,0.0,4.38
15,12,0.8610268620771876,2.4605130356420157,0.0,0.0,1.599486173564828,0.0,4.38
16,12,0.7081545078939705,0.5739874429223745,0.13416706497159603,0.0,0.0,0.0,4.38
17,12,0.3934878722192925,0.6542874429223743,0.0,0.11037678565266086,0.15042278505042095,0.0,4.515335209820637
18,12,0.0116280586044128,1.4688124429223743,0.0,0.0,1.4571843843179615,0.0,4.38
19,12,0.0,2.6588991849052395,0.0,0.0,2.6588991849052395,0.0,4.38
20,12,0.0,0.5349874429223744,0.0,0.0,0.5349874429223744,0.0,4.38
21,12,0.0,2.612411665800368,0.0,0.0,2.612411665800368,0.0,4.38
22,12,0.0,2.7175908740868815,0.0,0.0,2.7175908740868815,0.0,4.38
23,12,0.0,3.107985835121492,0.0,0.0,3.107985835121492,0.0,4.38
0,12,0.0,2.5539491503462313,0.0,0.0,2.5539491503462313,0.0,4.38
1,12,0.0,2.882167570954058,0.0,0.0,2.882167570954058,0.0,4.38
2,12,0.0,2.2791167225429443,0.0,0.0,2.2791167225429443,0.0,4.38
3,12,0.0,2.178804979686243,0.0,0.0,2.178804979686243,0.0,4.38
4,12,0.0,2.190381827688753,0.0,0.0,2.190381827688753,0.0,4.38
5,12,0.0,2.831231187421948,0.0,0.0,2.831231187421948,0.0,4.38
6,12,0.0,4.207519465352659,0.0,0.0,4.207519465352659,0.0,4.38
7,12,0.0,4.2786317437638095,0.0,0.0,4.2786317437638095,0.0,4.38
8,12,0.0410808178025642,4.6356618087294965,0.0,0.0,4.594580990926932,0.0,4.38
9,12,0.6379797985207122,2.837849500821635,0.0,0.0,2.199869702300923,0.0,4.38
10,12,1.7612748056514194,3.8088621157033113,0.0,0.0,2.0475873100518918,0.0,4.38
11,12,2.0209888159139187,2.223284527866668,0.0,0.0,0.20229571195274954,0.0,4.38
12,12,1.9639223964236872,1.8674853388433323,0.09643705758035481,0.0,0.0,0.0,4.38
13,12,2.712919059101259,1.3428047698766268,1.370114289224632,0.0,0.0,0.0,4.4772769706292745
14,12,2.3778934908361236,3.4710487052206123,0.0,1.0931552143844887,0.0,0.0,5.859325704443836
15,12,1.6058149347485025,1.875797994109191,0.0,0.11333128945723052,0.15665176990345792,0.0,4.518961997031329
16,12,1.1343408803356942,0.3786624429223744,0.7556784374133199,0.0,0.0,0.0,4.38
17,12,0.3029535444491517,0.4054374429223744,0.0,0.1024838984732227,0.0,0.0,5.142283097176766
18,12,0.0231262762673684,0.4852624429223744,0.0,0.462136166655006,0.0,0.0,5.0166204694691725
19,12,0.0,0.4929124429223744,0.0,0.05705744939411173,0.4358549935282627,0.0,4.449962550877332
20,12,0.0,0.5005624429223744,0.0,0.0,0.5005624429223744,0.0,4.38
21,12,0.0,0.5426374429223745,0.0,0.0,0.5426374429223745,0.0,4.38
22,12,0.0,0.7341124429223743,0.0,0.0,0.7341124429223743,0.0,4.38
23,12,0.0,0.7494124429223743,0.0,0.0,0.7494124429223743,0.0,4.38
0,12,0.0,0.6581374429223744,0.0,0.0,0.6581374429223744,0.0,4.38
1,12,0.0,1.0125729503073448,0.0,0.0,1.0125729503073448,0.0,4.38
2,12,0.0,0.4972624429223744,0.0,0.0,0.4972624429223744,0.0,4.38
3,12,0.0,0.9241702277052198,0.0,0.0,0.9241702277052198,0.0,4.38
4,12,0.0,1.1134212372173748,0.0,0.0,1.1134212372173748,0.0,4.38
5,12,0.0,0.9838203603725332,0.0,0.0,0.9838203603725332,0.0,4.38
6,12,0.0,0.5163874429223744,0.0,0.0,0.5163874429223744,0.0,4.38
7,12,0.0,1.8251137659124024,0.0,0.0,1.8251137659124024,0.0,4.38
8,12,0.0352961519353729,3.704050369569121,0.0,0.0,3.668754217633748,0.0,4.38
9,12,1.4098565747780492,4.056493979974023,0.0,0.0,2.6466374051959742,0.0,4.38
10,12,3.1479393387247985,1.644783357145289,1.5031559815795095,0.0,0.0,0.0,4.38
11,12,4.190746819380745,1.555233333097862,2.6355134862828833,0.0,0.0,0.0,5.896317324781642
12,12,4.699505596113351,0.9387998312880932,3.760705764825258,0.0,0.0,0.0,8.554952207769874
13,12,4.709246312323819,3.5660593149282054,1.1431869973956132,0.0,0.0,0.0,12.348764162406972
14,12,3.90898187832304,3.6640121089092705,0.24496976941376936,0.0,0.0,0.0,13.50206406745899
15,12,3.4170763835220512,3.6839211631414073,0.0,0.26684477961935604,0.0,0.0,13.749204104861889
16,12,2.4611358004425923,2.083786164576506,0.37734963586608616,0.0,0.0,0.0,13.421970385514985
17,12,1.2987295897743598,1.7228255814196998,0.0,0.42409599164533995,0.0,0.0,13.802665297581878
18,12,0.0006794297050725,1.7127767511614989,0.0,1.7120973214564263,0.0,0.0,13.282589456022048
19,12,0.0,3.883052816933115,0.0,3.883052816933115,0.0,0.0,11.183006440457318
20,12,0.0,3.0700337253761103,0.0,1.6642528613579712,1.405780864018139,0.0,6.421039897629641
21,12,0.0,4.1502210135465285,0.0,0.0,4.1502210135465285,0.0,4.38
22,12,0.0,3.3930175207851185,0.0,0.0,3.3930175207851185,0.0,4.38
23,12,0.0,3.5649219141414563,0.0,0.0,3.5649219141414563,0.0,4.38
0,12,0.0,0.6120124429223743,0.0,0.0,0.6120124429223743,0.0,4.38
1,12,0.0,0.6120124429223743,0.0,0.0,0.6120124429223743,0.0,4.38
2,12,0.0,0.5928874429223744,0.0,0.0,0.5928874429223744,0.0,4.38
3,12,0.0,0.6043624429223744,0.0,0.0,0.6043624429223744,0.0,4.38
4,12,0.0,0.6196624429223744,0.0,0.0,0.6196624429223744,0.0,4.38
5,12,0.0,2.436613738462069,0.0,0.0,2.436613738462069,0.0,4.38
6,12,0.0,0.6196624429223744,0.0,0.0,0.6196624429223744,0.0,4.38
7,12,0.0,2.649498143235472,0.0,0.0,2.649498143235472,0.0,4.38
8,12,0.0237229477053231,5.077888926289872,0.0,0.0,5.054165978584549,0.0,4.38
9,12,0.3465055361955869,4.244919631165945,0.0,0.0,3.8984140949703576,0.0,4.38
10,12,0.8367404750402636,2.2118089249417556,0.0,0.0,1.375068449901492,0.0,4.38
11,12,1.2340636100697946,0.5699124429223743,0.6641511671474203,0.0,0.0,0.0,4.38
12,12,1.9247184764722565,0.5240124429223745,1.400706033549882,0.0,0.0,0.0,5.050100296586305
13,12,2.148548872568451,1.9124501782382803,0.23609869433017083,0.0,0.0,0.0,6.463363798143221
14,12,2.1332613987588944,0.6428124429223744,1.49044895583652,0.0,0.0,0.0,6.701582927893761
15,12,1.388110819844313,0.4551624429223744,0.9329483769219387,0.0,0.0,0.0,8.205421844440549
16,12,0.9051552698653462,0.3978124429223744,0.5073428269429718,0.0,0.0,0.0,9.146767608929933
17,12,0.5084434364331699,0.5240124429223745,0.0,0.015569006489204562,0.0,0.0,9.658682405692934
18,12,0.0293053677277409,0.6229624429223743,0.0,0.5936570751946334,0.0,0.0,9.63958707980554
19,12,0.0,0.6382624429223744,0.0,0.6382624429223744,0.0,0.0,8.911468858043241
20,12,0.0,0.6535624429223743,0.0,0.6535624429223743,0.0,0.0,8.128637041515123
21,12,0.0,0.6918124429223744,0.0,0.6918124429223744,0.0,0.0,7.327033897237955
22,12,0.0,0.9024124429223744,0.0,0.9024124429223744,0.0,0.0,6.478510317620851
23,12,0.0,0.7644874429223745,0.0,0.7644874429223745,0.0,0.0,5.371672391692988
0,12,0.0,0.8838124429223745,0.0,0.044021097439191546,0.8397913454831829,0.0,4.433994315471131
1,12,0.0,0.6885124429223743,0.0,0.0,0.6885124429223743,0.0,4.38
2,12,0.0,0.6999874429223744,0.0,0.0,0.6999874429223744,0.0,4.38
3,12,0.0,2.9234917166419856,0.0,0.0,2.9234917166419856,0.0,4.38
4,12,0.0,2.9879810973070247,0.0,0.0,2.9879810973070247,0.0,4.38
5,12,0.0,0.8761624429223743,0.0,0.0,0.8761624429223743,0.0,4.38
6,12,0.0,0.8761624429223743,0.0,0.0,0.8761624429223743,0.0,4.38
7,12,0.0,3.4165952446726298,0.0,0.0,3.4165952446726298,0.0,4.38
8,12,0.0722830305922695,0.7076374429223743,0.0,0.0,0.6353544123301048,0.0,4.38
9,12,0.7724026222748568,0.7305624429223744,0.04184017935248241,0.0,0.0,0.0,4.38
10,12,1.8614241485499896,0.7843624429223743,1.0770617056276153,0.0,0.0,0.0,4.4222195318562205
11,12,2.9556553473226215,0.6081624429223744,2.347492904400247,0.0,0.0,0.0,5.5090471528840155
12,12,4.040070119170468,0.5622624429223744,3.477807676248094,0.0,0.0,0.0,7.877854166039763
13,12,4.259771571985113,3.232512368491109,1.0272592034940042,0.0,0.0,0.0,11.387332185971463
14,12,2.67759270877799,0.4398874429223743,2.2377052658556154,0.0,0.0,0.0,12.423986959899873
15,12,1.8277613701093072,0.7116624429223743,1.1160989271869328,0.0,0.0,0.0,14.682185174128259
16,12,0.5301134832766418,0.5890374429223744,0.0,0.058923959645732604,0.0,0.0,15.808533970069108
17,12,0.1051879966995431,0.5622624429223744,0.0,0.4570744462228313,0.0,0.0,15.736251139629376
18,12,0.0117527362183138,0.6459124429223744,0.0,0.6341597067040605,0.0,0.0,15.175551264830156
19,12,0.0,2.52987071259212,0.0,2.52987071259212,0.0,0.0,14.39761428715431
20,12,0.0,2.2729812577685617,0.0,2.2729812577685617,0.0,0.0,11.294146620130913
21,12,0.0,2.0278519904617864,0.0,2.0278519904617864,0.0,0.0,8.505732802044259
22,12,0.0,1.8916336386780124,0.0,1.3351300592356359,0.5565035794423765,0.0,6.017970786892812
23,12,0.0,2.0536833467664577,0.0,0.0,2.0536833467664577,0.0,4.38
0,12,0.0,0.6426124429223744,0.0,0.0,0.6426124429223744,0.0,4.38
1,12,0.0,0.6923374429223743,0.0,0.0,0.6923374429223743,0.0,4.38
2,12,0.0,0.6579124429223744,0.0,0.0,0.6579124429223744,0.0,4.38
3,12,0.0,0.6732124429223744,0.0,0.0,0.6732124429223744,0.0,4.38
4,12,0.0,0.8532124429223744,0.0,0.0,0.8532124429223744,0.0,4.38
5,12,0.0,0.8302624429223744,0.0,0.0,0.8302624429223744,0.0,4.38
6,12,0.0,0.7152874429223743,0.0,0.0,0.7152874429223743,0.0,4.38
7,12,0.0,2.1178505904055935,0.0,0.0,2.1178505904055935,0.0,4.38
8,12,0.0782758933522124,3.1235465583839854,0.0,0.0,3.045270665031773,0.0,4.38
9,12,0.4379169691553016,0.8111374429223744,0.0,0.0,0.37322047376707285,0.0,4.38
10,12,1.528772733303169,1.150193077524111,0.37857965577905817,0.0,0.0,0.0,4.38
11,12,4.358272451527771,1.0902714772753404,3.2680009742524305,0.0,0.0,0.0,4.762101654409764
12,12,4.808437949307245,1.2347169157924245,3.57372103351482,0.0,0.0,0.0,8.060519642017645
13,12,4.9232614855624535,0.9047544749081736,4.01850701065428,0.0,0.0,0.0,11.667637030044373
14,12,3.25686193793396,2.061361403171421,1.1955005347625391,0.0,0.0,0.0,15.723861504717881
15,12,1.9783755383355528,2.012467225560803,0.0,0.034091687225250134,0.0,0.0,16.930638000589315
16,12,1.587829662008852,0.4704624429223744,1.1173672190864776,0.0,0.0,0.0,16.88880693046211
17,12,0.2837165549228567,0.6810624429223744,0.0,0.3973458879995177,0.0,0.0,18.01672890598666
18,12,0.0175136223955487,0.5808874429223745,0.0,0.5633738205268258,0.0,0.0,17.529172484004345
19,12,0.0,0.6000124429223744,0.0,0.6000124429223744,0.0,0.0,16.83789123039998
20,12,0.0,2.815748910850577,0.0,2.815748910850577,0.0,0.0,16.101648273765505
21,12,0.0,2.847646019690492,0.0,2.847646019690492,0.0,0.0,12.646570878077297
22,12,0.0,0.8450374429223744,0.0,0.8450374429223744,0.0,0.0,9.152242257699484
23,12,0.0,0.8947624429223744,0.0,0.8947624429223744,0.0,0.0,8.115268562099166
0,12,0.0,0.6387874429223743,0.0,0.6387874429223743,0.0,0.0,7.017265119309854
1,12,0.0,0.6464374429223744,0.0,0.6464374429223744,0.0,0.0,6.233372205085819
2,12,0.0,0.8340874429223744,0.0,0.8340874429223744,0.0,0.0,5.440085779593756
3,12,0.0,0.6732124429223744,0.0,0.02975424649029361,0.6434581964320808,0.0,4.416514030842943
4,12,0.0,0.6961624429223743,0.0,0.0,0.6961624429223743,0.0,4.38
5,12,0.0,0.7114624429223743,0.0,0.0,0.7114624429223743,0.0,4.38
6,12,0.0,2.639368405571681,0.0,0.0,2.639368405571681,0.0,4.38
7,12,0.0,3.971977392595246,0.0,0.0,3.971977392595246,0.0,4.38
8,12,0.0358438428821522,3.0347029521275948,0.0,0.0,2.9988591092454424,0.0,4.38
9,12,0.6279442186102103,3.014606433651773,0.0,0.0,2.3866622150415626,0.0,4.38
10,12,1.4806312230559573,2.4861181243613117,0.0,0.0,1.0054869013053545,0.0,4.38
11,12,2.5154662103643997,2.6784482270117103,0.0,0.0,0.1629820166473106,0.0,4.38
12,12,2.644936000856226,2.317992279211359,0.32694372164486696,0.0,0.0,0.0,4.38
13,12,3.582583146104977,0.4092874429223743,3.173295703182603,0.0,0.0,0.0,4.710077905451148
14,12,3.955834998964931,0.6198624429223744,3.335972556042557,0.0,0.0,0.0,7.913805700376498
15,12,3.1072408168983277,0.6083874429223743,2.4988533739759533,0.0,0.0,0.0,11.281891814578131
16,12,1.8708709944950097,0.6122124429223743,1.2586585515726354,0.0,0.0,0.0,13.8048958584505
17,12,1.0367413574427042,0.6236874429223744,0.4130539145203298,0.0,0.0,0.0,15.075755038059276
18,12,0.000795096868712,0.7379374429223744,0.0,0.7371423460536624,0.0,0.0,15.492818794588969
19,12,0.0,0.6191374429223744,0.0,0.6191374429223744,0.0,0.0,14.588093730610911
20,12,0.0,1.9192300149158064,0.0,1.9192300149158064,0.0,0.0,13.828194566226426
21,12,0.0,0.6803374429223745,0.0,0.6803374429223745,0.0,0.0,11.472608487759377
22,12,0.0,2.643612096090329,0.0,2.643612096090329,0.0,0.0,10.637571345574386
23,12,0.0,0.9024124429223744,0.0,0.9024124429223744,0.0,0.0,7.3928118919363985
0,12,0.0,0.8149624429223744,0.0,0.8149624429223744,0.0,0.0,6.285161022440366
1,12,0.0,0.6158374429223743,0.0,0.6158374429223743,0.0,0.0,5.284838920095289
2,12,0.0,0.6005374429223743,0.0,0.12132717564804771,0.4792102672743266,0.0,4.5289249340390505
3,12,0.0,0.7652374429223745,0.0,0.0,0.7652374429223745,0.0,4.38
4,12,0.0,0.5661124429223744,0.0,0.0,0.5661124429223744,0.0,4.38
5,12,0.0,0.7308124429223744,0.0,0.0,0.7308124429223744,0.0,4.38
6,12,0.0,2.017986857854129,0.0,0.0,2.017986857854129,0.0,4.38
7,12,0.0,0.7155124429223744,0.0,0.0,0.7155124429223744,0.0,4.38
8,12,0.0235181201967715,2.2847366100134483,0.0,0.0,2.261218489816677,0.0,4.38
9,12,0.5556015411786909,2.5623843061753364,0.0,0.0,2.0067827649966454,0.0,4.38
10,12,0.3488666243271429,0.7384374429223743,0.0,0.0,0.38957081859523146,0.0,4.38
11,12,1.0263314716068193,0.9574723415106896,0.06885913009612965,0.0,0.0,0.0,4.38
12,12,0.8043511432351155,2.309433652287763,0.0,0.05664918637379632,1.4484333226788515,0.0,4.4495350775776705
13,12,0.4831611552853635,5.007123812265509,0.0,0.0,4.523962656980146,0.0,4.38
14,12,0.3817344043635041,3.8451840719758,0.0,0.0,3.463449667612296,0.0,4.38
15,12,1.0043950686894194,0.4284124429223743,0.5759826257670451,0.0,0.0,0.0,4.38
16,12,0.2781826607313613,0.6925374429223743,0.0,0.414354782191013,0.0,0.0,4.961637520152975
