hour,month,pv_output_kW,load_demand_kW,net_power_kW
17,12,0.27828952725756223,0.5163624429223744,-0.2380729156648122
18,12,0.0006848985472532974,1.702334336775234,-1.7016494382279805
19,12,0.0,1.851959086297907,-1.851959086297907
20,12,0.0,1.6294624429223743,-1.6294624429223743
21,12,0.0,2.6968322309251134,-2.6968322309251134
22,12,0.0,0.9291874429223743,-0.9291874429223743
23,12,0.0,0.9368374429223744,-0.9368374429223744
0,1,0.0,0.6732124429223744,-0.6732124429223744
1,1,0.0,0.8187874429223743,-0.8187874429223743
2,1,0.0,3.5569499836004654,-3.5569499836004654
3,1,0.0,4.601575114156559,-4.601575114156559
4,1,0.0,2.992365801679401,-2.992365801679401
5,1,0.0,3.25665692006532,-3.25665692006532
6,1,0.0,3.515380946078697,-3.515380946078697
7,1,0.0,5.031352591972127,-5.031352591972127
8,1,0.15970194377140748,3.18658000152121,-3.0268780577498027
9,1,2.1878370075305424,0.7573374429223744,1.430499564608168
10,1,3.737543725363189,1.200852847577326,2.536690877785863
11,1,4.69980241239988,3.649526024462074,1.0502763879378056
12,1,5.184213103151092,5.163249740708631,0.020963362442460998
13,1,5.253044503380112,4.828928216955847,0.42411628642426447
14,1,4.923259279909207,4.198628654924658,0.7246306249845489
15,1,4.207537918563742,2.615848310294325,1.5916896082694167
16,1,3.1251784769779603,0.5395374429223744,2.5856410340555858
17,1,1.8245609461499552,2.623361269846934,-0.798800323696979
18,1,0.0012456076347484041,5.353401664562304,-5.352156056927555
19,1,0.0,7.538979768208685,-7.538979768208685
20,1,0.0,3.594383336969451,-3.594383336969451
21,1,0.0,0.6726874429223744,-0.6726874429223744
22,1,0.0,0.8450374429223744,-0.8450374429223744
23,1,0.0,0.8106124429223743,-0.8106124429223743
0,1,0.0,1.4664863184243653,-1.4664863184243653
1,1,0.0,2.0314014354800447,-2.0314014354800447
2,1,0.0,0.7535374429223743,-0.7535374429223743
3,1,0.0,0.9029374429223744,-0.9029374429223744
4,1,0.0,0.8032624429223744,-0.8032624429223744
5,1,0.0,0.8491624429223743,-0.8491624429223743
6,1,0.0,0.8874124429223743,-0.8874124429223743
7,1,0.0,0.8835874429223745,-0.8835874429223745
8,1,0.0800289718002643,2.6686901604163413,-2.588661188616077
9,1,1.230365109403985,4.575527863135833,-3.3451627537318482
10,1,3.8105800664601452,3.0227435916946757,0.7878364747654696
11,1,4.7490690119688015,3.4803964804545275,1.268672531514274
12,1,5.220281631694853,5.302472370059041,-0.08219073836418822
13,1,5.2726742535478515,7.54534954920037,-2.272675295652519
14,1,3.987004292272552,4.177217280260617,-0.19021298798806496
15,1,3.0793691512432173,2.960350143004029,0.1190190082391882
16,1,2.881709984714075,1.054076622888759,1.827633361825316
17,1,1.845800115211957,0.5204374429223744,1.3253626722895826
18,1,0.001352070801452507,1.4076124429223744,-1.406260372120922
19,1,0.0,1.2658624429223744,-1.2658624429223744
20,1,0.0,2.1749196459800295,-2.1749196459800295
21,1,0.0,2.2574966124885787,-2.2574966124885787
22,1,0.0,2.7894349671572405,-2.7894349671572405
23,1,0.0,1.3560580129894155,-1.3560580129894155
0,1,0.0,1.1349253501479506,-1.1349253501479506
1,1,0.0,1.1090864941353193,-1.1090864941353193
2,1,0.0,0.8455624429223744,-0.8455624429223744
3,1,0.0,0.7841374429223743,-0.7841374429223743
4,1,0.0,1.0100374429223744,-1.0100374429223744
5,1,0.0,0.8797624429223743,-0.8797624429223743
6,1,0.0,1.0712374429223743,-1.0712374429223743
7,1,0.0,3.016220052156786,-3.016220052156786
8,1,0.15352685659812382,4.709364226439527,-4.555837369841402
9,1,2.1806251012546034,3.3571474073004035,-1.1765223060458
10,1,3.698776148472684,1.1790106007964904,2.5197655476761938
11,1,4.643058312986723,2.6917866874330536,1.951271625553669
12,1,5.080656340228148,0.6963624429223744,4.384293897305774
13,1,4.924122274082163,2.3946467857236122,2.5294754883585506
14,1,4.713525186936326,2.2092154201702754,2.5043097667660503
15,1,3.978786578325708,2.948280586584975,1.0305059917407333
16,1,2.8827979643126502,2.348347119637499,0.5344508446751512
17,1,1.7244542239591838,2.26347986109176,-0.5390256371325761
18,1,0.0013551958541271932,0.5005624429223744,-0.4992072470682472
19,1,0.0,3.1333233022478533,-3.1333233022478533
20,1,0.0,2.070350521894756,-2.070350521894756
21,1,0.0,4.801004863969878,-4.801004863969878
22,1,0.0,5.202162248904392,-5.202162248904392
23,1,0.0,4.590058946730556,-4.590058946730556
0,1,0.0,0.7155124429223744,-0.7155124429223744
1,1,0.0,0.6464374429223744,-0.6464374429223744
2,1,0.0,0.7191124429223744,-0.7191124429223744
3,1,0.0,0.7535374429223743,-0.7535374429223743
4,1,0.0,0.7803124429223743,-0.7803124429223743
5,1,0.0,0.7917874429223744,-0.7917874429223744
6,1,0.0,0.8338624429223743,-0.8338624429223743
7,1,0.0,2.0137457310803732,-2.0137457310803732
8,1,0.15253056538691254,4.567847485465768,-4.415316920078855
9,1,2.190325356540292,2.5020597457940643,-0.3117343892537723
10,1,3.7210057286518468,2.513837698896908,1.2071680297549388
11,1,4.683211257940275,0.6619624429223745,4.021248815017901
12,1,5.153566871915734,0.44751244292237446,4.70605442899336
13,1,5.199908917749061,0.3060124429223744,4.893896474826687
14,1,4.8492423984381965,0.4936374429223744,4.3556049555158225
15,1,4.1012961288309935,0.46303744292237436,3.6382586859086192
16,1,2.909605987532319,0.27921244292237446,2.6303935446099445
17,1,1.4818486621576343,2.527858056117264,-1.0460093939596296
18,1,0.0013468623803280298,4.392570392083885,-4.391223529703557
19,1,0.0,2.3547513987620166,-2.3547513987620166
20,1,0.0,0.46996244292237443,-0.46996244292237443
21,1,0.0,0.5082124429223744,-0.5082124429223744
22,1,0.0,1.7276149436991888,-1.7276149436991888
23,1,0.0,1.8476845411921456,-1.8476845411921456
0,1,0.0,1.881487517234942,-1.881487517234942
1,1,0.0,1.837202687381439,-1.837202687381439
2,1,0.0,0.5928874429223744,-0.5928874429223744
3,1,0.0,0.6540874429223744,-0.6540874429223744
4,1,0.0,0.8149624429223744,-0.8149624429223744
5,1,0.0,0.7382374429223744,-0.7382374429223744
6,1,0.0,0.7994374429223744,-0.7994374429223744
7,1,0.0,3.308818251852496,-3.308818251852496
8,1,0.15890422029456394,0.9947374429223744,-0.8358332226278105
9,1,2.2699849598214676,0.9411624429223743,1.3288225168990935
10,1,3.8042179925843285,1.214406193400821,2.5898117991835075
11,1,4.752094220098277,1.1951198765726694,3.5569743435256074
12,1,5.225447031597449,2.0339328115781203,3.1915142200193287
13,1,5.273146413329061,4.266088069096034,1.0070583442330276
14,1,4.938878597291761,3.841252134309322,1.0976264629824386
15,1,4.236468175003871,1.4617221224485575,2.774746052555314
16,1,3.1614521961722,1.536346520363715,1.625105675808485
17,1,1.8722614889955824,1.4279734938911741,0.4442879951044083
18,1,0.0015695096280660202,1.7938223137206313,-1.7922528040925652
19,1,0.0,2.171444137267418,-2.171444137267418
20,1,0.0,2.718865820008734,-2.718865820008734
21,1,0.0,2.3185314060018616,-2.3185314060018616
22,1,0.0,2.4526430934676466,-2.4526430934676466
23,1,0.0,2.4817171191528486,-2.4817171191528486
0,1,0.0,2.4355005627944073,-2.4355005627944073
1,1,0.0,2.07359316465534,-2.07359316465534
2,1,0.0,2.6002678164418285,-2.6002678164418285
3,1,0.0,2.3415752201167175,-2.3415752201167175
4,1,0.0,2.541092221794804,-2.541092221794804
5,1,0.0,0.6885124429223743,-0.6885124429223743
6,1,0.0,2.7122718876156173,-2.7122718876156173
7,1,0.0,5.60044788806163,-5.60044788806163
8,1,0.15718212078854585,2.7346799875036263,-2.5774978667150803
9,1,2.2789631360793754,3.745021108623413,-1.4660579725440375
10,1,3.8217932810528707,2.575044751012734,1.2467485300401369
11,1,4.77140017770712,0.3977874429223744,4.3736127347847455
12,1,5.264585833708094,0.32128744292237443,4.94329839078572
13,1,5.323622595097426,0.26773744292237445,5.055885152175051
14,1,4.9835090644033,4.0534672206696465,0.9300418437336537
15,1,4.29883105757183,2.1165316020213663,2.1822994555504636
16,1,3.162122447941407,1.2832679930040962,1.878854454937311
17,1,1.7304982251432082,2.2389323012559403,-0.5084340761127322
18,1,0.001330716274842151,2.0748263064273074,-2.0734955901524654
19,1,0.0,3.655287162606818,-3.655287162606818
20,1,0.0,2.4113093382657826,-2.4113093382657826
21,1,0.0,2.908103876174439,-2.908103876174439
22,1,0.0,0.5732374429223743,-0.5732374429223743
23,1,0.0,0.5120374429223744,-0.5120374429223744
0,1,0.0,0.6045874429223744,-0.6045874429223744
1,1,0.0,0.46666244292237435,-0.46666244292237435
2,1,0.0,0.6925624429223745,-0.6925624429223745
3,1,0.0,0.6770374429223743,-0.6770374429223743
4,1,0.0,0.9105874429223744,-0.9105874429223744
5,1,0.0,0.7764874429223744,-0.7764874429223744
6,1,0.0,2.622557731976728,-2.622557731976728
7,1,0.0,3.56856087474599,-3.56856087474599
8,1,0.15061299941119413,5.668248298232059,-5.517635298820864
9,1,2.211149202932551,0.9258624429223744,1.2852867600101767
10,1,3.7649113605671847,0.7919874429223743,2.9729239176448106
11,1,4.729356710204331,0.6084124429223744,4.120944267281956
12,1,5.160313534953438,0.3939624429223745,4.766351092031064
13,1,5.204351061900014,1.106085371890753,4.098265690009261
14,1,4.9295114280614705,2.0614413793696653,2.868070048691805
15,1,4.225554977017942,4.879033243474693,-0.6534782664567507
16,1,2.936853351810825,3.6244395941950804,-0.6875862423842554
17,1,1.8388619457526734,0.7460020443659714,1.092859901386702
18,1,0.0017867728782830655,0.8575761158902081,-0.855789343011925
19,1,0.0,0.47761244292237437,-0.47761244292237437
20,1,0.0,1.4611624429223744,-1.4611624429223744
21,1,0.0,0.5082124429223744,-0.5082124429223744
22,1,0.0,0.4737874429223744,-0.4737874429223744
23,1,0.0,0.49673744292237443,-0.49673744292237443
0,1,0.0,2.634597939478539,-2.634597939478539
1,1,0.0,0.7652374429223745,-0.7652374429223745
2,1,0.0,2.3857390582760214,-2.3857390582760214
3,1,0.0,0.6540874429223744,-0.6540874429223744
4,1,0.0,0.6961624429223743,-0.6961624429223743
5,1,0.0,0.7497124429223744,-0.7497124429223744
6,1,0.0,0.9756124429223744,-0.9756124429223744
7,1,0.0,2.454957813511779,-2.454957813511779
8,1,0.1566811442101543,4.601619606725445,-4.4449384625152915
9,1,2.220737469712782,0.6617374429223744,1.5590000267904078
10,1,3.757029655386908,0.5966874429223744,3.1603422124645335
11,1,4.712062942420732,0.4857624429223744,4.2263004994983575
12,1,5.127947486574775,4.286776529645432,0.8411709569293429
13,1,5.188961058710991,1.030410668168496,4.158550390542494
14,1,4.36223250400903,0.21421244292237446,4.1480200610866556
15,1,3.3098594346176746,0.2607624429223745,3.0490969916953
16,1,1.8704152168008608,2.4957577232187376,-0.6253425064178768
17,1,0.6355756993333567,0.30598744292237445,0.3295882564109822
18,1,0.0016868222003435442,2.2203298325304957,-2.218643010330152
19,1,0.0,1.4267374429223745,-1.4267374429223745
20,1,0.0,0.5043874429223745,-0.5043874429223745
21,1,0.0,0.7455874429223743,-0.7455874429223743
22,1,0.0,0.7953124429223744,-0.7953124429223744
23,1,0.0,0.6459124429223744,-0.6459124429223744
0,1,0.0,2.9722722259521905,-2.9722722259521905
1,1,0.0,0.5087374429223744,-0.5087374429223744
2,1,0.0,0.8570374429223744,-0.8570374429223744
3,1,0.0,0.7497124429223744,-0.7497124429223744
4,1,0.0,0.7803124429223743,-0.7803124429223743
5,1,0.0,0.8185624429223742,-0.8185624429223742
6,1,0.0,3.2534177696803397,-3.2534177696803397
7,1,0.0,5.162234160354794,-5.162234160354794
8,1,0.15695094903990833,5.399762004246577,-5.242811055206669
9,1,2.2309970166857283,4.3857210512761755,-2.1547240345904473
10,1,3.7985201922058978,4.075880233053939,-0.27736004084804167
11,1,4.776466087008217,2.581991059131312,2.1944750278769045
12,1,5.305361932287939,0.6542874429223743,4.6510744893655644
13,1,5.367344869353961,0.5318874429223743,4.835457426431587
14,1,5.031373344926931,0.27538744292237444,4.755985902004556
15,1,4.368582793930188,1.5583789315940972,2.810203862336091
16,1,3.293625294107877,0.29451244292237444,2.9991128511855027
17,1,1.9794634491708814,0.5357124429223744,1.4437510062485068
18,1,0.0021465188114946376,2.657973451564823,-2.655826932753328
19,1,0.0,2.992690479090294,-2.992690479090294
20,1,0.0,2.4124106985741154,-2.4124106985741154
21,1,0.0,1.8303093675065703,-1.8303093675065703
22,1,0.0,0.6191374429223744,-0.6191374429223744
23,1,0.0,0.8526874429223743,-0.8526874429223743
0,1,0.0,0.7881874429223744,-0.7881874429223744
1,1,0.0,0.6273124429223743,-0.6273124429223743
2,1,0.0,2.0335524468965973,-2.0335524468965973
3,1,0.0,0.7076374429223743,-0.7076374429223743
4,1,0.0,0.7611874429223743,-0.7611874429223743
5,1,0.0,0.7535374429223743,-0.7535374429223743
6,1,0.0,3.5647251385400787,-3.5647251385400787
7,1,0.0,1.8061634888791915,-1.8061634888791915
8,1,0.15428683575491323,3.712729683442382,-3.558442847687469
9,1,2.2125152018947647,2.688197717221598,-0.47568251532683314
10,1,3.7443014358936018,3.0711954001985693,0.6731060356950325
11,1,4.729263299730539,2.440017744726936,2.2892455550036024
12,1,5.234244355756336,3.575781338867108,1.658463016889228
13,1,5.318845725476202,2.7004742816324097,2.6183714438437926
14,1,5.011122972302464,2.4090355590042023,2.6020874132982614
15,1,4.322007798401663,0.44011244292237445,3.8818953554792888
16,1,3.266412864271168,0.32893744292237437,2.9374754213487932
17,1,1.9507808137373122,0.34806244292237437,1.6027183708149377
18,1,0.0021423954781044263,0.6652624429223744,-0.6631200474442699
19,1,0.0,0.7379374429223744,-0.7379374429223744
20,1,0.0,0.7761874429223743,-0.7761874429223743
21,1,0.0,2.6515510825866353,-2.6515510825866353
22,1,0.0,0.6726874429223744,-0.6726874429223744
23,1,0.0,0.6841624429223745,-0.6841624429223745
0,1,0.0,0.5622874429223743,-0.5622874429223743
1,1,0.0,0.7575874429223743,-0.7575874429223743
2,1,0.0,0.7690624429223745,-0.7690624429223745
3,1,0.0,0.6005374429223743,-0.6005374429223743
4,1,0.0,0.6234874429223745,-0.6234874429223745
5,1,0.0,0.6120124429223743,-0.6120124429223743
6,1,0.0,2.1721179115633547,-2.1721179115633547
7,1,0.0,3.106993615941619,-3.106993615941619
8,1,0.11770613293662613,0.6502624429223743,-0.5325563099857482
9,1,2.1899160188618394,0.6272874429223744,1.5626285759394651
10,1,3.732002290996046,0.7231374429223744,3.0088648480736717
11,1,4.729677496829526,0.40163744292237435,4.328040053907151
12,1,5.2453395287234175,0.4016124429223744,4.843727085801043
13,1,5.336289457234375,0.35953744292237444,4.976752014312
14,1,5.026999689780151,2.7313473114448,2.295652378335351
15,1,4.342376390268563,0.30981244292237436,4.032563947346189
16,1,3.3018838420864554,0.30981244292237436,2.992071399164081
17,1,1.9906389542688077,0.35188744292237445,1.6387515113464333
18,1,0.0023505824889655455,0.5925874429223743,-0.5902368604334087
19,1,0.0,0.5388124429223744,-0.5388124429223744
20,1,0.0,1.9101123883243223,-1.9101123883243223
21,1,0.0,2.072691456868157,-2.072691456868157
22,1,0.0,0.6803374429223745,-0.6803374429223745
23,1,0.0,1.8683084354093402,-1.8683084354093402
0,1,0.0,1.8659564019677504,-1.8659564019677504
1,1,0.0,1.839167620916474,-1.839167620916474
2,1,0.0,0.8838124429223745,-0.8838124429223745
3,1,0.0,0.7996624429223744,-0.7996624429223744
4,1,0.0,0.6732124429223744,-0.6732124429223744
5,1,0.0,0.9105874429223744,-0.9105874429223744
6,1,0.0,2.646435585140436,-2.646435585140436
7,1,0.0,2.743255650185851,-2.743255650185851
8,1,0.15216202224886044,3.2866516876564664,-3.1344896654076058
9,1,2.267063030577809,0.7037874429223743,1.5632755876554347
10,1,3.835156918688004,0.7537374429223744,3.0814194757656295
11,1,4.833837014483864,0.47428744292237435,4.359549571561489
12,1,5.357815638787175,1.5021092464226622,3.8557063923645125
13,1,5.461832153657156,0.5433624429223743,4.918469710734781
14,1,5.156153504513907,1.008695120256748,4.147458384257159
15,1,4.462545376344803,0.958692133795428,3.5038532425493747
16,1,3.4039298149227117,0.26011244292237445,3.1438173720003375
17,1,2.0683593880305193,0.5318874429223743,1.536471945108145
18,1,0.002601389783669649,1.4458624429223743,-1.4432610531387047
19,1,0.0,2.8437622662995823,-2.8437622662995823
20,1,0.0,4.333801204179177,-4.333801204179177
21,1,0.0,4.2121836329957905,-4.2121836329957905
22,1,0.0,0.8297374429223743,-0.8297374429223743
23,1,0.0,2.7449885424801197,-2.7449885424801197
0,1,0.0,0.5355124429223743,-0.5355124429223743
1,1,0.0,0.7728874429223744,-0.7728874429223744
2,1,0.0,0.7191124429223744,-0.7191124429223744
3,1,0.0,0.7879624429223744,-0.7879624429223744
4,1,0.0,0.9909124429223743,-0.9909124429223743
5,1,0.0,0.8568124429223744,-0.8568124429223744
6,1,0.0,0.8721124429223743,-0.8721124429223743
7,1,0.0,1.8365374429223746,-1.8365374429223746
8,1,0.15237107979037617,1.0444624429223746,-0.8920913631319984
9,1,2.174496434346666,0.9220624429223744,1.252433991424292
10,1,3.566759222757254,0.8799624429223744,2.68679677983488
11,1,4.767231163366207,2.381273036351339,2.3859581270148675
12,1,5.290524581570259,0.4857624429223744,4.8047621386478845
13,1,5.3714873389553,0.40926244292237446,4.962224896032926
14,1,4.971995616507037,0.3404124429223744,4.631583173584663
15,1,4.3457642137161985,0.29833744292237446,4.047426770793824
16,1,3.2624465890146808,0.29068744292237436,2.9717591460923063
17,1,1.9643609291417445,0.32893744292237437,1.6354234862193702
18,1,0.002474922995632889,1.3923124429223743,-1.3898375199267414
19,1,0.0,2.4744763937556593,-2.4744763937556593
20,1,0.0,0.7226374429223744,-0.7226374429223744
21,1,0.0,0.5541124429223744,-0.5541124429223744
22,1,0.0,1.958489644355334,-1.958489644355334
23,1,0.0,1.6258928215426667,-1.6258928215426667
0,1,0.0,3.0020750346364817,-3.0020750346364817
1,1,0.0,2.732340010889665,-2.732340010889665
2,1,0.0,2.907302420823222,-2.907302420823222
3,1,0.0,2.514330967527939,-2.514330967527939
4,1,0.0,0.7305874429223743,-0.7305874429223743
5,1,0.0,0.7994374429223744,-0.7994374429223744
6,1,0.0,0.8415124429223744,-0.8415124429223744
7,1,0.0,1.0406374429223744,-1.0406374429223744
8,1,0.15045514965433132,2.9979651349557024,-2.8475099853013712
9,1,2.018868514357888,3.1237049743210985,-1.1048364599632103
10,1,3.6633678699509318,2.715091407708503,0.9482764622424287
11,1,4.66382036588321,3.041713511770908,1.6221068541123023
12,1,5.186612724168576,2.5074439089574034,2.6791688152111726
13,1,5.264713155446726,5.767735112295576,-0.5030219568488494
14,1,4.9527725441214425,2.0922650141044437,2.860507530016999
15,1,4.288709930948105,2.076711036853349,2.2119988940947564
16,1,3.241311982991529,0.3732624429223745,2.868049540069155
17,1,1.8837967025036617,0.4902624429223743,1.3935342595812874
18,1,0.002646778325612303,0.5221624429223743,-0.519515664596762
19,1,0.0,0.4240624429223744,-0.4240624429223744
20,1,0.0,0.4584874429223744,-0.4584874429223744
21,1,0.0,0.5082124429223744,-0.5082124429223744
22,1,0.0,0.6384874429223744,-0.6384874429223744
23,1,0.0,0.4240624429223744,-0.4240624429223744
0,1,0.0,2.6551613424005693,-2.6551613424005693
1,1,0.0,1.8019649742898474,-1.8019649742898474
2,1,0.0,0.6007624429223744,-0.6007624429223744
3,1,0.0,0.7384624429223744,-0.7384624429223744
4,1,0.0,0.5737624429223744,-0.5737624429223744
5,1,0.0,0.6543124429223743,-0.6543124429223743
6,1,0.0,0.5125624429223744,-0.5125624429223744
7,1,0.0,0.5622874429223743,-0.5622874429223743
8,1,0.15396329505918166,2.822029953849764,-2.6680666587905826
9,1,2.255684126890579,0.8072874429223743,1.4483966839682045
10,1,3.7846233727067435,0.9954572544838742,2.7891661182228695
11,1,4.740987841161199,1.0730372007768632,3.667950640384336
12,1,5.23484118643634,0.7682332833652846,4.466607903071056
13,1,5.316899444163021,1.0243916112882685,4.292507832874753
14,1,5.009917318252135,0.8185767768105441,4.1913405414415905
15,1,4.336616228293959,3.009513292310461,1.3271029359834983
16,1,3.296616552880657,3.167462396552425,0.1291541563282319
17,1,2.0125362446379773,2.158850901663306,-0.14631465702532864
18,1,0.0028842577994011424,2.2825517702751066,-2.2796675124757053
19,1,0.0,4.418999281283632,-4.418999281283632
20,1,0.0,5.244706273752737,-5.244706273752737
21,1,0.0,2.493593213614415,-2.493593213614415
22,1,0.0,2.105067263511253,-2.105067263511253
23,1,0.0,0.4355374429223744,-0.4355374429223744
0,1,0.0,0.7002124429223744,-0.7002124429223744
1,1,0.0,3.032849107900869,-3.032849107900869
2,1,0.0,0.5431624429223744,-0.5431624429223744
3,1,0.0,0.5661124429223744,-0.5661124429223744
4,1,0.0,0.6043624429223744,-0.6043624429223744
5,1,0.0,0.8532124429223744,-0.8532124429223744
6,1,0.0,0.8914624429223743,-0.8914624429223743
7,1,0.0,6.473344400424866,-6.473344400424866
8,1,0.11355665978014472,6.89370905507366,-6.780152395293515
9,1,2.145557036709071,0.8455374429223743,1.3000195937866967
10,1,3.6864442241998705,1.0659336356023825,2.620510588597488
11,1,4.6489496503103895,1.0465147061274966,3.602434944182893
12,1,5.137166735552135,0.29451244292237444,4.842654292629761
13,1,5.208634037661894,0.8127171358669165,4.395916901794978
14,1,4.88994657862512,0.5667624429223743,4.323184135702746
15,1,4.252418091139332,0.4452624429223744,3.8071556482169577
16,1,3.2590246150955284,0.47226244292237446,2.786762172173154
17,1,1.9909991661476192,0.40476244292237445,1.5862367232252448
18,1,0.003069651099586226,1.3396624429223742,-1.336592791822788
19,1,0.0,0.3331624429223744,-0.3331624429223744
20,1,0.0,0.5428624429223744,-0.5428624429223744
21,1,0.0,2.112619405417757,-2.112619405417757
22,1,0.0,0.9987531408913971,-0.9987531408913971
23,1,0.0,0.5617624429223744,-0.5617624429223744
0,1,0.0,0.5087374429223744,-0.5087374429223744
1,1,0.0,0.7116874429223744,-0.7116874429223744
2,1,0.0,0.5737624429223744,-0.5737624429223744
3,1,0.0,0.5661124429223744,-0.5661124429223744
4,1,0.0,0.8034874429223744,-0.8034874429223744
5,1,0.0,0.7958374429223743,-0.7958374429223743
6,1,0.0,0.8149624429223744,-0.8149624429223744
7,1,0.0,1.8751000284065698,-1.8751000284065698
8,1,0.18172314932202369,2.2083818004514946,-2.026658651129471
9,1,2.251203456733029,1.7409068723533816,0.5102965843796474
10,1,3.792182426494481,0.45133744292237443,3.3408449835721066
11,1,4.755498273262283,0.8018989162692753,3.953599356993008
12,1,5.250445203050335,0.7716032975161118,4.478841905534223
13,1,5.334216055003167,3.470704209088277,1.86351184591489
14,1,5.040928436944981,3.6033722800075045,1.4375561569374762
15,1,4.374284492583647,3.4144991316663353,0.9597853609173117
16,1,3.3586657490142806,2.9139109934668275,0.44475475554745314
17,1,2.061989800903528,3.9967083724138974,-1.9347185715103694
18,1,0.003287595069440306,3.007426840314272,-3.004139245244832
19,1,0.0,2.537647734884568,-2.537647734884568
20,1,0.0,1.1052124429223744,-1.1052124429223744
21,1,0.0,0.40876244292237446,-0.40876244292237446
22,1,0.0,0.5734624429223742,-0.5734624429223742
23,1,0.0,0.4317124429223744,-0.4317124429223744
0,1,0.0,0.36721244292237437,-0.36721244292237437
1,1,0.0,0.5890624429223744,-0.5890624429223744
2,1,0.0,0.8226124429223745,-0.8226124429223745
3,1,0.0,0.6770374429223743,-0.6770374429223743
4,1,0.0,0.8723374429223744,-0.8723374429223744
5,1,0.0,0.7841374429223743,-0.7841374429223743
6,1,0.0,0.9947374429223744,-0.9947374429223744
7,1,0.0,4.7283030304711655,-4.7283030304711655
8,1,0.18172082933910344,3.566197307856843,-3.3844764785177395
9,1,2.237808678144797,2.2383142536111196,-0.000505575466322572
10,1,3.7466586324230846,3.312253435676216,0.4344051967468685
11,1,4.657992332162684,0.5663374429223744,4.09165488924031
12,1,4.972405334684886,2.5227791161081563,2.44962621857673
13,1,4.916861884377109,5.723227541252485,-0.8063656568753759
14,1,4.776454046568603,3.4266932572449056,1.3497607893236978
15,1,3.96323745562823,3.7139697770099582,0.24926767861827193
16,1,3.1304481720339905,0.8279454346561343,2.302502737377856
17,1,1.8452641206998717,0.9996785788385933,0.8455855418612783
18,1,0.0028729728869647756,2.9269757753077466,-2.924102802420782
19,1,0.0,0.32461244292237446,-0.32461244292237446
20,1,0.0,1.3923124429223743,-1.3923124429223743
21,1,0.0,2.3824450993414263,-2.3824450993414263
22,1,0.0,0.4852624429223744,-0.4852624429223744
23,1,0.0,2.31124200573942,-2.31124200573942
0,1,0.0,0.4054624429223744,-0.4054624429223744
1,1,0.0,1.9696621585895788,-1.9696621585895788
2,1,0.0,1.752111995255163,-1.752111995255163
3,1,0.0,0.6390124429223745,-0.6390124429223745
4,1,0.0,0.4628374429223744,-0.4628374429223744
5,1,0.0,0.42841244292237435,-0.42841244292237435
6,1,0.0,1.7552122960022825,-1.7552122960022825
7,1,0.0,2.426287093645736,-2.426287093645736
8,1,0.011708208499063517,1.980929254845628,-1.9692210463465645
9,1,0.5291201751290793,2.6792948040308717,-2.1501746289017927
10,1,1.1506196403118543,1.6251142610962115,-0.4744946207843572
11,1,2.602378516391479,2.013420714645561,0.5889578017459183
12,1,3.342186728189337,0.30981244292237436,3.032374285266963
13,1,3.050502972428656,2.018857682793125,1.0316452896355313
14,1,3.5119550826553074,3.2424428601260087,0.26951222252929874
15,1,2.854439072594102,4.139290834147485,-1.2848517615533832
16,1,2.0720659595071176,3.085890053336245,-1.0138240938291276
17,1,1.0901423648067907,3.684526360638028,-2.594383995831237
18,1,0.0021193048111192454,4.076094813047891,-4.073975508236772
19,1,0.0,1.6882770368429962,-1.6882770368429962
20,1,0.0,0.5734624429223742,-0.5734624429223742
21,1,0.0,0.37051244292237445,-0.37051244292237445
22,1,0.0,0.38963744292237446,-0.38963744292237446
23,1,0.0,0.5887624429223743,-0.5887624429223743
0,1,0.0,0.3098374429223745,-0.3098374429223745
1,1,0.0,0.3327874429223744,-0.3327874429223744
2,1,0.0,2.768372229268257,-2.768372229268257
3,1,0.0,2.4626020549862577,-2.4626020549862577
4,1,0.0,0.6007624429223744,-0.6007624429223744
5,1,0.0,2.9926168491962333,-2.9926168491962333
6,1,0.0,2.350795984499803,-2.350795984499803
7,1,0.0,5.047106454119202,-5.047106454119202
8,1,0.09390681456285829,3.392688187741324,-3.298781373178466
9,1,1.5341934263271,2.74765336110489,-1.2134599347777901
10,1,2.795948453041318,3.9328459708098644,-1.1368975177685465
11,1,3.827469352199804,0.22186244292237442,3.6056069092774297
12,1,4.31893180654413,0.4722624429223744,3.8466693636217557
13,1,4.069040727429026,2.5091389157271777,1.559901811701848
14,1,3.7670576711381827,0.34176244292237434,3.4252952282158082
15,1,2.861080934674922,2.260039263752303,0.6010416709226192
16,1,1.969592648912557,0.3192624429223744,1.6503302059901825
17,1,1.7695285315071343,0.3282624429223745,1.4412660885847597
18,1,0.0031097559422446994,0.5160874429223743,-0.5129776869801296
19,1,0.0,1.6306960365216616,-1.6306960365216616
20,1,0.0,1.6329249963211236,-1.6329249963211236
21,1,0.0,2.1074826337198727,-2.1074826337198727
22,1,0.0,2.3818585892880857,-2.3818585892880857
23,1,0.0,1.9862552071280435,-1.9862552071280435
0,1,0.0,1.3766834218236454,-1.3766834218236454
1,1,0.0,2.2605338284937293,-2.2605338284937293
2,1,0.0,2.280437295659813,-2.280437295659813
3,1,0.0,1.7704981245809757,-1.7704981245809757
4,1,0.0,2.245540253263052,-2.245540253263052
5,1,0.0,2.012262292322447,-2.012262292322447
6,1,0.0,1.961885235357933,-1.961885235357933
7,1,0.0,3.8518351567876215,-3.8518351567876215
8,1,0.023286576056669714,4.252703132465418,-4.229416556408748
9,1,0.7322444217533158,3.0450842668170734,-2.3128398450637575
10,1,1.5361541626301027,0.3442624429223744,1.1918917197077283
11,1,2.4974428528532253,0.3671874429223744,2.130255409930851
12,1,3.2236246517649447,0.5127624429223744,2.7108622088425705
13,1,4.138906458687605,0.29833744292237446,3.8405690157652304
14,1,4.640850085494909,1.4821900863667379,3.1586599991281714
15,1,4.111328047444824,2.415222724598679,1.6961053228461456
16,1,3.056136820663441,0.38476244292237444,2.6713743777410666
17,1,1.8677789270416123,0.45426244292237433,1.413516484119238
18,1,0.0029986998529832488,1.0860874429223744,-1.0830887430693912
19,1,0.0,0.5505124429223744,-0.5505124429223744
20,1,0.0,0.5887624429223743,-0.5887624429223743
21,1,0.0,1.6597960331714665,-1.6597960331714665
22,1,0.0,0.47761244292237437,-0.47761244292237437
23,1,0.0,0.6920374429223743,-0.6920374429223743
0,1,0.0,0.6122374429223745,-0.6122374429223745
1,1,0.0,0.48196244292237445,-0.48196244292237445
2,1,0.0,0.5010874429223744,-0.5010874429223744
3,1,0.0,0.5202124429223743,-0.5202124429223743
4,1,0.0,0.7155124429223744,-0.7155124429223744
5,1,0.0,0.5163874429223744,-0.5163874429223744
6,1,0.0,2.2443118268503213,-2.2443118268503213
7,1,0.0,4.543502375943493,-4.543502375943493
8,1,0.051901127696936826,3.8219292585431353,-3.7700281308461983
9,1,0.5220449743516379,0.5507874429223744,-0.02874246857073648
10,1,0.7501182447974832,0.5163624429223744,0.2337558018751088
11,1,1.4126655775868662,0.6504624429223743,0.7622031346644919
12,1,2.9020638129601037,1.5885354261758762,1.3135283867842276
13,1,3.764161974053494,1.7590765600137588,2.005085414039735
14,1,3.697812516174931,3.7722790739326895,-0.07446655775775834
15,1,2.7672357823019427,2.5618674944484625,0.20536828785348016
16,1,2.1732788633530853,3.481537503708136,-1.3082586403550507
17,1,1.5684679920822897,3.1971727834366606,-1.6287047913543709
18,1,0.0026999042210819686,4.182944307839074,-4.180244403617992
19,1,0.0,2.5326831884425065,-2.5326831884425065
20,1,0.0,3.1094086846404134,-3.1094086846404134
21,1,0.0,2.814660932345955,-2.814660932345955
22,1,0.0,4.585552851500127,-4.585552851500127
23,1,0.0,0.5923624429223744,-0.5923624429223744
0,1,0.0,0.6925624429223745,-0.6925624429223745
1,1,0.0,0.5316874429223744,-0.5316874429223744
2,1,0.0,0.5508124429223744,-0.5508124429223744
3,1,0.0,0.5508124429223744,-0.5508124429223744
4,1,0.0,0.7384624429223744,-0.7384624429223744
5,1,0.0,0.7308124429223744,-0.7308124429223744
6,1,0.0,2.550499952343187,-2.550499952343187
7,1,0.0,4.543204709634749,-4.543204709634749
8,1,0.03521600204072235,3.5079901108706304,-3.472774108829908
9,1,0.6360313861229355,0.5622624429223744,0.07376894320056115
10,1,1.2943009063629074,0.5010624429223745,0.793238463440533
11,1,2.0861856035112774,2.2326283493130625,-0.14644274580178518
12,1,2.39446835930622,0.5472124429223744,1.8472559163838458
13,1,4.215470728220923,2.398761674823,1.8167090533979233
14,1,3.384489444347928,3.1003551260504243,0.2841343182975038
15,1,2.7219833534259723,0.8042821475593805,1.9177012058665919
16,1,2.5597594045400998,0.9372460824821991,1.6225133220579007
17,1,0.9146334693780006,1.2063989678006666,-0.29176549842266597
18,1,0.0028330107648729445,1.0061304736457788,-1.003297462880906
19,1,0.0,1.3117624429223744,-1.3117624429223744
20,1,0.0,0.7800124429223744,-0.7800124429223744
21,1,0.0,0.6000124429223744,-0.6000124429223744
22,1,0.0,0.7953124429223744,-0.7953124429223744
23,1,0.0,0.8182624429223744,-0.8182624429223744
0,1,0.0,2.409049414842104,-2.409049414842104
1,1,0.0,0.5546374429223744,-0.5546374429223744
2,1,0.0,0.5546374429223744,-0.5546374429223744
3,1,0.0,1.8820266518907154,-1.8820266518907154
4,1,0.0,2.7098263007326566,-2.7098263007326566
5,1,0.0,0.5967124429223744,-0.5967124429223744
6,1,0.0,2.7421744936884145,-2.7421744936884145
7,1,0.0,2.7792457126267305,-2.7792457126267305
8,1,0.06360643601932112,2.871234789344689,-2.807628353325368
9,1,0.31717856102524944,0.6617124429223744,-0.34453388189712497
10,1,2.279727653190799,0.6311124429223745,1.6486152102684246
11,1,2.9980686933275402,0.6119874429223744,2.386081250405166
12,1,3.8294840734736777,2.471790336634351,1.3576937368393267
13,1,3.657324438542094,2.211044767573127,1.4462796709689671
14,1,3.104659343704477,1.4033021894560798,1.7013571542483974
15,1,2.5700132715193407,0.5163874429223744,2.0536258285969664
16,1,1.9963449198661432,0.5087374429223744,1.4876074769437686
17,1,1.6458378031663474,0.7384374429223743,0.9074003602439731
18,1,0.00286990374783799,0.8450374429223744,-0.8421675391745364
19,1,0.0,2.440023285784893,-2.440023285784893
20,1,0.0,3.536429279098072,-3.536429279098072
21,1,0.0,2.4570230548152603,-2.4570230548152603
22,1,0.0,3.8451877689781213,-3.8451877689781213
23,1,0.0,2.267638167807953,-2.267638167807953
0,1,0.0,0.6770374429223743,-0.6770374429223743
1,1,0.0,0.6846874429223744,-0.6846874429223744
2,1,0.0,0.8761624429223743,-0.8761624429223743
3,1,0.0,0.7076374429223743,-0.7076374429223743
4,1,0.0,0.7114624429223743,-0.7114624429223743
5,1,0.0,0.6846874429223744,-0.6846874429223744
6,1,0.0,0.6808624429223744,-0.6808624429223744
7,1,0.0,1.202594146232844,-1.202594146232844
8,1,0.023794192056123684,1.2580097209096106,-1.2342155288534868
9,1,0.7359387198654034,2.3584148783251013,-1.622476158459698
10,1,1.6096428532580545,1.2258791628741084,0.3837636903839461
11,1,3.2827385625968417,0.5622624429223744,2.7204761196744673
12,1,0.6729671600600771,1.2688678171326038,-0.5959006570725267
13,1,0.8265433790479242,1.1428643657713788,-0.31632098672345466
14,1,1.4500806624627913,3.4354365869555297,-1.9853559244927383
15,1,2.0696816125351307,0.7919874429223743,1.2776941696127564
16,1,1.8586453254460746,0.7766874429223743,1.0819578825237004
17,1,1.5465082876238214,0.6464124429223744,0.900095844701447
18,1,0.0037275894308756055,3.2007511815596335,-3.1970235921287578
19,1,0.0,2.901975183314388,-2.901975183314388
20,1,0.0,0.8601124429223744,-0.8601124429223744
21,1,0.0,0.8524624429223744,-0.8524624429223744
22,1,0.0,0.8409874429223744,-0.8409874429223744
23,1,0.0,0.8715874429223743,-0.8715874429223743
0,1,0.0,0.7803124429223743,-0.7803124429223743
1,1,0.0,0.9909124429223743,-0.9909124429223743
2,1,0.0,0.8262124429223744,-0.8262124429223744
3,1,0.0,0.9947374429223744,-0.9947374429223744
4,1,0.0,0.8606374429223743,-0.8606374429223743
5,1,0.0,0.8376874429223743,-0.8376874429223743
6,1,0.0,0.7994374429223744,-0.7994374429223744
7,1,0.0,1.941238370580781,-1.941238370580781
8,1,0.06959787722203604,2.9451324690514853,-2.875534591829449
9,1,1.011211148269183,2.4961663508472873,-1.4849552025781043
10,1,2.397763779791488,0.9373374429223743,1.460426336869114
11,1,3.6964826271251576,0.8876124429223744,2.8088701842027834
12,1,2.072475947664207,0.8837874429223742,1.1886885047418327
13,1,3.828696330046028,1.9967439234894988,1.8319524065565294
14,1,3.964983616566721,2.211925696977748,1.753057919588973
15,1,2.9601637676436434,0.6272874429223744,2.332876324721269
16,1,1.5940571725531527,0.6349374429223744,0.9591197296307783
17,1,0.9209340816961449,0.8378874429223744,0.0830466387737705
18,1,0.00254462903168214,0.7415374429223744,-0.7389928138906923
19,1,0.0,0.7759624429223744,-0.7759624429223744
20,1,0.0,4.723761187728524,-4.723761187728524
21,1,0.0,2.5349210322399065,-2.5349210322399065
22,1,0.0,0.8677624429223744,-0.8677624429223744
23,1,0.0,1.0745374429223742,-1.0745374429223742
0,1,0.0,0.9909124429223743,-0.9909124429223743
1,1,0.0,0.9985624429223743,-0.9985624429223743
2,1,0.0,0.8185624429223742,-0.8185624429223742
3,1,0.0,1.8422697088312905,-1.8422697088312905
4,1,0.0,1.8052559675448037,-1.8052559675448037
5,1,0.0,0.8223874429223744,-0.8223874429223744
6,1,0.0,2.674838524066047,-2.674838524066047
7,1,0.0,3.346164302860623,-3.346164302860623
8,1,0.2141902511015887,5.09047814565572,-4.876287894554132
9,1,2.2246369375779285,4.9994721695478,-2.7748352319698713
10,1,3.7839201982984614,2.6144918365626286,1.1694283617358328
11,1,4.8031160346834225,2.8188954907564847,1.9842205439269378
12,1,5.3573775917604705,5.12956050680844,0.22781708495203024
13,1,5.479686438471632,6.478368201178139,-0.9986817627065063
14,1,5.192052195458274,5.182104141227707,0.009948054230567216
15,1,4.50913253857091,6.379595923260363,-1.8704633846894536
16,1,3.4732430812702706,0.44751244292237446,3.025730638347896
17,1,2.1611566326447855,0.5010624429223745,1.660094189722411
18,1,0.005380885656453656,0.8182624429223744,-0.8128815572659207
19,1,0.0,2.581556561338725,-2.581556561338725
20,1,0.0,4.7337050482995595,-4.7337050482995595
21,1,0.0,5.645564505461982,-5.645564505461982
22,1,0.0,5.86481629224353,-5.86481629224353
23,1,0.0,2.899737745683369,-2.899737745683369
0,1,0.0,2.9016805400681,-2.9016805400681
1,1,0.0,3.1634540903753834,-3.1634540903753834
2,1,0.0,2.794365078015451,-2.794365078015451
3,1,0.0,0.6617374429223744,-0.6617374429223744
4,1,0.0,0.6732124429223744,-0.6732124429223744
5,1,0.0,0.6732124429223744,-0.6732124429223744
6,1,0.0,0.8379124429223743,-0.8379124429223743
7,1,0.0,1.886575437109868,-1.886575437109868
8,1,0.08561195926045247,3.729053053988516,-3.6434410947280633
9,1,0.7051219233822011,2.4519887476246245,-1.7468668242424235
10,1,1.9670496321449833,0.7116624429223743,1.255387189222609
11,1,2.892140902177116,0.44751244292237446,2.4446284592547416
12,1,4.040287182840389,1.5415337210644748,2.498753461775914
13,1,4.337098228233635,0.6957970440597547,3.64130118417388
14,1,3.6983455290511906,0.7794667683813148,2.918878760669876
15,1,3.829211970406137,0.7263497636322437,3.1028622067738936
16,1,3.1352171310403527,0.8334129638690837,2.301804167171269
17,1,1.8533478789907236,0.8446808930155939,1.0086669859751298
18,1,0.005550285860421001,3.4778727732613146,-3.4723224874008936
19,1,0.0,3.939175797442812,-3.939175797442812
20,1,0.0,0.6114874429223744,-0.6114874429223744
21,1,0.0,0.6497374429223743,-0.6497374429223743
22,1,0.0,0.6650374429223744,-0.6650374429223744
23,1,0.0,0.6535624429223743,-0.6535624429223743
0,1,0.0,0.5316874429223744,-0.5316874429223744
1,1,0.0,0.7269874429223744,-0.7269874429223744
2,1,0.0,0.7537624429223744,-0.7537624429223744
3,1,0.0,0.6005374429223743,-0.6005374429223743
4,1,0.0,0.6196624429223744,-0.6196624429223744
5,1,0.0,0.7805374429223744,-0.7805374429223744
6,1,0.0,0.7767124429223744,-0.7767124429223744
7,1,0.0,1.5381874429223745,-1.5381874429223745
8,1,0.2350793052077299,5.014245862600714,-4.779166557392984
9,1,2.016225702343089,1.8591868547438555,0.15703884759923348
10,1,3.5541022991531026,0.4781124429223744,3.075989856230728
11,1,3.5144153820424093,0.35191244292237434,3.162502939120035
12,1,4.719054641423587,0.5433624429223743,4.1756921985012125
13,1,4.379873508884006,6.013842785292677,-1.6339692764086706
14,1,2.832503017529888,0.5318874429223743,2.300615574607514
15,1,0.8165172592502012,0.46281244292237445,0.3537048163278268
16,1,0.576368278701789,0.5316624429223744,0.04470583577941456
17,1,0.10562882112012156,0.6043374429223745,-0.4987086218022529
18,1,0.017633847237524727,0.6497374429223743,-0.6321035956848496
19,1,0.0,2.638773572378831,-2.638773572378831
20,1,0.0,0.9177124429223743,-0.9177124429223743
21,1,0.0,2.030066736841335,-2.030066736841335
22,1,0.0,2.1354400459461544,-2.1354400459461544
23,1,0.0,2.1736743764496045,-2.1736743764496045
0,1,0.0,0.7573624429223743,-0.7573624429223743
1,1,0.0,0.7803124429223743,-0.7803124429223743
2,1,0.0,2.1309410775662085,-2.1309410775662085
3,1,0.0,0.8109124429223743,-0.8109124429223743
4,1,0.0,0.9564874429223744,-0.9564874429223744
5,1,0.0,1.996156193158598,-1.996156193158598
6,1,0.0,0.7420624429223743,-0.7420624429223743
7,1,0.0,0.9258874429223743,-0.9258874429223743
8,1,0.14091730920774362,2.6303297277266706,-2.489412418518927
9,1,1.3900347403527702,2.0830961724219312,-0.693061432069161
10,1,2.6932144050371987,0.8417124429223743,1.8515019621148243
11,1,4.322032623364491,0.5737374429223745,3.748295180442116
12,1,5.315292259814605,0.5125374429223744,4.8027548168922305
13,1,5.422995386110712,0.48193744292237445,4.941057943188337
14,1,5.092072767085168,0.6428124429223744,4.449260324162793
15,1,4.393338261337782,2.807598279318726,1.5857399820190556
16,1,3.5004188154027225,2.213776319616233,1.2866424957864897
17,1,2.171407478090746,2.5599173114005267,-0.3885098333097807
18,1,0.006028622663905348,2.4715750633431943,-2.465546440679289
19,1,0.0,0.6267874429223744,-0.6267874429223744
20,1,0.0,0.8488624429223743,-0.8488624429223743
21,1,0.0,3.021003372922609,-3.021003372922609
22,1,0.0,0.7109374429223744,-0.7109374429223744
23,1,0.0,0.7300624429223743,-0.7300624429223743
0,1,0.0,0.6693874429223744,-0.6693874429223744
1,1,0.0,0.7229374429223744,-0.7229374429223744
2,1,0.0,0.7229374429223744,-0.7229374429223744
3,1,0.0,0.9220624429223744,-0.9220624429223744
4,1,0.0,5.1548962906156675,-5.1548962906156675
5,1,0.0,0.9335374429223744,-0.9335374429223744
6,1,0.0,0.8685124429223743,-0.8685124429223743
7,1,0.0,4.81681153488758,-4.81681153488758
8,1,0.18927449740522634,3.5711884033993018,-3.3819139059940753
9,1,2.0859960075675312,1.8978418214527142,0.18815418611481705
10,1,3.6605267336571647,0.9922955309876784,2.668231202669486
11,1,4.161650366509559,0.9817698997367996,3.17988046677276
12,1,4.655229999960067,0.9219120868489526,3.7333179131111143
13,1,5.046160627251363,1.9288128035178984,3.117347823733465
14,1,4.689085650804913,4.320724030418899,0.36836162038601383
15,1,3.5331605056575364,4.482052119129344,-0.9488916134718077
16,1,3.0934056283067966,4.224952024939134,-1.1315463966323378
17,1,1.1704022957041065,0.45426244292237433,0.7161398527817322
18,1,0.006211835472554054,2.000387685731375,-1.9941758502588212
19,1,0.0,2.4723325066266466,-2.4723325066266466
20,1,0.0,0.7532374429223743,-0.7532374429223743
21,1,0.0,0.5770624429223744,-0.5770624429223744
22,1,0.0,0.7570624429223743,-0.7570624429223743
23,1,0.0,0.5770624429223744,-0.5770624429223744
0,2,0.0,0.4628374429223744,-0.4628374429223744
1,2,0.0,0.49343744292237435,-0.49343744292237435
2,2,0.0,0.6849124429223743,-0.6849124429223743
3,2,0.0,1.6605728063254945,-1.6605728063254945
4,2,0.0,1.7592220195985204,-1.7592220195985204
5,2,0.0,1.6167520314341932,-1.6167520314341932
6,2,0.0,0.4628374429223744,-0.4628374429223744
7,2,0.0,0.6772624429223744,-0.6772624429223744
8,2,0.22755644218087728,0.6619624429223745,-0.4344060007414972
9,2,2.0242200599467237,0.5472124429223744,1.4770076170243494
10,2,2.598079751318863,0.3404124429223744,2.2576673083964884
11,2,3.706845382880491,0.2639124429223744,3.4429329399581166
12,2,1.0094582405471058,1.3150746834261078,-0.305616442879002
13,2,3.9065581845037416,0.3192624429223744,3.587295741581367
14,2,1.2869420541258683,2.273571086318658,-0.9866290321927897
15,2,3.894704034430931,2.4671931119430277,1.4275109224879032
16,2,2.372623050908968,0.3462624429223744,2.026360607986594
17,2,0.8140237772047813,0.3750874429223745,0.43893633428240675
18,2,0.004454543730005674,1.2928624429223745,-1.2884078991923689
19,2,0.0,2.433325967459716,-2.433325967459716
20,2,0.0,3.3242610910557406,-3.3242610910557406
21,2,0.0,2.6473014164394613,-2.6473014164394613
22,2,0.0,2.8656199676192657,-2.8656199676192657
23,2,0.0,0.5311624429223745,-0.5311624429223745
0,2,0.0,0.6543124429223743,-0.6543124429223743
1,2,0.0,0.4475374429223744,-0.4475374429223744
2,2,0.0,1.7904621905664853,-1.7904621905664853
3,2,0.0,0.5625124429223745,-0.5625124429223745
4,2,0.0,0.47048744292237443,-0.47048744292237443
5,2,0.0,0.6198874429223744,-0.6198874429223744
6,2,0.0,3.7843977441247723,-3.7843977441247723
7,2,0.0,4.578855948111382,-4.578855948111382
8,2,0.07495573161433208,3.6140991863043883,-3.5391434546900564
9,2,1.203257552735417,2.0669166666543983,-0.8636591139189813
10,2,3.1469503282506355,1.8167622432656656,1.3301880849849699
11,2,4.198568584684528,0.3750874429223745,3.8234811417621537
12,2,4.779182629200553,0.3327624429223744,4.4464201862781785
13,2,5.0317740868144325,0.5757624429223744,4.456011643892058
14,2,4.790283562732802,0.6207624429223744,4.169521119810428
15,2,4.033556672849726,2.566252843100261,1.467303829749465
16,2,3.275144362392715,0.5917624429223743,2.6833819194703405
17,2,1.9794551896508223,1.6356917359389278,0.34376345371189454
18,2,0.005416144732273277,3.0220385689373814,-3.0166224242051083
19,2,0.0,0.4996624429223744,-0.4996624429223744
20,2,0.0,1.6678089946074328,-1.6678089946074328
21,2,0.0,3.9743950696774295,-3.9743950696774295
22,2,0.0,1.908318505424437,-1.908318505424437
23,2,0.0,1.9796190280988375,-1.9796190280988375
0,2,0.0,0.3327874429223744,-0.3327874429223744
1,2,0.0,0.37486244292237436,-0.37486244292237436
2,2,0.0,0.3863374429223744,-0.3863374429223744
3,2,0.0,0.5892874429223743,-0.5892874429223743
4,2,0.0,0.6084124429223744,-0.6084124429223744
5,2,0.0,0.5548624429223744,-0.5548624429223744
6,2,0.0,0.36721244292237437,-0.36721244292237437
7,2,0.0,1.9391582631653794,-1.9391582631653794
8,2,0.023126276267368455,1.9822339448719934,-1.959107668604625
9,2,0.2908660510909581,0.6045624429223744,-0.3136963918314163
10,2,1.113804632105637,0.8678529509093487,0.2459516811962883
11,2,0.4813456983173039,0.29071244292237447,0.19063325539492942
12,2,1.4106821438550075,0.4592124429223744,0.9514697009326331
13,2,4.9421355737759844,1.8410114438812812,3.1011241298947034
14,2,4.619999502996315,1.5496061919859232,3.070393311010392
15,2,4.164343012683327,0.4407624429223745,3.7235805697609523
16,2,3.247458310901251,3.6512555793704875,-0.4037972684692366
17,2,2.0298652232723375,1.735659890525886,0.29420533274645155
18,2,0.0061389175768113745,3.4339721914698482,-3.427833273893037
19,2,0.0,3.9794620463636834,-3.9794620463636834
20,2,0.0,3.1652443919049547,-3.1652443919049547
21,2,0.0,2.1725489139122156,-2.1725489139122156
22,2,0.0,2.3793321713117286,-2.3793321713117286
23,2,0.0,2.545422734700506,-2.545422734700506
0,2,0.0,2.940117498434147,-2.940117498434147
1,2,0.0,2.6080952862888243,-2.6080952862888243
2,2,0.0,1.9687753442595346,-1.9687753442595346
3,2,0.0,2.2760311578088466,-2.2760311578088466
4,2,0.0,2.282288587325322,-2.282288587325322
5,2,0.0,1.376911975373397,-1.376911975373397
6,2,0.0,1.7313083468286554,-1.7313083468286554
7,2,0.0,3.0864874710801766,-3.0864874710801766
8,2,0.3049165952056545,0.46666244292237435,-0.16174584771671985
9,2,2.2906083981297383,3.632809552306064,-1.3422011541763257
10,2,3.776823471624904,3.134706164945107,0.6421173066797969
11,2,4.762223864053616,0.7904604836503386,3.971763380403277
12,2,5.277627914772587,0.8523345609850174,4.42529335378757
13,2,5.3922107295956065,2.695876643104965,2.6963340864906415
14,2,5.1429198128693345,2.616871886832406,2.5260479260369286
15,2,4.524295054770496,1.967776275763881,2.5565187790066153
16,2,3.526257073030092,0.5622624429223744,2.9639946301077176
17,2,2.2246656586569484,0.35076244292237446,1.873903215734574
18,2,0.0075309371586503426,4.049417619070234,-4.041886681911584
19,2,0.0,5.911248577476924,-5.911248577476924
20,2,0.0,4.891089288279979,-4.891089288279979
21,2,0.0,2.2820676530664135,-2.2820676530664135
22,2,0.0,0.7264624429223744,-0.7264624429223744
23,2,0.0,0.6000124429223744,-0.6000124429223744
0,2,0.0,2.8033395659363745,-2.8033395659363745
1,2,0.0,0.48196244292237445,-0.48196244292237445
2,2,0.0,0.7805374429223744,-0.7805374429223744
3,2,0.0,0.6387874429223743,-0.6387874429223743
4,2,0.0,0.6693874429223744,-0.6693874429223744
5,2,0.0,0.8761624429223743,-0.8761624429223743
6,2,0.0,0.6732124429223744,-0.6732124429223744
7,2,0.0,0.9067624429223744,-0.9067624429223744
8,2,0.3609980765882498,1.6185124429223745,-1.2575143663341248
9,2,2.402491150216149,2.8367268710460127,-0.43423572082986395
10,2,3.8991263902416144,2.4232740273594398,1.4758523628821747
11,2,4.88138045071572,0.45133744292237443,4.430043007793346
12,2,5.417714405911466,1.0407939370245614,4.376920468886905
13,2,5.542703086101918,2.173846610105865,3.368856475996053
14,2,5.260110575587212,0.9197590617307805,4.340351513856431
15,2,4.597024808153649,2.66987148639584,1.927153321757809
16,2,3.585941763873956,2.964444693913387,0.6214970699605691
17,2,2.2777672761612466,2.6910470772778115,-0.4132798011165648
18,2,0.008026988712646566,2.412808133051105,-2.4047811443384584
19,2,0.0,2.6633463469039267,-2.6633463469039267
20,2,0.0,3.57425096108103,-3.57425096108103
21,2,0.0,3.3257506675157464,-3.3257506675157464
22,2,0.0,1.7914888005289331,-1.7914888005289331
23,2,0.0,4.461193053415487,-4.461193053415487
0,2,0.0,3.230128155452837,-3.230128155452837
1,2,0.0,0.6158374429223743,-0.6158374429223743
2,2,0.0,0.6579124429223744,-0.6579124429223744
3,2,0.0,0.6120124429223743,-0.6120124429223743
4,2,0.0,0.6961624429223743,-0.6961624429223743
5,2,0.0,0.9144124429223743,-0.9144124429223743
6,2,0.0,2.3249651321745723,-2.3249651321745723
7,2,0.0,4.883011748716163,-4.883011748716163
8,2,0.38232657113667823,4.719035850674549,-4.336709279537871
9,2,2.4593995877713035,3.976862742475841,-1.5174631547045374
10,2,3.9664311062486868,2.562002163280446,1.4044289429682406
11,2,4.937693447199955,0.4169124429223744,4.5207810042775805
12,2,5.469709523211498,0.33276244292237445,5.136947080289124
13,2,5.591798384137089,0.27538744292237444,5.3164109412147145
14,2,5.318213854369286,0.21826244292237446,5.099951411446911
15,2,4.662304085950912,0.3282624429223745,4.334041643028537
16,2,3.6363445318396925,0.35076244292237446,3.285582088917318
17,2,2.3178434569503716,0.31026244292237437,2.0075810140279975
18,2,0.008335349278704664,0.5237374429223745,-0.5154020936436697
19,2,0.0,2.2892898894447997,-2.2892898894447997
20,2,0.0,0.9595550646578626,-0.9595550646578626
21,2,0.0,2.183874596054064,-2.183874596054064
22,2,0.0,0.5885374429223744,-0.5885374429223744
23,2,0.0,0.8259124429223743,-0.8259124429223743
0,2,0.0,0.7346374429223743,-0.7346374429223743
1,2,0.0,0.6043624429223744,-0.6043624429223744
2,2,0.0,2.933294062916966,-2.933294062916966
3,2,0.0,4.212328181498418,-4.212328181498418
4,2,0.0,1.9816134421734568,-1.9816134421734568
5,2,0.0,0.8838124429223745,-0.8838124429223745
6,2,0.0,0.9105874429223744,-0.9105874429223744
7,2,0.0,2.0214741419674187,-2.0214741419674187
8,2,0.3900307072263332,3.955101489894094,-3.565070782667761
9,2,2.4594427556085794,2.2652830971675026,0.19415965844107674
10,2,3.9581134023848907,3.4296383399928247,0.528475062392066
11,2,4.922012102505518,2.908948743178544,2.0130633593269742
12,2,5.450269970788265,2.7015016473748252,2.74876832341344
13,2,5.534020719706204,4.089715043237705,1.444305676468499
14,2,5.242492368157626,4.144427227326345,1.098065140831281
15,2,4.583673406794825,3.415074856543555,1.1685985502512697
16,2,3.426820188796175,0.9875261873834629,2.439294001412712
17,2,1.6306435254468288,0.3327624429223744,1.2978810825244544
18,2,2.4842023696448265,1.2546124429223744,1.2295899267224522
19,2,0.0,3.3934382728055565,-3.3934382728055565
20,2,0.0,2.1553194137589493,-2.1553194137589493
21,2,0.0,2.7166227348424337,-2.7166227348424337
22,2,0.0,0.48908744292237444,-0.48908744292237444
23,2,0.0,0.5770624429223744,-0.5770624429223744
0,2,0.0,0.5393374429223744,-0.5393374429223744
1,2,0.0,0.7690624429223745,-0.7690624429223745
2,2,0.0,0.6158374429223743,-0.6158374429223743
3,2,0.0,0.6426124429223744,-0.6426124429223744
4,2,0.0,0.6693874429223744,-0.6693874429223744
5,2,0.0,0.6885124429223743,-0.6885124429223743
6,2,0.0,0.8876374429223743,-0.8876374429223743
7,2,0.0,2.649566688423515,-2.649566688423515
8,2,0.40751521738310525,0.8685124429223743,-0.46099722553926903
9,2,2.4677670716013056,0.6311124429223745,1.8366546286789311
10,2,3.9442762942280907,0.4857624429223744,3.458513851305716
11,2,4.901294952424206,0.35571244292237447,4.545582509501831
12,2,5.409644709496281,5.266603311843214,0.14304139765306711
13,2,5.51687760287555,2.71602275871889,2.8008548441566603
14,2,5.238122282170735,2.806041923356627,2.4320803588141082
15,2,4.591031145633288,3.5541192080216613,1.0369119376116265
16,2,3.5940805665291378,0.4227624429223744,3.1713181236067634
17,2,2.3011399480239247,0.5017624429223744,1.7993775051015504
18,2,0.5115128311972649,1.1596624429223743,-0.6481496117251094
19,2,0.0,2.7024585168966104,-2.7024585168966104
20,2,0.0,2.997158586895788,-2.997158586895788
21,2,0.0,0.48908744292237444,-0.48908744292237444
22,2,0.0,0.6996874429223743,-0.6996874429223743
23,2,0.0,0.5120374429223744,-0.5120374429223744
0,2,0.0,0.42841244292237435,-0.42841244292237435
1,2,0.0,0.7116874429223744,-0.7116874429223744
2,2,0.0,0.5967124429223744,-0.5967124429223744
3,2,0.0,1.953482791254317,-1.953482791254317
4,2,0.0,2.05606086760617,-2.05606086760617
5,2,0.0,1.9322450188741584,-1.9322450188741584
6,2,0.0,2.889458249784344,-2.889458249784344
7,2,0.0,5.248425766170826,-5.248425766170826
8,2,0.3624725104328704,3.486969999348241,-3.1244974889153703
9,2,2.3840003287937375,0.5393374429223744,1.844662885871363
10,2,3.779486501620793,0.4704624429223744,3.3090240586984185
11,2,4.773747657134631,2.812746613170618,1.9610010439640133
12,2,4.681738360915804,2.359112340942898,2.322626019972906
13,2,4.034079557894401,2.1767324920551037,1.8573470658392974
14,2,4.276263258710437,4.119295975312826,0.156967283397611
15,2,3.83031481385764,3.060633379957848,0.7696814338997919
16,2,2.502537515369689,0.5937624429223743,1.9087750724473147
17,2,1.2065132202358226,0.4837624429223744,0.7227507773134483
18,2,0.5818365275237184,1.9951873876135047,-1.4133508600897864
19,2,0.0,1.7845040310599394,-1.7845040310599394
20,2,0.0,4.5637192239236635,-4.5637192239236635
21,2,0.0,2.553745748977413,-2.553745748977413
22,2,0.0,0.37816244292237444,-0.37816244292237444
23,2,0.0,0.4355374429223744,-0.4355374429223744
0,2,0.0,2.4859333763075564,-2.4859333763075564
1,2,0.0,0.40163744292237435,-0.40163744292237435
2,2,0.0,1.742583100435893,-1.742583100435893
3,2,0.0,0.42841244292237435,-0.42841244292237435
4,2,0.0,0.4857874429223743,-0.4857874429223743
5,2,0.0,0.46666244292237435,-0.46666244292237435
6,2,0.0,0.7422874429223744,-0.7422874429223744
7,2,0.0,0.7881874429223744,-0.7881874429223744
8,2,0.3291221069834453,2.7796326317935,-2.450510524810055
9,2,2.1723146192082377,3.0344521315563266,-0.862137512348089
10,2,3.622814699019921,0.34808744292237437,3.2747272560975467
11,2,4.356419146042947,0.2562874429223744,4.100131703120573
12,2,5.250729151732214,0.2600874429223745,4.990641708809839
13,2,4.956357095788913,0.29226244292237447,4.664094652866539
14,2,4.1004086782920846,0.4947624429223744,3.60564623536971
15,2,3.3280362259441976,2.4212563034042116,0.906779922539986
16,2,2.999981732408741,2.427668639469378,0.5723130929393632
17,2,2.170599896259481,0.34176244292237434,1.8288374533371066
18,2,0.4786333260506229,1.2631624429223742,-0.7845291168717513
19,2,0.0,1.0784374429223744,-1.0784374429223744
20,2,0.0,0.5466874429223744,-0.5466874429223744
21,2,0.0,1.7381665143365876,-1.7381665143365876
22,2,0.0,1.5884328537639285,-1.5884328537639285
23,2,0.0,3.386220762571498,-3.386220762571498
0,2,0.0,2.4653549188164305,-2.4653549188164305
1,2,0.0,0.4513624429223744,-0.4513624429223744
2,2,0.0,0.5278624429223744,-0.5278624429223744
3,2,0.0,1.2372755838602714,-1.2372755838602714
4,2,0.0,0.6234874429223745,-0.6234874429223745
5,2,0.0,0.6387874429223743,-0.6387874429223743
6,2,0.0,2.6195119940331777,-2.6195119940331777
7,2,0.0,0.8761624429223743,-0.8761624429223743
8,2,0.447087499977788,0.8226124429223745,-0.37552494294458644
9,2,2.44794051606185,0.7919874429223743,1.6559530731394758
10,2,3.899462796824878,0.5892874429223743,3.3101753539025034
11,2,4.857120921891385,0.5280624429223744,4.32905847896901
12,2,5.3759352687208555,0.8926441733319295,4.4832910953889265
13,2,5.484898046827569,0.9917478110533149,4.493150235774253
14,2,5.205902972322536,0.5622624429223744,4.643640529400162
15,2,4.559099285898443,0.4227624429223744,4.136336842976069
16,2,3.561235166284962,0.4407624429223745,3.1204727233625875
17,2,2.279552012751089,0.40926244292237435,1.8702895698287145
18,2,0.7206712558590096,0.5311624429223745,0.18950881293663513
19,2,0.0,2.250485182512626,-2.250485182512626
20,2,0.0,1.789080734314481,-1.789080734314481
21,2,0.0,0.5964124429223744,-0.5964124429223744
22,2,0.0,0.5313874429223744,-0.5313874429223744
23,2,0.0,0.38198744292237446,-0.38198744292237446
0,2,0.0,0.5548624429223744,-0.5548624429223744
1,2,0.0,0.5854624429223744,-0.5854624429223744
2,2,0.0,0.5087374429223744,-0.5087374429223744
3,2,0.0,2.9396445014527557,-2.9396445014527557
4,2,0.0,0.5622874429223743,-0.5622874429223743
5,2,0.0,0.5469874429223744,-0.5469874429223744
6,2,0.0,2.7391664198295906,-2.7391664198295906
7,2,0.0,0.5393374429223744,-0.5393374429223744
8,2,0.3067469538756169,3.146046348190963,-2.839299394315346
9,2,2.216635943100859,0.6695874429223744,1.5470485001784846
10,2,3.5567134832165443,0.3327874429223744,3.22392604029417
11,2,4.153548963726449,0.31746244292237447,3.8360865208040744
12,2,3.9204512020948994,3.1494241102432685,0.7710270918516309
13,2,4.874888479291273,0.8545526234640415,4.0203358558272315
14,2,4.943077082443219,0.8909267032906201,4.052150379152599
15,2,4.473127439389975,0.5307624429223744,3.9423649964676004
16,2,3.1945629974843275,0.2877624429223744,2.9068005545619533
17,2,1.5980675317058448,0.4974624429223744,1.1006050887834704
18,2,0.46279751882143444,2.1296062521026635,-1.6668087332812291
19,2,0.0,3.392120002861816,-3.392120002861816
20,2,0.0,1.743365249372463,-1.743365249372463
21,2,0.0,2.8493051488151413,-2.8493051488151413
22,2,0.0,2.887055973401757,-2.887055973401757
23,2,0.0,0.9589206657820384,-0.9589206657820384
0,2,0.0,0.8209704234427551,-0.8209704234427551
1,2,0.0,1.0547264047209586,-1.0547264047209586
2,2,0.0,0.9574687015380074,-0.9574687015380074
3,2,0.0,1.0968141147328558,-1.0968141147328558
4,2,0.0,3.6904269085666423,-3.6904269085666423
5,2,0.0,1.356544820152222,-1.356544820152222
6,2,0.0,0.6579124429223744,-0.6579124429223744
7,2,0.0,1.8986490175961783,-1.8986490175961783
8,2,0.35971214827044573,2.364822977309326,-2.0051108290388804
9,2,0.8260531042057402,1.5725874429223743,-0.7465343387166341
10,2,1.4291590160518568,0.7346124429223744,0.6945465731294824
11,2,0.957004163666312,1.7720990430368102,-0.8150948793704982
12,2,4.683180681473396,0.3404124429223744,4.342768238551022
13,2,5.123712865462118,0.2639124429223744,4.8598004225397435
14,2,5.168420062148022,0.29026244292237435,4.8781576192256475
15,2,4.280369772891355,0.36426244292237436,3.9161073299689804
16,2,3.556637430437782,0.5172624429223744,3.0393749875154077
17,2,2.2604754532717677,2.387006627140101,-0.12653117386833346
18,2,0.8513066089362786,0.5313874429223744,0.31991916601390424
19,2,0.005732298437537843,3.303980569069664,-3.298248270632126
20,2,0.0,4.80580171494217,-4.80580171494217
21,2,0.0,2.1001492898701875,-2.1001492898701875
22,2,0.0,0.6499624429223744,-0.6499624429223744
23,2,0.0,0.5579374429223745,-0.5579374429223745
0,2,0.0,0.6581374429223744,-0.6581374429223744
1,2,0.0,0.5163874429223744,-0.5163874429223744
2,2,0.0,0.7422874429223744,-0.7422874429223744
3,2,0.0,0.7767124429223744,-0.7767124429223744
4,2,0.0,0.7499374429223744,-0.7499374429223744
5,2,0.0,0.6387874429223743,-0.6387874429223743
6,2,0.0,0.6196624429223744,-0.6196624429223744
7,2,0.0,2.2962625702977593,-2.2962625702977593
8,2,0.4828363316475374,4.704794319352292,-4.221957987704754
9,2,2.4299139018810627,2.1790331681276536,0.25088073375340914
10,2,3.8841611433988454,0.4360624429223744,3.448098700476471
11,2,4.863662503620574,0.3595624429223744,4.5041000606982
12,2,5.4167845778192225,0.38248744292237447,5.034297134896848
13,2,5.547124585898959,1.7695771838632823,3.7775474020356765
14,2,5.260217851477443,0.8519866331920232,4.40823121828542
15,2,4.568901475496035,2.8954060575751357,1.6734954179208992
16,2,3.4717339375296996,2.349069809954562,1.1226641275751374
17,2,2.269318013172385,2.4591178118309887,-0.18979979865860352
18,2,0.9367001938155727,4.249365768624085,-3.3126655748085128
19,2,0.005767920612938122,1.2084874429223744,-1.2027195223094362
20,2,0.0,1.7300403176428651,-1.7300403176428651
21,2,0.0,0.7035124429223744,-0.7035124429223744
22,2,0.0,0.5541124429223744,-0.5541124429223744
23,2,0.0,0.5808874429223745,-0.5808874429223745
0,2,0.0,0.6887374429223745,-0.6887374429223745
1,2,0.0,0.7461124429223744,-0.7461124429223744
2,2,0.0,0.7002124429223744,-0.7002124429223744
3,2,0.0,2.801909625454378,-2.801909625454378
4,2,0.0,2.4038363272524808,-2.4038363272524808
5,2,0.0,0.6846874429223744,-0.6846874429223744
6,2,0.0,0.7497124429223744,-0.7497124429223744
7,2,0.0,4.202557920042895,-4.202557920042895
8,2,0.5267384236954108,2.6403361657539643,-2.1135977420585537
9,2,2.475315284907879,3.7922648715105076,-1.3169495866026284
10,2,3.911059366881086,2.5731177410559076,1.3379416258251782
11,2,4.540562827042088,0.7001874429223744,3.8403753841197132
12,2,5.256047521007263,1.6598463845243892,3.5962011364828737
13,2,5.529680482625561,1.9804277839608617,3.549252698664699
14,2,5.190765349075276,0.3404124429223744,4.850352906152902
15,2,4.580390284350119,0.30981244292237436,4.270577841427745
16,2,3.6016624146562943,0.4745124429223744,3.12714997173392
17,2,1.9150778572010136,0.5127624429223744,1.4023154142786391
18,2,0.8998390762513551,0.5772874429223743,0.32255163332898074
19,2,0.005772373384863159,0.46613744292237447,-0.46036506953751133
20,2,0.0,0.4470124429223744,-0.4470124429223744
21,2,0.0,0.6423124429223743,-0.6423124429223743
22,2,0.0,0.5655874429223744,-0.5655874429223744
23,2,0.0,0.6191374429223744,-0.6191374429223744
0,2,0.0,0.7308124429223744,-0.7308124429223744
1,2,0.0,0.5852374429223745,-0.5852374429223745
2,2,0.0,0.5584624429223743,-0.5584624429223743
3,2,0.0,0.5775874429223743,-0.5775874429223743
4,2,0.0,0.6120124429223743,-0.6120124429223743
5,2,0.0,0.6081874429223744,-0.6081874429223744
6,2,0.0,3.751935250833603,-3.751935250833603
7,2,0.0,1.8416351535682154,-1.8416351535682154
8,2,0.05674096702649591,3.107796328373537,-3.051055361347041
9,2,1.7726325240448761,2.5069437188473795,-0.7343111948025034
10,2,3.6212175409597362,1.5340097006740272,2.087207840285709
11,2,4.817781002852394,0.5969124429223743,4.22086855993002
12,2,5.417790154349883,0.5242374429223744,4.893552711427509
13,2,5.590956954487152,0.22186244292237442,5.369094511564778
14,2,5.333414396566747,0.3712624429223744,4.962151953644373
15,2,4.543305532121562,0.3057624429223745,4.237543089199187
16,2,3.3661121132772918,0.2877624429223744,3.0783496703549176
17,2,1.8219895594367785,0.44076244292237443,1.381227116514404
18,2,1.0048258147710603,1.2737374429223745,-0.2689116281513142
19,2,0.005734524823500361,4.729208092296058,-4.723473567472557
20,2,0.0,2.062440134720526,-2.062440134720526
21,2,0.0,2.2831821252073476,-2.2831821252073476
22,2,0.0,2.7501682543278374,-2.7501682543278374
23,2,0.0,0.5847124429223745,-0.5847124429223745
0,2,0.0,0.7193374429223744,-0.7193374429223744
1,2,0.0,0.7690624429223745,-0.7690624429223745
2,2,0.0,0.6349624429223744,-0.6349624429223744
3,2,0.0,0.8646874429223744,-0.8646874429223744
4,2,0.0,0.8761624429223743,-0.8761624429223743
5,2,0.0,0.6808624429223744,-0.6808624429223744
6,2,0.0,0.7114624429223743,-0.7114624429223743
7,2,0.0,2.5913861260473583,-2.5913861260473583
8,2,0.6209058272610884,4.8286516130474695,-4.207745785786381
9,2,2.661756434015972,3.2147843744173503,-0.5530279404013783
10,2,4.129196210509204,0.5546124429223744,3.5745837675868297
11,2,5.105496396877131,0.45133744292237443,4.654158953954756
12,2,5.637225126925848,0.5510124429223744,5.086212684003474
13,2,5.783040529902541,0.4974624429223744,5.285578086980166
14,2,5.511825707842634,0.3021624429223744,5.20966326492026
15,2,4.834915434803726,0.4745124429223744,4.360402991881352
16,2,3.6694257946235074,0.4821624429223743,3.187263351701133
17,2,2.1816660264285352,0.32511244292237446,1.8565535835061608
18,2,0.4024576857704608,0.4355374429223744,-0.03307975715191358
19,2,0.005783505314675745,4.487008587328724,-4.481225082014048
20,2,0.0,2.7843379883964205,-2.7843379883964205
21,2,0.0,2.1310046370988065,-2.1310046370988065
22,2,0.0,0.7838374429223743,-0.7838374429223743
23,2,0.0,0.8450374429223744,-0.8450374429223744
0,2,0.0,0.6043624429223744,-0.6043624429223744
1,2,0.0,0.6349624429223744,-0.6349624429223744
2,2,0.0,0.6693874429223744,-0.6693874429223744
3,2,0.0,0.8723374429223744,-0.8723374429223744
4,2,0.0,0.8952874429223744,-0.8952874429223744
5,2,0.0,0.7420624429223743,-0.7420624429223743
6,2,0.0,0.7458874429223743,-0.7458874429223743
7,2,0.0,1.5955624429223745,-1.5955624429223745
8,2,0.6603837996834105,2.9487733792064494,-2.288389579523039
9,2,2.6997802252500187,3.253634377878669,-0.5538541526286505
10,2,4.17253069788573,2.1201407782383277,2.052389919647402
11,2,5.167019837675435,4.654830916374595,0.5121889213008393
12,2,5.702047114469902,5.785726385667978,-0.08367927119807561
13,2,5.815976367618125,0.5089624429223745,5.307013924695751
14,2,5.543519118670968,0.37101244292237445,5.172506675748593
15,2,4.864521682584005,0.35571244292237447,4.50880923966163
16,2,3.8160301328411,0.35188744292237445,3.4641426899187255
17,2,2.4496317224750253,0.5471874429223743,1.9024442795526508
18,2,1.0756682323029225,0.4240624429223744,0.6516057893805481
19,2,0.011556814253612335,2.1847698345984403,-2.173213020344828
20,2,0.0,0.7111624429223744,-0.7111624429223744
21,2,0.0,0.5770624429223744,-0.5770624429223744
22,2,0.0,0.7914874429223744,-0.7914874429223744
23,2,0.0,0.6535624429223743,-0.6535624429223743
0,2,0.0,0.5928874429223744,-0.5928874429223744
1,2,0.0,0.6234874429223745,-0.6234874429223745
2,2,0.0,1.8144081276642487,-1.8144081276642487
3,2,0.0,4.499735434849191,-4.499735434849191
4,2,0.0,0.6846874429223744,-0.6846874429223744
5,2,0.0,0.7229374429223744,-0.7229374429223744
6,2,0.0,0.6999874429223744,-0.6999874429223744
7,2,0.0,7.359343374393805,-7.359343374393805
8,2,0.6563989395746135,5.0439503660331235,-4.38755142645851
9,2,2.656425401330459,2.7170946972177648,-0.06066929588730563
10,2,4.087750195120715,3.01104289356379,1.076707301556925
11,2,5.0340766526380705,5.994925195104393,-0.9608485424663229
12,2,5.553527428695213,3.5005060089981095,2.053021419697104
13,2,5.667212807355885,4.470939965200261,1.1962728421556248
14,2,5.383268059184229,4.462730543421568,0.9205375157626614
15,2,4.7206144787066675,4.645095961489613,0.07551851721705471
16,2,3.702173700988501,5.091783760365743,-1.389610059377242
17,2,2.379412781666713,2.1818313009312966,0.19758148073541637
18,2,1.0540746469240951,0.3054874429223745,0.7485872040017206
19,2,0.00022317986400434845,1.9798673670280582,-1.9796441871640538
20,2,0.0,0.4317124429223744,-0.4317124429223744
21,2,0.0,0.5005624429223744,-0.5005624429223744
22,2,0.0,0.6729124429223744,-0.6729124429223744
23,2,0.0,0.47761244292237437,-0.47761244292237437
0,2,0.0,0.3863374429223744,-0.3863374429223744
1,2,0.0,0.4360624429223744,-0.4360624429223744
2,2,0.0,0.5546374429223744,-0.5546374429223744
3,2,0.0,1.9228082500376216,-1.9228082500376216
4,2,0.0,0.8493874429223744,-0.8493874429223744
5,2,0.0,1.973967048561362,-1.973967048561362
6,2,0.0,0.9297124429223744,-0.9297124429223744
7,2,0.0,3.4057334354312676,-3.4057334354312676
8,2,0.6736991756020311,2.9515854642599297,-2.2778862886578986
9,2,2.6251811089602537,0.6196374429223743,2.0055436660378794
10,2,4.0371867708674944,0.6542874429223743,3.38289932794512
11,2,4.985881147361826,0.5318874429223743,4.453993704439451
12,2,5.500757374401271,0.2607624429223745,5.239994931478897
13,2,5.627214572667905,2.3665256551179583,3.2606889175499463
14,2,5.361485756979261,1.7230846522029823,3.6384011047762783
15,2,4.7312740279883165,1.7810262187535622,2.9502478092347544
16,2,3.7281100234806512,0.4452624429223744,3.282847580558277
17,2,2.413713352852206,2.666979732246856,-0.2532663793946499
18,2,1.056653659529332,2.5850667763632957,-1.5284131168339636
19,2,0.0003330763232564482,0.5122624429223744,-0.511929366599118
20,2,0.0,0.37051244292237445,-0.37051244292237445
21,2,0.0,0.41641244292237445,-0.41641244292237445
22,2,0.0,0.6308374429223743,-0.6308374429223743
23,2,0.0,2.4659669556952375,-2.4659669556952375
0,2,0.0,0.6237124429223744,-0.6237124429223744
1,2,0.0,2.664858399995291,-2.664858399995291
2,2,0.0,2.193617138216551,-2.193617138216551
3,2,0.0,2.7315741801531055,-2.7315741801531055
4,2,0.0,2.590110769629418,-2.590110769629418
5,2,0.0,0.8034874429223744,-0.8034874429223744
6,2,0.0,0.6464374429223744,-0.6464374429223744
7,2,0.0,2.8934565668881533,-2.8934565668881533
8,2,0.743658816763322,4.21648319884122,-3.4728243820778983
9,2,2.7287996879931207,1.682103665437945,1.0466960225551756
10,2,4.145581090094461,0.42456244292237444,3.7210186471720865
11,2,5.115972625641263,0.36336244292237446,4.752610182718889
12,2,5.65434352034634,0.31746244292237447,5.336881077423966
13,2,5.778354569425049,0.28686244292237445,5.491492126502674
14,2,5.5049161912353215,0.44391244292237436,5.061003748312947
15,2,4.850533102587137,0.20026244292237438,4.650270659664763
16,2,3.8081676353570937,0.20476244292237444,3.6034051924347192
17,2,2.4522334055218686,0.3712624429223744,2.080970962599494
18,2,1.057831337527362,0.3284374429223744,0.7293938946049876
19,2,0.0003354201127624629,2.713876345473717,-2.7135409253609546
20,2,0.0,2.1247202589442944,-2.1247202589442944
21,2,0.0,5.515148116540484,-5.515148116540484
22,2,0.0,5.04749035165004,-5.04749035165004
23,2,0.0,4.11947014487607,-4.11947014487607
0,2,0.0,0.7040374429223744,-0.7040374429223744
1,2,0.0,0.7499374429223744,-0.7499374429223744
2,2,0.0,0.5775874429223743,-0.5775874429223743
3,2,0.0,0.7843624429223743,-0.7843624429223743
4,2,0.0,0.6502624429223743,-0.6502624429223743
5,2,0.0,0.6885124429223743,-0.6885124429223743
6,2,0.0,0.6579124429223744,-0.6579124429223744
7,2,0.0,2.595581605681745,-2.595581605681745
8,2,0.7703311735017538,2.882570859733573,-2.112239686231819
9,2,2.7496258760704047,0.5737374429223745,2.17588843314803
10,2,4.157604910875372,2.326569190953939,1.8310357199214327
11,2,5.086872729765567,2.7692921289572783,2.3175806008082884
12,2,5.595729528893457,3.8888229140653254,1.706906614828132
13,2,5.697394614021265,2.0998010001614658,3.5975936138597993
14,2,5.412241674775151,0.3957624429223745,5.016479231852776
15,2,4.756017728479017,0.4272624429223745,4.3287552855566425
16,2,3.7440261025824695,0.4362624429223744,3.307763659660095
17,2,2.4175330130785695,0.6117624429223742,1.8057705701561952
18,2,1.0467993632953114,0.40966244292237436,0.6371369203729371
19,2,0.00033151379691910516,2.6965839579782402,-2.696252444181321
20,2,0.0,2.046318559380695,-2.046318559380695
21,2,0.0,2.749082991220687,-2.749082991220687
22,2,0.0,0.4814374429223744,-0.4814374429223744
23,2,0.0,0.6155374429223743,-0.6155374429223743
0,2,0.0,0.3213124429223744,-0.3213124429223744
1,2,0.0,2.6722057274397635,-2.6722057274397635
2,2,0.0,2.678032877890154,-2.678032877890154
3,2,0.0,0.7537624429223744,-0.7537624429223744
4,2,0.0,0.5928874429223744,-0.5928874429223744
5,2,0.0,0.7996624429223744,-0.7996624429223744
6,2,0.0,2.5629245257676914,-2.5629245257676914
7,2,0.0,2.08812549048608,-2.08812549048608
8,2,0.5884642335062118,1.5343624429223746,-0.9458982094161628
9,2,2.5165037502095746,0.7231374429223744,1.7933663072872004
10,2,3.981362009169308,0.34808744292237437,3.6332745662469335
11,2,4.955644234717003,2.650901823004605,2.3047424117123976
12,2,5.384661363698461,0.3147624429223745,5.069898920776087
13,2,5.587666425272315,0.5757624429223744,5.01190398234994
14,2,5.360613545607154,0.4542624429223744,4.90635110268478
15,2,4.695569745727956,0.5037624429223744,4.191807302805581
16,2,3.681609300782256,0.45676244292237433,3.2248468578598817
17,2,2.3881883384973515,0.42076244292237447,1.967425895574977
18,2,1.035458209922455,2.0808670624109586,-1.0454088524885037
19,2,0.0004409757304877522,0.8755382644608991,-0.8750972887304114
20,2,0.0,1.435992598960356,-1.435992598960356
21,2,0.0,2.670235599329675,-2.670235599329675
22,2,0.0,0.5772874429223743,-0.5772874429223743
23,2,0.0,0.46613744292237447,-0.46613744292237447
0,2,0.0,0.5395624429223744,-0.5395624429223744
1,2,0.0,0.3060124429223744,-0.3060124429223744
2,2,0.0,0.5969374429223744,-0.5969374429223744
3,2,0.0,0.7269874429223744,-0.7269874429223744
4,2,0.0,0.6043624429223744,-0.6043624429223744
5,2,0.0,0.8302624429223744,-0.8302624429223744
6,2,0.0,0.8417374429223744,-0.8417374429223744
7,2,0.0,1.4270374429223742,-1.4270374429223742
8,2,0.7980179581961315,1.835307418080906,-1.0372894598847744
9,2,2.7253678744824263,1.8996469964363334,0.825720878046093
10,2,4.100547393195869,0.5969124429223743,3.503634950273495
11,2,5.004893420929097,0.29068744292237436,4.7142059780067225
12,2,5.468797939557986,0.5082624429223744,4.960535496635612
13,2,5.558494745553339,0.40926244292237435,5.149232302630964
14,2,5.266955118620243,0.6522624429223745,4.614692675697868
15,2,4.6217776940672035,0.6972624429223744,3.924515251144829
16,2,3.6227036438924354,0.5307624429223745,3.091941200970061
17,2,2.3393899228107182,0.5037624429223744,1.8356274798883438
18,2,0.9907157690752811,0.6616624429223743,0.32905332615290683
19,2,0.0004406285024127871,0.35566244292237437,-0.3552218144199616
20,2,0.0,1.6738583364420718,-1.6738583364420718
21,2,0.0,1.7139101334370757,-1.7139101334370757
22,2,0.0,1.8344342917606684,-1.8344342917606684
23,2,0.0,1.7965901254070236,-1.7965901254070236
0,2,0.0,1.4662417678286221,-1.4662417678286221
1,2,0.0,1.4772874439030559,-1.4772874439030559
2,2,0.0,1.5968227760707892,-1.5968227760707892
3,2,0.0,1.601320584414944,-1.601320584414944
4,2,0.0,1.5656557516666005,-1.5656557516666005
5,2,0.0,4.229190801872694,-4.229190801872694
6,2,0.0,2.7360961351224646,-2.7360961351224646
7,2,0.0,2.0221729590704345,-2.0221729590704345
8,2,0.8242960697313323,2.2335830232861853,-1.4092869535548531
9,2,2.742727967277016,0.6313624429223744,2.1113655243546416
10,2,4.152717956963633,2.0259093639016594,2.1268085930619733
11,2,5.137808988377034,2.089292727707492,3.048516260669542
12,2,5.709682168270816,0.4898124429223743,5.219869725348442
13,2,5.864201544652528,0.46303744292237436,5.401164101730154
14,2,5.566293971492358,0.44008744292237445,5.126206528569983
15,2,4.894935500262119,0.19576244292237446,4.6991730573397446
16,2,3.84082598616819,0.44076244292237443,3.4000635432458157
17,2,2.480141935576496,0.29451244292237444,2.1856294926541215
18,2,1.0445145938799782,0.36286244292237446,0.6816521509576038
19,2,0.0005603331736031594,3.316019913307755,-3.315459580134152
20,2,0.0,0.4584874429223744,-0.4584874429223744
21,2,0.0,3.4206640577979623,-3.4206640577979623
22,2,0.0,0.5961874429223744,-0.5961874429223744
23,2,0.0,0.5464624429223744,-0.5464624429223744
0,2,0.0,0.6849124429223743,-0.6849124429223743
1,2,0.0,0.5928874429223744,-0.5928874429223744
2,2,0.0,2.824551616032599,-2.824551616032599
3,2,0.0,0.8073124429223744,-0.8073124429223744
4,2,0.0,0.7305874429223743,-0.7305874429223743
5,2,0.0,0.9450124429223744,-0.9450124429223744
6,2,0.0,0.7917874429223744,-0.7917874429223744
7,2,0.0,0.8032624429223744,-0.8032624429223744
8,2,0.8350093720879973,0.7229374429223744,0.11207192916562292
9,2,2.6497681244000244,0.6731874429223744,1.97658068147765
10,2,3.9881563388135643,0.5584374429223744,3.42971889589119
11,2,4.694961902326757,0.3939874429223744,4.300974459404382
12,2,5.358376139816238,1.557073383021578,3.8013027567946605
13,2,5.500457208915717,2.7569528416290403,2.7435043672866763
14,2,5.569695835643057,3.0462057305894046,2.5234901050536527
15,2,4.888638157072246,2.867446215527998,2.0211919415442483
16,2,3.8523256257755523,2.931690385311887,0.9206352404636653
17,2,2.5098125777663953,2.601212872670681,-0.09140029490428558
18,2,1.060387018818187,3.0583216910946973,-1.9979346722765103
19,2,0.000671356652329657,3.2395237361659226,-3.238852379513593
20,2,0.0,5.789701325767476,-5.789701325767476
21,2,0.0,5.041493378043627,-5.041493378043627
22,2,0.0,3.5037990600112505,-3.5037990600112505
23,2,0.0,3.483512170378785,-3.483512170378785
0,2,0.0,3.652363370519341,-3.652363370519341
1,2,0.0,3.1442561301350205,-3.1442561301350205
2,2,0.0,3.4480998646466667,-3.4480998646466667
3,2,0.0,3.5066763442280706,-3.5066763442280706
4,2,0.0,0.8952874429223744,-0.8952874429223744
5,2,0.0,0.7535374429223743,-0.7535374429223743
6,2,0.0,0.9526624429223745,-0.9526624429223745
7,2,0.0,2.6934476365664,-2.6934476365664
8,2,0.9522798216907132,3.6222946504870386,-2.6700148287963255
9,2,2.879255486399273,0.8455374429223743,2.033718043476899
10,2,4.286319545849887,1.9081233090865866,2.3781962367633005
11,2,5.21580442517899,4.125690358652954,1.090114066526036
12,2,5.703160960365492,4.0318769956405935,1.671283964724898
13,2,5.790051828982686,3.4459466731167776,2.3441051558659085
14,2,5.492830502822947,0.3057624429223745,5.1870680599005725
15,2,4.823945978666659,0.3327624429223744,4.491183535744285
16,2,3.790127803571822,0.33726244292237445,3.4528653606494477
17,2,2.454164267675805,0.29676244292237436,2.1574018247534306
18,2,1.029323292709217,2.3363761570971375,-1.3070528643879205
19,2,0.0006695337049360901,4.399098942881042,-4.398429409176106
20,2,0.0,4.501292686543226,-4.501292686543226
21,2,0.0,4.373576792481497,-4.373576792481497
22,2,0.0,2.3601649632976236,-2.3601649632976236
23,2,0.0,2.515536191059763,-2.515536191059763
0,2,0.0,3.597034785621176,-3.597034785621176
1,2,0.0,3.979095440796713,-3.979095440796713
2,2,0.0,3.664976756660715,-3.664976756660715
3,2,0.0,2.7658048607373704,-2.7658048607373704
4,2,0.0,0.5967124429223744,-0.5967124429223744
5,2,0.0,0.6234874429223745,-0.6234874429223745
6,2,0.0,0.6617374429223744,-0.6617374429223744
7,2,0.0,3.769108401011758,-3.769108401011758
8,2,0.9986609075365771,2.288777409898232,-1.2901165023616548
9,2,2.950536665871162,2.3215152947252546,0.6290213711459072
10,2,4.365633672288486,0.7269624429223744,3.6386712293661114
11,2,5.312410697245801,0.6695874429223744,4.642823254323427
12,2,5.813793086283249,2.2225848505451893,3.59120823573806
13,2,5.603663444040443,2.176255717665707,3.4274077263747356
14,2,5.033881049448767,0.9404205161647112,4.0934605332840555
15,2,5.02143194526241,1.0514473378450557,3.969984607417355
16,2,3.986159247610196,0.36336244292237446,3.622796804687822
17,2,2.594293784335525,0.5739624429223744,2.0203313414131507
18,2,1.0748870260894867,2.41704878408864,-1.3421617579991534
19,2,0.0007944892195808175,2.2909135279747113,-2.2901190387551305
20,2,0.0,3.6236593239157706,-3.6236593239157706
21,2,0.0,0.6153124429223744,-0.6153124429223744
22,2,0.0,0.6535624429223743,-0.6535624429223743
23,2,0.0,0.6956374429223744,-0.6956374429223744
0,3,0.0,0.6426124429223744,-0.6426124429223744
1,3,0.0,0.8685124429223743,-0.8685124429223743
2,3,0.0,0.9029374429223744,-0.9029374429223744
3,3,0.0,0.9335374429223744,-0.9335374429223744
4,3,0.0,0.9526624429223745,-0.9526624429223745
5,3,0.0,2.191608718094142,-2.191608718094142
6,3,0.0,1.8476568663550734,-1.8476568663550734
7,3,0.0,3.636888934919961,-3.636888934919961
8,3,1.0490838513272533,2.4227537037440596,-1.3736698524168063
9,3,2.9454447315047454,2.6856709150420772,0.2597738164626682
10,3,4.329942444595591,0.48958744292237444,3.840355001673217
11,3,5.253443354262918,0.4054374429223744,4.848005911340544
12,3,5.746289917914033,1.4706642873134608,4.275625630600572
13,3,5.836301594341238,1.277542690696512,4.558758903644726
14,3,5.546955319081612,1.8966031008974666,3.6503522181841457
15,3,4.877135683071249,2.13217751769107,2.7449581653801793
16,3,3.8465442936872942,0.9343140244644548,2.9122302692228397
17,3,2.493142218868413,0.45426244292237433,2.0388797759460386
18,3,1.0296283325978859,1.0593124429223744,-0.029684110324488477
19,3,0.0007829438860882268,0.40493744292237444,-0.4041544990362862
20,3,0.0,0.4584874429223744,-0.4584874429223744
21,3,0.0,0.49291244292237446,-0.49291244292237446
22,3,0.0,0.5273374429223745,-0.5273374429223745
23,3,0.0,2.4126213577332716,-2.4126213577332716
0,3,0.0,2.452724946709366,-2.452724946709366
1,3,0.0,0.4628374429223744,-0.4628374429223744
2,3,0.0,0.45518744292237445,-0.45518744292237445
3,3,0.0,0.6428374429223744,-0.6428374429223744
4,3,0.0,0.4972624429223744,-0.4972624429223744
5,3,0.0,0.7193374429223744,-0.7193374429223744
6,3,0.0,2.526465882331128,-2.526465882331128
7,3,0.0,2.6646806001251333,-2.6646806001251333
8,3,1.0161079646193882,1.4157874429223745,-0.3996794783029862
9,3,2.8482511585275847,0.42456244292237444,2.42368871560521
10,3,4.205603553207871,0.4898124429223743,3.715791110285496
11,3,5.123659153073486,0.7072093500612856,4.416449803012201
12,3,5.6084744733951,0.790591809789609,4.8178826636054914
13,3,5.709101150948946,0.4407624429223745,5.268338708026572
14,3,5.432708646567515,1.2119754835935082,4.220733162974007
15,3,4.759068802250955,0.9481396561683109,3.8109291460826435
16,3,3.7398049458474643,1.05970373348477,2.680101212362694
17,3,2.430534876471188,1.0630778825398504,1.3674569939313375
18,3,1.0051333239592388,0.4321624429223744,0.5729708810368644
19,3,0.0008836797519143898,1.0741624429223744,-1.0732787631704601
20,3,0.0,1.4000315654878865,-1.4000315654878865
21,3,0.0,1.8694880699848457,-1.8694880699848457
22,3,0.0,1.6864816942852743,-1.6864816942852743
23,3,0.0,1.942686834200952,-1.942686834200952
0,3,0.0,0.4513624429223744,-0.4513624429223744
1,3,0.0,0.4972624429223744,-0.4972624429223744
2,3,0.0,0.5240374429223744,-0.5240374429223744
3,3,0.0,0.5546374429223744,-0.5546374429223744
4,3,0.0,0.7461124429223744,-0.7461124429223744
5,3,0.0,0.7537624429223744,-0.7537624429223744
6,3,0.0,0.7767124429223744,-0.7767124429223744
7,3,0.0,3.0245399795762467,-3.0245399795762467
8,3,1.0297798244913576,2.417376002809893,-1.3875961783185355
9,3,2.8049121471051857,0.3710374429223744,2.433874704182811
10,3,4.14231436039353,0.4706874429223743,3.6716269174711558
11,3,4.986067302931602,0.3687624429223744,4.617304860009227
12,3,5.476240202398331,2.899210921389618,2.5770292810087128
13,3,5.556626354096955,1.9405795196001798,3.616046834496775
14,3,5.2768893359666835,1.2756729337322013,4.0012164022344825
15,3,4.574014052036853,1.287626861461565,3.2863871905752884
16,3,3.6851207196313798,2.96638343893932,0.7187372806920598
17,3,2.345841334139112,2.77268123820045,-0.426839904061338
18,3,0.9521391961633212,5.478383038301841,-4.52624384213852
19,3,0.0008906243134136925,2.831859847545499,-2.830969223232085
20,3,0.0,3.0249044639905818,-3.0249044639905818
21,3,0.0,2.276684181153928,-2.276684181153928
22,3,0.0,2.9307783104656684,-2.9307783104656684
23,3,0.0,0.6690874429223743,-0.6690874429223743
0,3,0.0,2.3463234737084093,-2.3463234737084093
1,3,0.0,0.46666244292237435,-0.46666244292237435
2,3,0.0,2.008624959347203,-2.008624959347203
3,3,0.0,2.0090126978988203,-2.0090126978988203
4,3,0.0,1.7528004863233446,-1.7528004863233446
5,3,0.0,1.7674536806323435,-1.7674536806323435
6,3,0.0,3.6613974258875075,-3.6613974258875075
7,3,0.0,0.5890624429223744,-0.5890624429223744
8,3,0.8278057604482238,3.11143662391161,-2.2836308634633857
9,3,2.279987896759442,2.129195717111413,0.15079217964802893
10,3,3.1522954037118573,3.7915132215198,-0.6392178178079426
11,3,4.402615750987385,3.8090423779344253,0.5935733730529598
12,3,4.75241830013981,2.814827216449205,1.9375910836906054
13,3,5.142058561741176,4.951308165330599,0.19075039641057678
14,3,4.7657836040456765,4.770794829271494,-0.005011225225817206
15,3,4.547557253154943,2.926085933296879,1.6214713198580637
16,3,3.693046452355761,0.8966398277589454,2.7964066245968158
17,3,2.358125371812725,0.2652624429223744,2.0928629288903506
18,3,0.8708131247854011,2.3342845537235446,-1.4634714289381434
19,3,0.0008906243134136925,0.35903744292237444,-0.35814681860896075
20,3,0.0,0.41258744292237437,-0.41258744292237437
21,3,0.0,0.4470124429223744,-0.4470124429223744
22,3,0.0,3.040664714233521,-3.040664714233521
23,3,0.0,3.0729718939852244,-3.0729718939852244
0,3,0.0,0.4628374429223744,-0.4628374429223744
1,3,0.0,0.5163874429223744,-0.5163874429223744
2,3,0.0,0.7346374429223743,-0.7346374429223743
3,3,0.0,3.0568655845499,-3.0568655845499
4,3,0.0,0.7881874429223744,-0.7881874429223744
5,3,0.0,0.6158374429223743,-0.6158374429223743
6,3,0.0,0.7690624429223745,-0.7690624429223745
7,3,0.0,0.7384624429223744,-0.7384624429223744
8,3,1.0962519305362894,1.6821900157254124,-0.5859380851891229
9,3,2.8427825103526803,0.4781124429223744,2.364670067430306
10,3,4.167884608549386,0.5165874429223745,3.6512971656270112
11,3,5.061155593499775,0.8180242958784567,4.243131297621318
12,3,5.545804892875308,4.910282244675292,0.6355226482000162
13,3,5.629935939588513,4.668198354987596,0.9617375846009173
14,3,5.317381162927897,1.083601835568561,4.233779327359336
15,3,4.6520969629902025,1.3421978329295108,3.3098991300606917
16,3,3.638233089492149,0.9626227244117633,2.6756103650803853
17,3,2.33614864233125,0.7377624429223744,1.5983861994088757
18,3,0.9440742376465582,2.0941680808428176,-1.1500938431962595
19,3,0.001086365310059855,4.239394844309276,-4.238308478999216
20,3,0.0,2.7957205649334673,-2.7957205649334673
21,3,0.0,0.32416244292237445,-0.32416244292237445
22,3,0.0,1.0271898275732765,-1.0271898275732765
23,3,0.0,0.9333870198390325,-0.9333870198390325
0,3,0.0,0.7187286495275763,-0.7187286495275763
1,3,0.0,0.34808744292237437,-0.34808744292237437
2,3,0.0,0.5280874429223744,-0.5280874429223744
3,3,0.0,0.5127874429223744,-0.5127874429223744
4,3,0.0,0.3174874429223744,-0.3174874429223744
5,3,0.0,0.5166124429223744,-0.5166124429223744
6,3,0.0,0.5739874429223745,-0.5739874429223745
7,3,0.0,0.41693744292237445,-0.41693744292237445
8,3,1.0864696830615614,0.5051374429223744,0.581332240139187
9,3,2.7425624114669587,0.3750874429223745,2.367474968544584
10,3,3.7689584058808854,0.38226244292237443,3.3866959629585107
11,3,4.558824466574844,0.4947624429223745,4.06406202365247
12,3,5.204935387337523,0.7332624429223744,4.471672944415149
13,3,5.431888437341427,0.6072624429223745,4.824625994419052
14,3,5.198623146449867,0.8367624429223743,4.361860703527492
15,3,4.585004928735313,3.697285025052363,0.8877199036829504
16,3,3.601409320786779,0.8457624429223745,2.7556468778644043
17,3,2.329335306112987,0.7447624429223745,1.5845728631906124
18,3,0.9510377876066916,3.9244651795262833,-2.973427391919592
19,3,0.0010785526783731391,4.839199458200303,-4.83812090552193
20,3,0.0,5.572629835887188,-5.572629835887188
21,3,0.0,0.5401624429223744,-0.5401624429223744
22,3,0.0,0.3054874429223745,-0.3054874429223745
23,3,0.0,0.38198744292237446,-0.38198744292237446
0,3,0.0,0.28306244292237437,-0.28306244292237437
1,3,0.0,0.5127874429223744,-0.5127874429223744
2,3,0.0,0.35191244292237434,-0.35191244292237434
3,3,0.0,0.3939874429223744,-0.3939874429223744
4,3,0.0,0.4207624429223744,-0.4207624429223744
5,3,0.0,0.6581374429223744,-0.6581374429223744
6,3,0.0,0.6734374429223744,-0.6734374429223744
7,3,0.005865881595288889,1.6951339876006664,-1.6892681060053776
8,3,1.1059827020998871,1.3730373815702226,-0.26705467947033545
9,3,2.774806060657194,1.7257183181378255,1.0490877425193683
10,3,4.085150610613635,3.2524718377015054,0.8326787729121294
11,3,4.859985135851809,1.82730524352973,3.0326798923220792
12,3,5.433337268876732,0.5532624429223745,4.880074825954358
13,3,5.299444955017021,1.6344830466375009,3.6649619083795204
14,3,3.4327524624734638,3.6927532569695543,-0.2600007944960905
15,3,4.077128848613028,5.711615285219523,-1.6344864366064948
16,3,3.428292206342958,4.322445451460356,-0.8941532451173981
17,3,2.1627235277113765,0.6927624429223744,1.4699610847890021
18,3,0.8754104958978809,2.7498120255044256,-1.8744015296065446
19,3,0.0010802888187479648,0.5761624429223745,-0.5750821541036265
20,3,0.0,0.6976624429223743,-0.6976624429223743
21,3,0.0,0.6031624429223743,-0.6031624429223743
22,3,0.0,0.42316244292237437,-0.42316244292237437
23,3,0.0,0.4186624429223745,-0.4186624429223745
0,3,0.0,0.4432624429223745,-0.4432624429223745
1,3,0.0,0.3082624429223745,-0.3082624429223745
2,3,0.0,0.43876244292237443,-0.43876244292237443
3,3,0.0,0.40726244292237446,-0.40726244292237446
4,3,0.0,0.41333744292237445,-0.41333744292237445
5,3,0.0,0.45158744292237446,-0.45158744292237446
6,3,0.0,0.45158744292237446,-0.45158744292237446
7,3,0.005734524823500361,2.181182937165807,-2.1754484123423063
8,3,0.647266408757845,4.520260413682825,-3.8729940049249802
9,3,2.1351219644972765,2.223295228009821,-0.08817326351254451
10,3,4.059881594497874,0.3937624429223744,3.6661191515754994
11,3,4.9485422376772235,0.5127624429223744,4.435779794754849
12,3,5.438829609158075,0.5442624429223744,4.894567166235701
13,3,5.524163954126682,0.6997624429223744,4.824401511204308
14,3,5.229480120794998,0.6252624429223743,4.604217677872623
15,3,4.593539874239236,2.7054940563471614,1.888045817892075
16,3,3.5741747224180735,0.5647624429223744,3.0094122794956992
17,3,1.9890941757082259,0.7872624429223745,1.2018317327858514
18,3,0.7857954895548122,0.5941624429223744,0.19163304663243774
19,3,0.0010859312749661484,1.4476624429223743,-1.446576511647408
20,3,0.0,1.9159382899673765,-1.9159382899673765
21,3,0.0,1.371394614529708,-1.371394614529708
22,3,0.0,3.7434880146863376,-3.7434880146863376
23,3,0.0,3.776145650909034,-3.776145650909034
0,3,0.0,1.482003022746019,-1.482003022746019
1,3,0.0,3.568447470711545,-3.568447470711545
2,3,0.0,4.674665330569792,-4.674665330569792
3,3,0.0,1.8381258764505797,-1.8381258764505797
4,3,0.0,2.303904846916422,-2.303904846916422
5,3,0.0,2.303548517969637,-2.303548517969637
6,3,0.0,2.2964748900873477,-2.2964748900873477
7,3,0.0,2.8327590043295015,-2.8327590043295015
8,3,0.09791694584439505,2.5019725226759735,-2.4040555768315786
9,3,1.0883334453671074,0.35571244292237447,0.7326210024447329
10,3,3.2026802591917796,1.6718217246937546,1.530858534498025
11,3,4.295879130384213,0.3462624429223744,3.9496166874618384
12,3,5.379789441946096,0.40926244292237435,4.970526999023722
13,3,5.529253684429091,0.6207624429223744,4.908491241506717
14,3,4.924086716354337,0.48576244292237447,4.438324273431962
15,3,4.599175262179157,0.47676244292237435,4.122412819256783
16,3,3.620270818854425,0.4362624429223744,3.1840083759320503
17,3,2.3853634895847757,0.5622624429223744,1.8231010466624014
18,3,0.9606525046858816,1.705844924947681,-0.7451924202617994
19,3,0.001441041863290495,5.825587342807564,-5.824146300944274
20,3,0.0,2.0455618978418553,-2.0455618978418553
21,3,0.0,0.39728744292237445,-0.39728744292237445
22,3,0.0,2.456818068781962,-2.456818068781962
23,3,0.0,2.7112311035863814,-2.7112311035863814
0,3,0.0,0.4054624429223744,-0.4054624429223744
1,3,0.0,0.43988744292237436,-0.43988744292237436
2,3,0.0,0.47813744292237437,-0.47813744292237437
3,3,0.0,0.7116874429223744,-0.7116874429223744
4,3,0.0,0.7652374429223745,-0.7652374429223745
5,3,0.0,0.7461124429223744,-0.7461124429223744
6,3,0.0,0.5699374429223745,-0.5699374429223745
7,3,0.011823980569114424,0.5967124429223744,-0.58488846235326
8,3,1.2708610596337608,0.5737624429223744,0.6970986167113864
9,3,2.9490442126496696,0.7422624429223743,2.2067817697272956
10,3,4.292962083886754,0.4972374429223745,3.7957246409643792
11,3,5.181593379399237,0.42456244292237444,4.757030936476863
12,3,5.643407086850754,0.35571244292237447,5.287694643928379
13,3,5.713184240118538,1.7440443755640942,3.9691398645544442
14,3,5.402377403322856,1.4691293018390543,3.933248101483802
15,3,4.696813946466065,0.44391244292237436,4.252901503543691
16,3,3.7058439398794896,0.19891244292237437,3.5069314969571153
17,3,2.0189872978396157,0.29068744292237436,1.7282998549172413
18,3,0.8853636037473296,0.5466874429223744,0.3386761608249552
19,3,0.0013411331170911053,2.1337936524683068,-2.1324525193512156
20,3,0.0,3.460199890053434,-3.460199890053434
21,3,0.0,1.955947810922623,-1.955947810922623
22,3,0.0,1.6090667410933033,-1.6090667410933033
23,3,0.0,1.5119505049137163,-1.5119505049137163
0,3,0.0,0.4743124429223744,-0.4743124429223744
1,3,0.0,0.6849124429223743,-0.6849124429223743
2,3,0.0,0.5469874429223744,-0.5469874429223744
3,3,0.0,0.5699374429223745,-0.5699374429223745
4,3,0.0,0.7767124429223744,-0.7767124429223744
5,3,0.0,0.7728874429223744,-0.7728874429223744
6,3,0.0,2.401578212740245,-2.401578212740245
7,3,0.011864055516439738,3.8058479658597326,-3.793983910343293
8,3,0.9182844709538986,3.80446025129851,-2.8861757803446118
9,3,2.0535905813778714,3.840596662942547,-1.7870060815646758
10,3,3.576245946528364,3.660184981577517,-0.08393903504915334
11,3,4.813264313786718,3.765423681960115,1.047840631826603
12,3,4.843102622265743,2.6760259472077905,2.1670766750579524
13,3,4.046381002345579,0.5127624429223744,3.533618559423205
14,3,3.3311240690642863,0.29833744292237446,3.032786626141912
15,3,2.2431922224450638,0.3021624429223744,1.9410297795226894
16,3,1.0228004189691342,1.6381073949731217,-0.6153069760039875
17,3,0.37409344774014425,1.641044454454125,-1.2669510067139806
18,3,0.3006629934799899,3.347901222253284,-3.047238228773294
19,3,0.011552361481687298,3.3747471682060115,-3.3631948067243242
20,3,0.0,2.675844925620168,-2.675844925620168
21,3,0.0,2.413203539161118,-2.413203539161118
22,3,0.0,3.3507482762593073,-3.3507482762593073
23,3,0.0,2.8655153359251595,-2.8655153359251595
0,3,0.0,0.5469874429223744,-0.5469874429223744
1,3,0.0,0.7461124429223744,-0.7461124429223744
2,3,0.0,0.5661124429223744,-0.5661124429223744
3,3,0.0,2.1351224313288317,-2.1351224313288317
4,3,0.0,2.1835748457413935,-2.1835748457413935
5,3,0.0,0.5852374429223745,-0.5852374429223745
6,3,0.0,0.5890624429223744,-0.5890624429223744
7,3,0.011877413832214844,2.477497737768886,-2.465620323936671
8,3,0.5719964430210323,2.64758252772254,-2.075586084701508
9,3,2.2988514288242805,0.6081624429223744,1.690688985901906
10,3,3.7977140238955944,0.5584374429223744,3.23927658097322
11,3,4.464356593825643,0.6963624429223744,3.767994150903269
12,3,4.938358459767988,0.47428744292237435,4.4640710168456135
13,3,4.4518676284619705,2.44553597221818,2.0063316562437903
14,3,3.770123417310728,2.2894468543833297,1.4806765629273984
15,3,2.6948982547263665,0.9220366110693411,1.7728616436570253
16,3,1.163781675667745,0.9227663334428151,0.24101534222492993
17,3,0.9002900138263279,1.1070617151278694,-0.20677170130154154
18,3,0.21051881312957635,3.9749851063834836,-3.764466293253907
19,3,0.017607130605974516,4.593962594231748,-4.576355463625773
20,3,0.0,4.302145379236259,-4.302145379236259
21,3,0.0,3.0394953429157,-3.0394953429157
22,3,0.0,2.826655926466966,-2.826655926466966
23,3,0.0,2.7081118243427325,-2.7081118243427325
0,3,0.0,2.595408733957734,-2.595408733957734
1,3,0.0,2.4363467129369534,-2.4363467129369534
2,3,0.0,0.8111374429223744,-0.8111374429223744
3,3,0.0,0.6426124429223744,-0.6426124429223744
4,3,0.0,0.8302624429223744,-0.8302624429223744
5,3,0.0,0.6693874429223744,-0.6693874429223744
6,3,0.0,0.8608624429223745,-0.8608624429223745
7,3,0.011926394323390226,2.7191277204042557,-2.7072013260808654
8,3,0.8040597944250878,1.4155624429223743,-0.6115026484972865
9,3,1.9697408420406457,0.6196624429223744,1.3500783991182712
10,3,3.748484210739279,1.0801105793384485,2.66837363140083
11,3,4.995122778379074,1.1704318265761828,3.8246909518028915
12,3,5.123563184464864,0.5087124429223744,4.614850741542489
13,3,4.90857742737214,0.4666374429223744,4.441939984449765
14,3,3.003400045430646,0.6542874429223743,2.3491126025082716
15,3,2.7152719783078796,3.4655692794512896,-0.75029730114341
16,3,2.717539007770896,0.6351624429223743,2.0823765648485217
17,3,1.721153791403627,0.37868744292237444,1.3424663484812527
18,3,0.34782691027632745,0.7149874429223744,-0.3671605326460469
19,3,0.001372904485950415,1.5606124429223742,-1.5592395384364237
20,3,0.0,4.883990712348747,-4.883990712348747
21,3,0.0,1.6983429393017209,-1.6983429393017209
22,3,0.0,1.816067298978826,-1.816067298978826
23,3,0.0,2.1580915970275747,-2.1580915970275747
0,3,0.0,1.858074114581085,-1.858074114581085
1,3,0.0,2.0982397768817456,-2.0982397768817456
2,3,0.0,0.7267624429223744,-0.7267624429223744
3,3,0.0,0.9258874429223743,-0.9258874429223743
4,3,0.0,0.9526624429223745,-0.9526624429223745
5,3,0.0,0.7764874429223744,-0.7764874429223744
6,3,0.0,0.9603124429223744,-0.9603124429223744
7,3,0.030412209636588444,0.9526624429223745,-0.922250233285786
8,3,1.3208129760521392,1.4538124429223744,-0.13299946687023523
9,3,2.973757246627602,0.8493624429223743,2.1243948037052274
10,3,4.286643230541629,0.5852124429223744,3.7014307876192545
11,3,5.196800483960485,0.5163624429223744,4.68043804103811
12,3,5.680284434684192,1.7383719215860503,3.941912513098142
13,3,5.743508184719888,1.849170177873197,3.8943380068466906
14,3,5.443531782673969,1.4170077574860394,4.02652402518793
15,3,4.750153274180454,1.6690762345336567,3.0810770396467975
16,3,3.7065879170385716,1.6661717693327938,2.040416147705778
17,3,2.3766942105772655,2.2826555597652987,0.09403865081196683
18,3,0.8935063896695632,0.5619874429223745,0.33151894674718874
19,3,0.001802745369731462,0.47761244292237437,-0.4758096975526429
20,3,0.0,0.7073374429223744,-0.7073374429223744
21,3,0.0,3.0439731160180683,-3.0439731160180683
22,3,0.0,2.2330484008284985,-2.2330484008284985
23,3,0.0,2.345234628479842,-2.345234628479842
0,3,0.0,0.7728874429223744,-0.7728874429223744
1,3,0.0,0.6387874429223743,-0.6387874429223743
2,3,0.0,0.6655624429223743,-0.6655624429223743
3,3,0.0,0.6923374429223743,-0.6923374429223743
4,3,0.0,0.7076374429223743,-0.7076374429223743
5,3,0.0,0.6770374429223743,-0.6770374429223743
6,3,0.0,0.8264374429223744,-0.8264374429223744
7,3,0.023776380968423546,2.07803163937331,-2.0542552584048863
8,3,0.8861100535455414,3.8085808070405287,-2.9224707534949874
9,3,1.996396667911247,0.5431374429223744,1.4532592249888725
10,3,1.561428952026141,3.0515128193186847,-1.4900838672925436
11,3,2.674318082505933,2.5776165864134466,0.09670149609248657
12,3,2.3062661709724877,3.2612425771094555,-0.9549764061369679
13,3,4.504048626388581,7.576084137842103,-3.072035511453522
14,3,4.275558846419767,3.9869068345933707,0.28865201182639666
15,3,4.207446736700116,1.8900364248632113,2.3174103118369045
16,3,3.2710151266497434,1.385813985638753,1.8852011410109903
17,3,2.2134854511941575,1.5633299579067794,0.6501554932873781
18,3,0.7725522257423915,1.2676624429223744,-0.49511021717998294
19,3,0.0017895507028827867,1.9516439490954645,-1.9498543983925816
20,3,0.0,3.832830101983334,-3.832830101983334
21,3,0.0,3.6607979794386454,-3.6607979794386454
22,3,0.0,0.4584874429223744,-0.4584874429223744
23,3,0.0,0.4737874429223744,-0.4737874429223744
0,3,0.0,0.7269874429223744,-0.7269874429223744
1,3,0.0,2.8274056487344716,-2.8274056487344716
2,3,0.0,0.5699374429223745,-0.5699374429223745
3,3,0.0,0.5852374429223745,-0.5852374429223745
4,3,0.0,0.6081874429223744,-0.6081874429223744
5,3,0.0,0.6081874429223744,-0.6081874429223744
6,3,0.0,0.6579124429223744,-0.6579124429223744
7,3,0.03526298532736971,4.279338729989412,-4.244075744662043
8,3,1.1041890086371555,2.900812354810575,-1.7966233461734193
9,3,2.5287442798269106,4.559147480087031,-2.0304032002601202
10,3,2.52633641425259,1.854643201672274,0.6716932125803161
11,3,4.4801704124408,2.3514237830789577,2.1287466293618422
12,3,5.119004879697245,3.528357675488534,1.590647204208711
13,3,5.059692443279833,2.414502221975423,2.6451902213044103
14,3,4.821295150733082,0.930475365534357,3.890819785198725
15,3,4.935570792931834,0.4283874429223744,4.50718335000946
16,3,3.8147075244922544,0.6083874429223743,3.20632008156988
17,3,2.4348003423774385,0.44751244292237446,1.987287899455064
18,3,0.9531890024185051,2.614207065243013,-1.6610180628245081
19,3,0.0021588888116652705,2.515417708947123,-2.5132588201354578
20,3,0.0,4.161046915972448,-4.161046915972448
21,3,0.0,2.5251144698041696,-2.5251144698041696
22,3,0.0,5.427830227375845,-5.427830227375845
23,3,0.0,2.36486879916624,-2.36486879916624
0,3,0.0,0.6464374429223744,-0.6464374429223744
1,3,0.0,2.3649566265827273,-2.3649566265827273
2,3,0.0,2.6900108664098257,-2.6900108664098257
3,3,0.0,2.8593387359754345,-2.8593387359754345
4,3,0.0,2.5801660207494335,-2.5801660207494335
5,3,0.0,2.536655972676647,-2.536655972676647
6,3,0.0,2.888395172840942,-2.888395172840942
7,3,0.04632125546583539,4.403820034998108,-4.357498779532273
8,3,1.4006325712932806,4.4141555818342555,-3.013523010540975
9,3,3.0285409435680237,3.694453168067727,-0.6659122244997033
10,3,4.3118014479404465,2.034505688617398,2.2772957593230485
11,3,5.1675778053032575,4.158840899116587,1.0087369061866704
12,3,5.656988981207425,0.5357124429223744,5.12127653828505
13,3,5.731454531247739,2.195126116190163,3.5363284150575764
14,3,5.412695448302683,3.5769884124212563,1.835707035881427
15,3,4.7181488610783875,2.484404211742156,2.2337446493362316
16,3,3.662021917847981,2.768783381197311,0.8932385366506699
17,3,2.279020791911654,2.727907655729789,-0.44888686381813514
18,3,0.8701005449006582,3.3035929899992387,-2.4334924450985804
19,3,0.001993704130910913,4.455803854619969,-4.453810150489058
20,3,0.0,6.544744225630332,-6.544744225630332
21,3,0.0,5.283865360790903,-5.283865360790903
22,3,0.0,1.5353758299345548,-1.5353758299345548
23,3,0.0,1.8002061123714965,-1.8002061123714965
0,3,0.0,1.7021260971390424,-1.7021260971390424
1,3,0.0,0.5892874429223743,-0.5892874429223743
2,3,0.0,0.4590124429223744,-0.4590124429223744
3,3,0.0,0.5240374429223744,-0.5240374429223744
4,3,0.0,0.5737624429223744,-0.5737624429223744
5,3,0.0,0.6464374429223744,-0.6464374429223744
6,3,0.0,0.6579124429223744,-0.6579124429223744
7,3,0.051105808144718406,2.146201648319824,-2.0950958401751056
8,3,1.2954017150971688,3.154210923746025,-1.8588092086488561
9,3,2.9887618193144854,1.7853061154172543,1.203455703897231
10,3,4.245612737852128,0.29833744292237446,3.947275294929754
11,3,5.049549630981175,0.3282624429223745,4.7212871880588
12,3,5.501692473739612,0.33976244292237445,5.161930030817238
13,3,5.5784506060609775,0.6477624429223743,4.930688163138603
14,3,5.294783825009727,0.4477624429223743,4.847021382087353
15,3,4.635953769098065,0.5442624429223744,4.091691326175691
16,3,3.6233962436230676,2.412620001394925,1.2107762422281425
17,3,2.322043574447315,2.8855201629910576,-0.5634765885437427
18,3,0.9121281196517763,2.4548281284336464,-1.54270000878187
19,3,0.002294071119764969,4.337718752854776,-4.33542468173501
20,3,0.0,2.412100456371821,-2.412100456371821
21,3,0.0,2.0448838435868093,-2.0448838435868093
22,3,0.0,2.382708834816583,-2.382708834816583
23,3,0.0,3.2139253308616436,-3.2139253308616436
0,3,0.0,3.38974620702426,-3.38974620702426
1,3,0.0,0.9895234068749419,-0.9895234068749419
2,3,0.0,2.262568571328741,-2.262568571328741
3,3,0.0,0.8129888632594131,-0.8129888632594131
4,3,0.0,0.9905049921047995,-0.9905049921047995
5,3,0.0,0.6734374429223744,-0.6734374429223744
6,3,0.0,0.6005374429223743,-0.6005374429223743
7,3,0.060493892756200894,0.5967124429223744,-0.5362185501661735
8,3,1.4440507583201942,3.6368169375515587,-2.1927661792313646
9,3,3.0346127359241746,3.0830844961167463,-0.04847176019257171
10,3,4.267650316895305,2.4953677562800167,1.7722825606152885
11,3,5.092396435535761,2.822022008375741,2.27037442716002
12,3,5.526697776151481,0.9549280018140387,4.571769774337443
13,3,5.581777282393862,4.902016859002294,0.679760423391568
14,3,5.268014396729541,3.388936534530626,1.8790778621989146
15,3,4.600992986314871,2.77273594056442,1.8282570457504512
16,3,3.59469990477466,2.9052341266515618,0.6894657781230982
17,3,2.304083935251971,3.3701870181249505,-1.0661030828729796
18,3,0.8966021170976282,3.4319653104154892,-2.535363193317861
19,3,0.0023832547838420937,4.600667625833798,-4.598284371049956
20,3,0.0,2.376640751522273,-2.376640751522273
21,3,0.0,3.6271486416019396,-3.6271486416019396
22,3,0.0,0.43666244292237444,-0.43666244292237444
23,3,0.0,0.4321624429223744,-0.4321624429223744
0,3,0.0,0.47926244292237435,-0.47926244292237435
1,3,0.0,0.3982624429223745,-0.3982624429223745
2,3,0.0,2.5077216275811938,-2.5077216275811938
3,3,0.0,2.5883898365774054,-2.5883898365774054
4,3,0.0,2.5140507830855308,-2.5140507830855308
5,3,0.0,0.5240374429223744,-0.5240374429223744
6,3,0.0,0.5661124429223744,-0.5661124429223744
7,3,0.06523600154491631,2.473865538730861,-2.4086295371859445
8,3,1.3904960042604442,5.3341103810390935,-3.9436143767786493
9,3,2.910292498074028,1.623392416907519,1.286900081166509
10,3,4.093350808694715,1.5350613888990505,2.5582894197956643
11,3,4.895939159116162,0.5557624429223744,4.340176716193788
12,3,5.32774300092141,1.6180517319075312,3.709691269013879
13,3,5.374838556087372,2.023680174019198,3.3511583820681743
14,3,5.060424065773467,1.2884969190926339,3.771927146680833
15,3,4.316205630786156,1.1885267389821528,3.127678891804003
16,3,3.214158000934749,0.6657624429223745,2.5483955580123743
17,3,2.1960016422972077,0.8142624429223744,1.3817391993748334
18,3,0.8589446744993144,3.291923380747183,-2.4329787062478685
19,3,0.0023832547838420937,2.491780680953743,-2.489397426169901
20,3,0.0,0.6706624429223743,-0.6706624429223743
21,3,0.0,1.6453137186263596,-1.6453137186263596
22,3,0.0,1.5183231732131857,-1.5183231732131857
23,3,0.0,1.7406363193374113,-1.7406363193374113
0,3,0.0,5.029193853979313,-5.029193853979313
1,3,0.0,1.664146077096437,-1.664146077096437
2,3,0.0,0.3251374429223744,-0.3251374429223744
3,3,0.0,0.3710374429223744,-0.3710374429223744
4,3,0.0,0.5931124429223744,-0.5931124429223744
5,3,0.0,0.40163744292237435,-0.40163744292237435
6,3,0.0,0.6275374429223743,-0.6275374429223743
7,3,0.07939080712830855,2.144275606493584,-2.0648847993652755
8,3,1.4807056139741217,4.111240943614957,-2.6305353296408356
9,3,3.0729118796792902,4.4020474550522835,-1.3291355753729932
10,3,4.336112307586993,1.3861178128674239,2.9499944947195695
11,3,5.199459829610875,1.728048891848496,3.4714109377623794
12,3,5.661375310885076,1.3389833982937656,4.322391912591311
13,3,5.755448970436739,1.4363740857357552,4.319074884700984
14,3,5.456477206710141,1.916271231722137,3.540205974988004
15,3,4.765522295163717,0.6612624429223743,4.104259852241343
16,3,3.7186819492725176,0.6567624429223743,3.061919506350143
17,3,2.379988555752435,0.35776244292237436,2.0222261128300607
18,3,0.9168568286871805,1.1776624429223745,-0.260805614235194
19,3,0.0026446949571625124,3.997260514900554,-3.9946158199433914
20,3,0.0,2.59403654774279,-2.59403654774279
21,3,0.0,0.36668744292237443,-0.36668744292237443
22,3,0.0,0.39346244292237437,-0.39346244292237437
23,3,0.0,0.5925874429223743,-0.5925874429223743
0,3,0.0,0.3366124429223744,-0.3366124429223744
1,3,0.0,0.37868744292237444,-0.37868744292237444
2,3,0.0,0.40928744292237434,-0.40928744292237434
3,3,0.0,0.6122374429223745,-0.6122374429223745
4,3,0.0,0.4513624429223744,-0.4513624429223744
5,3,0.0,0.5163874429223744,-0.5163874429223744
6,3,0.0,3.0619989674826593,-3.0619989674826593
7,3,0.0888596422195658,0.7537624429223744,-0.6649028007028086
8,3,1.5732815675074006,0.47813744292237437,1.0951441245850262
9,3,3.1837911934435352,0.47428744292237435,2.709503750521161
10,3,4.457357939964336,0.4054374429223744,4.051920497041961
11,3,5.297297765895647,0.2754124429223744,5.021885322973272
12,3,5.754445442216029,0.29068744292237436,5.463757999293654
13,3,5.8090614249256936,0.2652624429223744,5.543798982003319
14,3,5.488594153496532,1.824252082945685,3.664342070550847
15,3,4.786440747430966,4.621546392387859,0.16489435504310723
16,3,3.7268403254114055,2.5548759117937063,1.1719644136176992
17,3,2.3802519033457745,2.4779059694837064,-0.09765406613793193
18,3,0.9119070334722087,4.178789276698024,-3.266882243225815
19,3,0.0027733309394883123,5.0670277219903355,-5.064254391050847
20,3,0.0,2.3105843903764693,-2.3105843903764693
21,3,0.0,4.225035769081364,-4.225035769081364
22,3,0.0,1.7063241633650286,-1.7063241633650286
23,3,0.0,0.6767374429223744,-0.6767374429223744
0,3,0.0,0.4322374429223744,-0.4322374429223744
1,3,0.0,0.6466624429223744,-0.6466624429223744
2,3,0.0,0.5240374429223744,-0.5240374429223744
3,3,0.0,0.7346374429223743,-0.7346374429223743
4,3,0.0,0.7690624429223745,-0.7690624429223745
5,3,0.0,0.7690624429223745,-0.7690624429223745
6,3,0.0,0.7767124429223744,-0.7767124429223744
7,3,0.07858598020831396,3.84532774467076,-3.766741764462446
8,3,1.2192575107020431,1.2587374429223743,-0.03947993222033119
9,3,2.6201123321734356,0.4398624429223744,2.180249889251061
10,3,3.429593708665387,1.6248607464632845,1.8047329622021024
11,3,3.6198335803437542,0.29451244292237444,3.32532113742138
12,3,3.221400857974469,0.3021624429223744,2.9192384150520945
13,3,3.308953206073151,1.439922917804282,1.8690302882688687
14,3,1.7126648153793635,2.038556166246753,-0.3258913508673895
15,3,2.097220903461291,1.952566660130825,0.14465424333046628
16,3,1.5807730250855156,0.6007374429223744,0.9800355821631412
17,3,1.4772327150370603,0.4283874429223744,1.048845272114686
18,3,0.266611918700158,2.659909298848538,-2.3932973801483803
19,3,0.0020405799210312064,0.5388124429223744,-0.5367718630013432
20,3,0.0,2.3359097690725186,-2.3359097690725186
21,3,0.0,2.076096941903406,-2.076096941903406
22,3,0.0,2.5446763303923277,-2.5446763303923277
23,3,0.0,2.5302714493967087,-2.5302714493967087
0,3,0.0,0.9162573887263294,-0.9162573887263294
1,3,0.0,3.0121706061280085,-3.0121706061280085
2,3,0.0,3.4682938329070296,-3.4682938329070296
3,3,0.0,2.863601121174222,-2.863601121174222
4,3,0.0,2.700403239396171,-2.700403239396171
5,3,0.0,2.7678261962262725,-2.7678261962262725
6,3,0.0,0.6120124429223743,-0.6120124429223743
7,3,0.08987693830867559,2.7019894146264325,-2.612112476317757
8,3,1.189459944861915,1.2116616477267943,-0.022201702864879325
9,3,1.6889237861387516,1.0133590067307865,0.6755647794079651
10,3,2.6815870170569034,3.148762910232846,-0.46717589317594266
11,3,4.58061971000983,1.1194970254795178,3.461122684530312
12,3,5.100409975031453,0.8904797109547435,4.209930264076709
13,3,5.055282546900977,0.42098744292237444,4.6342951039786024
14,3,4.928646336137706,2.486493693517341,2.4421526426203646
15,3,4.47519778637916,2.4735535837464027,2.001644202632757
16,3,3.4459988695438826,0.5352624429223743,2.9107364266215083
17,3,1.6953122410837926,0.3327624429223744,1.3625497981614183
18,3,0.6923760370632487,0.3466624429223744,0.34571359414087427
19,3,0.0022143489301408984,3.917799751883003,-3.9155854029528623
20,3,0.0,4.4430881861279445,-4.4430881861279445
21,3,0.0,2.7361980460896174,-2.7361980460896174
22,3,0.0,0.4393624429223745,-0.4393624429223745
23,3,0.0,0.6958624429223743,-0.6958624429223743
0,3,0.0,0.40928744292237434,-0.40928744292237434
1,3,0.0,0.42841244292237435,-0.42841244292237435
2,3,0.0,0.5087374429223744,-0.5087374429223744
3,3,0.0,0.5622874429223743,-0.5622874429223743
4,3,0.0,0.5393374429223744,-0.5393374429223744
5,3,0.0,0.6426124429223744,-0.6426124429223744
6,3,0.0,2.502842115343941,-2.502842115343941
7,3,0.10972036018348828,1.6146806978688684,-1.5049603376853802
8,3,1.4313836029930378,0.5240374429223744,0.9073461600706634
9,3,2.373860050251612,0.4857624429223744,1.8880976073292375
10,3,2.6876684283409618,0.3977874429223744,2.2898809854185873
11,3,2.622978316114866,0.35188744292237445,2.2710908731924917
12,3,4.234179190455709,0.31026244292237437,3.923916747533335
13,3,4.152616908148842,0.2947624429223744,3.857854465226468
14,3,4.30082748411563,0.43176244292237437,3.869065041193256
15,3,3.38464310101515,0.5847624429223743,2.7998806580927758
16,3,1.8671891130141072,0.36426244292237436,1.5029266700917328
17,3,1.314972551041869,0.4902624429223743,0.8247101081194947
18,3,0.7482094791010205,0.4906624429223743,0.2575470361786462
19,3,0.0026686536943351068,1.6131540313966926,-1.6104853777023576
20,3,0.0,0.5543374429223743,-0.5543374429223743
21,3,0.0,3.6828545256500793,-3.6828545256500793
22,3,0.0,3.456191887791573,-3.456191887791573
23,3,0.0,3.3860327555811853,-3.3860327555811853
0,3,0.0,0.43988744292237436,-0.43988744292237436
1,3,0.0,0.4857874429223743,-0.4857874429223743
2,3,0.0,0.5278624429223744,-0.5278624429223744
3,3,0.0,0.5393374429223744,-0.5393374429223744
4,3,0.0,0.5546374429223744,-0.5546374429223744
5,3,0.0,0.5240374429223744,-0.5240374429223744
6,3,0.0,3.2497250762460475,-3.2497250762460475
7,3,0.07296178366751489,3.417096784869451,-3.3441350012019364
8,3,1.0506551648226412,3.4384770838276033,-2.387821919004962
9,3,2.081727893940929,1.9949150710233812,0.086812822917548
10,3,2.861336922713789,0.46281244292237445,2.3985244797914147
11,3,3.6544500173896863,0.6045624429223744,3.049887574467312
12,3,4.52032876251484,0.5701374429223743,3.9501913195924656
13,3,3.969717435789077,0.5739624429223744,3.395754992866703
14,3,4.012935254575027,0.5548374429223744,3.458097811652653
15,3,3.290446042851952,0.3748374429223745,2.9156085999295773
16,3,2.3907915991864055,0.5624874429223744,1.8283041562640312
17,3,1.8137952520486422,0.46688744292237444,1.3469078091262678
18,3,0.5453178385513295,2.77952840119582,-2.2342105626444906
19,3,0.002354228383752679,4.752851017596617,-4.750496789212865
20,3,0.0,3.2534546470582226,-3.2534546470582226
21,3,0.0,2.444832639064704,-2.444832639064704
22,3,0.0,1.8010628883704727,-1.8010628883704727
23,3,0.0,1.9583370372407356,-1.9583370372407356
0,3,0.0,0.5278624429223744,-0.5278624429223744
1,3,0.0,2.822477152152399,-2.822477152152399
2,3,0.0,0.5775874429223743,-0.5775874429223743
3,3,0.0,0.5890624429223744,-0.5890624429223744
4,3,0.0,2.551465979733528,-2.551465979733528
5,3,0.0,0.5661124429223744,-0.5661124429223744
6,3,0.0,0.5890624429223744,-0.5890624429223744
7,3,0.133370255293069,4.999900576003025,-4.866530320709956
8,3,1.5469753413398295,4.038817260492127,-2.491841919152298
9,3,3.1049858902477556,3.535149661686691,-0.43016377143893525
10,3,4.332223266236142,0.40926244292237446,3.922960823313768
11,3,5.168836740236636,0.5012874429223744,4.667549297314261
12,3,5.622614333708985,1.491361026901036,4.131253306807949
13,3,5.659653237448147,3.4651844014634183,2.1944688359847286
14,3,5.316700281741219,1.8296534153215198,3.487046866419699
15,3,4.619820196858325,0.38926244292237433,4.230557753935951
16,3,3.557611592689948,0.6747624429223744,2.8828491497675737
17,3,2.216618994444671,2.949726974730744,-0.7331079802860732
18,3,0.8514520860261342,3.7841443406801467,-2.9326922546540124
19,3,0.003287595069440306,6.036274915934923,-6.032987320865483
20,3,0.0,2.829922408316212,-2.829922408316212
21,3,0.0,3.02365757506861,-3.02365757506861
22,3,0.0,2.3626504852554597,-2.3626504852554597
23,3,0.0,3.0715303883147915,-3.0715303883147915
0,3,0.0,2.6324417065039794,-2.6324417065039794
1,3,0.0,0.40928744292237434,-0.40928744292237434
2,3,0.0,0.43988744292237436,-0.43988744292237436
3,3,0.0,0.6543124429223743,-0.6543124429223743
4,3,0.0,0.6925624429223745,-0.6925624429223745
5,3,0.0,0.6810874429223743,-0.6810874429223743
6,3,0.0,2.7229206098450582,-2.7229206098450582
7,3,0.14747812911413047,2.4614994526442424,-2.314021323530112
8,3,1.5944472716707325,3.188875300665636,-1.5944280289949033
9,3,3.1142246140825156,2.9323427159726663,0.18188189810984934
10,3,4.296952343632566,2.535351124905371,1.7616012187271952
11,3,5.097768519261284,0.4632624429223745,4.634506076338909
12,3,5.511046846446765,2.372275218722436,3.1387716277243287
13,3,5.554881100922228,2.32226942561961,3.2326116753026177
14,3,5.241285515939724,0.5647624429223744,4.67652307301735
15,3,4.569120843826315,3.3982006243817637,1.1709202194445516
16,3,3.553356036059172,3.2601485694410215,0.29320746661815056
17,3,2.259514005925168,2.7424526109680736,-0.4829386050429054
18,3,0.8664391004086444,2.5972126030803215,-1.7307735026716773
19,3,0.003546146817539568,2.9934640369968397,-2.9899178901793
20,3,0.0,2.743455665735612,-2.743455665735612
21,3,0.0,2.2700725994581266,-2.2700725994581266
22,3,0.0,3.816773899620179,-3.816773899620179
23,3,0.0,1.902293974959525,-1.902293974959525
0,3,0.0,0.9537163737575597,-0.9537163737575597
1,3,0.0,1.0295240425099945,-1.0295240425099945
2,3,0.0,1.031454681050539,-1.031454681050539
3,3,0.0,0.8503542120615017,-0.8503542120615017
4,3,0.0,0.9056152301154917,-0.9056152301154917
5,3,0.0,1.1482544763659428,-1.1482544763659428
6,3,0.0,4.328563991292712,-4.328563991292712
7,3,0.1642468900282362,4.983773536554752,-4.819526646526516
8,3,1.6193388492005751,1.5335199211364372,0.08581892806413793
9,3,3.118328389059969,2.159406842424659,0.95892154663531
10,3,4.2714189116425265,0.8446743367014571,3.426744574941069
11,3,5.004123361335095,1.2308600984773421,3.773263262857753
12,3,5.410146839965262,1.1272224335839671,4.282924406381294
13,3,5.481977525310837,1.2872928377207091,4.194684687590128
14,3,5.158740808765042,1.1440693139827505,4.0146714947822915
15,3,4.271124670763003,1.3080100636684613,2.9631146070945418
16,3,3.294691534546368,1.2102028288779108,2.0844887056684573
17,3,2.0391508380283185,1.1442130068110474,0.8949378312172711
18,3,0.7809934355488617,3.028044113678878,-2.247050678130016
19,3,0.0031150805920895194,2.067342404639861,-2.0642273240477715
20,3,0.0,1.0848225692219948,-1.0848225692219948
21,3,0.0,2.5646491353880587,-2.5646491353880587
22,3,0.0,2.2602565735191256,-2.2602565735191256
23,3,0.0,0.8784344717715983,-0.8784344717715983
0,3,0.0,2.3250716589995557,-2.3250716589995557
1,3,0.0,1.5454421362176178,-1.5454421362176178
2,3,0.0,1.6857993592157996,-1.6857993592157996
3,3,0.0,1.3641830574530878,-1.3641830574530878
4,3,0.0,0.5395624429223744,-0.5395624429223744
5,3,0.0,0.36721244292237437,-0.36721244292237437
6,3,0.0,0.3442624429223744,-0.3442624429223744
7,3,0.17920080359047372,2.6282931315343268,-2.4490923279438532
8,3,1.6760087754891255,3.0097972920215224,-1.3337885165323968
9,3,3.176532945595321,0.22276244292237438,2.953770502672947
10,3,4.355301480869903,0.9921039377102808,3.363197543159622
11,3,5.147939555320463,1.0392227422518472,4.108716813068616
12,3,5.548380089683875,2.6566418039691566,2.8917382857147187
13,3,5.565489532789806,2.994123416678092,2.5713661161117143
14,3,5.230637459070773,1.2735494386278985,3.9570880204428747
15,3,4.545027444068896,1.298937164077234,3.2460902799916616
16,3,3.5298119903159413,1.3617663926265582,2.168045597689383
17,3,2.2385909998573714,0.5962624429223744,1.642328556934997
18,3,0.8447069461017114,3.540861054786091,-2.6961541086843797
19,3,0.0037747197412919932,3.2630393607767867,-3.259264641035495
20,3,0.0,2.4217961208202716,-2.4217961208202716
21,3,0.0,0.45016244292237445,-0.45016244292237445
22,3,0.0,2.6171315140533924,-2.6171315140533924
23,3,0.0,2.0806316673034297,-2.0806316673034297
0,3,0.0,2.2016830789475508,-2.2016830789475508
1,3,0.0,0.48983744292237447,-0.48983744292237447
2,3,0.0,0.26011244292237445,-0.26011244292237445
3,3,0.0,0.29071244292237447,-0.29071244292237447
4,3,0.0,0.3442624429223744,-0.3442624429223744
5,3,0.0,0.46688744292237444,-0.46688744292237444
6,3,0.0,4.006020237638469,-4.006020237638469
7,3,0.18995628155297484,2.8267190283227728,-2.636762746769798
8,3,1.6789879485676218,3.76232405635342,-2.083336107785798
9,3,3.195005016742214,3.135384485160537,0.05962053158167713
10,3,4.3673020453910905,2.3144923631294656,2.052809682261625
11,3,5.143357484380175,2.5547369604799557,2.5886205239002194
12,3,5.537805232658242,3.4033412513622423,2.1344639812959993
13,3,5.569028979318347,2.3080629518810554,3.2609660274372914
14,3,5.237309102559357,2.5271565941505347,2.7101525084088225
15,3,4.55737839234244,0.7377624429223744,3.819615949420066
16,3,3.5436088054369472,0.7467624429223744,2.796846362514573
17,3,2.249992561953872,0.6322624429223744,1.6177301190314977
18,3,0.8506233642782934,0.7246624429223744,0.12596092135591908
19,3,0.003987188000708924,2.8585960697084403,-2.8546088817077315
20,3,0.0,3.983481359507688,-3.983481359507688
21,3,0.0,4.645393528549431,-4.645393528549431
22,3,0.0,0.5536624429223744,-0.5536624429223744
23,3,0.0,0.3736624429223745,-0.3736624429223745
0,4,0.0,0.2103874429223744,-0.2103874429223744
1,4,0.0,0.3789124429223744,-0.3789124429223744
2,4,0.0,0.20273744292237444,-0.20273744292237444
3,4,0.0,0.20273744292237444,-0.20273744292237444
4,4,0.0,2.1525237293691846,-2.1525237293691846
5,4,0.0,0.26011244292237445,-0.26011244292237445
6,4,0.0,2.484236257147261,-2.484236257147261
7,4,0.19056291725558427,4.742533426162802,-4.5519705089072175
8,4,1.5869563226020453,2.3841110251999256,-0.7971547025978802
9,4,3.0247373059578777,2.3694799123706565,0.6552573935872212
10,4,4.143243584811065,2.6094655038165313,1.533778080994534
11,4,4.881571688205731,4.128308796621035,0.7532628915846962
12,4,5.223001030934999,4.880534996963028,0.34246603397197095
13,4,5.184314894760139,5.239827120136983,-0.05551222537684364
14,4,4.711541368081639,5.739931275050046,-1.0283899069684068
15,4,4.176689127076614,6.079993737981199,-1.903304610904585
16,4,3.3381640052428923,1.656643532063342,1.6815204731795503
17,4,2.1249425532707265,0.8772624429223743,1.2476801103483521
18,4,0.793905659297344,3.2254214426580012,-2.4315157833606573
19,4,0.0036048987344709177,5.230332267022683,-5.226727368288212
20,4,0.0,0.7111624429223744,-0.7111624429223744
21,4,0.0,2.0980111051715955,-2.0980111051715955
22,4,0.0,1.7760162441745644,-1.7760162441745644
23,4,0.0,4.391591775258134,-4.391591775258134
0,4,0.0,0.5467624429223743,-0.5467624429223743
1,4,0.0,0.33076244292237444,-0.33076244292237444
2,4,0.0,0.31726244292237443,-0.31726244292237443
3,4,0.0,0.43876244292237443,-0.43876244292237443
4,4,0.0,0.27676244292237434,-0.27676244292237434
5,4,0.0,0.27226244292237445,-0.27226244292237445
6,4,0.0,2.4263822989771637,-2.4263822989771637
7,4,0.17291223501811176,2.217242002329958,-2.0443297673118463
8,4,1.4084829382490875,2.1490208328817144,-0.7405378946326269
9,4,2.838723700014323,2.2437982151384546,0.5949254848758683
10,4,4.175006435202244,1.9382560339089556,2.236750401293288
11,4,4.913147886408689,2.5608393567871732,2.352308529621516
12,4,5.317056705774616,0.7377624429223744,4.579294262852241
13,4,5.338215785207633,0.7222624429223744,4.615953342285259
14,4,5.017074337031798,3.24813450997062,1.7689398270611782
15,4,4.3649250805040545,3.2541621483660093,1.1107629321380452
16,4,3.389323852008233,3.689319141701995,-0.2999952896937619
17,4,2.1314969568475064,0.9987624429223744,1.132734513925132
18,4,0.7891842420107941,1.0216624429223744,-0.23247820091158033
19,4,0.003932586385920657,3.8997864461085032,-3.8958538597225827
20,4,0.0,4.202410369045649,-4.202410369045649
21,4,0.0,5.178886507076071,-5.178886507076071
22,4,0.0,3.003360969302278,-3.003360969302278
23,4,0.0,1.7803503576257136,-1.7803503576257136
0,4,0.0,2.0709643018532837,-2.0709643018532837
1,4,0.0,1.7597342860592406,-1.7597342860592406
2,4,0.0,1.3761158389062897,-1.3761158389062897
3,4,0.0,1.3778565642291072,-1.3778565642291072
4,4,0.0,1.937187752985502,-1.937187752985502
5,4,0.0,1.5020957067424372,-1.5020957067424372
6,4,0.0,0.21421244292237446,-0.21421244292237446
7,4,0.208485392502083,3.0594784537686053,-2.8509930612665224
8,4,1.600574326113443,3.380694409914365,-1.7801200838009221
9,4,3.0144080597715432,3.336343079560491,-0.3219350197889477
10,4,4.121563947544929,1.9492298455584518,2.1723341019864773
11,4,4.865787053932122,0.6367624429223743,4.229024611009748
12,4,5.245976733865005,0.7827624429223744,4.463214290942631
13,4,5.263127292840032,1.5707026180142512,3.692424674825781
14,4,4.936739697117167,1.3081062005160022,3.6286334966011644
15,4,4.289666228986138,1.4782141942869396,2.8114520346991982
16,4,3.3250793490984494,3.4994367354759386,-0.1743573863774892
17,4,2.103082770999921,2.7943293844088397,-0.6912466134089188
18,4,0.7871086271938341,1.8796624429223743,-1.0925538157285402
19,4,0.00410959201582279,1.0306624429223745,-1.0265528509065518
20,4,0.0,2.50730848705956,-2.50730848705956
21,4,0.0,0.7561624429223746,-0.7561624429223746
22,4,0.0,0.9091624429223744,-0.9091624429223744
23,4,0.0,0.6571624429223744,-0.6571624429223744
0,4,0.0,0.6502624429223745,-0.6502624429223745
1,4,0.0,0.39826244292237445,-0.39826244292237445
2,4,0.0,0.3127624429223744,-0.3127624429223744
3,4,0.0,0.2677624429223744,-0.2677624429223744
4,4,0.0,0.5152624429223744,-0.5152624429223744
5,4,0.0,0.24098744292237442,-0.24098744292237442
6,4,0.0,0.2983624429223744,-0.2983624429223744
7,4,0.22254189337707586,0.23333744292237446,-0.0107955495452986
8,4,1.5513350630957266,0.27676244292237434,1.2745726201733523
9,4,3.053682193634733,1.2492624429223742,1.8044197507123587
10,4,4.153776157270226,0.6432624429223746,3.5105137143478515
11,4,4.894481835469963,0.7512624429223744,4.143219392547589
12,4,5.25736114860549,0.8412624429223744,4.416098705683115
13,4,5.270989569520266,1.1022624429223742,4.168727126597892
14,4,4.943691939436034,0.9807624429223745,3.9629294965136594
15,4,4.294106332220003,0.9382624429223744,3.3558438892976286
16,4,3.3354292086419055,0.9987624429223744,2.336666765719531
17,4,2.1123004970204207,0.8842624429223743,1.2280380540980462
18,4,0.7880202333927099,2.568737393532423,-1.7807171601397132
19,4,0.00410620654209188,3.0921316556002374,-3.0880254490581454
20,4,0.0,0.7921624429223744,-0.7921624429223744
21,4,0.0,0.9046624429223743,-0.9046624429223743
22,4,0.0,2.1109518229604225,-2.1109518229604225
23,4,0.0,0.6211624429223745,-0.6211624429223745
0,4,0.0,0.6097624429223745,-0.6097624429223745
1,4,0.0,0.33976244292237445,-0.33976244292237445
2,4,0.0,0.2812624429223744,-0.2812624429223744
3,4,0.0,0.3712624429223744,-0.3712624429223744
4,4,0.0,0.5017624429223744,-0.5017624429223744
5,4,0.0,0.20026244292237438,-0.20026244292237438
6,4,0.0,0.7810327006254867,-0.7810327006254867
7,4,0.19942696675824734,1.574850470926374,-1.3754235041681266
8,4,1.2002497092189914,1.4267290291143813,-0.22647931989538983
9,4,3.0984347614152856,2.5321627825004636,0.5662719789148221
10,4,4.250724012098048,0.7557624429223744,3.4949615691756737
11,4,4.991864084848674,0.8592624429223743,4.1326016419263
12,4,5.339831614635204,0.7872624429223745,4.55256917171283
13,4,5.338133583091465,4.0126134446281725,1.3255201384632924
14,4,4.998072199414411,4.249683102320226,0.7483890970941847
15,4,4.358799684945334,5.213082609627765,-0.8542829246824315
16,4,3.3662715868485558,2.698178253887229,0.6680933329613268
17,4,2.0919212769041433,2.5970333237291285,-0.5051120468249852
18,4,0.8118530210502098,3.869617743712955,-3.0577647226627453
19,4,0.00369876359989337,0.8191624429223744,-0.815463679322481
20,4,0.0,0.7741624429223743,-0.7741624429223743
21,4,0.0,2.261726215603552,-2.261726215603552
22,4,0.0,1.8847202569492985,-1.8847202569492985
23,4,0.0,0.7966624429223743,-0.7966624429223743
0,4,0.0,0.6232624429223745,-0.6232624429223745
1,4,0.0,0.3757624429223745,-0.3757624429223745
2,4,0.0,0.5062624429223744,-0.5062624429223744
3,4,0.0,0.29026244292237435,-0.29026244292237435
4,4,0.0,2.004752011009467,-2.004752011009467
5,4,0.0,2.1691052244906195,-2.1691052244906195
6,4,0.0,2.334544974957487,-2.334544974957487
7,4,0.19478170141999293,4.7605775726320525,-4.565795871212059
8,4,1.408529826055238,2.0334017336393955,-0.6248719075841576
9,4,3.0685559871652313,3.293038976927611,-0.22448298976237968
10,4,4.219578979289455,0.7197624429223743,3.4998165363670806
11,4,4.977318600010024,1.685975496779481,3.291343103230543
12,4,5.250912222963531,0.6792624429223744,4.571649780041156
13,4,5.279683399864376,0.6862624429223744,4.593420956942001
14,4,5.036168458577589,0.9852624429223745,4.050906015655214
15,4,4.381893586517706,0.7537624429223744,3.628131143595332
16,4,3.386002547708001,0.8367624429223743,2.5492401047856266
17,4,2.1501088794867096,0.7872624429223745,1.3628464365643351
18,4,0.8002662052971263,0.9766624429223744,-0.17639623762524803
19,4,0.004697520963403894,0.7066624429223745,-0.7019649219589705
20,4,0.0,3.1511587715959446,-3.1511587715959446
21,4,0.0,0.5581624429223744,-0.5581624429223744
22,4,0.0,0.6796624429223743,-0.6796624429223743
23,4,0.0,1.8017921794640008,-1.8017921794640008
0,4,0.0,1.6106667849854288,-1.6106667849854288
1,4,0.0,1.4650112613175406,-1.4650112613175406
2,4,0.0,0.40568744292237435,-0.40568744292237435
3,4,0.0,0.29071244292237447,-0.29071244292237447
4,4,0.0,0.3595624429223744,-0.3595624429223744
5,4,0.0,0.36721244292237437,-0.36721244292237437
6,4,0.0,0.5319124429223744,-0.5319124429223744
7,4,0.28754045137713097,2.063614287191527,-1.776073835814396
8,4,1.7674382209248332,2.117460844667669,-0.3500226237428359
9,4,3.2082339100893726,1.2942624429223744,1.9139714671669983
10,4,4.327946531060012,0.9637237455340367,3.364222785525975
11,4,5.073035631710393,0.5982624429223744,4.474773188788019
12,4,5.4441183615141115,0.6657624429223745,4.778355918591737
13,4,5.4364538602202,1.34148316824849,4.09497069197171
14,4,5.007475275131516,2.5395555764174245,2.4679196987140917
15,4,4.400751092050222,2.6186910344148644,1.7820600576353578
16,4,3.394025829775391,2.074720317765092,1.319305512010299
17,4,2.1318154468480732,0.7312624429223744,1.4005530039256988
18,4,0.7841643996856801,0.8146624429223743,-0.03049804323669425
19,4,0.004687972191342353,0.9091624429223744,-0.904474470731032
20,4,0.0,0.8236624429223744,-0.8236624429223744
21,4,0.0,0.6121624429223744,-0.6121624429223744
22,4,0.0,0.5986624429223745,-0.5986624429223745
23,4,0.0,0.7651624429223745,-0.7651624429223745
0,4,0.0,0.6502624429223745,-0.6502624429223745
1,4,0.0,0.5962624429223744,-0.5962624429223744
2,4,0.0,0.34426244292237435,-0.34426244292237435
3,4,0.0,2.2847880502835523,-2.2847880502835523
4,4,0.0,2.4672153483860435,-2.4672153483860435
5,4,0.0,0.24481244292237436,-0.24481244292237436
6,4,0.0,0.4936624429223744,-0.4936624429223744
7,4,0.26520763622707316,1.0254124429223743,-0.7602048066953011
8,4,1.6610402204731947,0.22726244292237444,1.4337777775508203
9,4,3.0392583565929185,0.3802624429223744,2.658995913670544
10,4,4.112959825895925,1.178852221301568,2.934107604594357
11,4,4.867393184182112,1.271779322563527,3.595613861618585
12,4,5.102669613993792,0.7197624429223745,4.382907171071418
13,4,5.230972309571784,0.9672624429223744,4.2637098666494095
14,4,4.938976858300358,1.404625334482099,3.534351523818259
15,4,4.263848438598734,1.3369473060915444,2.926901132507189
16,4,3.312315205268004,1.6093122958116926,1.7030029094563113
17,4,2.0842286302452684,1.2383917760619647,0.8458368541833037
18,4,0.7617311147443344,2.1398288482976504,-1.378097733553316
19,4,0.0047769275543084605,1.4738813083990285,-1.4691043808447202
20,4,0.0,3.110028050010678,-3.110028050010678
21,4,0.0,2.1761935504361487,-2.1761935504361487
22,4,0.0,1.3533991612794352,-1.3533991612794352
23,4,0.0,1.9052857767493476,-1.9052857767493476
0,4,0.0,0.5917624429223743,-0.5917624429223743
1,4,0.0,0.3262624429223744,-0.3262624429223744
2,4,0.0,0.47926244292237435,-0.47926244292237435
3,4,0.0,0.22726244292237444,-0.22726244292237444
4,4,0.0,0.23176244292237433,-0.23176244292237433
5,4,0.0,0.43246244292237446,-0.43246244292237446
6,4,0.0,2.251924575518534,-2.251924575518534
7,4,0.29788163865906575,2.409139957802538,-2.111258319143472
8,4,1.7187841123261647,1.457586115684541,0.2611979966416236
9,4,3.145373005264199,1.640935768049299,1.5044372372149
10,4,4.267899197181199,0.5667624429223743,3.701136754258825
11,4,5.013806666155426,3.0583928482959983,1.9554138178594274
12,4,5.386717358343021,3.680751053105069,1.705966305237952
13,4,5.417833244920273,4.682013236278027,0.7358200086422464
14,4,5.089722180423666,4.892380791933137,0.1973413884905293
15,4,4.416211696678893,4.999533028006409,-0.5833213313275163
16,4,3.4200627833002595,4.237291506181476,-0.8172287228812167
17,4,2.1509649915437925,1.4583981207522485,0.692566870791544
18,4,0.783896577126796,2.7628631995766515,-1.9789666224498554
19,4,0.005195114943241038,0.7831624429223744,-0.7779673279791334
20,4,0.0,1.4836624429223746,-1.4836624429223746
21,4,0.0,0.8461624429223744,-0.8461624429223744
22,4,0.0,0.6031624429223743,-0.6031624429223743
23,4,0.0,0.5176624429223744,-0.5176624429223744
0,4,0.0,0.3037624429223744,-0.3037624429223744
1,4,0.0,0.4612624429223744,-0.4612624429223744
2,4,0.0,0.4027624429223744,-0.4027624429223744
3,4,0.0,0.21803744292237437,-0.21803744292237437
4,4,0.0,0.2562874429223744,-0.2562874429223744
5,4,0.0,0.39038744292237443,-0.39038744292237443
6,4,0.0,0.3136624429223744,-0.3136624429223744
7,4,0.31566200188059457,2.120930931808286,-1.8052689299276916
8,4,1.752423478740358,1.424649060291987,0.3277744184483711
9,4,3.160165490073565,2.3693336713800672,0.7908318186934977
10,4,4.259231057514446,1.6500002234590736,2.6092308340553725
11,4,4.991844591847562,1.8449826873363526,3.146861904511209
12,4,5.342535920143051,2.0535327899031506,3.2890031302399008
13,4,5.340338807344196,2.1692620741825692,3.1710767331616267
14,4,4.99870610073209,2.1496189217923307,2.849087178939759
15,4,4.329366072060859,0.8302624429223745,3.4991036291384843
16,4,3.350052779759737,0.8907624429223745,2.4592903368373626
17,4,2.078356745152229,0.7897624429223742,1.288594302229855
18,4,0.7766348137154475,3.948513034917966,-3.1718782212025185
19,4,0.005199368487159361,5.553840938220137,-5.548641569732978
20,4,0.0,0.8641624429223744,-0.8641624429223744
21,4,0.0,0.6661624429223745,-0.6661624429223745
22,4,0.0,1.9179247908695352,-1.9179247908695352
23,4,0.0,1.8753558388907818,-1.8753558388907818
0,4,0.0,1.7884266149976118,-1.7884266149976118
1,4,0.0,0.3622624429223744,-0.3622624429223744
2,4,0.0,0.3082624429223745,-0.3082624429223745
3,4,0.0,0.3127624429223744,-0.3127624429223744
4,4,0.0,0.24481244292237436,-0.24481244292237436
5,4,0.0,0.46688744292237444,-0.46688744292237444
6,4,0.0,0.3251374429223744,-0.3251374429223744
7,4,0.30657187151422505,0.46688744292237444,-0.1603155714081494
8,4,1.69957647462104,2.5304167685400474,-0.8308402939190074
9,4,2.9693938499365,1.7698880344288244,1.1995058155076757
10,4,3.766601019408022,1.9562388507753714,1.8103621686326505
11,4,4.647336387022319,2.0586489653871256,2.5886874216351936
12,4,4.063528707241196,2.104277995848359,1.959250711392837
13,4,4.209339277217518,1.728951912985273,2.480387364232245
14,4,3.997956274792979,2.1165281059106587,1.8814281688823202
15,4,3.3875162317850163,1.0032624429223744,2.384253788862642
16,4,3.1262195439151936,1.0167624429223743,2.1094571009928194
17,4,2.040254416697639,0.7582624429223744,1.2819919737752645
18,4,0.7547811545195751,1.3591185011186209,-0.6043373465990458
19,4,0.002861588166881391,1.3228205341713775,-1.319958946004496
20,4,0.0,2.7209803419127323,-2.7209803419127323
21,4,0.0,3.005800856422986,-3.005800856422986
22,4,0.0,3.0893395576849394,-3.0893395576849394
23,4,0.0,3.0168512176483517,-3.0168512176483517
0,4,0.0,0.6412624429223744,-0.6412624429223744
1,4,0.0,0.5557624429223744,-0.5557624429223744
2,4,0.0,1.7504914803574831,-1.7504914803574831
3,4,0.0,1.427596669516472,-1.427596669516472
4,4,0.0,0.38656244292237435,-0.38656244292237435
5,4,0.0,0.45226244292237444,-0.45226244292237444
6,4,0.0,0.24526244292237437,-0.24526244292237437
7,4,0.32371761804142507,2.528401351502792,-2.204683733461367
8,4,1.6692118386005006,4.537916237901411,-2.86870439930091
9,4,3.0191629483763505,4.0034139016648735,-0.9842509532885231
10,4,4.1810843238612065,0.7287624429223744,3.452321880938832
11,4,4.920241088389049,1.0392086957658915,3.8810323926231574
12,4,5.291432329695009,0.8682624429223744,4.4231698867726355
13,4,5.304719140105431,0.9222624429223744,4.3824566971830565
14,4,4.970252115905449,2.9753776163137413,1.9948744995917078
15,4,4.302424266613744,0.8007624429223745,3.5016618236913692
16,4,3.3248798368321193,0.8052624429223746,2.5196173939097446
17,4,2.075538933816569,0.7917624429223743,1.2837764908941947
18,4,0.7474550810532615,2.7970918125809825,-2.049636731527721
19,4,0.005427057641852493,1.4926624429223745,-1.487235385280522
20,4,0.0,0.6886624429223744,-0.6886624429223744
21,4,0.0,2.6132427085182397,-2.6132427085182397
22,4,0.0,4.042013741354659,-4.042013741354659
23,4,0.0,2.770852978647473,-2.770852978647473
0,4,0.0,2.1464223480177673,-2.1464223480177673
1,4,0.0,2.237996753416993,-2.237996753416993
2,4,0.0,2.2144782716691456,-2.2144782716691456
3,4,0.0,0.22186244292237442,-0.22186244292237442
4,4,0.0,0.22568744292237436,-0.22568744292237436
5,4,0.0,0.28306244292237437,-0.28306244292237437
6,4,0.0,2.1992223750366344,-2.1992223750366344
7,4,0.3493105205880038,3.147142935902594,-2.7978324153145904
8,4,1.7290279120944119,3.5071129830422993,-1.7780850709478875
9,4,3.1005153315055893,0.5712624429223744,2.529252888583215
10,4,4.194104228165864,0.6612624429223743,3.53284178524349
11,4,4.9327993112324595,1.1151723275746068,3.8176269836578527
12,4,5.3050377539891995,3.352580195128981,1.9524575588602184
13,4,5.31727693576365,4.738774106134102,0.5785028296295485
14,4,4.973402525741524,2.782510996853124,2.1908915288884003
15,4,4.2899305132571115,0.7782624429223745,3.511668070334737
16,4,3.2907828327278854,0.7357624429223745,2.555020389805511
17,4,2.0712340862598473,0.9132624429223744,1.157971643337473
18,4,0.7604437368423796,0.7291624429223744,0.031281293920005226
19,4,0.005571826483741021,1.4161624429223745,-1.4105906164386335
20,4,0.0,0.6121624429223744,-0.6121624429223744
21,4,0.0,0.7471624429223742,-0.7471624429223742
22,4,0.0,0.7066624429223743,-0.7066624429223743
23,4,0.0,0.6436624429223744,-0.6436624429223744
0,4,0.0,0.29026244292237435,-0.29026244292237435
1,4,0.0,0.22276244292237438,-0.22276244292237438
2,4,0.0,0.3892624429223744,-0.3892624429223744
3,4,0.0,2.4296165758084123,-2.4296165758084123
4,4,0.0,0.46688744292237444,-0.46688744292237444
5,4,0.0,0.3174874429223744,-0.3174874429223744
6,4,0.0,3.568628215314321,-3.568628215314321
7,4,0.36754819652188847,2.080533397961216,-1.7129852014393274
8,4,1.7704858902368525,1.7975604806211636,-0.027074590384311037
9,4,3.1606852990958396,2.212999464310192,0.9476858347856476
10,4,4.2583576167986585,4.486884516929108,-0.22852690013044974
11,4,5.008320801498713,5.7716474145706265,-0.7633266130719134
12,4,5.386535313981702,2.4613052437406653,2.925230070241037
13,4,5.39763084184305,3.068786000592545,2.328844841250505
14,4,4.9868787707956015,0.6927624429223744,4.294116327873227
15,4,4.237489465400862,0.7242624429223743,3.5132270224784876
16,4,3.209046810715445,0.6972624429223744,2.5117843677930702
17,4,1.9127119824866348,0.8412624429223743,1.0714495395642605
18,4,0.7337595651827415,0.6571624429223744,0.07659712226036719
19,4,0.003444251321704055,2.093846858875472,-2.0904026075537683
20,4,0.0,2.175324332448498,-2.175324332448498
21,4,0.0,2.6463450966572672,-2.6463450966572672
22,4,0.0,2.191358108031091,-2.191358108031091
23,4,0.0,2.675306741953712,-2.675306741953712
0,4,0.0,0.47926244292237435,-0.47926244292237435
1,4,0.0,0.2137624429223744,-0.2137624429223744
2,4,0.0,0.2103874429223744,-0.2103874429223744
3,4,0.0,0.42098744292237444,-0.42098744292237444
4,4,0.0,0.46688744292237444,-0.46688744292237444
5,4,0.0,2.625453157803258,-2.625453157803258
6,4,0.0,2.4053673846069796,-2.4053673846069796
7,4,0.37975737056676817,0.2983624429223744,0.08139492764439377
8,4,1.7517223518275045,1.9276423958165558,-0.17592004398905137
9,4,3.1778758893757932,0.29226244292237447,2.885613446453419
10,4,4.224863179877669,0.39126244292237444,3.8336007369552947
11,4,4.9810972951334005,0.4812624429223744,4.499834852211026
12,4,5.28948475383278,0.5397624429223744,4.749722310910405
13,4,5.477882389111637,0.7422624429223743,4.735619946189263
14,4,5.136343169285772,0.5847624429223744,4.551580726363397
15,4,4.416879415920383,3.4656900109130415,0.9511894050073417
16,4,3.39659303696436,0.7177624429223743,2.678830594041986
17,4,2.135125825999551,0.7287624429223744,1.4063633830771765
18,4,0.8182938442125434,2.6176481367395943,-1.799354292527051
19,4,0.004667290058026521,2.702048456814735,-2.6973811667567085
20,4,0.0,4.480448542613151,-4.480448542613151
21,4,0.0,4.233595666709835,-4.233595666709835
22,4,0.0,1.6604925334089269,-1.6604925334089269
23,4,0.0,1.435623244198414,-1.435623244198414
0,4,0.0,1.578279288720347,-1.578279288720347
1,4,0.0,1.4227536823587261,-1.4227536823587261
2,4,0.0,1.6465854629091206,-1.6465854629091206
3,4,0.0,1.4529842085810838,-1.4529842085810838
4,4,0.0,0.39016244292237434,-0.39016244292237434
5,4,0.0,0.4322374429223744,-0.4322374429223744
6,4,0.0,0.47048744292237443,-0.47048744292237443
7,4,0.36524393904862534,0.37868744292237444,-0.013443503873749096
8,4,1.2219244477623175,2.193205333622669,-0.9712808858603514
9,4,2.4130218888237653,2.255009061350319,0.15801282747344647
10,4,2.9960105341889407,2.226028445930745,0.7699820882581956
11,4,3.8645916221317456,0.6522624429223745,3.2123291792093713
12,4,3.955717856677776,1.6414436472233938,2.3142742094543824
13,4,3.830644375429987,4.4060509977860445,-0.5754066223560574
14,4,3.513860603704986,4.191854882317417,-0.6779942786124304
15,4,3.486279929758983,4.087614938862877,-0.6013350091038938
16,4,3.206773198462729,2.698241248688028,0.5085319497747012
17,4,2.059390301051249,3.4227621949735987,-1.3633718939223498
18,4,0.764882024281026,0.7831624429223742,-0.018280418641348217
19,4,0.0063909205325048315,0.7246624429223743,-0.7182715223898695
20,4,0.0,0.6661624429223745,-0.6661624429223745
21,4,0.0,0.4456624429223744,-0.4456624429223744
22,4,0.0,1.8995043573631234,-1.8995043573631234
23,4,0.0,1.4478192982046045,-1.4478192982046045
0,4,0.0,2.5968248809766,-2.5968248809766
1,4,0.0,1.3073606713221795,-1.3073606713221795
2,4,0.0,1.566727374255103,-1.566727374255103
3,4,0.0,1.3057868185879895,-1.3057868185879895
4,4,0.0,1.581858302120299,-1.581858302120299
5,4,0.0,1.889917195456293,-1.889917195456293
6,4,0.0,2.0086744356033863,-2.0086744356033863
7,4,0.42733987245338223,2.485533003734218,-2.0581931312808357
8,4,1.851904468162804,0.2868874429223744,1.5650170252404296
9,4,3.2257976258605674,0.5082624429223744,2.717535182938193
10,4,4.3007703924489356,0.6477624429223743,3.653007949526561
11,4,5.033024251226028,0.7152624429223744,4.317761808303653
12,4,5.406924366670972,0.7557624429223744,4.651161923748598
13,4,5.414781839861297,0.8052624429223743,4.609519396938922
14,4,5.059543630609492,0.8547624429223744,4.204781187687118
15,4,4.375920606267324,2.8683536351260948,1.5075669711412294
16,4,3.3109868681710215,2.9305177573077077,0.3804691108633138
17,4,1.7544219580500013,3.921227463103161,-2.16680550505316
18,4,0.7167528196684193,0.6616624429223744,0.05509037674604489
19,4,0.0037625667586682135,2.617435394144045,-2.613672827385377
20,4,0.0,3.8330720070637145,-3.8330720070637145
21,4,0.0,2.3255528640301426,-2.3255528640301426
22,4,0.0,0.42766244292237443,-0.42766244292237443
23,4,0.0,0.5491624429223744,-0.5491624429223744
0,4,0.0,1.763406572742557,-1.763406572742557
1,4,0.0,1.5826222409330029,-1.5826222409330029
2,4,0.0,0.20656244292237436,-0.20656244292237436
3,4,0.0,0.3213124429223744,-0.3213124429223744
4,4,0.0,0.3442624429223744,-0.3442624429223744
5,4,0.0,0.5242624429223744,-0.5242624429223744
6,4,0.0,2.2698741028772145,-2.2698741028772145
7,4,0.4260029730586156,1.2245374429223745,-0.7985344698637589
8,4,1.783725558820803,0.22726244292237444,1.5564631158984286
9,4,3.036816060166608,1.0672624429223745,1.9695536172442336
10,4,4.017762985402026,0.4632624429223745,3.5545005424796514
11,4,4.688013357253714,3.670743773788198,1.0172695834655165
12,4,4.67240119097847,3.7152621141248257,0.9571390768536445
13,4,4.5773096718714426,2.7601023678920713,1.8172073039793712
14,4,4.092535012499675,3.3231305980049743,0.7694044144947005
15,4,3.5797219626987182,2.7899151913492712,0.789806771349447
16,4,2.9010584156328294,0.5847624429223744,2.316295972710455
17,4,1.8172817601633415,0.4432624429223745,1.374019317240967
18,4,0.7665688432137671,2.431617166089711,-1.6650483228759438
19,4,0.00619162512237604,2.630433611273718,-2.624241986151342
20,4,0.0,2.8779750539495494,-2.8779750539495494
21,4,0.0,1.7137709300367545,-1.7137709300367545
22,4,0.0,1.5640826315500094,-1.5640826315500094
23,4,0.0,1.9686070567417988,-1.9686070567417988
0,4,0.0,1.939170004849176,-1.939170004849176
1,4,0.0,2.1873626268336435,-2.1873626268336435
2,4,0.0,2.245673271411269,-2.245673271411269
3,4,0.0,2.345364109806396,-2.345364109806396
4,4,0.0,0.5127874429223744,-0.5127874429223744
5,4,0.0,0.3404374429223743,-0.3404374429223743
6,4,0.0,0.34808744292237437,-0.34808744292237437
7,4,0.4396528017284907,4.9603111059758636,-4.520658304247373
8,4,1.8152857953934467,6.6808718381943235,-4.865586042800877
9,4,3.1675785461266903,2.1026435466169136,1.0649349995097768
10,4,4.239642522161048,0.4632624429223745,3.776380079238673
11,4,4.979219414401028,2.710325731792371,2.268893682608657
12,4,5.357637794741686,1.60395297351564,3.753684821226046
13,4,5.370986927271155,0.6252624429223743,4.745724484348781
14,4,5.029843192139175,0.7897624429223744,4.240080749216801
15,4,4.341945548623742,0.8212624429223744,3.5206831057013677
16,4,3.3417708077747488,0.8997624429223744,2.4420083648523745
17,4,2.0831570817787677,0.8682624429223744,1.2148946388563933
18,4,0.7341494729073115,1.4701624429223745,-0.736012970015063
19,4,0.0068546663843112735,1.8913340048803429,-1.8844793384960317
20,4,0.0,1.6359339911479487,-1.6359339911479487
21,4,0.0,1.8453151468360938,-1.8453151468360938
22,4,0.0,0.5311624429223745,-0.5311624429223745
23,4,0.0,0.6526624429223744,-0.6526624429223744
0,4,0.0,0.47926244292237435,-0.47926244292237435
1,4,0.0,2.2294477905307435,-2.2294477905307435
2,4,0.0,0.3980374429223744,-0.3980374429223744
3,4,0.0,0.46306244292237436,-0.46306244292237436
4,4,0.0,0.3557374429223744,-0.3557374429223744
5,4,0.0,0.37486244292237436,-0.37486244292237436
6,4,0.0,0.3978124429223744,-0.3978124429223744
7,4,0.4683310107125838,0.3366124429223744,0.1317185677902094
8,4,1.8681918956302896,0.20656244292237436,1.6616294527079152
9,4,3.2178835530377587,0.5332624429223745,2.6846211101153843
10,4,4.268320917047327,0.5622624429223744,3.7060584741249527
11,4,4.97483583660267,0.6567624429223744,4.3180733936802955
12,4,5.32778881977872,0.8437624429223745,4.484026376856346
13,4,5.323502255150839,4.345776750290783,0.9777255048600555
14,4,4.976570785841474,2.978020141729435,1.998550644112039
15,4,4.299604679488554,0.9607624429223744,3.3388422365661796
16,4,3.310137438876112,0.9742624429223743,2.3358749959537377
17,4,2.0617072201171864,0.9337624429223744,1.127944777194812
18,4,0.7299067547233545,3.740864831481714,-3.0109580767583592
19,4,0.007011549697528499,2.553026239572925,-2.5460146898753964
20,4,0.0,3.2993868457622826,-3.2993868457622826
21,4,0.0,0.8146624429223743,-0.8146624429223743
22,4,0.0,0.5806624429223743,-0.5806624429223743
23,4,0.0,0.6751624429223744,-0.6751624429223744
0,4,0.0,0.4837624429223744,-0.4837624429223744
1,4,0.0,2.4303726309709273,-2.4303726309709273
2,4,0.0,0.23333744292237446,-0.23333744292237446
3,4,0.0,0.29071244292237447,-0.29071244292237447
4,4,0.0,0.2945374429223744,-0.2945374429223744
5,4,0.0,0.2792374429223744,-0.2792374429223744
6,4,0.0,0.28306244292237437,-0.28306244292237437
7,4,0.48120377943875914,2.4026047824032433,-1.9214010029644841
8,4,1.86999308566597,1.0447624429223743,0.8252306427435956
9,4,3.24275118031663,0.4902624429223744,2.7524887373942555
10,4,4.309754567168017,0.7827624429223743,3.526992124245643
11,4,5.025909636949371,3.244793760569298,1.7811158763800732
12,4,5.369193660128181,0.9222624429223744,4.446931217205806
13,4,5.35123020668587,0.8052624429223746,4.545967763763496
14,4,5.024931089543852,0.9897624429223743,4.035168646621478
15,4,4.347545555768884,0.8007624429223745,3.546783112846509
16,4,3.3266337009096483,0.7087624429223743,2.617871257987274
17,4,2.0627120057456496,0.9177624429223743,1.1449495628232753
18,4,0.7315556377455085,0.7111624429223744,0.020393194823134064
19,4,0.007306627822222865,4.6650842616021695,-4.657777633779947
20,4,0.0,0.5761624429223745,-0.5761624429223745
21,4,0.0,3.784840041488513,-3.784840041488513
22,4,0.0,2.9442488987243522,-2.9442488987243522
23,4,0.0,3.474826996952196,-3.474826996952196
0,4,0.0,0.24526244292237437,-0.24526244292237437
1,4,0.0,0.3712624429223744,-0.3712624429223744
2,4,0.0,0.24098744292237442,-0.24098744292237442
3,4,0.0,0.2639374429223743,-0.2639374429223743
4,4,0.0,0.29071244292237447,-0.29071244292237447
5,4,0.0,0.5127874429223744,-0.5127874429223744
6,4,0.005763467841013088,0.3404374429223743,-0.3346739750813612
7,4,0.44666413296132973,0.47453744292237443,-0.0278733099610447
8,4,1.7208497736541346,1.6192176902921727,0.10163208336196194
9,4,3.0485243716550614,1.737954942189441,1.3105694294656205
10,4,4.171191933773591,0.5577624429223743,3.613429490851217
11,4,4.953682177167079,0.6162624429223744,4.337419734244705
12,4,5.34365416440938,1.5784325420557073,3.765221622353673
13,4,5.329309339066088,1.8798120074152063,3.449497331650882
14,4,4.972806478352582,2.768297064094493,2.204509414258089
15,4,4.24249169260144,5.492924530525422,-1.2504328379239817
16,4,3.264786307026919,4.037522077124507,-0.7727357700975879
17,4,2.0366516323452,4.727633295438677,-2.690981663093477
18,4,0.7189709591786312,3.064913643030062,-2.3459426838514306
19,4,0.0072631706206413545,2.886712456760617,-2.879449286139976
20,4,0.0,0.6796624429223743,-0.6796624429223743
21,4,0.0,1.706825451248604,-1.706825451248604
22,4,0.0,1.7401261229411136,-1.7401261229411136
23,4,0.0,0.36916244292237443,-0.36916244292237443
0,4,0.0,0.19508744292237445,-0.19508744292237445
1,4,0.0,0.23716244292237437,-0.23716244292237437
2,4,0.0,0.41333744292237445,-0.41333744292237445
3,4,0.0,0.43246244292237446,-0.43246244292237446
4,4,0.0,0.5013124429223743,-0.5013124429223743
5,4,0.0,2.649177374026208,-2.649177374026208
6,4,0.005767920612938122,2.542105531751684,-2.536337611138746
7,4,0.473777925082787,2.214311042672083,-1.7405331175892962
8,4,1.7991671078652118,5.475486065779483,-3.6763189579142717
9,4,3.1376152279561573,2.2110683683781907,0.9265468595779667
10,4,4.208219055136918,0.5442624429223744,3.6639566122145437
11,4,4.9213017472748,0.4452624429223744,4.476039304352426
12,4,5.275124502893141,1.716043990426144,3.5590805124669975
13,4,5.255775537087833,0.5847624429223744,4.671013094165458
14,4,4.922732258970035,0.6387624429223744,4.2839698160476605
15,4,4.242629575854694,0.7852624429223745,3.457367132932319
16,4,3.2595981119643103,1.9175370234437987,1.3420610885205115
17,4,2.0244031071995936,0.8232624429223745,1.201140664277219
18,4,0.7093091124959446,0.6706624429223744,0.038646669573570214
19,4,0.007312530699497272,3.007482240777562,-3.0001697100780644
20,4,0.0,0.7561624429223744,-0.7561624429223744
21,4,0.0,2.627574010956412,-2.627574010956412
22,4,0.0,2.418711240307831,-2.418711240307831
23,4,0.0,2.421305742473712,-2.421305742473712
0,4,0.0,3.6133274469355374,-3.6133274469355374
1,4,0.0,1.3982290254533858,-1.3982290254533858
2,4,0.0,1.4598741093611014,-1.4598741093611014
3,4,0.0,1.2428993979957659,-1.2428993979957659
4,4,0.0,0.43246244292237446,-0.43246244292237446
5,4,0.0,0.3060124429223744,-0.3060124429223744
6,4,0.005767920612938122,0.5280874429223744,-0.5223195223094363
7,4,0.5084260651316712,1.0215874429223744,-0.5131613777907031
8,4,1.8503303391930435,0.22726244292237444,1.623067896270669
9,4,3.16553816218634,4.627626398306427,-1.462088236120087
10,4,4.189320408306826,2.5881072670435206,1.6012131412633055
11,4,4.8756121157043575,2.618697964058102,2.2569141516462556
12,4,5.213099540084275,2.668720786726482,2.5443787533577926
13,4,5.204389220416034,1.8735063721827596,3.330882848233274
14,4,4.854510370518459,0.7872624429223745,4.0672479275960844
15,4,4.1773021912323545,0.9427624429223745,3.23453974830998
16,4,3.214193250769504,0.8322624429223743,2.3819308078471297
17,4,2.0020940280306885,0.9807624429223745,1.021331585108314
18,4,0.7053261710328389,0.8146624429223743,-0.10933627188953543
19,4,0.1394882340158834,2.9910410710032007,-2.8515528369873175
20,4,0.0,3.473953948454777,-3.473953948454777
21,4,0.0,1.845380446347197,-1.845380446347197
22,4,0.0,0.5716624429223744,-0.5716624429223744
23,4,0.0,0.4996624429223744,-0.4996624429223744
0,4,0.0,0.4882624429223745,-0.4882624429223745
1,4,0.0,0.40726244292237446,-0.40726244292237446
2,4,0.0,0.7523895186639252,-0.7523895186639252
3,4,0.0,0.42076244292237447,-0.42076244292237447
4,4,0.0,0.25246244292237446,-0.25246244292237446
5,4,0.0,0.48218744292237437,-0.48218744292237437
6,4,0.005767920612938122,0.34808744292237437,-0.34231952230943624
7,4,0.5267202711729657,1.481548292102103,-0.9548280209291373
8,4,1.8767486353833194,2.4976071219645806,-0.6208584865812612
9,4,3.1955576433108903,2.355809713913863,0.8397479293970274
10,4,4.2351021279510235,0.6817624429223743,3.553339685028649
11,4,4.921443253403615,0.8367624429223743,4.084680810481241
12,4,5.2508542833382075,1.872467381554306,3.3783869017839017
13,4,5.2387894397113,1.4838890399382259,3.7549003997730743
14,4,4.855874743648939,1.402582588726407,3.453292154922532
15,4,4.1772127432801325,1.3940492663078166,2.783163476972316
16,4,3.1947409817671786,1.0662624429223744,2.128478538844804
17,4,2.012924783298592,0.8232624429223745,1.1896623403762177
18,4,0.7140523673531383,3.203735172289501,-2.4896828049363626
19,4,0.14892292220751838,3.100730217617766,-2.9518072954102474
20,4,0.0,1.8979212463165371,-1.8979212463165371
21,4,0.0,2.705197251614005,-2.705197251614005
22,4,0.0,2.3301310236392334,-2.3301310236392334
23,4,0.0,2.5615144423096243,-2.5615144423096243
0,4,0.0,0.5152624429223744,-0.5152624429223744
1,4,0.0,0.24076244292237448,-0.24076244292237448
2,4,0.0,0.21803744292237437,-0.21803744292237437
3,4,0.0,0.19508744292237445,-0.19508744292237445
4,4,0.0,0.40568744292237435,-0.40568744292237435
5,4,0.0,0.45158744292237446,-0.45158744292237446
6,4,0.0056966762621375655,0.22568744292237436,-0.2199907666602368
7,4,0.3883516711157539,3.9533219820439114,-3.5649703109281576
8,4,1.1894111883104983,2.31159380590202,-1.1221826175915217
9,4,2.0951292742579213,2.4027016148673104,-0.3075723406093891
10,4,2.7870504092892303,0.9894995082599793,1.797550901029251
11,4,3.2034373434302856,5.647634899591681,-2.4441975561613956
12,4,3.676646726972398,3.183775035711424,0.4928716912609743
13,4,4.28868309273013,2.4642399241495014,1.8244431685806286
14,4,3.8960282575749154,0.5352624429223745,3.3607658146525408
15,4,2.4297079615553256,0.5127624429223744,1.9169455186329514
16,4,1.7496348866482674,2.8080318393544075,-1.05839695270614
17,4,1.017422357884566,2.5183987847019917,-1.5009764268174257
18,4,0.6875382635442996,0.47266244292237447,0.21487582062192512
19,4,0.15558133752665668,2.63895059905322,-2.4833692615265632
20,4,0.0,2.0221275100648612,-2.0221275100648612
21,4,0.0,3.682426356086111,-3.682426356086111
22,4,0.0,5.330154611256752,-5.330154611256752
23,4,0.0,4.591461896068345,-4.591461896068345
0,4,0.0,3.5920955563091868,-3.5920955563091868
1,4,0.0,2.163690527683613,-2.163690527683613
2,4,0.0,1.8371606020139746,-1.8371606020139746
3,4,0.0,0.5510374429223743,-0.5510374429223743
4,4,0.0,0.5701624429223744,-0.5701624429223744
5,4,0.0,0.3710374429223744,-0.3710374429223744
6,4,0.005796863630450849,0.3978124429223744,-0.39201557929192354
7,4,0.37709444124211133,1.3812665309475356,-1.0041720897054243
8,4,1.047560799897832,3.1622342704907753,-2.114673470592943
9,4,1.960821893156746,2.2912895048553157,-0.33046761169856964
10,4,3.4733740058961597,0.5242374429223744,2.949136562973785
11,4,4.441974289028545,0.21803744292237437,4.223936846106171
12,4,5.12099870975508,3.922735876745169,1.1982628330099105
13,4,5.350960258831997,1.4334813358960217,3.9174789229359757
14,4,5.090133661329995,1.502530388669358,3.587603272660637
15,4,4.333326446558638,2.206291576899214,2.1270348696594237
16,4,3.2947186752931206,0.4002624429223744,2.894456232370746
17,4,1.9904096989331235,0.5577624429223743,1.4326472560107493
18,4,0.7333936647283327,1.3216624429223744,-0.5882687781940418
19,4,0.1542291272366768,0.3601624429223745,-0.20593331568569767
20,4,0.0,3.275566547528538,-3.275566547528538
21,4,0.0,0.30166244292237443,-0.30166244292237443
22,4,0.0,0.3284374429223744,-0.3284374429223744
23,4,0.0,0.5352124429223744,-0.5352124429223744
0,4,0.0,0.2677624429223744,-0.2677624429223744
1,4,0.0,0.3021874429223743,-0.3021874429223743
2,4,0.0,2.6743168472514194,-2.6743168472514194
3,4,0.0,0.37486244292237436,-0.37486244292237436
4,4,0.0,0.5892874429223743,-0.5892874429223743
5,4,0.0,0.6160624429223744,-0.6160624429223744
6,4,0.011672586323663239,0.46666244292237435,-0.4549898565987111
7,4,0.5151361301260577,1.3904326745085143,-0.8752965443824565
8,4,1.5705748460091742,0.3213124429223744,1.2492624030867998
9,4,3.037772118948614,0.4859874429223744,2.5517846760262395
10,4,4.259515095753044,0.22276244292237438,4.036752652830669
11,4,4.898183012523731,2.5291563121660365,2.3690267003576944
12,4,5.155581651049183,2.3495145109963333,2.80606714005285
13,4,4.813273053839407,2.16639309047189,2.646879963367517
14,4,3.8105106894894316,4.36165499163806,-0.5511443021486286
15,4,3.6978518087882315,0.47476244292237446,3.223089365865857
16,4,2.9416045598813034,2.3622553604572976,0.5793491994240059
17,4,1.8381575225884634,0.3282624429223745,1.509895079666089
18,4,0.7186329781782739,0.4456624429223744,0.2729705352558995
19,4,0.16019650262600627,0.5896624429223742,-0.429465940296368
20,4,0.0,3.0781624429223746,-3.0781624429223746
21,4,0.0,2.55463362175091,-2.55463362175091
22,4,0.0,2.367935191662746,-2.367935191662746
23,4,0.0,2.354338544671126,-2.354338544671126
0,4,0.0,2.2259749648075307,-2.2259749648075307
1,4,0.0,2.509143979980868,-2.509143979980868
2,4,0.0,0.48983744292237447,-0.48983744292237447
3,4,0.0,2.177127722809272,-2.177127722809272
4,4,0.0,0.37868744292237444,-0.37868744292237444
5,4,0.0,0.40163744292237435,-0.40163744292237435
6,4,0.011565719797462402,0.37486244292237436,-0.36329672312491196
7,4,0.552415228264095,0.3366124429223744,0.21580278534172054
8,4,1.8596558210982044,1.3790413914542927,0.48061442964391166
9,4,3.1392517265541335,1.3167624429223743,1.8224892836317592
10,4,4.1448866449126545,0.7197624429223743,3.42512420199028
11,4,4.8240080302187724,1.4716919633778822,3.3523160668408902
12,4,5.185766630385641,1.8829334548342933,3.3028331755513474
13,4,5.2112197892666146,0.7602624429223744,4.45095734634424
14,4,4.823985800387535,2.805209591304437,2.0187762090830983
15,4,4.115338888678786,0.8412624429223744,3.2740764457564118
16,4,3.14332629060141,1.0527624429223745,2.090563847679036
17,4,1.9500970214318971,0.8232624429223745,1.1268345785095226
18,4,0.6722026026349995,2.9561207509693754,-2.283918148334376
19,4,0.14464538044389635,0.8461624429223745,-0.7015170624784781
20,4,0.0,1.9984756705533644,-1.9984756705533644
21,4,0.0,2.3967907968005697,-2.3967907968005697
22,4,0.0,1.8509813928858607,-1.8509813928858607
23,4,0.0,1.4299541587998652,-1.4299541587998652
0,4,0.0,0.5692624429223744,-0.5692624429223744
1,4,0.0,0.34426244292237435,-0.34426244292237435
2,4,0.0,0.41626244292237435,-0.41626244292237435
3,4,0.0,0.24526244292237437,-0.24526244292237437
4,4,0.0,1.683185035376404,-1.683185035376404
5,4,0.0,0.2295124429223744,-0.2295124429223744
6,4,0.011337588765600851,2.654882216737117,-2.643544627971516
7,4,0.5500245907015878,0.24976244292237443,0.3002621477792134
8,4,1.834138376449094,2.3529655825435825,-0.5188272060944885
9,4,3.0970742494489056,2.4163488080559388,0.6807254413929669
10,4,4.090612990740829,0.6232624429223744,3.4673505478184548
11,4,4.752595804661608,0.7827624429223744,3.9698333617392336
12,4,5.0827218414304856,1.0212624429223744,4.061459398508111
13,4,5.068455725739345,1.0707624429223745,3.9976932828169707
14,4,4.731582951239372,1.1067624429223741,3.624820508316998
15,4,4.072835618859148,0.8842624429223743,3.188573175936774
16,4,3.116458516092901,0.9022624429223742,2.214196073170527
17,4,1.9306360901870538,0.9222624429223742,1.0083736472646796
18,4,0.6698225201376224,0.9496624429223743,-0.2798399227847519
19,4,0.14257075193641255,0.8956624429223745,-0.753091690985962
20,4,0.0,1.0801624429223742,-1.0801624429223742
21,4,0.0,0.7606624429223744,-0.7606624429223744
22,4,0.0,2.050136881136633,-2.050136881136633
23,4,0.0,1.9453686490532875,-1.9453686490532875
0,5,0.0,1.6684407634349085,-1.6684407634349085
1,5,0.0,0.41626244292237435,-0.41626244292237435
2,5,0.0,0.38476244292237444,-0.38476244292237444
3,5,0.0,2.287694102682723,-2.287694102682723
4,5,0.0,0.28576244292237446,-0.28576244292237446
5,5,0.0,0.4702624429223744,-0.4702624429223744
6,5,0.016939214817219286,0.4297624429223745,-0.4128232281051552
7,5,0.5079769988914185,0.5062624429223744,0.0017145559690440182
8,5,1.7387283218318959,0.6142624429223744,1.1244658789095214
9,5,3.068758097556332,3.203953970869801,-0.1351958733134686
10,5,4.073638315185265,3.5506136458263073,0.523024669358958
11,5,4.673469408562032,3.7388931267702343,0.9345762817917977
12,5,4.76049158651605,2.285735534134033,2.474756052382017
13,5,4.574753176575893,0.9447624429223743,3.6299907336535187
14,5,4.537410082681665,0.9987624429223744,3.53864763975929
15,5,3.9014945801562964,1.0302624429223746,2.871232137233922
16,5,2.61275774741703,1.0122624429223743,1.6004953044946555
17,5,1.8487934596601805,1.1562624429223742,0.6925310167378063
18,5,0.721178965729526,2.7528107684846,-2.031631802755074
19,5,0.2099944318601736,0.9226624429223743,-0.7126680110622007
20,5,0.00541392524489785,2.5432603299427914,-2.5378464046978935
21,5,0.0,0.7651624429223745,-0.7651624429223745
22,5,0.0,0.8911624429223743,-0.8911624429223743
23,5,0.0,0.7066624429223745,-0.7066624429223745
0,5,0.0,0.5377624429223744,-0.5377624429223744
1,5,0.0,1.4857117714211592,-1.4857117714211592
2,5,0.0,1.6208539711345495,-1.6208539711345495
3,5,0.0,1.6735641287860563,-1.6735641287860563
4,5,0.0,0.42076244292237447,-0.42076244292237447
5,5,0.0,0.20476244292237444,-0.20476244292237444
6,5,0.01692603960263682,1.4482185054903454,-1.4312924658877086
7,5,0.5811027815759922,3.612615388921503,-3.031512607345511
8,5,1.916577284648248,4.573239963976757,-2.656662679328509
9,5,3.206950916998021,2.784750126748631,0.42220079024939006
10,5,4.213522080019899,2.0416546025222657,2.1718674774976336
11,5,4.918040357355997,0.7287624429223745,4.189277914433623
12,5,5.263723657818531,0.6997624429223744,4.563961214896157
13,5,5.184334742602231,1.0077624429223744,4.176572299679856
14,5,4.795358587123321,2.925530410019946,1.8698281771033747
15,5,4.151065472983088,4.498742613293251,-0.3476771403101626
16,5,3.181370364347825,4.451930236412203,-1.2705598720643776
17,5,1.9610947704818518,2.365955763830821,-0.4048609933489691
18,5,0.680780612354774,3.6666836798474844,-2.9859030674927105
19,5,0.1545433692380167,4.4432375604664305,-4.288694191228414
20,5,0.005485169595698409,3.4796885419949124,-3.474203372399214
21,5,0.0,2.6091034289767965,-2.6091034289767965
22,5,0.0,0.6076624429223745,-0.6076624429223745
23,5,0.0,0.5626624429223744,-0.5626624429223744
0,5,0.0,0.5332624429223745,-0.5332624429223745
1,5,0.0,0.29026244292237435,-0.29026244292237435
2,5,0.0,0.24076244292237448,-0.24076244292237448
3,5,0.0,0.1912624429223744,-0.1912624429223744
4,5,0.0,0.3980374429223744,-0.3980374429223744
5,5,0.0,0.44776244292237444,-0.44776244292237444
6,5,0.016992216335221112,2.4129512578932943,-2.3959590415580734
7,5,0.5742535267764453,0.38273744292237444,0.19151608385407082
8,5,1.8679713671552696,0.2587624429223744,1.6092089242328953
9,5,3.150812266625506,0.3957624429223745,2.755049823703131
10,5,4.171162298414901,0.6387624429223744,3.5323998554925264
11,5,4.849842987102681,1.1118316458971145,3.7380113412055667
12,5,5.171470265587384,4.427334039215008,0.7441362263723761
13,5,5.155177835599846,1.9263065751508999,3.2288712604489467
14,5,4.8084068117932395,1.8674768127598735,2.940929999033366
15,5,4.143195905838888,0.9177624429223743,3.225433462916514
16,5,3.168282465573764,0.7557624429223745,2.4125200226513894
17,5,1.9565692110936923,0.7422624429223744,1.2143067681713178
18,5,0.6715976600887359,2.519451877158443,-1.847854217069707
19,5,0.15489844044961706,2.7488353076774077,-2.5939368672277907
20,5,0.005485169595698409,3.434662503175014,-3.4291773335793154
21,5,0.0,3.147140308273561,-3.147140308273561
22,5,0.0,2.2914445282968168,-2.2914445282968168
23,5,0.0,2.630280080240277,-2.630280080240277
0,5,0.0,0.39826244292237445,-0.39826244292237445
1,5,0.0,0.5467624429223743,-0.5467624429223743
2,5,0.0,0.3037624429223744,-0.3037624429223744
3,5,0.0,0.47476244292237446,-0.47476244292237446
4,5,0.0,0.22186244292237442,-0.22186244292237442
5,5,0.0,2.1732181102350325,-2.1732181102350325
6,5,0.022616027036364346,0.24098744292237442,-0.21837141588601008
7,5,0.5804617459203537,1.523598498596947,-0.9431367526765934
8,5,1.866546555759012,2.341275750671561,-0.47472919491254895
9,5,3.1283417210422697,2.3019303630938275,0.8264113579484422
10,5,4.132448208768939,2.1687163040490622,1.963731904719877
11,5,4.800200813553552,3.176614393138656,1.6235864204148958
12,5,5.116168889039326,0.7827624429223744,4.3334064461169515
13,5,5.1011899819940165,3.552553976470807,1.5486360055232096
14,5,4.7714223440821515,2.09117705740104,2.6802452866811115
15,5,4.1153354839228875,1.0527624429223745,3.0625730410005128
16,5,3.1484846552691206,1.0617624429223742,2.0867222123467464
17,5,1.952957772162944,0.8322624429223743,1.12069532924057
18,5,0.6737710818817758,2.8822554046976956,-2.2084843228159197
19,5,0.1551440024672467,4.436996075668915,-4.2818520732016685
20,5,0.005442868262410578,0.7741624429223743,-0.7687195746599638
21,5,0.0,2.235415750109737,-2.235415750109737
22,5,0.0,1.7102174607581693,-1.7102174607581693
23,5,0.0,1.6631945673884114,-1.6631945673884114
0,5,0.0,0.4612624429223744,-0.4612624429223744
1,5,0.0,0.41626244292237435,-0.41626244292237435
2,5,0.0,0.33976244292237445,-0.33976244292237445
3,5,0.0,0.24976244292237443,-0.24976244292237443
4,5,0.0,0.40726244292237446,-0.40726244292237446
5,5,0.0,2.5916285158734707,-2.5916285158734707
6,5,0.022385763371602113,2.3723267390999725,-2.3499409757283702
7,5,0.5865309995710719,2.0079128483160185,-1.4213818487449466
8,5,1.8619414530268603,0.3802624429223744,1.4816790101044859
9,5,3.103737751047055,0.5802624429223744,2.523475308124681
10,5,4.089885811723409,0.8772624429223743,3.212623368801035
11,5,4.686236776112348,0.9717624429223742,3.7144743331899734
12,5,4.9861697267961755,0.8772624429223743,4.108907283873801
13,5,4.961020760857191,0.9402624429223745,4.020758317934817
14,5,4.678910271943462,3.368350625618371,1.3105596463250908
15,5,4.0370721667960785,3.55601766781705,0.48105449897902863
16,5,3.0910661090233917,1.1922624429223743,1.8988036661010175
17,5,1.911414565803776,0.9067624429223743,1.0046521228814016
18,5,0.6635299860017195,1.1791624429223744,-0.5156324569206548
19,5,0.15780819831192316,1.7086624429223745,-1.5508542446104512
20,5,0.005402793315085265,1.0351624429223742,-1.029759649607289
21,5,0.0,0.8101624429223745,-0.8101624429223745
22,5,0.0,0.9136624429223744,-0.9136624429223744
23,5,0.0,0.6526624429223744,-0.6526624429223744
0,5,0.0,0.5017624429223744,-0.5017624429223744
1,5,0.0,0.6592624429223743,-0.6592624429223743
2,5,0.0,0.4432624429223745,-0.4432624429223745
3,5,0.0,0.3487624429223744,-0.3487624429223744
4,5,0.0,0.29026244292237435,-0.29026244292237435
5,5,0.0,0.3262624429223744,-0.3262624429223744
6,5,0.02774102636466367,0.5242624429223743,-0.49652141655771065
7,5,0.586508039290352,3.3919883970546536,-2.8054803577643015
8,5,1.8519095685755884,4.6397662482397966,-2.787856679664208
9,5,3.0919837462923794,2.5362497964497366,0.5557339498426428
10,5,4.072555460337954,2.792174639060188,1.2803808212777659
11,5,4.7161741206041805,0.8232624429223745,3.892911677681806
12,5,5.019420914126785,2.09674162841437,2.922679285712415
13,5,4.990433384623069,1.1562624429223742,3.8341709417006946
14,5,4.65022366935839,1.2057624429223743,3.4444612264360153
15,5,3.997944307009646,1.2327624429223745,2.7651818640872716
16,5,3.065382015371993,1.2282624429223743,1.8371195724496188
17,5,1.8923959506569419,1.1497624429223743,0.7426335077345676
18,5,0.6560284075654322,2.9729462235865647,-2.3169178160211326
19,5,0.1568905063539277,4.222301914404148,-4.06541140805022
20,5,0.0053760766835350545,0.9091624429223744,-0.9037863662388393
21,5,0.0,0.8461624429223745,-0.8461624429223745
22,5,0.0,0.7651624429223745,-0.7651624429223745
23,5,0.0,0.7066624429223745,-0.7066624429223745
0,5,0.0,0.5422624429223745,-0.5422624429223745
1,5,0.0,0.6187624429223744,-0.6187624429223744
2,5,0.0,0.38476244292237444,-0.38476244292237444
3,5,0.0,0.3487624429223744,-0.3487624429223744
4,5,0.0,0.46576244292237445,-0.46576244292237445
5,5,0.0,0.2542624429223743,-0.2542624429223743
6,5,0.022261593007432676,2.2223981876671837,-2.200136594659751
7,5,0.5979873648919156,0.5197624429223744,0.07822492196954123
8,5,1.8798441828458696,1.8168101812570467,0.06303400158882289
9,5,3.146141782909772,1.748800929015038,1.3973408538947343
10,5,4.1472825253182934,2.202260381837341,1.9450221434809523
11,5,4.830241135562776,1.9191395032525127,2.911101632310263
12,5,5.160190430467806,2.061060201386944,3.0991302290808624
13,5,5.132507577464331,2.3891779983650063,2.7433295790993246
14,5,4.767292494109217,2.549841114669979,2.217451379439238
15,5,4.092643469510085,2.441145854918815,1.6514976145912699
16,5,3.116728923822644,4.8605630691752335,-1.7438341453525896
17,5,1.9052969595324039,3.3725866671845974,-1.4672897076521936
18,5,0.660657401191238,3.6405135472473336,-2.9798561460560955
19,5,0.1616415277314822,0.8821624429223743,-0.7205209151908921
20,5,0.005416151630860368,1.0081624429223743,-1.002746291291514
21,5,0.0,1.6843349517632018,-1.6843349517632018
22,5,0.0,0.7246624429223744,-0.7246624429223744
23,5,0.0,0.6481624429223745,-0.6481624429223745
0,5,0.0,0.46576244292237445,-0.46576244292237445
1,5,0.0,0.5647624429223744,-0.5647624429223744
2,5,0.0,0.4837624429223744,-0.4837624429223744
3,5,0.0,0.33976244292237445,-0.33976244292237445
4,5,0.0,0.19576244292237446,-0.19576244292237446
5,5,0.0,0.3750874429223745,-0.3750874429223745
6,5,0.027905393488456165,0.3750874429223745,-0.34718204943391834
7,5,0.6039327951370665,2.4620158035133284,-1.8580830083762618
8,5,1.871030317840093,0.3937624429223744,1.4772678749177186
9,5,3.121420783617985,0.7242624429223743,2.3971583406956105
10,5,4.120789316922072,0.6162624429223744,3.5045268739996978
11,5,4.782633919485276,0.6927624429223744,4.089871476562902
12,5,5.100052019588465,1.6477615346715675,3.4522904849168974
13,5,5.078347549980566,0.8142624429223744,4.264085107058191
14,5,4.729504332198142,3.34135562078534,1.3881487114128022
15,5,4.063853686014045,5.458146805882456,-1.3942931198684114
16,5,3.1036122714899332,4.390740354746382,-1.2871280832564485
17,5,1.915846319749791,2.8742142202068695,-0.9583679004570784
18,5,0.6613311416621356,5.360178080851377,-4.698846939189241
19,5,0.16117059698377625,2.5789991084920354,-2.417828511508259
20,5,0.010897804008707173,0.7606624429223744,-0.7497646389136672
21,5,0.0,0.7111624429223744,-0.7111624429223744
22,5,0.0,0.6616624429223744,-0.6616624429223744
23,5,0.0,3.0120336883778407,-3.0120336883778407
0,5,0.0,0.4702624429223744,-0.4702624429223744
1,5,0.0,0.38926244292237433,-0.38926244292237433
2,5,0.0,0.3037624429223744,-0.3037624429223744
3,5,0.0,0.4432624429223745,-0.4432624429223745
4,5,0.0,2.064388615481156,-2.064388615481156
5,5,0.0,0.3802624429223744,-0.3802624429223744
6,5,0.02796340468078644,0.39038744292237443,-0.362424038241588
7,5,0.6022986767695853,0.4162624429223744,0.18603623384721085
8,5,1.8692915787736888,6.015517575095468,-4.146225996321779
9,5,3.111896277545645,1.8695161077497884,1.2423801697958565
10,5,4.102667542945494,0.7582624429223745,3.3444051000231196
11,5,4.764657479521278,0.8482624429223744,3.916395036598904
12,5,5.088696855626864,0.8007624429223745,4.287934412704489
13,5,5.070590398013009,0.8547624429223742,4.215827955090635
14,5,4.722844500060349,0.8907624429223745,3.8320820571379746
15,5,4.055818279395276,0.9177624429223745,3.1380558364729016
16,5,3.1033362505298214,0.9177624429223745,2.185573807607447
17,5,1.9200800300882714,0.9967624429223744,0.9233175871658971
18,5,0.6608161013129773,0.9046624429223743,-0.243846341609397
19,5,0.1643734108516927,0.8596624429223744,-0.6952890320706817
20,5,0.01086663460523193,0.9721624429223743,-0.9612958083171423
21,5,0.0,0.9226624429223744,-0.9226624429223744
22,5,0.0,0.6706624429223744,-0.6706624429223744
23,5,0.0,0.7921624429223744,-0.7921624429223744
0,5,0.0,1.291363999601753,-1.291363999601753
1,5,0.0,1.4870628320303418,-1.4870628320303418
2,5,0.0,1.5567964100779306,-1.5567964100779306
3,5,0.0,1.272323327759143,-1.272323327759143
4,5,0.0,0.3980374429223744,-0.3980374429223744
5,5,0.0,0.41333744292237445,-0.41333744292237445
6,5,0.033483249654402025,2.2370255395836307,-2.2035422899292287
7,5,0.6153452750029603,6.20469856356116,-5.5893532885582
8,5,1.886503598285406,4.523671219582646,-2.6371676212972397
9,5,3.1279004617453943,4.250992405639344,-1.1230919438939502
10,5,4.123451735474754,4.31499560948507,-0.19154387401031592
11,5,4.787526537402613,4.773325569499581,0.014200967903032158
12,5,5.110168284876759,4.945407977546209,0.16476030733055058
13,5,5.095971459010952,3.7114614100349312,1.3845100489760211
14,5,4.7688380911853105,6.468440868485465,-1.6996027773001545
15,5,4.084541783010054,4.414317627592163,-0.32977584458210885
16,5,3.1186886679510355,2.9494667186323618,0.16922194931867374
17,5,1.9356793575348232,3.4026259720109806,-1.4669466144761574
18,5,0.6666735140305827,3.159145353346675,-2.4924718393160923
19,5,0.16744203634705415,0.8416624429223745,-0.6742204065753203
20,5,0.010888898464857103,2.4037865318789984,-2.392897633414141
21,5,0.0,0.7066624429223745,-0.7066624429223745
22,5,0.0,2.0248733816121742,-2.0248733816121742
23,5,0.0,0.7651624429223745,-0.7651624429223745
0,5,0.0,0.5692624429223744,-0.5692624429223744
1,5,0.0,0.3937624429223744,-0.3937624429223744
2,5,0.0,0.24526244292237437,-0.24526244292237437
3,5,0.0,0.3750874429223745,-0.3750874429223745
4,5,0.0,0.24098744292237442,-0.24098744292237442
5,5,0.0,0.23333744292237446,-0.23333744292237446
6,5,0.02785669653248976,0.42098744292237444,-0.39313074638988466
7,5,0.6302095689286052,2.6630448769625494,-2.032835308033944
8,5,1.9313598092237507,4.952277657885228,-3.020917848661477
9,5,3.1920093507264964,2.977352094884771,0.21465725584172546
10,5,4.173872836994091,2.3377298803065947,1.8361429566874965
11,5,4.823366733974793,4.134544851691761,0.6888218822830323
12,5,5.13241001138709,1.2762575913210967,3.856152420065993
13,5,5.112655892518757,1.178810043204759,3.9338458493139976
14,5,4.767406446179126,1.4075445698862645,3.3598618762928614
15,5,4.097887467528066,1.0707624429223745,3.0271250246056916
16,5,3.134298027561051,0.8997624429223743,2.2345355846386767
17,5,1.9439578719507726,2.0651214793667956,-0.12116360741602294
18,5,0.6693286155280054,1.0756624429223745,-0.4063338273943691
19,5,0.16893623268306862,0.8596624429223744,-0.6907262102393057
20,5,0.01631137397578937,1.8887863537421663,-1.872474979766377
21,5,0.0,2.124838399205153,-2.124838399205153
22,5,0.0,1.5675366014631624,-1.5675366014631624
23,5,0.0,0.5671624429223743,-0.5671624429223743
0,5,0.0,2.652291945243138,-2.652291945243138
1,5,0.0,2.6399868837171963,-2.6399868837171963
2,5,0.0,0.34426244292237435,-0.34426244292237435
3,5,0.0,0.4612624429223744,-0.4612624429223744
4,5,0.0,0.40726244292237446,-0.40726244292237446
5,5,0.0,0.8250594813697483,-0.8250594813697483
6,5,0.03294963766948842,0.2812624429223744,-0.248312805252886
7,5,0.6173341399400256,4.0553762534906985,-3.438042113550673
8,5,1.8868719313374598,2.2925400853263165,-0.4056681539888567
9,5,3.1139228140887862,0.6027624429223744,2.5111603711664117
10,5,4.098066102682983,0.8772624429223743,3.220803659760609
11,5,4.741787258716144,0.9717624429223742,3.7700248157937697
12,5,5.045995801942311,2.1852612019421103,2.860734600000201
13,5,5.017894266912984,1.1157624429223745,3.9021318239906098
14,5,4.67314726327412,0.9157624429223744,3.7573848203517457
15,5,4.0191586899311815,1.0032624429223744,3.015896247008807
16,5,3.0804696184418883,0.9517624429223743,2.128707175519514
17,5,1.9113499650750307,1.1652624429223746,0.7460875221526562
18,5,0.6525301427661431,1.0171624429223742,-0.36463230015623116
19,5,0.16795143702585882,2.908732053166575,-2.7407806161407158
20,5,0.01613771587071301,2.7178086950099045,-2.7016709791391915
21,5,0.0,1.0126624429223745,-1.0126624429223745
22,5,0.0,0.9316624429223743,-0.9316624429223743
23,5,0.0,0.7021624429223743,-0.7021624429223743
0,5,0.0,2.4390813912050366,-2.4390813912050366
1,5,0.0,0.5062624429223744,-0.5062624429223744
2,5,0.0,1.8661341501227366,-1.8661341501227366
3,5,0.0,0.3757624429223745,-0.3757624429223745
4,5,0.0,0.3127624429223744,-0.3127624429223744
5,5,0.0,2.2567327481652124,-2.2567327481652124
6,5,0.03306020679244666,2.298714968186617,-2.2656547613941704
7,5,0.6170705454260713,2.994680743428429,-2.3776101980023574
8,5,1.8649641692150838,4.420025956690628,-2.555061787475544
9,5,3.081573614774325,2.3178464705647777,0.7637271442095472
10,5,4.045265156765587,2.812864349324176,1.2324008074414108
11,5,4.693926320918876,1.034762442922374,3.6591638779965017
12,5,4.996352414407736,0.9357624429223744,4.060589971485361
13,5,4.970659139031116,0.9382624429223744,4.032396696108742
14,5,4.630958226749517,1.0527624429223745,3.578195783827142
15,5,3.984725686964787,1.2597624429223742,2.7249632440424127
16,5,3.0596989697852552,1.2552624429223744,1.8044365268628808
17,5,1.898697875156883,1.1587624429223744,0.7399354322345086
18,5,0.6514888391743582,3.1667913388090225,-2.5153024996346645
19,5,0.17116098438682328,2.6752242917309665,-2.5040633073441434
20,5,0.0003139353756239951,1.1071624429223743,-1.1068485075467502
21,5,0.0,0.8641624429223744,-0.8641624429223744
22,5,0.0,0.9811624429223744,-0.9811624429223744
23,5,0.0,5.49577015751838,-5.49577015751838
0,5,0.0,2.34429297056989,-2.34429297056989
1,5,0.0,2.853044092759293,-2.853044092759293
2,5,0.0,2.399753848496308,-2.399753848496308
3,5,0.0,2.037509725912315,-2.037509725912315
4,5,0.0,2.6741690410718126,-2.6741690410718126
5,5,0.0,2.437924046815143,-2.437924046815143
6,5,0.038548755383886794,2.3321935405351235,-2.293644785151237
7,5,0.6213779526466835,2.4124284499019764,-1.7910504972552928
8,5,1.8656889923022761,3.3687981995727414,-1.5031092072704653
9,5,3.076027708263825,1.5747870570776268,1.5012406511861984
10,5,4.041074030843714,2.0519398354299563,1.989134195413758
11,5,4.683193518081295,1.3693227731448752,3.31387074493642
12,5,4.985650054757098,1.6072958743211938,3.3783541804359043
13,5,4.968445093645821,3.919948870539148,1.0484962231066728
14,5,4.6308696433984915,3.3864020946380142,1.2444675487604773
15,5,3.9919068145153305,4.14604086183288,-0.15413404731754943
16,5,3.0412753233148364,3.8440542523406216,-0.8027789290257852
17,5,1.8808771199082857,4.569408666699199,-2.688531546790913
18,5,0.6505873613069023,5.986277659824394,-5.335690298517491
19,5,0.17275416483011308,3.2015054312096276,-3.0287512663795146
20,5,0.0003144562177364428,5.6457899157039,-5.645475459486163
21,5,0.0,4.842563279687115,-4.842563279687115
22,5,0.0,4.467950567512043,-4.467950567512043
23,5,0.0,4.4261421562254,-4.4261421562254
0,5,0.0,4.450915839903287,-4.450915839903287
1,5,0.0,2.4780187715625854,-2.4780187715625854
2,5,0.0,2.4341237595498173,-2.4341237595498173
3,5,0.0,0.8122576335927416,-0.8122576335927416
4,5,0.0,0.7417066017034246,-0.7417066017034246
5,5,0.0,0.9637093566513731,-0.9637093566513731
6,5,0.0437484282486513,0.31726244292237443,-0.27351401467372316
7,5,0.6284307542737132,1.750075710701048,-1.121644956427335
8,5,1.8852881721042651,3.642335210972576,-1.7570470388683108
9,5,3.112911194157737,2.1432470768151277,0.9696641173426093
10,5,4.093067442409195,2.719465878105124,1.3736015643040709
11,5,4.751046553571856,0.8232624429223745,3.927784110649481
12,5,5.061475496556774,2.6022619655900714,2.4592135309667027
13,5,5.056135182540841,3.035098459519824,2.0210367230210173
14,5,4.7011453519353585,1.6474546604171414,3.0536906915182174
15,5,4.02754743266899,0.9762624429223744,3.051284989746615
16,5,3.07606289079463,0.9852624429223745,2.0908004478722555
17,5,1.9046867202657292,0.9537624429223744,0.9509242773433547
18,5,0.656188950375647,2.9233716634398084,-2.2671827130641615
19,5,0.17777945806238618,2.466685815802907,-2.2889063577405206
20,5,0.0004227462565520826,0.9991624429223743,-0.9987396966658223
21,5,0.0,0.7516624429223744,-0.7516624429223744
22,5,0.0,0.6751624429223744,-0.6751624429223744
23,5,0.0,2.5370861942815366,-2.5370861942815366
0,5,0.0,0.3802624429223744,-0.3802624429223744
1,5,0.0,0.35776244292237436,-0.35776244292237436
2,5,0.0,0.4432624429223745,-0.4432624429223745
3,5,0.0,0.20926244292237434,-0.20926244292237434
4,5,0.0,2.456245968962981,-2.456245968962981
5,5,0.0,1.8195547395522333,-1.8195547395522333
6,5,0.03854659302322504,0.39421244292237445,-0.3556658498991494
7,5,0.6250089978524569,1.3781027369241208,-0.7530937390716639
8,5,1.8690052377395983,1.8661883088297806,0.002816928909817662
9,5,3.0956520744434326,0.5127624429223744,2.5828896315210583
10,5,4.073389006539346,0.7647624429223744,3.308626563616971
11,5,4.731442502130938,2.4917919805457913,2.2396505215851468
12,5,5.047187436053025,4.033890826902102,1.013296609150923
13,5,5.027122237568199,3.669773615340569,1.3573486222276303
14,5,4.693907058125662,2.7703744823286627,1.9235325757969992
15,5,4.050391405062188,2.7141695399976613,1.3362218650645263
16,5,3.093347375695071,2.6748028676810858,0.41854450801398535
17,5,1.9037516749306176,0.7962624429223745,1.107489232008243
18,5,0.6637747164393419,2.6241152106568055,-1.9603404942174636
19,5,0.1804615498242716,0.9091624429223744,-0.7287008930981027
20,5,0.00042882274786397245,3.3860072089358217,-3.385578386187958
21,5,0.0,2.1564088113048268,-2.1564088113048268
22,5,0.0,2.121236275650621,-2.121236275650621
23,5,0.0,0.6841624429223744,-0.6841624429223744
0,5,0.0,0.33976244292237445,-0.33976244292237445
1,5,0.0,0.31726244292237443,-0.31726244292237443
2,5,0.0,0.7683727195702978,-0.7683727195702978
3,5,0.0,0.24976244292237443,-0.24976244292237443
4,5,0.0,0.3802624429223744,-0.3802624429223744
5,5,0.0,0.24098744292237442,-0.24098744292237442
6,5,0.04438090186114047,0.39421244292237445,-0.349831541061234
7,5,0.5691349200637363,0.24976244292237443,0.3193724771413619
8,5,1.6987270241074484,0.5062624429223744,1.192464581185074
9,5,2.8882359038008696,0.6342624429223743,2.253973460878495
10,5,3.941617891324555,0.6367624429223744,3.3048554484021806
11,5,4.693295148830931,1.0692306025652714,3.624064546265659
12,5,4.994736125045335,2.6304143963457385,2.364321728699596
13,5,4.993454896635248,2.5661931255813872,2.4272617710538604
14,5,4.509902773269905,1.3725624382616084,3.1373403350082967
15,5,3.8960364734422503,1.2500420427855758,2.6459944306566747
16,5,2.9990045150825684,1.3655101533701455,1.633494361712423
17,5,1.8832760800268356,1.4637335461416003,0.4195425338852352
18,5,0.6589485750191016,4.1423037228301895,-3.483355147811088
19,5,0.1872321477716731,2.508977071856538,-2.321744924084865
20,5,0.0004277810636390771,2.411152475484372,-2.4107246944207326
21,5,0.0,2.4279688271616733,-2.4279688271616733
22,5,0.0,0.6211624429223745,-0.6211624429223745
23,5,0.0,0.5896624429223744,-0.5896624429223744
0,5,0.0,0.4477624429223743,-0.4477624429223743
1,5,0.0,0.42076244292237447,-0.42076244292237447
2,5,0.0,1.5631181113316952,-1.5631181113316952
3,5,0.0,1.5201506834172513,-1.5201506834172513
4,5,0.0,1.676164619451337,-1.676164619451337
5,5,0.0,3.225394105594922,-3.225394105594922
6,5,0.043812782572696836,3.2466844221172706,-3.2028716395445738
7,5,0.6056001459415974,4.099734415985177,-3.4941342700435793
8,5,1.7954957621359264,4.214526982597675,-2.419031220461749
9,5,2.9711550280953456,0.5397624429223744,2.431392585172971
10,5,3.8654684576788223,1.7052436687855201,2.160224788893302
11,5,4.541769585067567,4.151732998666536,0.3900365864010311
12,5,4.896043912361244,3.6176346309676157,1.2784092813936283
13,5,4.801743569486364,3.793097522749398,1.008646046736966
14,5,4.481014794094851,3.5563241049311647,0.9246906891636866
15,5,3.709987732327625,2.9549095642031924,0.7550781681244327
16,5,2.901412008143832,0.8257624429223744,2.0756495652214575
17,5,1.7605745808970505,0.8727624429223746,0.887812137974676
18,5,0.681627096059702,0.9001624429223742,-0.2185353468626723
19,5,0.1968576085743855,1.0576624429223742,-0.8608048343479887
20,5,0.00042222541443963493,1.0126624429223745,-1.0122402175079348
21,5,0.0,0.9721624429223743,-0.9721624429223743
22,5,0.0,0.7561624429223746,-0.7561624429223746
23,5,0.0,0.8866624429223744,-0.8866624429223744
0,5,0.0,0.5152624429223743,-0.5152624429223743
1,5,0.0,0.4612624429223744,-0.4612624429223744
2,5,0.0,0.4027624429223744,-0.4027624429223744
3,5,0.0,0.33076244292237444,-0.33076244292237444
4,5,0.0,0.47926244292237435,-0.47926244292237435
5,5,0.0,0.3712624429223744,-0.3712624429223744
6,5,0.04352474236877165,0.3037624429223744,-0.2602377005536028
7,5,0.6053092466043895,2.2414148446885505,-1.636105598084161
8,5,1.7937784052318613,0.6997624429223744,1.094015962309487
9,5,2.965200992427004,0.6837624429223744,2.2814385495046294
10,5,3.9111776219329175,0.7557624429223745,3.155415179010543
11,5,4.546497097507282,0.8322624429223743,3.7142346545849074
12,5,4.844768787155691,1.4839880730367407,3.3607807141189503
13,5,4.826263134359686,1.4098830553598123,3.4163800789998735
14,5,4.487449434829807,4.05467988950816,0.4327695453216469
15,5,3.861376569683374,2.8061162407377225,1.0552603289456517
16,5,2.9506998869559546,1.5389204447998766,1.411779442156078
17,5,1.8308586241634839,1.0167624429223743,0.8140961812411096
18,5,0.6376471839283631,2.6844227238483924,-2.0467755399200294
19,5,0.18119096822506908,2.8423285678932437,-2.6611375996681748
20,5,0.0005249593134660862,0.8911624429223745,-0.8906374836089084
21,5,0.0,1.0216624429223744,-1.0216624429223744
22,5,0.0,0.7876624429223744,-0.7876624429223744
23,5,0.0,0.9091624429223744,-0.9091624429223744
0,5,0.0,0.7402624429223743,-0.7402624429223743
1,5,0.0,0.5107624429223745,-0.5107624429223745
2,5,0.0,0.6097624429223745,-0.6097624429223745
3,5,0.0,0.3712624429223744,-0.3712624429223744
4,5,0.0,0.3352624429223744,-0.3352624429223744
5,5,0.0,0.3217624429223743,-0.3217624429223743
6,5,0.04316672327169242,0.3127624429223744,-0.26959571965068196
7,5,0.6217938398952764,2.214053592567197,-1.5922597526719207
8,5,1.8355307529244214,2.3969175699885588,-0.5613868170641374
9,5,3.024888143421873,2.5000644128224474,0.5248237305994254
10,5,3.964665332116431,1.819499254400029,2.145166077716402
11,5,4.608563695144916,1.888231875281815,2.720331819863101
12,5,4.9236697214953375,1.0437624429223744,3.879907278572963
13,5,4.903463440408054,0.9267624429223743,3.97670099748568
14,5,4.531926504964536,1.1787624429223742,3.353164062042162
15,5,3.881858474006498,3.4384394354277026,0.4434190385787953
16,5,2.9303873895357477,3.6709496274494007,-0.7405622379136529
17,5,1.44653784135818,2.918708730253039,-1.472170888894859
18,5,0.8401927516032536,4.966333043217417,-4.126140291614163
19,5,0.2354242080908168,4.8703733441763895,-4.634949136085573
20,5,0.005393887771235195,5.042658796135601,-5.037264908364366
21,5,0.0,5.273545970690639,-5.273545970690639
22,5,0.0,3.745806118008704,-3.745806118008704
23,5,0.0,1.9654608931683315,-1.9654608931683315
0,5,0.0,0.5332624429223745,-0.5332624429223745
1,5,0.0,0.4882624429223744,-0.4882624429223744
2,5,0.0,0.6322624429223744,-0.6322624429223744
3,5,0.0,0.3802624429223744,-0.3802624429223744
4,5,0.0,1.4871143686469062,-1.4871143686469062
5,5,0.0,0.33976244292237445,-0.33976244292237445
6,5,0.022412412930026177,0.27676244292237434,-0.2543500299923482
7,5,0.41949357856299974,4.026140498978252,-3.6066469204152525
8,5,1.157129706770904,2.0772674698357223,-0.9201377630648182
9,5,2.477333914882966,4.175768851622204,-1.6984349367392375
10,5,3.9099601391138075,1.7688622984136528,2.1410978407001546
11,5,4.793998323557103,3.4899678007668387,1.3040305227902644
12,5,5.149119035894652,1.642227027363454,3.5068920085311985
13,5,5.139820753090706,1.9592764045485764,3.180544348542129
14,5,4.7953437913501515,2.181309323240927,2.6140344681092245
15,5,4.128933570881927,1.7779806216054503,2.3509529492764765
16,5,3.166197059010586,1.787741680716666,1.3784553782939202
17,5,1.974977065884959,0.6297624429223745,1.3452146229625845
18,5,0.6848184475898631,0.6256624429223744,0.059156004667488715
19,5,0.18945310086155914,2.7075583979520905,-2.5181052970905315
20,5,0.0006533875994502112,0.6661624429223745,-0.6655090553229243
21,5,0.0,1.8491940806002312,-1.8491940806002312
22,5,0.0,1.7554977680397994,-1.7554977680397994
23,5,0.0,1.3172400816466572,-1.3172400816466572
0,5,0.0,2.218067014060891,-2.218067014060891
1,5,0.0,0.40186244292237444,-0.40186244292237444
2,5,0.0,1.5413497451664293,-1.5413497451664293
3,5,0.0,1.6997020121697781,-1.6997020121697781
4,5,0.0,1.4688749464124362,-1.4688749464124362
5,5,0.0,0.35191244292237434,-0.35191244292237434
6,5,0.0497752139265403,0.3327874429223744,-0.2830122289958341
7,5,0.6484570635085138,4.126743188305643,-3.4782861247971297
8,5,1.9150589758475298,1.9958122035965862,-0.08075322774905636
9,5,3.1543854231877444,2.383251522875194,0.7711339003125506
10,5,4.141376413406442,3.1022242528644943,1.0391521605419474
11,5,4.80391839659171,3.1299335106027875,1.6739848859889226
12,5,5.138032805732767,1.065497996343571,4.072534809389196
13,5,5.12446605030521,0.5667624429223743,4.557703607382836
14,5,4.78659198943675,0.5802624429223744,4.206329546514375
15,5,4.165268352548728,0.5757624429223744,3.5895059096263537
16,5,3.233768366624734,0.5577624429223744,2.67600592370236
17,5,2.027084179404055,0.7062624429223744,1.3208217364816806
18,5,0.7009678216230454,1.4746624429223743,-0.7736946212993289
19,5,0.19212411984470257,0.6796624429223743,-0.48753832307767175
20,5,0.000655731388956226,0.4456624429223744,-0.44500671153341814
21,5,0.0,3.7947408755562275,-3.7947408755562275
22,5,0.0,3.8201582448691376,-3.8201582448691376
23,5,0.0,3.3606652798929417,-3.3606652798929417
0,5,0.0,0.45158744292237446,-0.45158744292237446
1,5,0.0,0.3213124429223744,-0.3213124429223744
2,5,0.0,0.5280874429223744,-0.5280874429223744
3,5,0.0,0.3863374429223744,-0.3863374429223744
4,5,0.0,0.5625124429223745,-0.5625124429223745
5,5,0.0,0.34808744292237437,-0.34808744292237437
6,5,0.05527785886392301,0.5969374429223744,-0.5416595840584514
7,5,0.6762200379725031,5.802273489863726,-5.126053451891223
8,5,1.978689626681138,3.2637142671693438,-1.2850246404882057
9,5,3.2351893704069874,2.442242542407352,0.7929468279996352
10,5,4.243282060430212,1.106358133975666,3.1369239264545454
11,5,4.921715996313863,0.4522624429223744,4.469453553391489
12,5,5.253083232648057,0.7557624429223744,4.497320789725683
13,5,5.229935511725279,2.090505259845309,3.13943025187997
14,5,4.86933787198822,2.1818379566587787,2.6874999153294414
15,5,4.18602025050283,0.7107624429223744,3.475257807580456
16,5,3.2075100889402473,0.7242624429223743,2.483247646017873
17,5,1.996270378733748,0.6277624429223744,1.3685079358113734
18,5,0.6882736834092458,2.9048099722223384,-2.2165362888130926
19,5,0.18785454623644854,2.992956706858381,-2.8051021606219324
20,5,0.0007534729032255609,3.401509273879168,-3.4007558009759427
21,5,0.0,2.275183603902006,-2.275183603902006
22,5,0.0,1.6391366226725002,-1.6391366226725002
23,5,0.0,0.45466244292237434,-0.45466244292237434
0,5,0.0,0.2812624429223744,-0.2812624429223744
1,5,0.0,0.22276244292237438,-0.22276244292237438
2,5,0.0,0.21421244292237446,-0.21421244292237446
3,5,0.0,0.22276244292237438,-0.22276244292237438
4,5,0.0,2.002509084487566,-2.002509084487566
5,5,0.0,2.3011963048470885,-2.3011963048470885
6,5,0.05471231419842446,2.4863880302765624,-2.431675716078138
7,5,0.6615642390577812,0.9603874429223743,-0.29882320386459316
8,5,1.933491336642113,0.4837624429223744,1.4497288937197386
9,5,3.1569677247320547,0.45676244292237433,2.7002052818096804
10,5,4.129776999107027,0.6297624429223745,3.5000145561846523
11,5,4.785118460368337,3.404067001958511,1.381051458409826
12,5,5.115369467630331,0.7512624429223744,4.364107024707957
13,5,5.099983174863365,0.7962624429223745,4.30372073194099
14,5,4.753794721274181,0.8322624429223743,3.9215322783518065
15,5,4.0858252115637255,2.8078316842720423,1.2779935272916831
16,5,3.1251511051236296,2.719470454444524,0.4056806506791055
17,5,1.948335061215926,4.581945018264442,-2.633609957048516
18,5,0.6747677444780403,0.8866624429223744,-0.21189469844433406
19,5,0.18705342072467762,2.4618550339894236,-2.274801613264746
20,5,0.0007428390434297536,1.5241624429223743,-1.5234196038789447
21,5,0.0,0.7201624429223745,-0.7201624429223745
22,5,0.0,2.4220609533776423,-2.4220609533776423
23,5,0.0,0.5896624429223744,-0.5896624429223744
0,5,0.0,0.6142624429223744,-0.6142624429223744
1,5,0.0,0.39826244292237445,-0.39826244292237445
2,5,0.0,0.4522624429223744,-0.4522624429223744
3,5,0.0,0.42076244292237447,-0.42076244292237447
4,5,0.0,0.40186244292237444,-0.40186244292237444
5,5,0.0,0.2562874429223744,-0.2562874429223744
6,5,0.05440098202740472,0.42863744292237443,-0.3742364608949697
7,5,0.6458985361635395,0.23626244292237442,0.4096360932411651
8,5,1.8876538983349578,1.1617624429223743,0.7258914554125835
9,5,3.084825209908729,2.5799374829886794,0.5048877269200496
10,5,4.02880587128192,0.7377624429223744,3.2910434283595453
11,5,4.600475803307235,2.326566853849797,2.2739089494574385
12,5,4.847971332879142,3.5956798044855423,1.2522915283936
13,5,4.766440045928209,3.513833153731294,1.2526068921969151
14,5,4.369184688297932,2.8264400042433833,1.542744684054549
15,5,3.457961141478967,2.7075325082073043,0.7504286332716625
16,5,2.468740979644491,1.1562624429223742,1.3124785367221166
17,5,1.7802911311401013,1.1067624429223741,0.6735286882177272
18,5,0.6685009892539452,2.438862246156622,-1.7703612569026768
19,5,0.19125363598277034,3.7009762838103177,-3.509722647827547
20,5,0.0007407122714705921,0.8056624429223744,-0.8049217306509039
21,5,0.0,0.7651624429223745,-0.7651624429223745
22,5,0.0,0.7921624429223744,-0.7921624429223744
23,5,0.0,2.8382645862584432,-2.8382645862584432
0,5,0.0,4.334572676792415,-4.334572676792415
1,5,0.0,3.9790574507968337,-3.9790574507968337
2,5,0.0,2.3139041247737464,-2.3139041247737464
3,5,0.0,0.5512624429223745,-0.5512624429223745
4,5,0.0,0.3127624429223744,-0.3127624429223744
5,5,0.0,0.2812624429223744,-0.2812624429223744
6,5,0.05957782496122432,0.2587624429223744,-0.19918461796115006
7,5,0.6272069636152283,1.9300178364272838,-1.3028108728120555
8,5,1.8204448437894896,4.549493442209968,-2.7290485984204786
9,5,2.805639438056198,2.3059950921671626,0.4996443458890356
10,5,3.9022255860394117,0.7782624429223745,3.123963143117037
11,5,4.503744925697202,0.9517624429223743,3.5519824827748274
12,5,4.804252527711815,2.3051892112615744,2.4990633164502403
13,5,4.491133112763869,2.414550518704119,2.07658259405975
14,5,3.900220037230275,0.9447624429223743,2.9554575943079007
15,5,3.196460865446647,0.9492624429223744,2.2471984225242725
16,5,2.55697482226259,0.9492624429223744,1.6077123793402155
17,5,1.8149599684732542,1.0102624429223745,0.8046975255508797
18,5,0.8635830273175642,1.1116624429223743,-0.24807941560481006
19,5,0.2557699217132888,1.8436624429223745,-1.5878925212090857
20,5,0.0007373702012490527,0.8551624429223743,-0.8544250727211252
21,5,0.0,2.036045959834157,-2.036045959834157
22,5,0.0,3.8916494353588678,-3.8916494353588678
23,5,0.0,4.027381422367535,-4.027381422367535
0,5,0.0,0.4477624429223743,-0.4477624429223743
1,5,0.0,0.39826244292237445,-0.39826244292237445
2,5,0.0,1.6790916154438105,-1.6790916154438105
3,5,0.0,0.2542624429223743,-0.2542624429223743
4,5,0.0,0.4297624429223745,-0.4297624429223745
5,5,0.0,0.4432624429223745,-0.4432624429223745
6,5,0.05383285228124336,0.2542624429223743,-0.20042959064113097
7,5,0.624891886194392,0.5107624429223745,0.11412944327201746
8,5,1.841109917460022,2.489096242480366,-0.6479863250203439
9,5,3.031388290654342,0.6117624429223744,2.4196258477319676
10,5,3.9792751574146306,3.4114209665112463,0.5678541909033843
11,5,4.613595812779538,4.209342598690534,0.40425321408900405
12,5,4.9161419145810905,1.5915020907828914,3.324639823798199
13,5,4.904114566373062,2.654640243383057,2.249474322990005
14,5,4.5765954653645915,3.0754490011477826,1.5011464642168089
15,5,3.944530663314268,2.573600786253217,1.3709298770610507
16,5,3.024497367297261,1.7408070730910592,1.2836902942062016
17,5,1.8966650924592077,1.394449676491651,0.5022154159675567
18,5,0.6613903637577141,5.649485663280165,-4.988095299522451
19,5,0.18898820823082269,3.3553434609289026,-3.16635525269808
20,5,0.0008395817863938175,0.8956624429223745,-0.8948228611359806
21,5,0.0,1.0171624429223742,-1.0171624429223742
22,5,0.0,2.0305528551702636,-2.0305528551702636
23,5,0.0,0.7381624429223743,-0.7381624429223743
0,5,0.0,0.7402624429223743,-0.7402624429223743
1,5,0.0,0.5017624429223744,-0.5017624429223744
2,5,0.0,0.6142624429223744,-0.6142624429223744
3,5,0.0,0.36676244292237437,-0.36676244292237437
4,5,0.0,0.43876244292237443,-0.43876244292237443
5,5,0.0,0.38926244292237433,-0.38926244292237433
6,5,0.05315641015042365,0.49276244292237437,-0.4396060327719507
7,5,0.6330455111129218,1.8104335010960253,-1.1773879899831035
8,5,1.8485406097824477,3.9859291125743517,-2.1373885027919037
9,5,3.036761991762553,3.9141813297563286,-0.8774193379937758
10,5,3.980143767074832,2.6314838389212056,1.3486599281536265
11,5,4.611418754230339,1.0527624429223745,3.5586563113079643
12,5,4.914266949751979,2.4541923593311825,2.4600745904207963
13,5,4.897055817715709,4.307596667920118,0.5894591497955917
14,5,4.565605103225088,1.440673897585122,3.1249312056399656
15,5,3.9297550611901673,1.6155492360559962,2.314205825134171
16,5,3.012682630212096,1.500063405545677,1.5126192246664192
17,5,1.884548583998471,1.440302188650508,0.44424639534796295
18,5,0.663908205473321,5.177029288731909,-4.5131210832585875
19,5,0.18742548190063446,3.2403251305266023,-3.052899648625968
20,5,0.0009421835125331718,5.403977438112406,-5.403035254599873
21,5,0.0,4.569763488423272,-4.569763488423272
22,5,0.0,4.684634608746853,-4.684634608746853
23,5,0.0,0.7786624429223745,-0.7786624429223745
0,5,0.0,0.5872624429223744,-0.5872624429223744
1,5,0.0,0.5377624429223744,-0.5377624429223744
2,5,0.0,0.4702624429223744,-0.4702624429223744
3,5,0.0,0.4117624429223743,-0.4117624429223743
4,5,0.0,0.9833392495448875,-0.9833392495448875
5,5,0.0,0.7696291740961192,-0.7696291740961192
6,5,0.05845698257255291,0.3037624429223744,-0.2453054603498215
7,5,0.6308931427123174,1.8066387640897719,-1.1757456213774544
8,5,1.8360080005993473,2.549960441029371,-0.7139524404300235
9,5,3.003755811809272,0.7377624429223744,2.265993368886898
10,5,3.940637342327083,0.8232624429223745,3.1173748994047084
11,5,4.56501331394804,0.9087624429223744,3.656250871025666
12,5,4.863207077899023,2.2622478958206806,2.6009591820783426
13,5,4.8432252477864255,2.4611806772011615,2.382044570585264
14,5,4.528199304642208,1.2462624429223743,3.281936861719834
15,5,3.9087706713489885,1.2687624429223745,2.640008228426614
16,5,3.0147946477553327,1.0842624429223744,1.9305322048329583
17,5,1.8966711310141209,1.1587624429223744,0.7379086880917465
18,5,0.6667937393679144,1.0306624429223745,-0.3638687035544601
19,5,0.18890831556627885,0.9631624429223745,-0.7742541273560957
20,5,0.000945308565207858,1.0666624429223743,-1.0657171343571665
21,5,0.0,1.0081624429223743,-1.0081624429223743
22,5,0.0,0.7786624429223745,-0.7786624429223745
23,5,0.0,0.7201624429223745,-0.7201624429223745
0,5,0.0,0.7042624429223743,-0.7042624429223743
1,5,0.0,0.4477624429223743,-0.4477624429223743
2,5,0.0,0.5872624429223745,-0.5872624429223745
3,5,0.0,0.5242624429223743,-0.5242624429223743
4,5,0.0,0.31726244292237443,-0.31726244292237443
5,5,0.0,0.5017624429223744,-0.5017624429223744
6,5,0.05852483917657432,2.9050713379321964,-2.846546498755622
7,5,0.628538530140273,3.8248597384938168,-3.1963212083535435
8,5,1.8381812454106925,6.979542283936105,-5.141361038525413
9,5,3.018731735399785,4.291902213075991,-1.273170477676206
10,5,3.9606630001097933,4.239529764156573,-0.27886676404677946
11,5,4.584200317039928,2.1644765330876865,2.419723783952241
12,5,4.882165405969884,0.9312624429223744,3.9509029630475094
13,5,4.867158513441355,2.368707898220496,2.498450615220859
14,5,4.5280241935345,5.0261553753367245,-0.4981311818022247
15,5,3.882670372452314,1.8365076895619987,2.046162682890315
16,5,2.97741908505422,2.6990277851490028,0.27839129990521716
17,5,1.86824138145904,2.780656804045954,-0.9124154225869139
18,5,0.6597285897012224,5.840925356197671,-5.1811967664964484
19,5,0.1890309732504107,1.9291624429223744,-1.7401314696719636
20,5,0.000941792880948836,1.1071624429223743,-1.1062206500414256
21,5,0.0,3.0905161839570043,-3.0905161839570043
22,5,0.0,2.1455956143439234,-2.1455956143439234
23,5,0.0,1.8152657228545448,-1.8152657228545448
0,5,0.0,2.0675993308463396,-2.0675993308463396
1,5,0.0,0.6682624429223745,-0.6682624429223745
2,5,0.0,0.41626244292237435,-0.41626244292237435
3,5,0.0,0.3622624429223744,-0.3622624429223744
4,5,0.0,0.4972624429223744,-0.4972624429223744
5,5,0.0,0.4972624429223744,-0.4972624429223744
6,5,0.05304604265212297,2.3155334745389986,-2.2624874318868757
7,5,0.6034142028233782,5.394048551929751,-4.790634349106373
8,5,1.7767682533973155,2.5773200085811894,-0.8005517551838739
9,5,2.923500729612696,2.3722334141474466,0.5512673154652492
10,5,3.855102922434734,2.7299341599946074,1.1251687624401265
11,5,4.479670225469888,0.8457624429223745,3.6339077825475132
12,5,4.776768368666071,1.4494022010479464,3.3273661676181243
13,5,4.758814255962128,0.9852624429223745,3.7735518130397536
14,5,4.43823733025483,0.9652624429223745,3.4729748873324553
15,5,3.818691113860536,0.9922624429223742,2.826428670938162
16,5,2.9285238325509937,1.2372624429223742,1.6912613896286195
17,5,1.8322303297966533,1.2192624429223744,0.6129678868742789
18,5,0.6602436599368614,1.0621624429223744,-0.401918782985513
19,5,0.1993341047351206,2.909573980223855,-2.7102398754887345
20,5,0.0010433958357829191,2.1528885673006095,-2.1518451714648266
21,5,0.0,0.9001624429223742,-0.9001624429223742
22,5,0.0,0.8596624429223744,-0.8596624429223744
23,5,0.0,0.9406624429223743,-0.9406624429223743
0,6,0.0,0.6007624429223745,-0.6007624429223745
1,6,0.0,0.5467624429223743,-0.5467624429223743
2,6,0.0,2.2425899275303967,-2.2425899275303967
3,6,0.0,0.4882624429223744,-0.4882624429223744
4,6,0.0,0.5512624429223745,-0.5512624429223745
5,6,0.0,0.38926244292237433,-0.38926244292237433
6,6,0.05848594570124514,0.39826244292237445,-0.3397764972211293
7,6,0.5902062745185749,3.9789662868184337,-3.388760012299859
8,6,1.7273344856128938,2.623771891857574,-0.8964374062446803
9,6,2.883298868249202,2.7166288086142867,0.1666700596349151
10,6,3.805753914796655,1.32857284296591,2.4771810718307448
11,6,4.421989919796281,3.8180502631581814,0.6039396566380995
12,6,4.724637232581134,3.90725469918832,0.8173825333928142
13,6,4.714949384836479,3.8861526077364053,0.8287967771000737
14,6,4.389573997586065,3.5934522980081796,0.7961216995778853
15,6,3.7666392772905946,3.7382725782860704,0.028366699004524154
16,6,2.886507993047493,1.304762442922374,1.581745550125119
17,6,1.807965808117117,1.0932624429223745,0.7147033651947425
18,6,0.6599646136865563,3.103332407928023,-2.4433677942414667
19,6,0.19422453405878892,4.583530327489026,-4.389305793430237
20,6,0.0010377533795647357,5.940230005558859,-5.939192252179294
21,6,0.0,3.550185930820126,-3.550185930820126
22,6,0.0,1.0981624429223746,-1.0981624429223746
23,6,0.0,1.0486624429223745,-1.0486624429223745
0,6,0.0,0.7042624429223743,-0.7042624429223743
1,6,0.0,0.6637624429223744,-0.6637624429223744
2,6,0.0,0.6052624429223744,-0.6052624429223744
3,6,0.0,0.7402624429223743,-0.7402624429223743
4,6,0.0,2.5558697545532434,-2.5558697545532434
5,6,0.0,2.352434517982273,-2.352434517982273
6,6,0.06402667807746854,2.641740068091187,-2.5777133900137184
7,6,0.5948870220380448,1.7391193155408724,-1.1442322935028275
8,6,1.7217599979175526,3.670743283853224,-1.9489832859356713
9,6,2.8508300153493895,4.471827617771947,-1.6209976024225572
10,6,3.7743801697967325,3.742572757469445,0.031807412327287565
11,6,4.389611708001585,3.2444234950659996,1.1451882129355853
12,6,4.624195750414514,1.1767624429223744,3.4474333074921395
13,6,4.563175638667102,1.1157624429223745,3.447413195744727
14,6,4.253980946632762,1.753478748889257,2.500502197743505
15,6,3.7987535166276425,4.175052816161756,-0.37629929953411345
16,6,2.90084459181043,1.6268092776414367,1.2740353141689935
17,6,1.8048763751821528,1.0777624429223744,0.7271139322597784
18,6,0.7038512207252478,1.1656624429223745,-0.4618112221971268
19,6,0.277313845710784,1.1251624429223743,-0.8478485972115903
20,6,0.0010347151339087908,1.7986624429223745,-1.7976277277884658
21,6,0.0,2.7265465023792297,-2.7265465023792297
22,6,0.0,3.0986670381417287,-3.0986670381417287
23,6,0.0,0.8776624429223743,-0.8776624429223743
0,6,0.0,0.6997624429223744,-0.6997624429223744
1,6,0.0,0.8437624429223745,-0.8437624429223745
2,6,0.0,0.6322624429223744,-0.6322624429223744
3,6,0.0,0.7627624429223744,-0.7627624429223744
4,6,0.0,0.6907624429223744,-0.6907624429223744
5,6,0.0,0.6907624429223744,-0.6907624429223744
6,6,0.05870681940549024,0.5332624429223745,-0.47455562351688424
7,6,0.5791120531392644,1.8056067739252175,-1.2264947207859531
8,6,1.6402708453860566,0.6817624429223743,0.9585084024636823
9,6,2.790707580168886,1.7487624429223745,1.0419451372465116
10,6,3.719517450306656,2.093765718719321,1.6257517315873353
11,6,4.3647003895500704,2.1583834883320376,2.206316901218033
12,6,4.679035420242585,3.5514967100175547,1.1275387102250298
13,6,4.668242282548723,3.4332221187189655,1.2350201638297578
14,6,4.358398355594293,2.4860421214606863,1.8723562341336066
15,6,3.7490669515987634,2.5590410525989116,1.1900258989998518
16,6,2.8738259123017227,1.1832624429223744,1.6905634693793483
17,6,1.7968160900457129,1.1047624429223744,0.6920536471233385
18,6,0.6700087840901562,3.0449074632377915,-2.3748986791476354
19,6,0.24703989206102017,1.9021624429223745,-1.6551225508613543
20,6,0.0010329789935339653,2.852455768468112,-2.851422789474578
21,6,0.0,4.075250150264314,-4.075250150264314
22,6,0.0,1.9359958694536799,-1.9359958694536799
23,6,0.0,2.0885120890942304,-2.0885120890942304
0,6,0.0,1.5504822383085295,-1.5504822383085295
1,6,0.0,1.7970047911470175,-1.7970047911470175
2,6,0.0,1.9518661669504866,-1.9518661669504866
3,6,0.0,3.024358955605781,-3.024358955605781
4,6,0.0,5.364189233476997,-5.364189233476997
5,6,0.0,2.187427742891003,-2.187427742891003
6,6,0.05798107267034865,2.578847650097601,-2.5208665774272525
7,6,0.5828522440722635,2.3483025067866814,-1.7654502627144177
8,6,1.706360099409244,0.6907624429223744,1.0155976564868696
9,6,2.811148686366892,0.8502624429223745,1.9608862434445173
10,6,3.615961968423403,1.1022624429223742,2.5136995255010284
11,6,4.276134630016921,0.9897624429223743,3.286372187094547
12,6,4.576348889156381,1.1812624429223744,3.3950864462340062
13,6,4.405712908823445,1.1337624429223743,3.271950465901071
14,6,4.038862545391583,1.3632624429223745,2.675600102469209
15,6,3.7630394732259056,1.2192624429223744,2.543777030303531
16,6,2.888667483077029,1.3992624429223741,1.4894050401546548
17,6,1.7953152127332455,1.2012624429223744,0.5940527698108711
18,6,0.6824699177241337,3.997470057331725,-3.315000139607591
19,6,0.22090984032515015,3.0602147167293583,-2.839304876404208
20,6,0.0011367516332468342,1.2421624429223743,-1.2410256912891275
21,6,0.0,1.1791624429223744,-1.1791624429223744
22,6,0.0,1.1296624429223743,-1.1296624429223743
23,6,0.0,0.8956624429223745,-0.8956624429223745
0,6,0.0,0.7132624429223744,-0.7132624429223744
1,6,0.0,0.8032624429223745,-0.8032624429223745
2,6,0.0,0.8437624429223745,-0.8437624429223745
3,6,0.0,0.5332624429223745,-0.5332624429223745
4,6,0.0,0.6817624429223743,-0.6817624429223743
5,6,0.0,0.46576244292237445,-0.46576244292237445
6,6,0.05765264589335288,0.4792624429223743,-0.4216097970290214
7,6,0.5873067242624176,1.4767624429223745,-0.8894557186599569
8,6,1.737292237340366,0.6682624429223745,1.0690297944179916
9,6,2.8201480212311663,0.8592624429223743,1.960885578308792
10,6,3.489282964713718,2.6646791040023188,0.8246038607113992
11,6,4.339701653660425,2.8485818191237384,1.4911198345366867
12,6,4.659851928117842,2.815744101468005,1.8441078266498367
13,6,4.643568980812487,2.7598681900179955,1.8837007907944918
14,6,4.337397461791074,2.6524466312294157,1.6849508305616583
15,6,3.7385716862645455,2.703756713994503,1.0348149722700426
16,6,2.8773222735024926,1.2282624429223743,1.6490598305801183
17,6,1.8155572393482944,1.2802624429223746,0.5352947964259198
18,6,0.6594748155373825,3.6591703546789134,-2.999695539141531
19,6,0.19219112516905812,3.0013553557334904,-2.8091642305644324
20,6,0.0012442564841758322,1.0261624429223746,-1.0249181864381987
21,6,0.0,0.9631624429223745,-0.9631624429223745
22,6,0.0,0.9001624429223742,-0.9001624429223742
23,6,0.0,0.8281624429223744,-0.8281624429223744
0,6,0.0,1.9788962575038256,-1.9788962575038256
1,6,0.0,2.296484112954965,-2.296484112954965
2,6,0.0,2.6881344003244196,-2.6881344003244196
3,6,0.0,2.0569408887689997,-2.0569408887689997
4,6,0.0,0.6052624429223744,-0.6052624429223744
5,6,0.0,0.45676244292237433,-0.45676244292237433
6,6,0.05758011762633055,0.40726244292237446,-0.3496823252960439
7,6,0.5932707064987578,2.0245031434711356,-1.431232436972378
8,6,1.7395641810218592,1.3777624429223743,0.3618017380994849
9,6,2.8910396164259615,2.7852071272187833,0.10583248920717825
10,6,3.804648123978509,1.3252523783005066,2.4793957456780022
11,6,4.43450937924066,1.4765781396094155,2.957931239631244
12,6,4.748349156102003,2.8279011493378423,1.9204480067641603
13,6,4.740601947650353,4.423648096390043,0.31695385126031006
14,6,4.453102492161178,2.938153091215635,1.514949400945543
15,6,3.851126973304742,1.1472624429223743,2.7038645303823676
16,6,2.969044797328451,1.1517624429223743,1.8172823544060768
17,6,1.8710786341937813,1.304762442922374,0.5663161912714072
18,6,0.6746460660429211,2.301830518324155,-1.627184452281234
19,6,0.19545443932469572,3.6422424182332653,-3.44678797890857
20,6,0.0013558407743959244,1.1431624429223746,-1.1418066021479787
21,6,0.0,0.8821624429223743,-0.8821624429223743
22,6,0.0,0.9901624429223744,-0.9901624429223744
23,6,0.0,0.9091624429223744,-0.9091624429223744
0,6,0.0,0.5377624429223744,-0.5377624429223744
1,6,0.0,0.45676244292237433,-0.45676244292237433
2,6,0.0,0.3802624429223744,-0.3802624429223744
3,6,0.0,0.3352624429223744,-0.3352624429223744
4,6,0.0,0.4477624429223744,-0.4477624429223744
5,6,0.0,0.27676244292237434,-0.27676244292237434
6,6,0.06315958126279318,0.33076244292237444,-0.26760286165958125
7,6,0.6136882142890154,2.3121915970469695,-1.698503382757954
8,6,1.8086952140745327,0.5377624429223744,1.2709327711521583
9,6,2.9892111977252753,0.7242624429223743,2.264948754802901
10,6,3.4825994677235736,0.7492624429223743,2.7333370248011994
11,6,3.8116330453126785,0.8952624429223746,2.916370602390304
12,6,4.33969964630898,3.1615232278381207,1.1781764184708594
13,6,4.448143186005894,3.791387628581938,0.6567555574239563
14,6,4.295577844455121,3.749323724708874,0.5462541197462465
15,6,3.8636228980018994,1.0417624429223744,2.821860455079525
16,6,2.968711083746866,1.1067624429223744,1.8619486408244919
17,6,1.868452929882381,1.0887624429223743,0.7796904869600068
18,6,0.9102332167381616,3.0526361699944835,-2.142402953256322
19,6,0.3850005342567837,1.0576624429223744,-0.6726619086655907
20,6,0.0013575335112613795,0.9496624429223743,-0.948304909411113
21,6,0.0,3.8766106524206045,-3.8766106524206045
22,6,0.0,2.898697737346362,-2.898697737346362
23,6,0.0,0.8866624429223744,-0.8866624429223744
0,6,0.0,0.4882624429223744,-0.4882624429223744
1,6,0.0,2.400198672895719,-2.400198672895719
2,6,0.0,0.36676244292237437,-0.36676244292237437
3,6,0.0,0.4972624429223744,-0.4972624429223744
4,6,0.0,0.2677624429223744,-0.2677624429223744
5,6,0.0,0.49276244292237437,-0.49276244292237437
6,6,0.06318849681685917,0.5062624429223744,-0.44307394610551526
7,6,0.6125316916820315,2.020456247020465,-1.4079245553384334
8,6,1.8090944712366734,4.713862070537909,-2.904767599301235
9,6,2.995010461850969,2.6630529203104443,0.3319575415405249
10,6,3.9417119184894553,4.82783561464692,-0.886123696157465
11,6,4.582815772371779,5.051656803624361,-0.46884103125258214
12,6,4.899893730198966,2.5595464506825176,2.340347279516448
13,6,4.875760061769588,3.988016024107827,0.8877440376617614
14,6,4.551559968059847,3.5937050802887267,0.9578548877711199
15,6,3.925273602049277,3.2686683631578233,0.6566052388914536
16,6,3.0137170785075367,3.1611128924917593,-0.14739581398422263
17,6,1.906665391660049,0.8887624429223744,1.0179029487376745
18,6,0.6989494724091401,1.9246624429223744,-1.2257129705132344
19,6,0.19660110299457012,5.380570726792399,-5.183969623797829
20,6,0.0014698551705510262,4.589947147945024,-4.588477292774472
21,6,0.0,2.871849075866876,-2.871849075866876
22,6,0.0,2.656905640996585,-2.656905640996585
23,6,0.0,0.7246624429223744,-0.7246624429223744
0,6,0.0,0.5782624429223745,-0.5782624429223745
1,6,0.0,0.5422624429223745,-0.5422624429223745
2,6,0.0,0.6727624429223744,-0.6727624429223744
3,6,0.0,0.6052624429223744,-0.6052624429223744
4,6,0.0,0.3757624429223745,-0.3757624429223745
5,6,0.0,0.3712624429223744,-0.3712624429223744
6,6,0.06349189364996848,2.8347603631265064,-2.7712684694765377
7,6,0.5881509390055757,3.4366984524815343,-2.8485475134759586
8,6,1.74137840219467,3.8426955224959425,-2.1013171203012724
9,6,2.9072065778030045,2.9757535261908354,-0.06854694838783093
10,6,3.80987293758491,0.9427624429223745,2.8671104946625356
11,6,4.385956402782808,0.9042624429223743,3.4816939598604337
12,6,4.713254717915053,2.0365277061585214,2.6767270117565314
13,6,4.696531895302337,2.990286707874681,1.7062451874276565
14,6,4.406507845193235,3.040852556920547,1.3656552882726878
15,6,3.8043157375898256,1.2082624429223745,2.596053294667451
16,6,2.897732277480695,1.2822624429223741,1.6154698345583207
17,6,1.8681393897820908,3.612796218462633,-1.7446568286805424
18,6,0.7284475540649642,2.385985582793994,-1.65753802872903
19,6,0.2867608335158914,1.0666624429223743,-0.779901609406483
20,6,0.001353583791908651,0.9811624429223744,-0.9798088591304658
21,6,0.0,3.2080750098597086,-3.2080750098597086
22,6,0.0,3.0194882996336094,-3.0194882996336094
23,6,0.0,2.468489900562788,-2.468489900562788
0,6,0.0,2.7142041983290612,-2.7142041983290612
1,6,0.0,0.6187624429223744,-0.6187624429223744
2,6,0.0,0.7492624429223744,-0.7492624429223744
3,6,0.0,0.5017624429223744,-0.5017624429223744
4,6,0.0,0.5062624429223744,-0.5062624429223744
5,6,0.0,0.43426244292237437,-0.43426244292237437
6,6,0.057704777725466665,0.38476244292237444,-0.32705766519690777
7,6,0.5874257958148796,2.4106821884117187,-1.823256392596839
8,6,1.7354686318882904,2.010420220644173,-0.27495158875588266
9,6,2.8703570596816212,2.2828681991314537,0.5874888605501676
10,6,3.7674031802981807,0.8322624429223743,2.9351407373758063
11,6,4.417354299920401,0.8392624429223743,3.578091856998027
12,6,4.724793852889492,1.1427624429223746,3.5820314099671178
13,6,4.719012330085763,3.2285309329730434,1.49048139711272
14,6,4.410192122762733,3.4227359150227383,0.9874562077399944
15,6,3.810129463224951,3.1975287544159348,0.6126007088090164
16,6,2.8775328282768946,1.1722624429223742,1.7052703853545204
17,6,1.8330717733329869,2.312821950034338,-0.479750176701351
18,6,0.7075496160070852,2.811394776978017,-2.103845160970932
19,6,0.21701895415817316,4.379491568950655,-4.162472614792482
20,6,0.0014637786792391363,5.096814222759387,-5.095350444080148
21,6,0.0,0.8731624429223745,-0.8731624429223745
22,6,0.0,2.8649026043929138,-2.8649026043929138
23,6,0.0,0.9316624429223743,-0.9316624429223743
0,6,0.0,0.7762624429223743,-0.7762624429223743
1,6,0.0,0.7132624429223744,-0.7132624429223744
2,6,0.0,0.4522624429223744,-0.4522624429223744
3,6,0.0,0.4702624429223744,-0.4702624429223744
4,6,0.0,0.4522624429223744,-0.4522624429223744
5,6,0.0,0.41626244292237435,-0.41626244292237435
6,6,0.05731881200794742,0.3712624429223744,-0.313943630914427
7,6,0.6114703426145607,4.82299731407411,-4.211526971459549
8,6,1.826328514954626,5.391530151847117,-3.565201636892491
9,6,3.015255893777623,0.6367624429223743,2.3784934508552484
10,6,3.9580735689898754,0.8007624429223745,3.157311126067501
11,6,4.589391010222825,0.8257624429223744,3.763628567300451
12,6,4.893051479199368,1.0912624429223743,3.8017890362769937
13,6,4.877751085296615,2.2307612069080234,2.6469898783885917
14,6,4.550559510554426,2.2201320560811197,2.3304274544733063
15,6,3.9304381248013343,5.388672863094561,-1.4582347382932266
16,6,3.0355788215117556,4.333189098494207,-1.2976102769824518
17,6,1.9232585178085448,3.583647110345703,-1.660388592537158
18,6,0.7046952331528484,2.9249125571513352,-2.2202173239984866
19,6,0.19582589928218289,1.0891624429223743,-0.8933365436401914
20,6,0.001664548595895338,3.1997525251185572,-3.198087976522662
21,6,0.0,2.8591711103203385,-2.8591711103203385
22,6,0.0,4.050137129497015,-4.050137129497015
23,6,0.0,4.036374094361316,-4.036374094361316
0,6,0.0,3.382716462104316,-3.382716462104316
1,6,0.0,2.023419145751575,-2.023419145751575
2,6,0.0,0.7177624429223743,-0.7177624429223743
3,6,0.0,0.7762624429223743,-0.7762624429223743
4,6,0.0,0.7357624429223745,-0.7357624429223745
5,6,0.0,0.5602624429223744,-0.5602624429223744
6,6,0.05777049380568096,0.4612624429223744,-0.40349194911669345
7,6,0.6065097139152652,2.107569515091651,-1.5010598011763858
8,6,1.8085814672685026,2.4197757305196173,-0.6111942632511147
9,6,2.9682062490993046,2.632390852447058,0.3358153966522468
10,6,3.892325969252701,2.9389515512531807,0.95337441799952
11,6,4.502584589457419,3.3670948041454145,1.135489785312004
12,6,4.797080873231592,3.0275677874424494,1.7695130857891428
13,6,4.780351182042303,1.1877624429223745,3.592588739119928
14,6,4.454187783215906,1.4217624429223743,3.032425340293531
15,6,3.844342459414259,1.2082624429223745,2.636080016491884
16,6,2.9624599187294227,1.4107624429223744,1.5516974758070483
17,6,1.8819932908453103,1.2507624429223745,0.6312308479229358
18,6,0.6962982396262032,1.2781624429223746,-0.5818642032961714
19,6,0.19113235425164724,3.221957698437347,-3.0308253441856996
20,6,0.0016451038236972903,3.9770316033938666,-3.9753864995701695
21,6,0.0,3.1358450759051433,-3.1358450759051433
22,6,0.0,0.9496624429223743,-0.9496624429223743
23,6,0.0,0.9136624429223744,-0.9136624429223744
0,6,0.0,0.7537624429223744,-0.7537624429223744
1,6,0.0,0.6637624429223744,-0.6637624429223744
2,6,0.0,0.6052624429223744,-0.6052624429223744
3,6,0.0,0.6772624429223744,-0.6772624429223744
4,6,0.0,2.914176797462801,-2.914176797462801
5,6,0.0,0.5962624429223744,-0.5962624429223744
6,6,0.05741656093545196,0.43876244292237443,-0.3813458819869225
7,6,0.5813082467272271,2.5168814020171424,-1.9355731552899154
8,6,1.7343627636458216,3.302501258052808,-1.5681384944069863
9,6,2.862199020686574,2.6513670523029007,0.21083196838367346
10,6,3.7649458504611246,1.2147624429223742,2.5501834075387504
11,6,4.347410098531096,1.1652624429223746,3.1821476556087216
12,6,4.630536551620885,2.6861924591118083,1.944344092509077
13,6,4.613349378410685,2.5590965958823455,2.05425278252834
14,6,4.308605868303597,5.161288047636468,-0.8526821793328709
15,6,3.727619864319188,2.7675883400910557,0.9600315242281323
16,6,2.883210862857413,2.5323575509247513,0.3508533119326618
17,6,1.8277193110201368,1.5252624429223745,0.3024568680977624
18,6,0.6855732990113571,3.806483462663863,-3.1209101636525056
19,6,0.19570882255386787,3.9458610860363583,-3.7501522634824904
20,6,0.0015312206192497927,1.3726624429223742,-1.3711312223031245
21,6,0.0,1.1251624429223743,-1.1251624429223743
22,6,0.0,1.5764863745549178,-1.5764863745549178
23,6,0.0,1.620096469334043,-1.620096469334043
0,6,0.0,1.316898243706847,-1.316898243706847
1,6,0.0,1.4467707333336866,-1.4467707333336866
2,6,0.0,1.4295886040460766,-1.4295886040460766
3,6,0.0,1.3340447097919723,-1.3340447097919723
4,6,0.0,2.561524408423664,-2.561524408423664
5,6,0.0,1.080390969901056,-1.080390969901056
6,6,0.056853858288537486,3.04049542492408,-2.9836415666355425
7,6,0.5659777141241692,1.0772258085147886,-0.5112480943906194
8,6,1.6920529087810883,2.7448722722212575,-1.0528193634401692
9,6,2.8004657360644734,4.362319440016682,-1.5618537039522087
10,6,3.687424214769206,1.6088820128899504,2.0785422018792556
11,6,4.27792947258876,1.7628521494302969,2.5150773231584633
12,6,4.55670576579574,1.2867624429223743,3.2699433228733654
13,6,4.537049906881897,1.3027624429223745,3.2342874639595225
14,6,4.235701456233627,1.4172624429223744,2.8184390133112522
15,6,3.6595490142524287,1.4442624429223745,2.2152865713300542
16,6,2.823446597406982,1.4487624429223742,1.3746841544846076
17,6,1.7949543328499398,1.5142624429223743,0.28069188992756544
18,6,0.6770547580834363,3.561319630070587,-2.884264871987151
19,6,0.20767319849055071,3.3826494949602495,-3.1749762964696986
20,6,0.0015188506190791599,1.2781624429223746,-1.2766435923032955
21,6,0.0,3.980869550119825,-3.980869550119825
22,6,0.0,3.370729143286117,-3.370729143286117
23,6,0.0,2.801545732339056,-2.801545732339056
0,6,0.0,3.2017486874030325,-3.2017486874030325
1,6,0.0,2.7653219835183744,-2.7653219835183744
2,6,0.0,0.7762624429223743,-0.7762624429223743
3,6,0.0,0.8482624429223744,-0.8482624429223744
4,6,0.0,2.6963277141460127,-2.6963277141460127
5,6,0.0,2.2064427753020484,-2.2064427753020484
6,6,0.05683181427016985,1.8479175998466628,-1.791085785576493
7,6,0.5540094219190714,2.512651157397015,-1.9586417354779435
8,6,1.639431341678946,1.5937624429223742,0.045668898756571874
9,6,2.756315469691453,1.2102624429223745,1.5460530267690786
10,6,3.623330056738212,1.3137624429223744,2.3095676138158376
11,6,4.250955055626334,3.9649099375618677,0.2860451180644663
12,6,4.541246120089066,1.2822624429223741,3.258983677166692
13,6,4.53538995679008,1.3452624429223747,3.1901275138677057
14,6,4.23553028164209,1.3902624429223747,2.8452678387197152
15,6,3.6505761953857334,1.6062624429223744,2.044313752463359
16,6,2.8164120271723756,1.6287624429223744,1.1876495842500012
17,6,1.7886670220106013,1.4172624429223744,0.371404579088227
18,6,0.676077158698007,1.6201624429223742,-0.9440852842243672
19,6,0.21043624433882366,2.1496624429223745,-1.9392261985835508
20,6,0.0015175485137980404,1.2871624429223743,-1.285644894408576
21,6,0.0,1.5076624429223742,-1.5076624429223742
22,6,0.0,1.2196624429223744,-1.2196624429223744
23,6,0.0,1.1251624429223743,-1.1251624429223743
0,6,0.0,0.9652624429223745,-0.9652624429223745
1,6,0.0,1.0732624429223745,-1.0732624429223745
2,6,0.0,0.8347624429223742,-0.8347624429223742
3,6,0.0,0.9472624429223743,-0.9472624429223743
4,6,0.0,0.7042624429223743,-0.7042624429223743
5,6,0.0,0.6997624429223744,-0.6997624429223744
6,6,0.05635808753580029,1.880313645518344,-1.8239555579825437
7,6,0.5192151711621881,2.9367794667478186,-2.4175642955856307
8,6,1.5589295960178444,6.926685215169883,-5.367755619152039
9,6,2.6983069658501737,6.850547644544227,-4.152240678694053
10,6,3.5802733152694333,3.566824577865372,0.013448737404061273
11,6,4.178820274870526,3.597029024250696,0.5817912506198302
12,6,4.476794648875719,2.486352913295457,1.9904417355802622
13,6,4.470441861296246,2.5065472361663352,1.9638946251299108
14,6,4.172165811739493,1.4782624429223743,2.693903368817119
15,6,3.60768766137021,1.3992624429223741,2.208425218447836
16,6,2.678211541591971,1.4127624429223746,1.2654490986695963
17,6,1.756040907047453,1.4872624429223742,0.2687784641250788
18,6,0.6722825040290089,3.270653222741926,-2.5983707187129172
19,6,0.22424314062528977,5.495245405006186,-5.271002264380896
20,6,0.0014151667487440171,5.16940789486881,-5.1679927281200655
21,6,0.0,3.6962842512672593,-3.6962842512672593
22,6,0.0,3.8221966806304764,-3.8221966806304764
23,6,0.0,2.763654084011442,-2.763654084011442
0,6,0.0,2.755507436135635,-2.755507436135635
1,6,0.0,2.297937490196,-2.297937490196
2,6,0.0,2.164693610662895,-2.164693610662895
3,6,0.0,2.035062349078168,-2.035062349078168
4,6,0.0,0.7177624429223743,-0.7177624429223743
5,6,0.0,0.7717624429223743,-0.7717624429223743
6,6,0.06280372694271712,0.9202624429223746,-0.8574587159796575
7,6,0.5223907947912173,3.0919922742170334,-2.569601479425816
8,6,1.5793653400390661,4.905563267338909,-3.3261979272998428
9,6,2.635593699981592,2.0187624429223745,0.6168312570592174
10,6,3.533502734164064,1.1362624429223744,2.3972402912416895
11,6,4.0772118667824655,1.4757624429223744,2.601449423860091
12,6,4.315580557350531,2.353277619216769,1.962302938133762
13,6,4.092703611946657,3.1748165982295182,0.9178870137171389
14,6,3.9911902002024706,1.9552327646079322,2.0359574355945385
15,6,3.4833353580985627,2.138140235528624,1.3451951225699386
16,6,2.6988484382358284,2.1386920999897354,0.560156338246093
17,6,1.7282463280243552,2.045212837344344,-0.3169665093199887
18,6,0.678020377853535,4.619813237432891,-3.9417928595793557
19,6,0.19749848756371285,4.979230931379323,-4.781732443815611
20,6,0.0016110754723507067,7.503483503869782,-7.501872428397431
21,6,0.0,7.144337656112149,-7.144337656112149
22,6,0.0,5.815265597124153,-5.815265597124153
23,6,0.0,5.162244325583967,-5.162244325583967
0,6,0.0,2.915848960010652,-2.915848960010652
1,6,0.0,2.476510044371854,-2.476510044371854
2,6,0.0,3.9217063607711946,-3.9217063607711946
3,6,0.0,2.8017042515571124,-2.8017042515571124
4,6,0.0,0.8932624429223744,-0.8932624429223744
5,6,0.0,0.7222624429223744,-0.7222624429223744
6,6,0.05134975789814089,0.7132624429223744,-0.6619126850242335
7,6,0.5216683791094141,0.9742624429223743,-0.4525940638129602
8,6,1.5918996420319436,0.9112624429223743,0.6806371991095692
9,6,2.6339864916022213,1.1067624429223744,1.527224048679847
10,6,3.457407045309375,1.836543536758128,1.6208635085512468
11,6,4.132109280240758,1.8290496699758942,2.303059610264864
12,6,4.413937092868867,3.2758845829493537,1.1380525099195133
13,6,4.426092071352745,3.3058229698700887,1.120269101482656
14,6,4.136620369978009,2.050528708991069,2.08609166098694
15,6,3.5377919988920885,2.0286983921743995,1.509093606717689
16,6,2.684266972586447,3.30973791138024,-0.6254709387937929
17,6,1.7132299829909543,1.4172624429223744,0.29596754006857995
18,6,0.677023072666221,2.1991624429223746,-1.5221393702561536
19,6,0.19230128665469237,3.9324013900913637,-3.740100103436671
20,6,0.001613853296950428,3.7555948664374696,-3.7539810131405194
21,6,0.0,2.7553143736758576,-2.7553143736758576
22,6,0.0,3.632866005682494,-3.632866005682494
23,6,0.0,3.5554974519908646,-3.5554974519908646
0,6,0.0,0.9067624429223743,-0.9067624429223743
1,6,0.0,0.8617624429223742,-0.8617624429223742
2,6,0.0,0.8212624429223744,-0.8212624429223744
3,6,0.0,0.7402624429223745,-0.7402624429223745
4,6,0.0,0.8752624429223744,-0.8752624429223744
5,6,0.0,0.7132624429223744,-0.7132624429223744
6,6,0.05677060800129798,1.2689563221155395,-1.2121857141142416
7,6,0.5135212716605473,2.3503664398215793,-1.836845168161032
8,6,1.57453075898295,4.810167000615428,-3.2356362416324775
9,6,2.6527703081052714,3.104485790483102,-0.45171548237783066
10,6,3.5242833516023295,1.3407624429223746,2.183520908679955
11,6,4.126171043347405,1.2417624429223744,2.8844086004250307
12,6,4.435454729612095,1.3002624429223744,3.135192286689721
13,6,4.449382153535214,1.3317624429223742,3.1176197106128396
14,6,4.160532172125286,3.6008224559321182,0.5597097161931681
15,6,3.597189227044081,4.0694152502763865,-0.47222602323230545
16,6,2.729354900339983,3.476172443400906,-0.746817543060923
17,6,1.6950067460099543,1.3387624429223743,0.3562443030875799
18,6,0.6831717518301972,1.6021624429223742,-0.918990691092177
19,6,0.1956379745044503,2.1316624429223747,-1.9360244684179244
20,6,0.00171766639663419,2.0506624429223743,-2.0489447765257403
21,6,0.0,3.1067814500862125,-3.1067814500862125
22,6,0.0,1.1836624429223743,-1.1836624429223743
23,6,0.0,1.3096624429223742,-1.3096624429223742
0,6,0.0,0.9382624429223744,-0.9382624429223744
1,6,0.0,0.8752624429223744,-0.8752624429223744
2,6,0.0,0.8167624429223743,-0.8167624429223743
3,6,0.0,0.7762624429223743,-0.7762624429223743
4,6,0.0,0.7312624429223744,-0.7312624429223744
5,6,0.0,0.6772624429223744,-0.6772624429223744
6,6,0.05138816167281206,0.6997624429223744,-0.6483742812495624
7,6,0.523539020946342,4.023498757538975,-3.4999597365926327
8,6,1.6006739358288062,2.8364965848479464,-1.2358226490191402
9,6,2.6795780333232853,3.561051003976267,-0.8814729706529816
10,6,3.54357554763944,3.296122518098104,0.2474530295413362
11,6,4.135477026529485,2.729031461669829,1.406445564859656
12,6,4.446288080298672,1.4487624429223742,2.9975256373762975
13,6,4.461986937640698,2.4545415585684216,2.0074453790722764
14,6,4.182771534992974,4.5389427785286784,-0.3561712435357043
15,6,3.625409597825324,3.0266381360602708,0.598771461765053
16,6,2.6284166424665814,3.1332982531102744,-0.5048816106436931
17,6,1.6875387109942264,1.3497624429223745,0.3377762680718519
18,6,0.6907192453097678,3.0296665165278496,-2.338947271218082
19,6,0.19721233907154434,1.4941624429223743,-1.29695010385083
20,6,0.001727996431864403,1.2376624429223742,-1.2359344464905098
21,6,0.0,2.698045181520637,-2.698045181520637
22,6,0.0,2.8128106514205364,-2.8128106514205364
23,6,0.0,2.913267100356288,-2.913267100356288
0,6,0.0,1.7972520584114302,-1.7972520584114302
1,6,0.0,0.9382624429223745,-0.9382624429223745
2,6,0.0,0.7042624429223743,-0.7042624429223743
3,6,0.0,0.6277624429223744,-0.6277624429223744
4,6,0.0,1.2823727930275834,-1.2823727930275834
5,6,0.0,0.6682624429223745,-0.6682624429223745
6,6,0.05166716912491091,0.6367624429223743,-0.5850952737974634
7,6,0.5234055932479689,1.4362624429223745,-0.9128568496744056
8,6,1.6093779365592864,5.0317637713678405,-3.422385834808554
9,6,2.7132108333730134,3.65744430954583,-0.9442334761728168
10,6,3.6191146235777634,2.7679534041413016,0.8511612194364617
11,6,4.240003231707006,1.0122624429223743,3.227740788784632
12,6,4.562714113401956,1.0797624429223742,3.482951670479582
13,6,4.563369944432313,1.327262442922374,3.2361075015099385
14,6,4.261761715626226,1.3857624429223745,2.8759992727038513
15,6,3.6890928405711296,4.223174611790299,-0.534081771219169
16,6,2.856954472418515,3.621322858197241,-0.764368385778726
17,6,1.8209514735193602,3.545161501254075,-1.7242100277347148
18,6,0.7047351287578892,1.4221624429223743,-0.717427314164485
19,6,0.2029288424518644,1.3906624429223746,-1.1877336004705101
20,6,0.0017427536250504212,4.409342131083781,-4.40759937745873
21,6,0.0,6.3158370324868205,-6.3158370324868205
22,6,0.0,3.208175424438795,-3.208175424438795
23,6,0.0,2.872369890245448,-2.872369890245448
0,6,0.0,1.0057624429223746,-1.0057624429223746
1,6,0.0,0.9202624429223746,-0.9202624429223746
2,6,0.0,0.6952624429223744,-0.6952624429223744
3,6,0.0,0.6637624429223744,-0.6637624429223744
4,6,0.0,0.6322624429223744,-0.6322624429223744
5,6,0.0,1.1566762500423557,-1.1566762500423557
6,6,0.0576739657934718,1.409252486479525,-1.3515785206860533
7,6,0.4997672389821583,1.1298954022793097,-0.6301281632971514
8,6,1.375695431593255,3.068207588146337,-1.692512156553082
9,6,2.417241128158394,1.5400078628350415,0.8772332653233523
10,6,3.4792764350533774,1.585550212834608,1.8937262222187694
11,6,4.076651670193716,2.420623842618185,1.6560278275755307
12,6,4.264846902803018,1.1697624429223743,3.0950844598806433
13,6,4.285153991199022,1.1542624429223742,3.1308915482766473
14,6,3.294008920741337,1.3947624429223742,1.899246477818963
15,6,2.765235350974975,4.508300277995977,-1.7430649270210017
16,6,2.0037634726378197,4.236956398444551,-2.2331929258067316
17,6,1.169232315130207,1.6152845731868077,-0.44605225805660065
18,6,0.5166458094239493,3.228168039869964,-2.7115222304460147
19,6,0.1266391068056374,1.7551285137211958,-1.6284894069155584
20,6,0.015950699449861546,1.5038619407063545,-1.487911241256493
21,6,0.0,1.6452987967316552,-1.6452987967316552
22,6,0.0,1.6456224941282502,-1.6456224941282502
23,6,0.0,2.3214682667720954,-2.3214682667720954
0,6,0.0,1.9178321126933844,-1.9178321126933844
1,6,0.0,1.8043117484061035,-1.8043117484061035
2,6,0.0,0.8887624429223744,-0.8887624429223744
3,6,0.0,0.6907624429223744,-0.6907624429223744
4,6,0.0,0.8257624429223744,-0.8257624429223744
5,6,0.0,2.7061012505098887,-2.7061012505098887
6,6,0.027038346198655173,3.1892240903399784,-3.1621857441413233
7,6,0.09915437322291906,2.044684402693241,-1.9455300294703222
8,6,0.2276019116321845,3.3971400910842053,-3.169538179452021
9,6,0.5970298539117825,2.5476539451904445,-1.9506240912786619
10,6,2.2380627474507175,0.6612624429223743,1.5768003045283432
11,6,2.782455889526799,2.866326663366637,-0.0838707738398381
12,6,2.318361458586913,0.9312624429223744,1.3870990156645384
13,6,2.8923438811494244,2.2944950732169787,0.5978488079324458
14,6,3.176022165146936,0.8322624429223743,2.3437597222245614
15,6,3.3353897983277823,0.8167624429223743,2.5186273554054077
16,6,2.6764806304292,1.0102624429223745,1.6662181875068256
17,6,1.690557141967162,2.18342432831805,-0.4928671863508882
18,6,0.640215131900904,0.8596624429223744,-0.21944731102147041
19,6,0.23958276316591115,4.215202298795943,-3.975619535630032
20,6,0.0015807006199323249,3.654389120632092,-3.6528084200121596
21,6,0.0,3.8537943998800777,-3.8537943998800777
22,6,0.0,2.6508565871932532,-2.6508565871932532
23,6,0.0,2.7471918867571765,-2.7471918867571765
0,6,0.0,0.5647624429223744,-0.5647624429223744
1,6,0.0,0.5467624429223743,-0.5467624429223743
2,6,0.0,0.7042624429223743,-0.7042624429223743
3,6,0.0,0.5017624429223744,-0.5017624429223744
4,6,0.0,0.48376244292237436,-0.48376244292237436
5,6,0.0,0.4792624429223743,-0.4792624429223743
6,6,0.053184599536877555,0.6592624429223743,-0.6060778433854968
7,6,0.48031893436311335,0.7312624429223744,-0.25094350855926106
8,6,1.464618440411281,0.6502624429223743,0.8143559974889066
9,6,2.4579811178733317,0.7917624429223743,1.6662186749509575
10,6,3.3287028368570133,0.9787624429223744,2.349940393934639
11,6,3.994932991157018,0.9267624429223743,3.0681705482346437
12,6,4.267291030293307,2.9144247175740863,1.3528663127192204
13,6,4.1094556851437805,2.5961057859424557,1.5133498992013248
14,6,3.33513709949871,1.2147624429223742,2.120374656576336
15,6,3.087135290967461,1.0527624429223745,2.034372848045087
16,6,2.400328904136591,2.256627644035562,0.1437012601010288
17,6,1.540936261067793,2.3279767512275913,-0.7870404901597983
18,6,0.6153761457001972,3.481757641214,-2.866381495513803
19,6,0.21411547264423847,3.1607040293495086,-2.94658855670527
20,6,0.0014461568544346557,4.588770694222167,-4.587324537367732
21,6,0.0,5.00574841996306,-5.00574841996306
22,6,0.0,2.685857067719682,-2.685857067719682
23,6,0.0,0.9181624429223746,-0.9181624429223746
0,6,0.0,0.7627624429223745,-0.7627624429223745
1,6,0.0,0.8977624429223744,-0.8977624429223744
2,6,0.0,0.6772624429223744,-0.6772624429223744
3,6,0.0,0.8167624429223743,-0.8167624429223743
4,6,0.0,0.7807624429223745,-0.7807624429223745
5,6,0.0,0.7627624429223744,-0.7627624429223744
6,6,0.05221230095896662,0.5917624429223743,-0.5395501419634077
7,6,0.4979333693280922,0.8392624429223743,-0.3413290735942821
8,6,1.5270941778143003,2.9814321991996717,-1.4543380213853714
9,6,2.5351582378110673,0.8682624429223744,1.6668957948886929
10,6,3.4816038935143356,1.1292624429223743,2.352341450591961
11,6,3.979756275509593,1.1967624429223744,2.7829938325872186
12,6,4.269467122161932,1.2597624429223742,3.0097046792395576
13,6,4.453141375592781,2.9214537058915466,1.5316876697012347
14,6,4.1622346276055335,1.6027245507674914,2.559510076838042
15,6,3.6226359398279304,1.7408426603148084,1.881793279513122
16,6,2.8800757309543283,1.1967624429223744,1.683313288031954
17,6,1.8558986726743303,3.185381169169481,-1.3294824964951508
18,6,0.7258975748848596,4.785262840987493,-4.059365266102634
19,6,0.20735877615981338,3.0313125568651227,-2.8239537807053092
20,6,0.0018530767605500333,3.5326624429223745,-3.5308093661618245
21,6,0.0,2.9905032563936262,-2.9905032563936262
22,6,0.0,1.0036624429223746,-1.0036624429223746
23,6,0.0,0.9766624429223744,-0.9766624429223744
0,6,0.0,2.4688506112503172,-2.4688506112503172
1,6,0.0,0.7627624429223745,-0.7627624429223745
2,6,0.0,2.375162447647603,-2.375162447647603
3,6,0.0,2.1877560464977908,-2.1877560464977908
4,6,0.0,2.3862224673767907,-2.3862224673767907
5,6,0.0,2.488012897989024,-2.488012897989024
6,6,0.04721410564045155,2.4224232805888137,-2.3752091749483624
7,6,0.5069029343333116,2.751777713923281,-2.2448747795899697
8,6,1.6129217119413446,0.7312624429223744,0.8816592690189702
9,6,2.744052506810296,3.1470488309682576,-0.4029963241579617
10,6,3.6387113893608904,0.9292624429223743,2.709448946438516
11,6,4.178050623275766,2.6116047949782026,1.5664458282975633
12,6,4.377502738803189,5.769748081841948,-1.3922453430387591
13,6,4.556227066423252,6.126455165248584,-1.570228098825332
14,6,4.27221096594163,3.688009714384446,0.5842012515571842
15,6,3.716466352878657,4.4804625064400145,-0.7639961535613575
16,6,2.8823471092720934,3.9260234745933693,-1.043676365321276
17,6,1.8517279230270283,4.600370952739953,-2.748643029712924
18,6,0.722443758920933,4.823306484473466,-4.100862725552533
19,6,0.2090626463790402,5.136164180923787,-4.927101534544747
20,6,0.001845264128863318,1.5687617925047888,-1.5669165283759254
21,6,0.0,1.628769063460401,-1.628769063460401
22,6,0.0,2.6218719103423807,-2.6218719103423807
23,6,0.0,2.3945883457186534,-2.3945883457186534
0,6,0.0,0.8167624429223743,-0.8167624429223743
1,6,0.0,0.9922624429223743,-0.9922624429223743
2,6,0.0,0.9067624429223743,-0.9067624429223743
3,6,0.0,0.6907624429223744,-0.6907624429223744
4,6,0.0,0.8212624429223744,-0.8212624429223744
5,6,0.0,0.8482624429223744,-0.8482624429223744
6,6,0.047475133115690536,2.595536426384657,-2.5480612932689666
7,6,0.48068157492038105,5.821955221034405,-5.341273646114024
8,6,1.5577795537025159,2.4499609867950682,-0.8921814330925524
9,6,2.660821635466949,1.7017624429223743,0.9590591925445748
10,6,3.444194708220953,1.2957624429223744,2.1484322652985783
11,6,4.146538734529312,1.3722624429223742,2.7742762916069372
12,6,4.480312733085027,1.2507624429223745,3.2295502901626527
13,6,4.472557789303924,3.065548181388498,1.4070096079154255
14,6,4.227757805369613,1.4242624429223745,2.8034953624472387
15,6,3.674353238962762,1.3362624429223744,2.3380907960403876
16,6,2.7318627495022527,1.3452624429223747,1.386600306579878
17,6,1.7672921416081318,3.407972927143491,-1.6406807855353591
18,6,0.732102497685103,2.9518044017807474,-2.2197019040956443
19,6,0.2667343734431179,2.2621624429223743,-1.9954280694792565
20,6,0.0015208037770008387,1.2646624429223743,-1.2631416391453734
21,6,0.0,1.377162442922374,-1.377162442922374
22,6,0.0,1.3411624429223745,-1.3411624429223745
23,6,0.0,1.3186624429223746,-1.3186624429223746
0,6,0.0,0.9652624429223745,-0.9652624429223745
1,6,0.0,0.9112624429223743,-0.9112624429223743
2,6,0.0,0.8167624429223743,-0.8167624429223743
3,6,0.0,0.9337624429223744,-0.9337624429223744
4,6,0.0,0.7132624429223744,-0.7132624429223744
5,6,0.0,1.9919460121256753,-1.9919460121256753
6,6,0.05214783976256488,0.6817624429223743,-0.6296146031598094
7,6,0.492842701797857,2.5405292448552785,-2.0476865430574214
8,6,1.565540628343101,3.1185334594137197,-1.5529928310706187
9,6,2.6694963423156866,2.283305746217427,0.3861905960982597
10,6,3.5771050903379873,2.4615223768740897,1.1155827134638976
11,6,4.197672863708723,1.5603248755681045,2.6373479881406183
12,6,4.516334940221366,1.9040339560744013,2.612300984146965
13,6,4.517981808012147,2.913661900140967,1.6043199078711798
14,6,4.255086291855063,1.2282624429223743,3.026823848932689
15,6,3.5915317164642615,1.1767624429223744,2.414769273541887
16,6,2.5786042645337095,1.4217624429223743,1.1568418216113352
17,6,1.7148709095155712,1.1967624429223744,0.5181084665931968
18,6,0.8422429906335305,1.7903928831586222,-0.9481498925250917
19,6,0.29003030392943885,1.7972201628880833,-1.5071898589586445
20,6,0.0008184008738209441,3.026544190046963,-3.025725789173142
21,6,0.0,3.9114789616622567,-3.9114789616622567
22,6,0.0,4.237085187677808,-4.237085187677808
23,6,0.0,2.593271932820422,-2.593271932820422
0,6,0.0,2.3444959582152602,-2.3444959582152602
1,6,0.0,0.9427624429223745,-0.9427624429223745
2,6,0.0,3.022107923047894,-3.022107923047894
3,6,0.0,2.6564828464059396,-2.6564828464059396
4,6,0.0,0.8302624429223744,-0.8302624429223744
5,6,0.0,0.6322624429223744,-0.6322624429223744
6,6,0.04800230937279036,0.6187624429223744,-0.570760133549584
7,6,0.4171653288049263,3.709191120612049,-3.2920257918071227
8,6,1.0312207058498621,3.4822684055903705,-2.451047699740508
9,6,2.1789155078902236,3.673048638594702,-1.4941331307044785
10,6,3.1074599127463127,0.8997624429223743,2.2076974698239384
11,6,4.053961279007005,0.9807624429223745,3.0731988360846305
12,6,4.452563615382295,2.3034396324142525,2.1491239829680424
13,6,4.516898560279436,1.0842624429223744,3.4326361173570614
14,6,4.118092504954037,1.1112624429223743,3.0068300620316624
15,6,3.3178784658499576,3.955382929126497,-0.6375044632765392
16,6,2.5742654629808523,3.166987714537807,-0.5927222515569546
17,6,1.6444373337067482,1.0642624429223744,0.5801748907843738
18,6,0.77265146918551,1.1386624429223744,-0.3660109737368644
19,6,0.3134769735680854,3.320952151342327,-3.0074751777742414
20,6,0.0016499650167468023,3.226996977540609,-3.225347012523862
21,6,0.0,3.2173287200737026,-3.2173287200737026
22,6,0.0,2.2377773707736375,-2.2377773707736375
23,6,0.0,2.3488447312281164,-2.3488447312281164
0,6,0.0,1.9645081926952201,-1.9645081926952201
1,6,0.0,1.7298921424902858,-1.7298921424902858
2,6,0.0,0.7132624429223744,-0.7132624429223744
3,6,0.0,0.6637624429223744,-0.6637624429223744
4,6,0.0,0.6412624429223743,-0.6412624429223743
5,6,0.0,2.772239522194011,-2.772239522194011
6,6,0.047509071180397607,2.5236203189891357,-2.476111247808738
7,6,0.4725054436827948,2.553250203463736,-2.080744759780941
8,6,1.5077085326489845,0.7582624429223744,0.7494460897266101
9,6,2.5861010531696946,1.0752624429223745,1.5108386102473201
10,6,3.459328561812734,1.1337624429223743,2.3255661188903596
11,6,3.864746386380787,3.3400666118898448,0.5246797744909424
12,6,4.215678307553382,1.5874735087284981,2.6282047988248842
13,6,4.192784127670128,1.5877594445214198,2.6050246831487085
14,6,4.06034617494529,1.6475777211262534,2.412768453819037
15,6,3.573124970963762,4.53633303118925,-0.9632080602254884
16,6,2.4646862592928254,4.077140326448367,-1.6124540671555416
17,6,1.5235845764874236,3.953038365818594,-2.4294537893311703
18,6,0.7252980701207776,3.8647897338417097,-3.139491663720932
19,6,0.23577571482071757,1.9831624429223744,-1.7473867281016568
20,6,0.001555309566950499,3.92358145009704,-3.9220261405300896
21,6,0.0,3.991765819194475,-3.991765819194475
22,6,0.0,3.845229087083739,-3.845229087083739
23,6,0.0,4.450428276458256,-4.450428276458256
0,7,0.0,3.8112576754877563,-3.8112576754877563
1,7,0.0,5.9150465988792655,-5.9150465988792655
2,7,0.0,3.1201469152884953,-3.1201469152884953
3,7,0.0,2.9747946480186833,-2.9747946480186833
4,7,0.0,0.8257624429223744,-0.8257624429223744
5,7,0.0,2.9076044082867494,-2.9076044082867494
6,7,0.04240427307599679,2.4949763087329564,-2.4525720356569596
7,7,0.46712137295238265,4.3176494448506855,-3.850528071898303
8,7,1.491280461722575,3.874775889410924,-2.383495427688349
9,7,2.5792989466797867,1.6047624429223741,0.9745365037574125
10,7,3.482391498121468,0.9222624429223742,2.5601290551990936
11,7,4.1021528451504725,0.9942624429223743,3.107890402228098
12,7,4.229208882733978,1.0527624429223745,3.1764464398116035
13,7,4.1169996793317045,1.2867624429223743,2.8302372364093302
14,7,3.8017897297064356,1.1562624429223742,2.6455272867840613
15,7,3.2551946999220513,1.1787624429223744,2.076432256999677
16,7,2.4976570520797874,1.3072624429223743,1.1903946091574131
17,7,1.6403129961427187,1.2892624429223742,0.3510505532203445
18,7,0.7364641640812427,3.3638372077837797,-2.627373043702537
19,7,0.2325690950272382,4.242966639912947,-4.010397544885708
20,7,0.0015338248298120314,1.1746624429223744,-1.1731286180925624
21,7,0.0,4.044539948571807,-4.044539948571807
22,7,0.0,1.2601624429223741,-1.2601624429223741
23,7,0.0,1.0576624429223744,-1.0576624429223744
0,7,0.0,1.0507624429223745,-1.0507624429223745
1,7,0.0,0.9832624429223744,-0.9832624429223744
2,7,0.0,0.7672624429223742,-0.7672624429223742
3,7,0.0,2.590257196675256,-2.590257196675256
4,7,0.0,4.042866665141808,-4.042866665141808
5,7,0.0,1.8626755369693853,-1.8626755369693853
6,7,0.04809839938559045,1.731555967088277,-1.6834575677026866
7,7,0.4544971796898495,2.0060700822337907,-1.551572902543941
8,7,1.0955920388411968,5.050974511113312,-3.955382472272115
9,7,1.1015146746846154,4.738259402567842,-3.636744727883227
10,7,1.142998860100113,2.070097621029979,-0.927098760929866
11,7,0.9992645053107237,0.7942624429223742,0.2050020623883495
12,7,1.3268250498915837,1.0617624429223742,0.26506260696920947
13,7,3.1960283289574565,2.065269846669234,1.1307584822882224
14,7,3.636316167842449,2.5669575716292865,1.0693585962131626
15,7,3.3261937640755717,1.0012624429223744,2.3249313211531972
16,7,2.4383039961203443,1.0032624429223744,1.4350415531979699
17,7,1.4914255739999809,1.1067624429223744,0.3846631310776065
18,7,0.7615225667750373,3.0844528312546555,-2.322930264479618
19,7,0.3189556578651506,2.055162442922374,-1.7362067850572234
20,7,0.0015455437773421047,1.0936624429223745,-1.0921168991450323
21,7,0.0,3.3139181123226904,-3.3139181123226904
22,7,0.0,3.665778270942085,-3.665778270942085
23,7,0.0,1.0801624429223742,-1.0801624429223742
0,7,0.0,0.7762624429223743,-0.7762624429223743
1,7,0.0,0.7447624429223743,-0.7447624429223743
2,7,0.0,0.7177624429223743,-0.7177624429223743
3,7,0.0,0.6862624429223744,-0.6862624429223744
4,7,0.0,0.6772624429223744,-0.6772624429223744
5,7,0.0,0.6772624429223744,-0.6772624429223744
6,7,0.03746001678900335,0.8572624429223744,-0.8198024261333711
7,7,0.45053524090539504,0.9067624429223743,-0.45622720201697925
8,7,1.2922442037982955,4.536691015792223,-3.244446811993927
9,7,2.1444726065413455,3.0867784740311266,-0.9423058674897811
10,7,2.7634389229152334,0.9447624429223743,1.8186764799928592
11,7,2.8337758350282507,1.1517624429223743,1.6820133921058764
12,7,3.021135169973391,2.3354202836354783,0.6857148863379128
13,7,3.5496611029565837,2.3769175956812774,1.1727435072753063
14,7,3.538481725755686,2.3447528132118576,1.1937289125438286
15,7,3.3168082725006665,1.9047049549831223,1.4121033175175441
16,7,2.213522469144785,3.5453145114079643,-1.3317920422631793
17,7,1.3613771894496935,1.533576618655053,-0.17219942920535947
18,7,0.443014122080773,1.0846624429223741,-0.6416483208416011
19,7,0.1669553739040557,3.704378817090212,-3.537423443186156
20,7,0.03289165509585415,0.6886624429223744,-0.6557707878265203
21,7,0.0,0.6886624429223744,-0.6886624429223744
22,7,0.0,0.6796624429223743,-0.6796624429223743
23,7,0.0,0.6661624429223745,-0.6661624429223745
0,7,0.0,0.5377624429223744,-0.5377624429223744
1,7,0.0,0.6952624429223744,-0.6952624429223744
2,7,0.0,0.905336570532559,-0.905336570532559
3,7,0.0,0.4972624429223744,-0.4972624429223744
4,7,0.0,0.49276244292237437,-0.49276244292237437
5,7,0.0,0.6862624429223745,-0.6862624429223745
6,7,0.032869348092856604,0.6862624429223745,-0.6533930948295179
7,7,0.4116953075088155,0.7267624429223744,-0.31506713541355885
8,7,1.2002955659868597,3.5991943576823413,-2.3988987916954816
9,7,1.731784245464362,3.9246567868528643,-2.1928725413885024
10,7,2.3228020207199807,4.188185910148803,-1.8653838894288226
11,7,3.277635714174513,2.658496724604384,0.6191389895701289
12,7,3.35709923489173,4.562778218626061,-1.2056789837343311
13,7,3.7599864245381895,1.3639536073735552,2.3960328171646346
14,7,3.688822448804898,0.8952624429223746,2.7935600058825236
15,7,3.350068092153879,0.9447624429223743,2.405305649231505
16,7,2.5269472330508935,1.1652624429223746,1.361684790128519
17,7,1.610983313485701,1.2192624429223744,0.3917208705633266
18,7,0.7557712980990041,1.0891624429223743,-0.3333911448233702
19,7,0.26116521645120233,2.6232423705338634,-2.362077154082661
20,7,0.0014619557318455694,3.8887649638270405,-3.887303008095195
21,7,0.0,4.001002269561058,-4.001002269561058
22,7,0.0,1.8440989826139016,-1.8440989826139016
23,7,0.0,2.1660183858825826,-2.1660183858825826
0,7,0.0,1.9962787999875569,-1.9962787999875569
1,7,0.0,0.6952624429223744,-0.6952624429223744
2,7,0.0,2.8584733115702825,-2.8584733115702825
3,7,0.0,0.7987624429223744,-0.7987624429223744
4,7,0.0,1.7338089510449968,-1.7338089510449968
5,7,0.0,2.0137484543704085,-2.0137484543704085
6,7,0.04294971463664532,1.811123528360926,-1.7681738137242806
7,7,0.3360989684251627,3.5227493108907995,-3.186650342465637
8,7,0.970775844749992,2.9175034133671587,-1.9467275686171668
9,7,1.5457014802120523,3.389382510052651,-1.8436810298405988
10,7,1.8075032655169112,1.0482624429223744,0.7592408225945368
11,7,2.21324223370366,0.9042624429223743,1.3089797907812857
12,7,3.376320101759466,4.829961436317143,-1.4536413345576773
13,7,3.9150130927625075,3.5041658161316898,0.41084727663081777
14,7,4.038353312118513,2.9279662684461947,1.1103870436723184
15,7,3.6124821244432015,1.1607624429223744,2.451719681520827
16,7,2.798010830437274,1.3587624429223744,1.4392483875148998
17,7,1.8008621086156096,1.2982624429223746,0.502599665693235
18,7,0.7343114184995101,3.6189705051706893,-2.884659086671179
19,7,0.24897611682882972,1.2061624429223745,-0.9571863260935448
20,7,0.0015370800930148295,1.1521624429223745,-1.1506253628293597
21,7,0.0,1.305162442922374,-1.305162442922374
22,7,0.0,1.0756624429223747,-1.0756624429223747
23,7,0.0,1.0306624429223745,-1.0306624429223745
0,7,0.0,0.8482624429223744,-0.8482624429223744
1,7,0.0,0.7897624429223742,-0.7897624429223742
2,7,0.0,0.7402624429223745,-0.7402624429223745
3,7,0.0,0.6997624429223744,-0.6997624429223744
4,7,0.0,0.6772624429223744,-0.6772624429223744
5,7,0.0,0.6772624429223744,-0.6772624429223744
6,7,0.03712516190636199,0.6817624429223743,-0.6446372810160124
7,7,0.39709479254718494,3.153998638898867,-2.756903846351682
8,7,1.1945133351381572,3.2276822985452407,-2.0331689634070838
9,7,2.169787939105472,3.097818046993898,-0.9280301078884259
10,7,2.9885996111731847,0.9762624429223744,2.01233716825081
11,7,4.05456108474767,1.2417624429223744,2.8127986418252955
12,7,4.494152086042026,1.1607624429223744,3.3333896431196512
13,7,4.476906784932186,2.6046247679443892,1.8722820169877972
14,7,4.206239585964564,3.086678002292212,1.1195615836723523
15,7,3.6401781146211563,1.2957624429223746,2.3444156716987816
16,7,2.8736296187094132,1.4847624429223742,1.388867175787039
17,7,1.862028650482139,1.2732624429223747,0.5887662075597644
18,7,0.7606930723337199,1.4896624429223744,-0.7289693705886545
19,7,0.20858839401886387,4.084392394976181,-3.875804000957317
20,7,0.0017331614494795094,3.0767714298406794,-3.0750382683912
21,7,0.0,3.472646302587283,-3.472646302587283
22,7,0.0,1.1026624429223744,-1.1026624429223744
23,7,0.0,1.0576624429223744,-1.0576624429223744
0,7,0.0,1.0867624429223743,-1.0867624429223743
1,7,0.0,0.8527624429223745,-0.8527624429223745
2,7,0.0,2.831507029343198,-2.831507029343198
3,7,0.0,0.7582624429223744,-0.7582624429223744
4,7,0.0,0.6862624429223744,-0.6862624429223744
5,7,0.0,0.8212624429223744,-0.8212624429223744
6,7,0.04248730865729324,0.6502624429223743,-0.6077751342650811
7,7,0.449247738963646,4.130776554267729,-3.6815288153040826
8,7,1.4867242442487483,3.2768127419393283,-1.79008849769058
9,7,2.5888560109696646,2.307949237463239,0.28090677350642546
10,7,3.505424299225611,3.2756750883166657,0.2297492109089454
11,7,4.143571587187024,1.2262624429223745,2.9173091442646495
12,7,4.473092434187483,5.057972847255126,-0.5848804130676433
13,7,4.495690354837076,2.4365620295026447,2.0591283253344312
14,7,4.220151316819011,1.2822624429223741,2.9378888738966364
15,7,3.6689368094458326,1.304762442922374,2.3641743665234585
16,7,2.8565402837320066,1.3137624429223744,1.5427778408096322
17,7,1.8351595021035636,3.368772810393228,-1.5336133082896644
18,7,0.7497801156077262,1.3231624429223745,-0.5733823273146483
19,7,0.20790009105178964,3.534432695436668,-3.3265326043848784
20,7,0.0016228812268995216,2.4262011366163683,-2.4245782553894686
21,7,0.0,2.2815049088855934,-2.2815049088855934
22,7,0.0,1.1836624429223743,-1.1836624429223743
23,7,0.0,1.2556624429223744,-1.2556624429223744
0,7,0.0,0.9067624429223743,-0.9067624429223743
1,7,0.0,1.0507624429223745,-1.0507624429223745
2,7,0.0,0.8347624429223742,-0.8347624429223742
3,7,0.0,0.7987624429223743,-0.7987624429223743
4,7,0.0,0.9382624429223745,-0.9382624429223745
5,7,0.0,0.9337624429223744,-0.9337624429223744
6,7,0.03685657006237907,0.7537624429223744,-0.7169058728599953
7,7,0.4350144552428959,0.9832624429223744,-0.5482479876794786
8,7,1.446069596011942,2.2390717730114726,-0.7930021769995306
9,7,2.5201355171132027,2.8637105759920853,-0.3435750588788826
10,7,3.418901444787464,2.4846900198594084,0.9342114249280558
11,7,4.045000589564848,2.169915839735409,1.8750847498294396
12,7,4.3747079743920905,3.6935553142768596,0.6811526601152309
13,7,4.355470756004543,3.8753455217636286,0.48012523424091436
14,7,4.082617035772949,1.9113272908366483,2.171289744936301
15,7,3.4188506453788334,1.9643681077713768,1.4544825376074566
16,7,2.6726699457371645,1.4197624429223743,1.2529075028147902
17,7,1.6715307595001123,1.2912624429223745,0.38026831657773785
18,7,0.6788397220626449,2.0821624429223746,-1.4033227208597299
19,7,0.24266880154124287,1.2826624429223743,-1.0399936413811315
20,7,0.0012208185891156857,3.2749688466056677,-3.273748028016552
21,7,0.0,1.2241624429223745,-1.2241624429223745
22,7,0.0,2.57886412748727,-2.57886412748727
23,7,0.0,2.1800609490992233,-2.1800609490992233
0,7,0.0,2.2143921442028733,-2.2143921442028733
1,7,0.0,2.1139512140347234,-2.1139512140347234
2,7,0.0,1.916829584285661,-1.916829584285661
3,7,0.0,0.7942624429223742,-0.7942624429223742
4,7,0.0,0.7717624429223743,-0.7717624429223743
5,7,0.0,2.2169280246531056,-2.2169280246531056
6,7,0.03669061403471058,3.8175197273846475,-3.7808291133499368
7,7,0.4335738656669856,7.751201727564473,-7.3176278618974875
8,7,1.4275113806604112,3.496887702669227,-2.0693763220088157
9,7,2.4789104914646902,3.600915587959973,-1.1220050964952826
10,7,3.363353255478398,3.060679887981984,0.30267336749641416
11,7,4.001192126636527,2.684075155083656,1.3171169715528706
12,7,4.337627897995656,3.156595903787259,1.1810319942083969
13,7,4.370609963097276,3.408250436760998,0.9623595263362779
14,7,3.1311062939020555,2.963097062141678,0.16800923176037763
15,7,1.9110880003976387,2.9710544128733782,-1.0599664124757395
16,7,1.9460034936845207,1.3902624429223744,0.5557410507621463
17,7,1.5023409934830738,1.2957624429223746,0.20657855056069918
18,7,0.843064349335795,4.069582729018245,-3.2265183796824504
19,7,0.29272809693481167,3.4923264481108003,-3.1995983511759887
20,7,0.0012140476416538655,3.4761976662419736,-3.47498361860032
21,7,0.0,2.810077405793745,-2.810077405793745
22,7,0.0,1.4131624429223746,-1.4131624429223746
23,7,0.0,1.1521624429223745,-1.1521624429223745
0,7,0.0,0.9382624429223744,-0.9382624429223744
1,7,0.0,3.090221117796637,-3.090221117796637
2,7,0.0,2.863099878597779,-2.863099878597779
3,7,0.0,0.8122624429223743,-0.8122624429223743
4,7,0.0,0.7717624429223743,-0.7717624429223743
5,7,0.0,0.9607624429223744,-0.9607624429223744
6,7,0.042726386802917474,2.996245873210069,-2.953519486407152
7,7,0.43347893827001077,1.5712624429223743,-1.1377835046523634
8,7,1.2837156453209346,2.8955809126645695,-1.6118652673436349
9,7,2.238052770218602,2.3940368764153206,-0.15598410619671865
10,7,2.775145366107452,1.2507624429223743,1.5243829231850778
11,7,3.4313801510894932,1.2532624429223744,2.178117708167119
12,7,4.0460401579165595,1.2237624429223743,2.8222777149941853
13,7,4.279487871326897,1.2217624429223743,3.057725428404523
14,7,4.0039077065953395,1.3362624429223744,2.667645263672965
15,7,3.4016850936146374,3.6718133909433823,-0.2701282973287449
16,7,1.064621077144236,1.2577624429223744,-0.19314136577813845
17,7,0.9934494618332244,1.3227624429223743,-0.32931298108914997
18,7,0.7648748366239165,3.388066220408896,-2.623191383784979
19,7,0.21891754613578854,5.974527769005718,-5.7556102228699295
20,7,0.0015181995664386003,1.4626624429223742,-1.4611442433559356
21,7,0.0,1.4266624429223742,-1.4266624429223742
22,7,0.0,1.3231624429223745,-1.3231624429223745
23,7,0.0,1.2781624429223744,-1.2781624429223744
0,7,0.0,1.493908131868456,-1.493908131868456
1,7,0.0,1.558733434013675,-1.558733434013675
2,7,0.0,1.5742720764103417,-1.5742720764103417
3,7,0.0,1.4635800956102116,-1.4635800956102116
4,7,0.0,0.9832624429223744,-0.9832624429223744
5,7,0.0,0.7897624429223744,-0.7897624429223744
6,7,0.037619792103944984,2.560269941452222,-2.522650149348277
7,7,0.43438883066777556,1.5982624429223746,-1.1638736122545992
8,7,1.4625668005922534,5.070739288989117,-3.608172488396863
9,7,2.5480029185703232,3.9089185847766483,-1.360915666206325
10,7,3.4574271243267405,4.367027541460937,-0.9096004171341963
11,7,4.09400723013174,2.3027042163013673,1.7913030138303725
12,7,4.424330255735347,4.507011169586154,-0.08268091385080734
13,7,4.4441678768715995,1.2192624429223744,3.224905433949225
14,7,4.134674653886829,1.4017624429223745,2.732912210964454
15,7,3.343101388048209,1.4802624429223745,1.8628389451258345
16,7,2.292427935114353,1.4532624429223744,0.8391654921919787
17,7,1.490110884024389,1.3702624429223746,0.11984844110201442
18,7,0.8230995093759776,1.4851624429223742,-0.6620629335463966
19,7,0.27475111775653327,2.8230094629226654,-2.5482583451661323
20,7,0.0014236738365806631,4.0064554927704865,-4.005031818933906
21,7,0.0,3.1668509024003804,-3.1668509024003804
22,7,0.0,4.584242492957854,-4.584242492957854
23,7,0.0,2.896546282926618,-2.896546282926618
0,7,0.0,3.2588116174491106,-3.2588116174491106
1,7,0.0,0.8302624429223745,-0.8302624429223745
2,7,0.0,0.7852624429223745,-0.7852624429223745
3,7,0.0,0.7537624429223744,-0.7537624429223744
4,7,0.0,0.9022624429223745,-0.9022624429223745
5,7,0.0,0.7177624429223743,-0.7177624429223743
6,7,0.03191519805934084,0.9112624429223745,-0.8793472448630336
7,7,0.421852871498141,2.7094507450500984,-2.2875978735519573
8,7,1.4282326025902012,3.8643807489630158,-2.4361481463728145
9,7,2.519053565592065,3.7563432554781806,-1.2372896898861154
10,7,3.4346051957597648,2.607824146208443,0.8267810495513217
11,7,4.080320633736919,5.681332023307845,-1.6010113895709255
12,7,4.422862289658806,4.136899436791849,0.2859628528669571
13,7,4.459510547640606,7.015437607043777,-2.5559270594031718
14,7,4.195181796096673,5.626857012678306,-1.4316752165816329
15,7,3.653375349710499,5.150678821981911,-1.4973034722714123
16,7,2.8075982880338404,3.6611142237132563,-0.853515935679416
17,7,1.798966544076771,4.238464216148557,-2.439497672071786
18,7,0.8169891294176508,3.70780473048963,-2.890815601071979
19,7,0.2937479371971076,3.2675309293145087,-2.973782992117401
20,7,0.0014315732752861199,3.5292510178985776,-3.5278194446232916
21,7,0.0,4.8131423160820885,-4.8131423160820885
22,7,0.0,3.2197766163298955,-3.2197766163298955
23,7,0.0,1.0711624429223745,-1.0711624429223745
0,7,0.0,0.8572624429223742,-0.8572624429223742
1,7,0.0,0.8122624429223743,-0.8122624429223743
2,7,0.0,0.9697624429223742,-0.9697624429223742
3,7,0.0,2.5166408219909107,-2.5166408219909107
4,7,0.0,2.887194501996096,-2.887194501996096
5,7,0.0,0.6907624429223744,-0.6907624429223744
6,7,0.03768004520065623,0.6817624429223743,-0.644082397721718
7,7,0.38004708249941177,0.7312624429223744,-0.35121536042296264
8,7,1.2004471980690032,2.7317441041910806,-1.5312969061220774
9,7,1.9358604007082256,2.6132009553011475,-0.6773405545929219
10,7,2.303000037785344,2.642724587437097,-0.3397245496517529
11,7,2.7910838450705415,2.666603727917332,0.1244801171532095
12,7,3.817947799961665,4.012343480893974,-0.19439568093230886
13,7,3.897261463598778,4.934542528108332,-1.0372810645095538
14,7,3.825711419397351,5.6723460057166,-1.8466345863192486
15,7,3.150587539910417,4.353136104785439,-1.202548564875022
16,7,2.0777997335366276,4.108079976643004,-2.0302802431063762
17,7,1.448982281261162,1.6510059675596036,-0.2020236862984417
18,7,0.8424903999512058,1.9471624429223744,-1.1046720429711687
19,7,0.24223217365713878,0.9766624429223744,-0.7344302692652356
20,7,0.04791743325689256,3.1449368739943444,-3.097019440737452
21,7,0.0,4.396576121411863,-4.396576121411863
22,7,0.0,2.0666700141835714,-2.0666700141835714
23,7,0.0,0.9811624429223744,-0.9811624429223744
0,7,0.0,0.8257624429223744,-0.8257624429223744
1,7,0.0,0.8212624429223744,-0.8212624429223744
2,7,0.0,4.38339011499959,-4.38339011499959
3,7,0.0,3.406937174620059,-3.406937174620059
4,7,0.0,0.8977624429223744,-0.8977624429223744
5,7,0.0,0.7582624429223745,-0.7582624429223745
6,7,0.011062556569933463,0.48376244292237436,-0.47269988635244087
7,7,0.10552033806359779,0.5962624429223744,-0.4907421048587766
8,7,0.08878334549269329,2.431770192129587,-2.3429868466368937
9,7,0.3900330857303352,2.7606972299938692,-2.370664144263534
10,7,1.600670263809883,2.262072933064596,-0.661402669254713
11,7,2.288235791810616,5.156349044412483,-2.868113252601867
12,7,2.5820628853534053,4.40828846869128,-1.8262255833378749
13,7,2.955457226084212,4.309815709211346,-1.3543584831271342
14,7,3.7256202336433613,2.9642638430791517,0.7613563905642096
15,7,3.654073931972777,2.957258475980954,0.6968154559918229
16,7,2.905756956173903,0.8772624429223743,2.0284945132515286
17,7,1.7914582468597704,0.9447624429223743,0.8466958039373961
18,7,0.7624838987994259,1.7311624429223744,-0.9686785441229485
19,7,0.2752002188887781,0.9631624429223745,-0.6879622240335964
20,7,0.0013575335112613795,1.6996624429223743,-1.698304909411113
21,7,0.0,1.1161624429223744,-1.1161624429223744
22,7,0.0,0.9091624429223744,-0.9091624429223744
23,7,0.0,0.8866624429223744,-0.8866624429223744
0,7,0.0,0.9112624429223745,-0.9112624429223745
1,7,0.0,0.6907624429223744,-0.6907624429223744
2,7,0.0,0.7897624429223744,-0.7897624429223744
3,7,0.0,0.7807624429223745,-0.7807624429223745
4,7,0.0,0.5962624429223744,-0.5962624429223744
5,7,0.0,1.9996198327833408,-1.9996198327833408
6,7,0.021737245636901652,2.2545110549374634,-2.2327738093005616
7,7,0.3895555011492891,0.8167624429223743,-0.4272069417730852
8,7,1.3805092222589201,5.452521861772082,-4.0720126395131615
9,7,2.503337339465643,1.0482624429223744,1.4550748965432685
10,7,3.417303180480734,1.1247624429223744,2.2925407375583595
11,7,4.066181707192047,0.9517624429223743,3.114419264269673
12,7,4.345225582958401,2.1561268562237186,2.189098726734682
13,7,4.209073829507363,1.1382624429223744,3.070811386584989
14,7,3.706115315218668,1.0707624429223745,2.6353528722962936
15,7,3.140690790581445,1.3227624429223743,1.8179283476590706
16,7,2.309432501564686,1.1652624429223746,1.1441700586423114
17,7,1.4156604299764608,0.8232624429223745,0.5923979870540863
18,7,0.6381642094861114,3.5532353514872055,-2.915071142001094
19,7,0.25268511037860764,2.8845637039166787,-2.631878593538071
20,7,0.0007300784116747849,1.9194808526285083,-1.9187507742168335
21,7,0.0,2.075200022318664,-2.075200022318664
22,7,0.0,1.0936624429223745,-1.0936624429223745
23,7,0.0,0.8956624429223745,-0.8956624429223745
0,7,0.0,0.9292624429223744,-0.9292624429223744
1,7,0.0,0.9067624429223743,-0.9067624429223743
2,7,0.0,2.9437140069954197,-2.9437140069954197
3,7,0.0,0.8797624429223745,-0.8797624429223745
4,7,0.0,0.6862624429223744,-0.6862624429223744
5,7,0.0,0.6097624429223745,-0.6097624429223745
6,7,0.021661682073530537,0.6367624429223743,-0.6151007608488437
7,7,0.33789966445663666,4.468232548160766,-4.1303328837041295
8,7,1.37345741325622,3.376123498374961,-2.002666085118741
9,7,2.002085940993966,3.3924778564627065,-1.3903919154687405
10,7,2.5783356717202666,0.9202624429223746,1.658073228797892
11,7,3.378055145901213,1.395102176548544,1.982952969352669
12,7,4.102023634060425,2.406639977316609,1.6953836567438154
13,7,4.110697169023257,2.292422443695072,1.8182747253281848
14,7,3.9233509799835966,1.0977624429223747,2.825588537061222
15,7,3.395987565732991,1.1292624429223743,2.266725122810617
16,7,2.6467717607288925,1.3227624429223743,1.3240093178065182
17,7,1.7793378745572024,1.0752624429223745,0.7040754316348279
18,7,0.7956102005418837,1.0981624429223746,-0.30255224238049094
19,7,0.3507660265565311,1.0216624429223744,-0.6708964163658433
20,7,0.037589844613336934,2.130829168602629,-2.093239323989292
21,7,0.0,0.8461624429223745,-0.8461624429223745
22,7,0.0,2.1685909790621616,-2.1685909790621616
23,7,0.0,0.9721624429223743,-0.9721624429223743
0,7,0.0,0.6592624429223743,-0.6592624429223743
1,7,0.0,2.5859789786784915,-2.5859789786784915
2,7,0.0,0.7582624429223745,-0.7582624429223745
3,7,0.0,0.5872624429223744,-0.5872624429223744
4,7,0.0,0.5827624429223743,-0.5827624429223743
5,7,0.0,0.4972624429223744,-0.4972624429223744
6,7,0.016525107028191044,0.7087624429223744,-0.6922373358941833
7,7,0.18587845581209003,4.402483743203293,-4.216605287391203
8,7,0.450194100970605,3.339243587437843,-2.889049486467238
9,7,1.6128104900007814,1.1741450761220007,0.43866541387878066
10,7,1.7352413734182301,0.7332624429223744,1.0019789304958557
11,7,2.471532450396756,0.7267624429223742,1.744770007474382
12,7,3.5448523273515105,2.2457550954146734,1.299097231936837
13,7,4.108625009937496,0.9492624429223744,3.1593625670151217
14,7,4.094488116816079,1.0257624429223746,3.068725673893704
15,7,3.3440799354161217,1.1677624429223745,2.176317492493747
16,7,2.5773383199184288,1.0302624429223746,1.5470758769960542
17,7,1.6445941312781833,1.1317624429223745,0.5128316883558088
18,7,0.8503962294220871,1.8166624429223743,-0.9662662135002872
19,7,0.25515616430474386,1.8076624429223744,-1.5525062786176305
20,7,0.0012505065895252047,4.077408084015132,-4.076157577425606
21,7,0.0,0.9001624429223742,-0.9001624429223742
22,7,0.0,0.8731624429223745,-0.8731624429223745
23,7,0.0,1.0396624429223742,-1.0396624429223742
0,7,0.0,0.7177624429223743,-0.7177624429223743
1,7,0.0,0.6637624429223744,-0.6637624429223744
2,7,0.0,0.8572624429223744,-0.8572624429223744
3,7,0.0,0.6052624429223744,-0.6052624429223744
4,7,0.0,0.5872624429223744,-0.5872624429223744
5,7,0.0,0.6682624429223745,-0.6682624429223745
6,7,0.02161833134226598,0.6547624429223744,-0.6331441115801084
7,7,0.36255949107908986,3.6123770337018204,-3.2498175426227305
8,7,1.1334546025355832,3.550304737106609,-2.416850134571026
9,7,1.8910506760590708,2.7184834050475373,-0.8274327289884664
10,7,1.391729256012239,0.7287624429223745,0.6629668130898645
11,7,2.2202897807618833,2.5637427114194473,-0.343452930657564
12,7,3.1659718990790893,2.5605137129878934,0.6054581860911958
13,7,3.831930307640508,1.4263471127483105,2.4055831948921975
14,7,3.6558798123870537,2.9211770261742274,0.7347027862128264
15,7,3.532476218354518,5.032407442054717,-1.4999312237001994
16,7,2.6095900959415856,1.0347624429223743,1.5748276530192113
17,7,1.5408383903838248,1.1922624429223743,0.3485759474614505
18,7,0.8079376055759269,1.0486624429223745,-0.24072483734644767
19,7,0.33210058038323803,1.1881624429223745,-0.8560618625391365
20,7,0.026711628081408187,3.037870257810744,-3.011158629729336
21,7,0.0,4.552236791918116,-4.552236791918116
22,7,0.0,2.0352063655375114,-2.0352063655375114
23,7,0.0,0.8686624429223744,-0.8686624429223744
0,7,0.0,0.6052624429223744,-0.6052624429223744
1,7,0.0,0.6007624429223745,-0.6007624429223745
2,7,0.0,0.7357624429223745,-0.7357624429223745
3,7,0.0,0.5332624429223745,-0.5332624429223745
4,7,0.0,0.5287624429223744,-0.5287624429223744
5,7,0.0,0.5962624429223744,-0.5962624429223744
6,7,0.021915122303758975,0.5872624429223744,-0.5653473206186154
7,7,0.3615378579656156,0.7897624429223744,-0.4282245849567588
8,7,1.3124448950821959,0.8572624429223744,0.45518245215982145
9,7,2.4706917421560384,0.8277624429223746,1.6429292992336637
10,7,3.2880413372680564,0.8997624429223743,2.388278894345682
11,7,3.9976405434758453,3.893566449435,0.10407409404084511
12,7,4.0586734947239,2.564954237337044,1.4937192573868558
13,7,4.05586745201945,1.5915406679294182,2.4643267840900323
14,7,3.7974065584211725,1.5566012570335226,2.24080530138765
15,7,3.2017415344189493,1.7739432223246876,1.4277983120942617
16,7,2.161787941955814,1.6824055265510918,0.4793824154047224
17,7,1.5857330467953015,1.5342287221468642,0.05150432464843724
18,7,0.838113072788022,2.534459460096014,-1.696346387307992
19,7,0.3008534647914383,1.1746624429223744,-0.8738089781309362
20,7,0.0011525071071483773,1.0936624429223745,-1.0925099358152262
21,7,0.0,0.8776624429223743,-0.8776624429223743
22,7,0.0,0.8551624429223743,-0.8551624429223743
23,7,0.0,2.2596715365375855,-2.2596715365375855
0,7,0.0,0.9112624429223745,-0.9112624429223745
1,7,0.0,0.6772624429223744,-0.6772624429223744
2,7,0.0,0.6502624429223743,-0.6502624429223743
3,7,0.0,0.5737624429223744,-0.5737624429223744
4,7,0.0,0.5557624429223744,-0.5557624429223744
5,7,0.0,0.5512624429223744,-0.5512624429223744
6,7,0.005509659841286101,0.5287624429223744,-0.5232527830810882
7,7,0.08796403545848687,4.4106324688937395,-4.322668433435252
8,7,0.48866170579282747,5.943971092971884,-5.455309387179057
9,7,1.3870975123383158,3.586001441106142,-2.198903928767826
10,7,2.025481937859672,4.125039668143861,-2.0995577302841895
11,7,2.5813745209080117,4.098508343317355,-1.5171338224093431
12,7,3.040806390863072,2.5433392352950905,0.4974671555679815
13,7,3.2848230115157984,2.436292114688977,0.8485308968268215
14,7,3.190804318259847,5.774909298870692,-2.584104980610845
15,7,3.051637060916317,4.84126247878152,-1.789625417865203
16,7,2.378093498310336,2.651853836120272,-0.27376033780993625
17,7,1.6030010080299824,1.3182624429223744,0.284738565107608
18,7,0.87306848070355,1.1431624429223746,-0.27009396221882453
19,7,0.3507696140599032,1.0666624429223743,-0.7158928288624711
20,7,0.04773709599392865,1.0441624429223744,-0.9964253469284458
21,7,0.0,2.9329546265278132,-2.9329546265278132
22,7,0.0,3.414484644465333,-3.414484644465333
23,7,0.0,4.250163758025116,-4.250163758025116
0,7,0.0,0.9787624429223744,-0.9787624429223744
1,7,0.0,0.9472624429223743,-0.9472624429223743
2,7,0.0,0.7312624429223744,-0.7312624429223744
3,7,0.0,3.2197490840585594,-3.2197490840585594
4,7,0.0,2.4839643117627643,-2.4839643117627643
5,7,0.0,0.6277624429223744,-0.6277624429223744
6,7,0.010915615096407311,2.885252571582332,-2.8743369564859247
7,7,0.27696238188114886,3.482703119358572,-3.2057407374774227
8,7,1.0053919191804523,2.723783140946574,-1.7183912217661217
9,7,1.756251067204344,0.8097624429223743,0.9464886242819698
10,7,2.520838457218393,1.0617624429223742,1.4590760142960186
11,7,3.1915527359354092,1.0732624429223745,2.1182902930130347
12,7,3.749463181232201,2.735815247040254,1.0136479341919467
13,7,3.6691954650084004,1.440069260279466,2.229126204728934
14,7,3.414603899864915,1.0347624429223743,2.3798414569425406
15,7,1.828528108509481,1.2057624429223743,0.6227656655871068
16,7,2.6602489707791914,1.2147624429223742,1.4454865278568172
17,7,1.5058414073689483,2.1685290853016816,-0.6626876779327333
18,7,0.5471009565482242,2.4314467725868685,-1.8843458160386444
19,7,0.2648246357844194,3.2635824080021454,-2.998757772217726
20,7,0.0009449179336235223,1.0711624429223745,-1.070217524988751
21,7,0.0,2.237544447609857,-2.237544447609857
22,7,0.0,1.77961442762994,-1.77961442762994
23,7,0.0,1.88670913982472,-1.88670913982472
0,7,0.0,1.7943326905420296,-1.7943326905420296
1,7,0.0,1.9364315862144386,-1.9364315862144386
2,7,0.0,1.9222738894602898,-1.9222738894602898
3,7,0.0,1.9389651868709816,-1.9389651868709816
4,7,0.0,0.6187624429223744,-0.6187624429223744
5,7,0.0,0.5602624429223744,-0.5602624429223744
6,7,0.021802303075433405,2.3584438980097873,-2.336641594934354
7,7,0.39689820456930053,5.958699201738872,-5.561800997169572
8,7,1.3523614082367421,3.634281498779565,-2.2819200905428225
9,7,2.433829867046771,3.799972789746617,-1.3661429226998458
10,7,3.405640712294833,3.9511509042725885,-0.5455101919777556
11,7,3.98554402298074,3.030766031510387,0.9547779914703529
12,7,4.12753689456316,4.052123056571744,0.07541383799141599
13,7,4.025887610865278,6.927981719230592,-2.902094108365314
14,7,3.6158472397552517,2.8805029141931655,0.7353443255620862
15,7,3.3521654595422388,1.3497624429223742,2.0024030166198648
16,7,1.949564187910418,1.1562624429223742,0.7933017449880437
17,7,1.3503787470577553,1.2732624429223744,0.07711630413538084
18,7,0.6715153498721812,2.055162442922374,-1.3836470930501927
19,7,0.3287632360695429,3.0422716937589405,-2.7135084576893975
20,7,0.042402515368981535,1.0531624429223745,-1.010759927553393
21,7,0.0,4.447559243884175,-4.447559243884175
22,7,0.0,2.488588860353701,-2.488588860353701
23,7,0.0,2.21523403190532,-2.21523403190532
0,7,0.0,2.1462391089185493,-2.1462391089185493
1,7,0.0,1.9632893707435222,-1.9632893707435222
2,7,0.0,3.719060175384964,-3.719060175384964
3,7,0.0,2.6255962621347813,-2.6255962621347813
4,7,0.0,2.523084192963155,-2.523084192963155
5,7,0.0,0.5647624429223744,-0.5647624429223744
6,7,0.0,0.3937624429223744,-0.3937624429223744
7,7,0.061343440604641156,2.2641230795325713,-2.20277963892793
8,7,0.07804636239078155,2.413613783988655,-2.3355674215978737
9,7,0.3542905738019442,2.737567870811288,-2.383277297009344
10,7,0.6792119306618142,0.6657624429223744,0.01344948773943977
11,7,0.6529451487287148,2.660422701479108,-2.0074775527503936
12,7,0.8417746882262886,2.1321135453740085,-1.29033885714772
13,7,1.4434046731034609,0.5037624429223744,0.9396422301810865
14,7,1.6328521793427808,1.0568014476325231,0.5760507317102577
15,7,1.6470160696490657,0.5062624429223744,1.1407536267266911
16,7,1.8567864763333382,0.7917624429223743,1.065024033410964
17,7,1.3471948783453045,0.5082624429223745,0.83893243542293
18,7,0.2303052976603656,2.9229771810522696,-2.692671883391904
19,7,0.15870917800463258,2.4904399739438,-2.3317307959391673
20,7,0.0008684017166159238,0.5221624429223743,-0.5212940412057584
21,7,0.0,1.7413609574691913,-1.7413609574691913
22,7,0.0,1.805474756519739,-1.805474756519739
23,7,0.0,1.6425421477785824,-1.6425421477785824
0,7,0.0,0.4027624429223744,-0.4027624429223744
1,7,0.0,0.3937624429223744,-0.3937624429223744
2,7,0.0,1.8330654074025443,-1.8330654074025443
3,7,0.0,0.38476244292237444,-0.38476244292237444
4,7,0.0,0.3622624429223744,-0.3622624429223744
5,7,0.0,0.3802624429223744,-0.3802624429223744
6,7,0.005583130578049177,2.9718800975611517,-2.9662969669831023
7,7,0.1281878365814678,3.2129446956504024,-3.0847568590689347
8,7,0.25560073886994983,3.6882723492277947,-3.4326716103578447
9,7,0.14514707691050344,2.4730403513408072,-2.327893274430304
10,7,0.195109066309843,2.366018349734569,-2.170909283424726
11,7,0.0,0.39126244292237444,-0.39126244292237444
12,7,0.4184087823433649,0.5242624429223743,-0.10585366057900941
13,7,1.8637110439056426,0.6432624429223744,1.2204486009832682
14,7,2.5092780414304623,0.6792624429223744,1.830015598508088
15,7,1.1867329978402998,0.5917624429223743,0.5949705549179255
16,7,1.3228051677138024,0.41626244292237435,0.9065427247914281
17,7,1.2167860403601456,0.5577624429223744,0.6590235974377712
18,7,0.7988464134789027,0.5896624429223744,0.20918397055652838
19,7,0.2513103183423058,3.2161863856733532,-2.9648760673310472
20,7,0.0007601570436686398,0.5176624429223744,-0.5169022858787058
21,7,0.0,0.6841624429223744,-0.6841624429223744
22,7,0.0,0.6661624429223745,-0.6661624429223745
23,7,0.0,0.4681624429223744,-0.4681624429223744
0,7,0.0,0.3487624429223744,-0.3487624429223744
1,7,0.0,0.34426244292237435,-0.34426244292237435
2,7,0.0,0.5197624429223744,-0.5197624429223744
3,7,0.0,0.3352624429223744,-0.3352624429223744
4,7,0.0,0.5107624429223745,-0.5107624429223745
5,7,0.0,0.47926244292237435,-0.47926244292237435
6,7,0.016872423238343762,0.47476244292237446,-0.4578900196840307
7,7,0.1713408240944215,0.4972624429223744,-0.3259216188279529
8,7,0.2176538766394861,2.2947427519487844,-2.077088875309298
9,7,0.2732443282206673,2.136003751654191,-1.8627594234335236
10,7,0.26288974458518477,2.692300452247419,-2.4294107076622344
11,7,0.4599310872339628,2.56125910143653,-2.101328014202567
12,7,0.5962410248260211,2.8928014563337854,-2.296560431507764
13,7,1.3182845061209814,3.2120740177163603,-1.893789511595379
14,7,1.2079518573463148,3.2669514304824254,-2.0589995731361106
15,7,1.366125056344122,3.102123323216835,-1.7359982668727127
16,7,1.4166161238079897,3.791353562581536,-2.374737438773546
17,7,1.6920609824808241,1.231730851130062,0.4603301313507622
18,7,0.7421267467950204,1.0887388911815572,-0.34661214438653676
19,7,0.29162815816131943,2.650838061500157,-2.359209903338838
20,7,0.027847084922292077,3.683189932517097,-3.6553428475948047
21,7,0.0,1.7085785876672892,-1.7085785876672892
22,7,0.0,1.6227727192410355,-1.6227727192410355
23,7,0.0,1.9354847351119142,-1.9354847351119142
0,7,0.0,1.4939469196309818,-1.4939469196309818
1,7,0.0,1.346005470998678,-1.346005470998678
2,7,0.0,1.5003914058715655,-1.5003914058715655
3,7,0.0,1.473803432932468,-1.473803432932468
4,7,0.0,1.6008394552660303,-1.6008394552660303
5,7,0.0,1.4686409724494238,-1.4686409724494238
6,7,0.016818989975243344,0.5107624429223745,-0.49394345294713116
7,7,0.32222356336336083,1.42359859237738,-1.1013750290140192
8,7,1.0423303003400048,2.0190508906503872,-0.9767205903103824
9,7,1.7465616932591983,1.2987624429223743,0.447799250336824
10,7,2.3445426971562515,0.5937624429223745,1.750780254233877
11,7,2.4492431471303804,0.5737624429223744,1.875480704208006
12,7,4.038616388080325,2.448381960847823,1.5902344272325024
13,7,4.713448685463417,0.7602624429223744,3.953186242541043
14,7,4.314888363568707,0.7827624429223744,3.532125920646333
15,7,3.618330028318699,0.7357624429223745,2.8825675853963246
16,7,2.901089666270664,0.8097624429223743,2.0913272233482894
17,7,1.9212751966588284,0.7762624429223743,1.145012753736454
18,7,0.7621987759676345,3.342923695267527,-2.5807249192998922
19,7,0.21513751444722462,4.329037599009221,-4.113900084561997
20,7,0.0008479152601929809,5.262225469466411,-5.261377554206217
21,7,0.0,4.418988313735493,-4.418988313735493
22,7,0.0,4.2880112363832446,-4.2880112363832446
23,7,0.0,6.1106902363949605,-6.1106902363949605
0,7,0.0,2.6923149607649357,-2.6923149607649357
1,7,0.0,0.42076244292237447,-0.42076244292237447
2,7,0.0,0.40726244292237446,-0.40726244292237446
3,7,0.0,2.0619635096008615,-2.0619635096008615
4,7,0.0,2.3476526730257214,-2.3476526730257214
5,7,0.0,0.47476244292237446,-0.47476244292237446
6,7,0.01650522704880079,2.0405134029883065,-2.024008175939506
7,7,0.3917078782004914,2.997044956934399,-2.605337078733908
8,7,1.4548891465420042,3.46590154809246,-2.011012401550456
9,7,2.6113407223959544,1.920107842804887,0.6912328795910674
10,7,3.57736584338145,0.7647624429223745,2.8126034004590754
11,7,4.251346811770741,0.8367624429223743,3.4145843688483666
12,7,4.624456721877581,1.0617624429223742,3.562694278955207
13,7,4.68240355814999,2.2562717002626003,2.42613185788739
14,7,4.285867136895892,1.4155619217602462,2.8703052151356454
15,7,3.6597496082334784,0.9582624429223745,2.7014871653111037
16,7,2.702157769701559,1.1472624429223743,1.5548953267791847
17,7,1.7409718697753034,1.1832624429223744,0.557709426852929
18,7,0.7586863301724837,2.9876724514989195,-2.228986121326436
19,7,0.23344470212854865,4.745862492891466,-4.5124177907629175
20,7,0.0007410160960361865,4.820683450458554,-4.819942434362518
21,7,0.0,0.6796624429223743,-0.6796624429223743
22,7,0.0,0.6301624429223744,-0.6301624429223744
23,7,0.0,0.5986624429223745,-0.5986624429223745
0,7,0.0,0.862209220957456,-0.862209220957456
1,7,0.0,1.1368073387442275,-1.1368073387442275
2,7,0.0,0.6232624429223745,-0.6232624429223745
3,7,0.0,1.9512157810032527,-1.9512157810032527
4,7,0.0,1.7176919305988885,-1.7176919305988885
5,7,0.0,0.6142624429223744,-0.6142624429223744
6,7,0.011045251605883233,0.6322624429223744,-0.6212171913164912
7,7,0.3879224681236746,2.171596691461523,-1.7836742233378482
8,7,1.4443352457790282,0.5557624429223744,0.8885728028566537
9,7,2.5841568682114473,1.4427624429223742,1.141394425289073
10,7,3.5423331157733564,0.9402624429223744,2.602070672850982
11,7,4.187174817003423,0.8142624429223744,3.3729123740810483
12,7,4.589793689433489,2.1327294079057233,2.457064281527766
13,7,4.6440455921917625,5.033175683035788,-0.3891300908440254
14,7,4.365211412535936,2.6945666945489233,1.6706447179870123
15,7,3.7915679104738436,3.075932651359376,0.7156352591144675
16,7,2.546803649812935,1.1247624429223744,1.4220412068905608
17,7,1.8584834152714724,1.1722624429223742,0.6862209723490982
18,7,0.7761198125080951,1.0846624429223743,-0.3085426304142792
19,7,0.21519603076575786,5.188165619940721,-4.972969589174963
20,7,0.0008458318917431899,2.567981389941596,-2.567135558049853
21,7,0.0,0.7561624429223746,-0.7561624429223746
22,7,0.0,0.9091624429223744,-0.9091624429223744
23,7,0.0,0.6796624429223743,-0.6796624429223743
0,7,0.0,2.3909488904019556,-2.3909488904019556
1,7,0.0,2.947572320429942,-2.947572320429942
2,7,0.0,3.5713839453695457,-3.5713839453695457
3,7,0.0,3.599670100513828,-3.599670100513828
4,7,0.0,4.077564819750578,-4.077564819750578
5,7,0.0,2.120123193730996,-2.120123193730996
6,7,0.016565181975516357,1.8597377779444235,-1.8431725959689071
7,7,0.386513038945224,4.024658302292002,-3.638145263346778
8,7,1.4243358652472224,2.676655988421811,-1.2523201231745884
9,7,2.4708661476148195,0.9627624429223743,1.508103704692445
10,7,2.0884985056040914,0.9852624429223745,1.103236062681717
11,7,2.403679102721507,1.0167624429223743,1.386916659799133
12,7,1.770329144200658,1.886233238068967,-0.11590409386830913
13,7,2.858885834203731,1.8738303070400502,0.9850555271636807
14,7,4.385600295510324,2.0701335732514807,2.315466722258843
15,7,3.6755948161526875,0.9267624429223743,2.748832373230313
16,7,2.4879074029133634,1.0392624429223742,1.4486449599909892
17,7,1.6336249635496114,1.0347624429223743,0.5988625206272371
18,7,0.839846043014998,0.9136624429223744,-0.07381639990737643
19,7,0.33155176043797135,0.7966624429223744,-0.46511068248440307
20,7,0.027335016150913067,1.895721436891479,-1.8683864207405658
21,7,0.0,1.7585086719428271,-1.7585086719428271
22,7,0.0,1.1538411601815142,-1.1538411601815142
23,7,0.0,0.6346624429223744,-0.6346624429223744
0,7,0.0,0.6952624429223744,-0.6952624429223744
1,7,0.0,0.5062624429223744,-0.5062624429223744
2,7,0.0,0.6727624429223744,-0.6727624429223744
3,7,0.0,0.47476244292237446,-0.47476244292237446
4,7,0.0,0.4612624429223744,-0.4612624429223744
5,7,0.0,0.6142624429223744,-0.6142624429223744
6,7,0.005547508402648897,0.6322624429223744,-0.6267149345197255
7,7,0.2626855934944285,2.5044280708854894,-2.241742477391061
8,7,1.0311960096318906,3.792012163202953,-2.7608161535710627
9,7,1.7406243975126332,3.5178650157838884,-1.7772406182712552
10,7,3.01572959850981,2.4198242122824194,0.5959053862273906
11,7,4.267408916996966,2.8923339383972957,1.3750749785996703
12,7,4.625502191685743,0.8457624429223745,3.7797397487633684
13,7,4.58930733958468,1.0482624429223744,3.5410448966623056
14,7,4.098242583247436,0.8077624429223745,3.2904801403250614
15,7,3.6191889009951868,0.8482624429223744,2.7709264580728123
16,7,2.799103728976188,0.9697624429223742,1.8293412860538139
17,7,1.8506416640702779,0.9312624429223744,0.9193792211479035
18,7,0.7773800677028199,0.9541624429223744,-0.17678237521955453
19,7,0.2250593278586425,1.9586343650852032,-1.7335750372265606
20,7,0.0006401061255827949,2.784197928118338,-2.7835578219927553
21,7,0.0,1.637017716411802,-1.637017716411802
22,7,0.0,0.6526624429223744,-0.6526624429223744
23,7,0.0,0.8011624429223745,-0.8011624429223745
0,7,0.0,0.4882624429223744,-0.4882624429223744
1,7,0.0,0.46576244292237445,-0.46576244292237445
2,7,0.0,0.6277624429223744,-0.6277624429223744
3,7,0.0,0.6187624429223744,-0.6187624429223744
4,7,0.0,0.6097624429223745,-0.6097624429223745
5,7,0.0,0.5827624429223743,-0.5827624429223743
6,7,0.01114270646458409,0.5827624429223743,-0.5716197364577903
7,7,0.2275549274250657,0.6097624429223745,-0.3822075154973088
8,7,0.5952497446138795,1.728091884878424,-1.1328421402645446
9,7,0.8278637963204851,1.4457735182072595,-0.6179097218867744
10,7,1.968018232972951,0.8007624429223744,1.1672557900505764
11,7,3.1281902771759427,0.8592624429223743,2.268927834253568
12,7,4.462467505791028,3.359052594156282,1.1034149116347458
13,7,4.474149145974775,2.864118416740126,1.6100307292346492
14,7,4.240621301619396,0.8277624429223746,3.4128588586970214
15,7,3.5640108628354494,0.8592624429223743,2.7047484199130754
16,7,2.767507045354629,0.8817624429223744,1.8857446024322546
17,7,1.7822198899240054,0.9447624429223743,0.837457447001631
18,7,0.7802656484527343,2.969681956609477,-2.189416308156743
19,7,0.25336633028909583,3.3512376127945647,-3.097871282505469
20,7,0.0005295166819500036,0.9766624429223744,-0.9761329262404244
21,7,0.0,0.9406624429223743,-0.9406624429223743
22,7,0.0,0.9136624429223744,-0.9136624429223744
23,7,0.0,0.7111624429223744,-0.7111624429223744
0,8,0.0,0.5917624429223743,-0.5917624429223743
1,8,0.0,0.7312624429223744,-0.7312624429223744
2,8,0.0,0.5242624429223743,-0.5242624429223743
3,8,0.0,0.4972624429223744,-0.4972624429223744
4,8,0.0,1.919357969710599,-1.919357969710599
5,8,0.0,2.4805385176009755,-2.4805385176009755
6,8,0.011026934394533184,2.404628996971044,-2.393602062576511
7,8,0.35765648725928084,3.5297543657243775,-3.1720978784650966
8,8,1.3432160513107188,4.418521621215554,-3.075305569904835
9,8,2.271077232756761,4.181715143512111,-1.9106379107553502
10,8,3.2216388196308103,3.8163190992278877,-0.5946802795970774
11,8,4.004663005539637,2.679808474009188,1.3248545315304492
12,8,4.049004732043618,2.6386166230267962,1.4103881090168215
13,8,4.0126644354903584,3.9464508592118097,0.06621357627854874
14,8,3.530798927237861,1.8433221501672352,1.6874767770706258
15,8,2.968065530537032,2.0610145877218606,0.9070509428151712
16,8,2.1792331162460776,0.9222624429223742,1.2569706733237034
17,8,1.5708698174203273,1.0842624429223744,0.4866073744979529
18,8,0.7411746979861911,1.0846624429223743,-0.3434877449361833
19,8,0.239773890374515,5.4414282531755624,-5.201654362801047
20,8,0.0005262614187472054,3.4345134640136106,-3.4339872025948632
21,8,0.0,1.5162900131129315,-1.5162900131129315
22,8,0.0,1.559524860194936,-1.559524860194936
23,8,0.0,1.4819856107878362,-1.4819856107878362
0,8,0.0,1.0527273302622686,-1.0527273302622686
1,8,0.0,0.7537624429223744,-0.7537624429223744
2,8,0.0,0.7132624429223744,-0.7132624429223744
3,8,0.0,0.5152624429223743,-0.5152624429223743
4,8,0.0,1.9107338594318088,-1.9107338594318088
5,8,0.0,0.5017624429223744,-0.5017624429223744
6,8,0.011013576078758079,0.5332624429223745,-0.5222488668436164
7,8,0.3393846888561536,0.5872624429223744,-0.2478777540662208
8,8,1.3174304088653468,2.29372820703229,-0.9762977981669434
9,8,2.307006812221565,4.329951773907932,-2.022944961686367
10,8,3.2443819729047774,3.290166463794954,-0.04578449089017678
11,8,4.086229007004861,2.926895184568875,1.1593338224359861
12,8,4.558421635614074,1.2597624429223742,3.2986591926917
13,8,4.5652307920451936,1.3092624429223743,3.2559683491228193
14,8,3.859621539032668,1.8357612670343548,2.023860271998313
15,8,3.5383951516201195,1.8338739802813482,1.7045211713387713
16,8,2.7972861053326716,1.2012624429223744,1.5960236624102973
17,8,1.741763050691502,1.2237624429223743,0.5180006077691277
18,8,0.6996898768250286,3.806386500885089,-3.10669662406006
19,8,0.18528680346631535,1.3906624429223746,-1.2053756394560593
20,8,0.000410940502003268,1.1251624429223743,-1.1247515024203711
21,8,0.0,1.0711624429223745,-1.0711624429223745
22,8,0.0,2.6694305547549533,-2.6694305547549533
23,8,0.0,0.9901624429223743,-0.9901624429223743
0,8,0.0,0.9877624429223746,-0.9877624429223746
1,8,0.0,0.7222624429223744,-0.7222624429223744
2,8,0.0,0.8527624429223744,-0.8527624429223744
3,8,0.0,0.8302624429223744,-0.8302624429223744
4,8,0.0,2.799152793148287,-2.799152793148287
5,8,0.0,2.306974711973565,-2.306974711973565
6,8,0.010928973412182416,2.603453893634779,-2.592524920222597
7,8,0.3635934532471267,2.6918649281286835,-2.3282714748815567
8,8,1.4226904768680613,2.5794665496425337,-1.1567760727744725
9,8,2.595310093178688,1.0282624429223746,1.5670476502563133
10,8,3.554133762170272,0.9807624429223745,2.5733713192478973
11,8,4.207341095083291,1.0482624429223746,3.1590786521609164
12,8,4.560078000894783,2.426034479717085,2.1340435211776976
13,8,4.619575740822175,2.43670926128297,2.1828664795392054
14,8,4.2446462122508875,1.1857624429223745,3.0588837693285127
15,8,3.430288489262639,5.3041957522641265,-1.8739072630014877
16,8,2.7676158552246903,4.626625030326851,-1.8590091751021607
17,8,1.8634511691227778,2.900294104927802,-1.0368429358050244
18,8,0.765864242165562,2.0686624429223746,-1.3027982007568126
19,8,0.19096027429073797,4.050491146125443,-3.8595308718347052
20,8,0.0005104191378269211,3.805476582796268,-3.8049661636584413
21,8,0.0,4.0076753708853,-4.0076753708853
22,8,0.0,2.360151959843941,-2.360151959843941
23,8,0.0,1.5105317944901642,-1.5105317944901642
0,8,0.0,1.468632428251432,-1.468632428251432
1,8,0.0,1.09115221797938,-1.09115221797938
2,8,0.0,0.7042624429223743,-0.7042624429223743
3,8,0.0,0.8977624429223744,-0.8977624429223744
4,8,0.0,0.8212624429223744,-0.8212624429223744
5,8,0.0,3.1052912745457073,-3.1052912745457073
6,8,0.0109779539033578,0.7492624429223744,-0.7382844890190167
7,8,0.3844180403405617,5.554465590266022,-5.17004754992546
8,8,1.4878100294522756,1.5307624429223745,-0.04295241347009893
9,8,2.6587207878796097,0.9402624429223745,1.7184583449572353
10,8,3.6200602238261275,1.2192624429223744,2.400797780903753
11,8,4.282780113645636,1.585468162568343,2.6973119510772925
12,8,4.636233376057673,1.7918444636752189,2.844388912382454
13,8,4.6698325518632435,2.0179432895395624,2.651889262323681
14,8,4.406197685970549,1.8907418393344653,2.515455846636084
15,8,3.8407337000702753,1.987612420540127,1.8531212795301482
16,8,3.0079610878540817,1.3812624429223743,1.6266986449317073
17,8,1.9506123326193585,1.2802624429223746,0.670349889696984
18,8,0.7864048017749055,2.1271624429223746,-1.340757641147469
19,8,0.17151655115526732,3.7226084621380338,-3.5510919109827666
20,8,0.000510202120280068,3.0805892845910416,-3.080079082470762
21,8,0.0,2.3298842630768513,-2.3298842630768513
22,8,0.0,2.3911297547781976,-2.3911297547781976
23,8,0.0,1.2286624429223743,-1.2286624429223743
0,8,0.0,0.8212624429223744,-0.8212624429223744
1,8,0.0,0.7942624429223742,-0.7942624429223742
2,8,0.0,0.9427624429223745,-0.9427624429223745
3,8,0.0,0.9067624429223743,-0.9067624429223743
4,8,0.0,0.8392624429223743,-0.8392624429223743
5,8,0.0,0.8392624429223743,-0.8392624429223743
6,8,0.0054495474202981295,2.6963019240553248,-2.6908523766350267
7,8,0.36177784331040225,2.5291607611976525,-2.16738291788725
8,8,1.4422201601313824,4.06584621031199,-2.623626050180607
9,8,2.5969713729962853,2.845423574111617,-0.24845220111533184
10,8,3.555483304622993,3.150730498784711,0.40475280583828166
11,8,4.22497104906592,3.111320287574556,1.1136507614913644
12,8,4.586103622455813,3.088431782601866,1.4976718398539468
13,8,4.625337981055728,3.0416404576037857,1.5836975234519426
14,8,4.355101388612634,5.576964514925521,-1.2218631263128872
15,8,3.783624958540209,3.597454180794147,0.18617077774606194
16,8,2.9079834624621963,4.111813379156104,-1.2038299166939073
17,8,1.7172980572045942,4.003823499003736,-2.2865254417991414
18,8,0.7825948701358699,3.931855746812576,-3.149260876676706
19,8,0.17486827631409127,5.718953851013018,-5.544085574698927
20,8,0.0005099851027332147,4.289578456855786,-4.289068471753053
21,8,0.0,3.580910398612943,-3.580910398612943
22,8,0.0,2.579020420200715,-2.579020420200715
23,8,0.0,2.2786365884944564,-2.2786365884944564
0,8,0.0,1.0462624429223744,-1.0462624429223744
1,8,0.0,0.8077624429223745,-0.8077624429223745
2,8,0.0,0.9427624429223745,-0.9427624429223745
3,8,0.0,0.8977624429223744,-0.8977624429223744
4,8,0.0,0.6817624429223743,-0.6817624429223743
5,8,0.0,0.8752624429223744,-0.8752624429223744
6,8,0.005425057174710438,0.6997624429223744,-0.694337385747664
7,8,0.3605285086682857,0.7492624429223743,-0.38873393425408864
8,8,1.4223383643624747,3.9259467076976717,-2.503608343335197
9,8,2.5620207049990213,2.939469883750661,-0.37744917875163964
10,8,3.5101649987336168,3.220599913675944,0.289565085057673
11,8,4.184960900622981,3.1373904195932454,1.0475704810297355
12,8,4.500136661432881,1.627744485418591,2.8723921760142903
13,8,4.494383388338597,2.992690225629932,1.5016931627086647
14,8,4.204174132536923,2.9944204227786457,1.2097537097582771
15,8,3.620112694969111,3.1822492527080097,0.4378634422611012
16,8,2.6945619235902964,2.919077185706831,-0.2245152621165345
17,8,1.5964147787483072,1.6341381512547217,-0.037723372506414554
18,8,0.6700568768707552,2.6672003596576332,-1.997143482786878
19,8,0.1654157278962593,3.196136260075085,-3.030720532178826
20,8,0.0003072946386902869,3.7637577837016805,-3.7634504890629903
21,8,0.0,1.282662442922374,-1.282662442922374
22,8,0.0,2.1292868860486163,-2.1292868860486163
23,8,0.0,2.1755299789517752,-2.1755299789517752
0,8,0.0,1.9971823384809775,-1.9971823384809775
1,8,0.0,0.7852624429223745,-0.7852624429223745
2,8,0.0,0.9292624429223744,-0.9292624429223744
3,8,0.0,0.7177624429223743,-0.7177624429223743
4,8,0.0,2.6410243019914468,-2.6410243019914468
5,8,0.0,0.6772624429223744,-0.6772624429223744
6,8,0.005442868262410578,2.786919543431804,-2.781476675169394
7,8,0.35948003270906287,3.0154783475706255,-2.6559983148615625
8,8,1.4299937130291471,4.249172518658567,-2.81917880562942
9,8,2.5856365477848837,5.118208067708596,-2.5325715199237124
10,8,3.553169464737993,2.5785019641452673,0.9746675005927257
11,8,4.228136475305565,3.750635944056859,0.47750053124870595
12,8,4.584623567426906,4.677219849536954,-0.09259628211004767
13,8,4.58277800899034,2.4315235613533632,2.151254447636977
14,8,4.003266787567501,1.1967624429223744,2.8065043446451265
15,8,3.1168724742858287,1.3252624429223745,1.7916100313634542
16,8,2.4287645373414684,1.2102624429223745,1.2185020944190939
17,8,1.7414891081035946,1.1697624429223743,0.5717266651812203
18,8,0.6997333228227469,1.2061624429223745,-0.5064291200996276
19,8,0.17333315374042224,1.1791624429223744,-1.005829289181952
20,8,0.0003078154808027346,1.3186624429223746,-1.3183546274415718
21,8,0.0,1.0981624429223746,-1.0981624429223746
22,8,0.0,1.0621624429223744,-1.0621624429223744
23,8,0.0,1.0126624429223743,-1.0126624429223743
0,8,0.0,0.8257624429223744,-0.8257624429223744
1,8,0.0,0.7807624429223744,-0.7807624429223744
2,8,0.0,0.7357624429223745,-0.7357624429223745
3,8,0.0,0.7042624429223743,-0.7042624429223743
4,8,0.0,0.6682624429223745,-0.6682624429223745
5,8,0.0,0.6682624429223745,-0.6682624429223745
6,8,0.005438415490485543,2.888282330762352,-2.8828439152718666
7,8,0.35451636242569634,2.2613639839292263,-1.90684762150353
8,8,1.4348480173981222,4.301844971255938,-2.8669969538578157
9,8,2.594568929258338,4.634222589496391,-2.0396536602380526
10,8,3.57157504108611,3.732203555652789,-0.16062851456667904
11,8,4.2511384819997,3.200149256954474,1.050989225045226
12,8,4.602696417028455,1.0102624429223745,3.592433974106081
13,8,4.627233701447621,1.848999071967301,2.77823462948032
14,8,4.3445649968799005,1.1137624429223745,3.230802553957526
15,8,3.3549102049199004,1.3677624429223745,1.987147761997526
16,8,2.3652324869597035,3.5512546948209645,-1.186022207861261
17,8,1.723656141875688,3.31726143130144,-1.5936052894257522
18,8,0.6390869438455761,5.911806121118128,-5.272719177272553
19,8,0.16305968444722937,6.020300759543453,-5.857241075096224
20,8,0.015817116292110498,5.61466828068432,-5.59885116439221
21,8,0.0,1.2646624429223743,-1.2646624429223743
22,8,0.0,1.1791624429223744,-1.1791624429223744
23,8,0.0,1.1026624429223744,-1.1026624429223744
0,8,0.0,0.7582624429223744,-0.7582624429223744
1,8,0.0,0.8932624429223744,-0.8932624429223744
2,8,0.0,3.0460885381170075,-3.0460885381170075
3,8,0.0,2.7938071366919903,-2.7938071366919903
4,8,0.0,2.510888568938698,-2.510888568938698
5,8,0.0,0.8347624429223744,-0.8347624429223744
6,8,0.005462905736073234,2.6213781687548603,-2.615915263018787
7,8,0.24037301232923927,2.9444591049701496,-2.7040860926409103
8,8,0.8315977490157253,3.6198565586950946,-2.7882588096793692
9,8,0.9745699833906148,4.0146378126305615,-3.0400678292399466
10,8,1.3149717368093206,2.8780006859366924,-1.563028949127372
11,8,2.1476453889146403,2.5654332873655563,-0.417787898450916
12,8,2.273017209129567,0.7242624429223743,1.5487547662071925
13,8,2.400671948103774,3.515489102984689,-1.1148171548809147
14,8,3.108326872554682,4.1295038328272105,-1.0211769602725282
15,8,2.436622899982113,1.4550559581452456,0.9815669418368675
16,8,1.3879518390298147,0.8862624429223743,0.5016893961074403
17,8,1.0212035896746234,0.8682624429223744,0.152941146752249
18,8,0.5674434508992588,2.8954861800290357,-2.328042729129777
19,8,0.1851237812859068,0.9091624429223744,-0.7240386616364676
20,8,0.010768673622881161,1.6411624429223743,-1.6303937692994932
21,8,0.0,2.8117025982055717,-2.8117025982055717
22,8,0.0,4.508393178969178,-4.508393178969178
23,8,0.0,0.8911624429223743,-0.8911624429223743
0,8,0.0,0.6052624429223744,-0.6052624429223744
1,8,0.0,0.7672624429223744,-0.7672624429223744
2,8,0.0,0.5602624429223744,-0.5602624429223744
3,8,0.0,1.8657678965858646,-1.8657678965858646
4,8,0.0,0.48376244292237436,-0.48376244292237436
5,8,0.0,0.4432624429223745,-0.4432624429223745
6,8,0.0,0.4522624429223744,-0.4522624429223744
7,8,0.14717955646918138,1.8322764397839975,-1.685096883314816
8,8,0.6475107154531233,4.2239918796908515,-3.576481164237728
9,8,0.9953284017519208,1.3867624429223744,-0.39143404117045355
10,8,2.12757619758868,0.6592624429223743,1.4683137546663056
11,8,2.8429312167599674,1.5832073458885332,1.2597238708714342
12,8,3.651719918802383,2.870385852968809,0.7813340658335739
13,8,4.277118362940498,3.4924723287090944,0.7846460342314034
14,8,4.292080780578592,3.1901831525713433,1.101897628007249
15,8,3.6696199931512434,0.9312624429223744,2.7383575502288693
16,8,2.967972467094611,0.7647624429223745,2.2032100241722365
17,8,1.7995282919444462,0.8052624429223746,0.9942658490220716
18,8,0.756072446953858,4.708011789594969,-3.951939342641111
19,8,0.2294435160308678,4.087739308037574,-3.8582957920067065
20,8,0.010920067868332346,1.6681624429223743,-1.657242375054042
21,8,0.0,2.1469312149240314,-2.1469312149240314
22,8,0.0,1.7938546451371764,-1.7938546451371764
23,8,0.0,0.6706624429223744,-0.6706624429223744
0,8,0.0,0.5467624429223743,-0.5467624429223743
1,8,0.0,2.682772280308397,-2.682772280308397
2,8,0.0,0.6097624429223745,-0.6097624429223745
3,8,0.0,2.1593750691297475,-2.1593750691297475
4,8,0.0,0.36676244292237437,-0.36676244292237437
5,8,0.0,0.35776244292237436,-0.35776244292237436
6,8,0.0,0.3352624429223744,-0.3352624429223744
7,8,0.17976393329887871,0.33976244292237445,-0.15999850962349574
8,8,0.6012289757858408,3.5446308409297043,-2.9434018651438634
9,8,0.9511683255164192,0.43176244292237437,0.5194058825940449
10,8,1.5194084665765166,2.596615802614467,-1.0772073360379502
11,8,3.283908597866082,2.8232157016753714,0.4606928961907104
12,8,4.032183787655989,2.8158861162031785,1.2162976714528106
13,8,4.26559797851063,3.266342253633032,0.9992557248775982
14,8,3.997733898670596,1.9803392577933443,2.0173946408772516
15,8,3.7217731728534993,1.9618016652492751,1.7599715076042242
16,8,2.7481815849160673,1.889124941825278,0.8590566430907893
17,8,1.8640555690105522,2.177840085855017,-0.31378451684446484
18,8,0.5546540207056525,2.570044579218906,-2.0153905585132534
19,8,0.17356277419011407,2.785710156585595,-2.612147382395481
20,8,0.005538602858798827,6.037080837552491,-6.031542234693692
21,8,0.0,3.047799837900901,-3.047799837900901
22,8,0.0,3.4272684578683417,-3.4272684578683417
23,8,0.0,2.898214817747712,-2.898214817747712
0,8,0.0,0.38926244292237433,-0.38926244292237433
1,8,0.0,0.39826244292237445,-0.39826244292237445
2,8,0.0,0.38926244292237433,-0.38926244292237433
3,8,0.0,0.5737624429223744,-0.5737624429223744
4,8,0.0,0.5557624429223744,-0.5557624429223744
5,8,0.0,0.38476244292237444,-0.38476244292237444
6,8,0.0,2.3640635100124063,-2.3640635100124063
7,8,0.12318413673700414,1.2967624429223745,-1.1735783061853704
8,8,0.2948370980923996,2.7421081057002628,-2.447271007607863
9,8,1.3272236996841738,2.8684069017585854,-1.5411832020744116
10,8,1.7510564325174087,1.8455460574490887,-0.09448962493168
11,8,2.556102991711226,0.6682624429223745,1.8878405487888517
12,8,3.9189833997453407,0.6027624429223744,3.316220956822966
13,8,4.551513304581136,0.5737624429223744,3.9777508616587616
14,8,4.2453908941539655,1.203958076040014,3.0414328181139516
15,8,3.5950703715487187,1.367603629112526,2.2274667424361927
16,8,2.616550040044261,1.2128288370514144,1.4037212029928465
17,8,1.3707336712668696,1.2089908932557223,0.16174277801114734
18,8,0.7224492394711366,1.3943166404363834,-0.6718674009652468
19,8,0.17463465781378804,1.446757764107899,-1.272123106294111
20,8,0.005500754297436031,0.8371624429223743,-0.8316616886249383
21,8,0.0,0.8236624429223744,-0.8236624429223744
22,8,0.0,0.8146624429223743,-0.8146624429223743
23,8,0.0,0.7966624429223743,-0.7966624429223743
0,8,0.0,0.48376244292237436,-0.48376244292237436
1,8,0.0,0.4792624429223743,-0.4792624429223743
2,8,0.0,0.4612624429223744,-0.4612624429223744
3,8,0.0,0.4432624429223745,-0.4432624429223745
4,8,0.0,0.6007624429223745,-0.6007624429223745
5,8,0.0,0.5737624429223744,-0.5737624429223744
6,8,0.0,1.4833812246804965,-1.4833812246804965
7,8,0.29293745485850203,0.4297624429223744,-0.1368249880638724
8,8,1.1509423336358884,1.7990521128033738,-0.6481097791674855
9,8,1.705651726880038,1.8267833195397092,-0.12113159265967122
10,8,2.6156624144110547,1.8560793038302297,0.7595831105808251
11,8,2.13829787215766,5.929291286371054,-3.790993414213394
12,8,2.1482867385791367,4.560583986082724,-2.4122972475035875
13,8,4.085839020617836,4.114974604763132,-0.029135584145295823
14,8,3.9278110989790314,4.112828945718614,-0.18501784673958266
15,8,3.539214033977478,2.9275977743196018,0.6116162596578762
16,8,2.6263059717912998,3.4535340545374615,-0.8272280827461618
17,8,1.8528268079717063,3.71071055038645,-1.8578837424147436
18,8,0.7540500545758584,4.474034514307154,-3.7199844597312954
19,8,0.18647831619834898,4.977918687531564,-4.7914403713332145
20,8,0.005469584893960787,4.5010490475670935,-4.495579462673133
21,8,0.0,2.3963544989047456,-2.3963544989047456
22,8,0.0,0.6526624429223744,-0.6526624429223744
23,8,0.0,0.7786624429223744,-0.7786624429223744
0,8,0.0,0.4522624429223744,-0.4522624429223744
1,8,0.0,0.4117624429223743,-0.4117624429223743
2,8,0.0,0.5872624429223745,-0.5872624429223745
3,8,0.0,0.5917624429223743,-0.5917624429223743
4,8,0.0,0.40726244292237446,-0.40726244292237446
5,8,0.0,0.5512624429223745,-0.5512624429223745
6,8,0.0,5.293709285154785,-5.293709285154785
7,8,0.07248001262729051,2.6074963214417117,-2.5350163088144213
8,8,0.2936551604693905,2.3107937286048235,-2.017138568135433
9,8,1.0745232267009215,0.6747624429223744,0.39976078377854707
10,8,1.701856652089754,2.79829619468223,-1.096439542592476
11,8,2.9712173702634166,1.085911596843184,1.8853057734202325
12,8,3.803486075465447,2.3026752273758824,1.5008108480895648
13,8,4.082630815520001,2.31177004915589,1.7708607663641107
14,8,4.148166730234526,1.3595365765429177,2.7886301536916083
15,8,3.5911908417197678,1.050208138154615,2.540982703565153
16,8,2.8289785021404126,2.9957511251945173,-0.16677262305410467
17,8,1.7368897860339985,3.1913761698873895,-1.454486383853391
18,8,0.6882397664543369,3.2524692506195483,-2.564229484165211
19,8,0.17469421810919025,0.8821624429223742,-0.7074682248131839
20,8,0.005496301525510995,1.4161624429223745,-1.4106661413968635
21,8,0.0,2.380950732596567,-2.380950732596567
22,8,0.0,2.6689193242667297,-2.6689193242667297
23,8,0.0,2.530568989703878,-2.530568989703878
0,8,0.0,0.4612624429223744,-0.4612624429223744
1,8,0.0,0.4477624429223743,-0.4477624429223743
2,8,0.0,0.6232624429223745,-0.6232624429223745
3,8,0.0,0.43876244292237443,-0.43876244292237443
4,8,0.0,0.6232624429223745,-0.6232624429223745
5,8,0.0,1.4633108595047775,-1.4633108595047775
6,8,0.0,3.7949185435487687,-3.7949185435487687
7,8,0.20514262179360634,2.2283049097208707,-2.0231622879272644
8,8,0.9421393564375206,3.910519913266731,-2.9683805568292105
9,8,1.4895506897046733,3.6490829581255424,-2.159532268420869
10,8,2.559140664440872,3.149738964147814,-0.5905982997069423
11,8,2.382075502538618,2.9234369250992254,-0.5413614225606072
12,8,3.497075546102404,2.3892624429223743,1.1078131031800296
13,8,4.236295663426056,2.0381881300329368,2.198107533393119
14,8,4.284711282118454,1.0077624429223744,3.2769488391960793
15,8,3.719432486947854,1.012262442922374,2.70717004402548
16,8,2.9301613851330157,0.9607624429223744,1.9693989422106413
17,8,1.7911416921853027,0.9132624429223745,0.8778792492629283
18,8,0.781747051972679,0.9361624429223745,-0.15441539094969547
19,8,0.18062997778639397,0.9001624429223742,-0.7195324651359802
20,8,0.0054339627185605085,0.7921624429223744,-0.7867284802038138
21,8,0.0,0.7561624429223746,-0.7561624429223746
22,8,0.0,0.9586624429223745,-0.9586624429223745
23,8,0.0,0.8686624429223744,-0.8686624429223744
0,8,0.0,0.7132624429223744,-0.7132624429223744
1,8,0.0,0.5062624429223744,-0.5062624429223744
2,8,0.0,2.4304588788468537,-2.4304588788468537
3,8,0.0,2.440804925248463,-2.440804925248463
4,8,0.0,2.074484615344526,-2.074484615344526
5,8,0.0,0.46576244292237445,-0.46576244292237445
6,8,0.0,0.4702624429223744,-0.4702624429223744
7,8,0.32031127382046265,2.185610776318028,-1.8652995024975656
8,8,1.4000404738069656,2.0399600948860495,-0.6399196210790838
9,8,2.544814675871773,1.4652624429223744,1.0795522329493985
10,8,3.346958457272452,0.7692624429223743,2.5776960143500776
11,8,3.69435272471962,0.8232624429223745,2.8710902817972457
12,8,3.864392395013402,0.8592624429223743,3.0051299520910275
13,8,4.651261129113326,0.8772624429223743,3.773998686190952
14,8,3.7958806636921913,2.0709011581320205,1.7249795055601709
15,8,3.0682079956332067,0.7582624429223744,2.309945552710832
16,8,2.410833656011626,0.9942624429223743,1.4165712130892518
17,8,1.653023875148909,0.8187624429223743,0.8342614322265347
18,8,0.26151148264403085,0.7021624429223743,-0.44065096027834344
19,8,0.16865003079099544,0.7156624429223744,-0.5470124121313789
20,8,0.005478490437810857,0.7021624429223743,-0.6966839524845634
21,8,0.0,2.962042695136036,-2.962042695136036
22,8,0.0,1.6874921027466767,-1.6874921027466767
23,8,0.0,1.8185091101251925,-1.8185091101251925
0,8,0.0,1.911723535577162,-1.911723535577162
1,8,0.0,0.46576244292237445,-0.46576244292237445
2,8,0.0,0.42526244292237436,-0.42526244292237436
3,8,0.0,0.41626244292237435,-0.41626244292237435
4,8,0.0,1.6453929979272182,-1.6453929979272182
5,8,0.0,1.4035260707762252,-1.4035260707762252
6,8,0.0,2.523937180721358,-2.523937180721358
7,8,0.24127691051836547,2.8458573392335476,-2.604580428715182
8,8,1.0276358821017213,1.8944210968904898,-0.8667852147887685
9,8,1.7487114349705564,0.6882624429223745,1.0604489920481819
10,8,2.8311536976204232,1.2720035392001319,1.5591501584202914
11,8,3.655368323165669,1.0947996375110056,2.5605686856546637
12,8,4.080912546095736,1.0463339779960021,3.034578568099734
13,8,4.325357225054034,2.3116371922573205,2.013720032796714
14,8,4.477851682792385,2.0610955473961567,2.416756135396228
15,8,3.868946273152269,0.9447624429223744,2.924183830229895
16,8,2.8566350906805953,0.9582624429223744,1.898372647758221
17,8,1.7863582140770398,0.9942624429223743,0.7920957711546655
18,8,0.6470123462951246,3.4591634217763665,-2.8121510754812418
19,8,0.16391002111399103,5.7204041314844805,-5.5564941103704895
20,8,0.0,4.745124793425541,-4.745124793425541
21,8,0.0,2.9909522851914643,-2.9909522851914643
22,8,0.0,2.4550494484163785,-2.4550494484163785
23,8,0.0,3.40768971047982,-3.40768971047982
0,8,0.0,2.2398559458225997,-2.2398559458225997
1,8,0.0,0.3937624429223744,-0.3937624429223744
2,8,0.0,0.35326244292237446,-0.35326244292237446
3,8,0.0,0.3487624429223744,-0.3487624429223744
4,8,0.0,0.34426244292237435,-0.34426244292237435
5,8,0.0,0.5827624429223743,-0.5827624429223743
6,8,0.0,2.426272753800773,-2.426272753800773
7,8,0.20473957227927966,4.041264332348628,-3.836524760069348
8,8,0.6739897112883375,2.541740380754964,-1.8677506694666264
9,8,2.104693430343433,0.6322624429223744,1.4724309874210586
10,8,2.5951811765628343,0.5622624429223744,2.03291873364046
11,8,3.5302709831418295,3.3977253537570786,0.1325456293847509
12,8,3.846882426051905,2.622785085235491,1.2240973408164137
13,8,3.810583046958453,3.385537642399915,0.4250454045585381
14,8,3.5766306415091433,2.982460600239347,0.5941700412697966
15,8,3.219859687280027,0.6187624429223744,2.6010972443576525
16,8,2.7209797226225763,0.8727624429223744,1.8482172797002019
17,8,1.4655365985784738,0.6072624429223745,0.8582741556560993
18,8,0.6766395122496781,2.303911232390253,-1.627271720140575
19,8,0.152088521215034,1.3216624429223744,-1.1695739217073404
20,8,0.0,0.7201624429223744,-0.7201624429223744
21,8,0.0,0.7111624429223744,-0.7111624429223744
22,8,0.0,0.5131624429223745,-0.5131624429223745
23,8,0.0,0.49516244292237444,-0.49516244292237444
0,8,0.0,0.5602624429223744,-0.5602624429223744
1,8,0.0,0.36676244292237437,-0.36676244292237437
2,8,0.0,0.5197624429223744,-0.5197624429223744
3,8,0.0,1.7648142756423686,-1.7648142756423686
4,8,0.0,1.678611847303693,-1.678611847303693
5,8,0.0,0.3352624429223744,-0.3352624429223744
6,8,0.0,0.33076244292237444,-0.33076244292237444
7,8,0.33246325779211205,4.198864822350337,-3.866401564558225
8,8,1.5158945740144079,5.802767723283273,-4.286873149268865
9,8,2.752667527818823,2.5433094119992643,0.20935811581955877
10,8,3.7684342539417313,2.392184721952484,1.3762495319892474
11,8,4.502748145288028,3.256979416289652,1.2457687289983763
12,8,4.586331600971261,3.0367464537245428,1.549585147246718
13,8,4.417671574338524,0.7827624429223744,3.6349091314161495
14,8,4.162311381549514,0.8502624429223745,3.312048938627139
15,8,3.233032221629866,0.8052624429223746,2.4277697787074914
16,8,2.197685593306418,0.7152624429223744,1.4824231503840437
17,8,1.5608791001906503,0.6817624429223743,0.879116657268276
18,8,0.669343313351615,0.7831624429223744,-0.11381912957075935
19,8,0.13889035573727748,2.6556635987810058,-2.5167732430437284
20,8,0.0,2.0071181680620542,-2.0071181680620542
21,8,0.0,1.705478429440221,-1.705478429440221
22,8,0.0,2.2561580186315098,-2.2561580186315098
23,8,0.0,0.5806624429223743,-0.5806624429223743
0,8,0.0,0.6187624429223744,-0.6187624429223744
1,8,0.0,2.207039316560013,-2.207039316560013
2,8,0.0,4.232641408327382,-4.232641408327382
3,8,0.0,0.5647624429223744,-0.5647624429223744
4,8,0.0,0.36676244292237437,-0.36676244292237437
5,8,0.0,0.39826244292237445,-0.39826244292237445
6,8,0.0,2.4684255937985546,-2.4684255937985546
7,8,0.26602028873278377,2.8314742437603466,-2.565453955027563
8,8,1.1338371874051805,0.7132624429223744,0.4205747444828061
9,8,1.788468959383902,0.8142624429223744,0.9742065164615277
10,8,3.0316119034467186,1.238516486681308,1.7930954167654105
11,8,3.7865388186503615,0.7242624429223743,3.062276375727987
12,8,4.463752213404623,3.222759340611174,1.2409928727934494
13,8,4.465303087611644,0.8052624429223746,3.660040644689269
14,8,4.166215329935915,5.905036649709004,-1.7388213197730886
15,8,3.643132715665253,3.565334019388745,0.07779869627650804
16,8,2.8719568705472254,3.177571148778206,-0.30561427823098075
17,8,1.8320564602609708,3.35003044992232,-1.5179739896613493
18,8,0.7309643340169337,3.834112080221388,-3.103147746204454
19,8,0.13516555574350853,5.665116856702285,-5.529951300958777
20,8,0.0,3.5955407305788483,-3.5955407305788483
21,8,0.0,2.825727351804804,-2.825727351804804
22,8,0.0,3.783771927971764,-3.783771927971764
23,8,0.0,2.1529476220257937,-2.1529476220257937
0,8,0.0,2.2067844202898033,-2.2067844202898033
1,8,0.0,0.3757624429223745,-0.3757624429223745
2,8,0.0,0.35326244292237446,-0.35326244292237446
3,8,0.0,2.238799269570901,-2.238799269570901
4,8,0.0,2.5148278905110493,-2.5148278905110493
5,8,0.0,0.5242624429223743,-0.5242624429223743
6,8,0.0,0.5377624429223744,-0.5377624429223744
7,8,0.32937457037348905,1.447297542552485,-1.117922972178996
8,8,1.5293148907262561,6.273634975555865,-4.744320084829608
9,8,2.7866618509316377,0.6342624429223744,2.152399408009263
10,8,3.8222019464233234,0.8817624429223743,2.940439503500949
11,8,4.532448714378044,2.730713257847892,1.8017354565301522
12,8,4.907786113665994,3.815712896085889,1.0920732175801047
13,8,4.660162031122453,1.0437624429223744,3.6163995882000783
14,8,4.449048103778295,1.0192624429223742,3.4297856608559205
15,8,3.768589776039374,3.395414977351681,0.373174798687693
16,8,2.7934106819937075,2.842451749869138,-0.0490410678754305
17,8,1.9506057754687838,2.423154525714836,-0.47254875024605214
18,8,0.7490794122185317,1.7086624429223745,-0.9595830307038428
19,8,0.13178391335586914,2.663516203913768,-2.531732290557899
20,8,0.0,1.4791624429223744,-1.4791624429223744
21,8,0.0,0.6661624429223745,-0.6661624429223745
22,8,0.0,0.7921624429223744,-0.7921624429223744
23,8,0.0,3.174980983984913,-3.174980983984913
0,8,0.0,2.01712912437341,-2.01712912437341
1,8,0.0,1.9521942978368967,-1.9521942978368967
2,8,0.0,0.46576244292237445,-0.46576244292237445
3,8,0.0,0.5917624429223743,-0.5917624429223743
4,8,0.0,0.3757624429223745,-0.3757624429223745
5,8,0.0,0.6052624429223744,-0.6052624429223744
6,8,0.0,2.821379009095306,-2.821379009095306
7,8,0.33314925828340103,3.460404882945344,-3.127255624661943
8,8,1.5424231490636473,5.4645790030971435,-3.9221558540334964
9,8,2.7891540665713235,3.926239582068004,-1.1370855154966804
10,8,3.8038284173907897,2.224416245644382,1.5794121717464078
11,8,4.501118225183348,0.7312624429223744,3.769855782260974
12,8,4.861658400118348,2.8466020110659866,2.015056389052361
13,8,4.904258653698374,2.6305234896646894,2.2737351640336847
14,8,4.350770713969048,2.9466539808578256,1.4041167331112225
15,8,3.7293800934008003,2.892101804588894,0.8372782888119064
16,8,3.0460359120598164,1.5061800896915054,1.539855822368311
17,8,1.9214867975526375,1.5943362807570278,0.3271505167956097
18,8,0.7521936323684064,1.4131883238220158,-0.6609946914536093
19,8,0.12207441088646105,2.7063476248978353,-2.5842732140113744
20,8,0.0,1.4476624429223746,-1.4476624429223746
21,8,0.0,2.215001138345575,-2.215001138345575
22,8,0.0,3.986345891753962,-3.986345891753962
23,8,0.0,4.499149672572802,-4.499149672572802
0,8,0.0,2.79869663043179,-2.79869663043179
1,8,0.0,0.6502624429223745,-0.6502624429223745
2,8,0.0,2.7856809000954645,-2.7856809000954645
3,8,0.0,0.5242624429223743,-0.5242624429223743
4,8,0.0,0.3082624429223745,-0.3082624429223745
5,8,0.0,0.31726244292237443,-0.31726244292237443
6,8,0.0,0.4477624429223744,-0.4477624429223744
7,8,0.3393058258223418,2.175325069738056,-1.8360192439157144
8,8,1.5883880464480642,4.690311178179438,-3.1019231317313736
9,8,2.8574365247621922,2.929249142311011,-0.07181261754881874
10,8,3.8764135799464867,2.5786628304921506,1.297750749454336
11,8,4.578833772337367,3.1692736233419705,1.4095601489953964
12,8,4.93639520871045,2.3642874295962675,2.5721077791141824
13,8,4.955673274399853,1.0437624429223744,3.9119108314774786
14,8,4.649571035158674,1.2687624429223745,3.3808085922362996
15,8,4.036307261367974,1.1112624429223743,2.9250448184456
16,8,3.1302985987242993,1.2912624429223745,1.8390361558019248
17,8,1.982802877901782,1.0887624429223743,0.8940404349794076
18,8,0.7471933765970096,3.037891719064131,-2.2906983424671212
19,8,0.11737981218330072,2.6764973879646266,-2.559117575781326
20,8,0.0,2.925886303868265,-2.925886303868265
21,8,0.0,2.28333490364843,-2.28333490364843
22,8,0.0,2.778890394839789,-2.778890394839789
23,8,0.0,1.1339892198790942,-1.1339892198790942
0,8,0.0,1.1679872827302662,-1.1679872827302662
1,8,0.0,0.9515531056970827,-0.9515531056970827
2,8,0.0,0.4297624429223744,-0.4297624429223744
3,8,0.0,0.5512624429223744,-0.5512624429223744
4,8,0.0,3.7626761073481356,-3.7626761073481356
5,8,0.0,2.553672778712003,-2.553672778712003
6,8,0.0,0.3127624429223744,-0.3127624429223744
7,8,0.3267296196357111,1.7366938159789878,-1.4099641963432767
8,8,1.55500242688885,1.8071149713627075,-0.25211254447385745
9,8,2.79644189879215,2.2073301392348963,0.5891117595572539
10,8,3.7984437225903003,2.043893777359056,1.7545499452312443
11,8,4.477218552515778,2.179809171637891,2.2974093808778866
12,8,4.823013804693777,2.135555590462429,2.687458214231348
13,8,4.844580592820416,3.536814729326066,1.3077658634943505
14,8,4.545281283234302,3.6156859442379194,0.9295953389963825
15,8,3.9259585997314272,3.39286322135269,0.5330953783787371
16,8,3.0100204144137392,3.899278867593668,-0.8892584531799286
17,8,1.8775329237726792,3.778783882763994,-1.901250958991315
18,8,0.7110593991490998,4.53595940704246,-3.8249000078933606
19,8,0.006066117367875103,3.442452681271341,-3.436386563903466
20,8,0.0,1.6096624429223745,-1.6096624429223745
21,8,0.0,0.8146624429223743,-0.8146624429223743
22,8,0.0,0.8416624429223745,-0.8416624429223745
23,8,0.0,1.0981624429223746,-1.0981624429223746
0,8,0.0,0.8977624429223744,-0.8977624429223744
1,8,0.0,0.5557624429223744,-0.5557624429223744
2,8,0.0,0.4972624429223744,-0.4972624429223744
3,8,0.0,0.48376244292237436,-0.48376244292237436
4,8,0.0,2.323241898722039,-2.323241898722039
5,8,0.0,2.332604153665698,-2.332604153665698
6,8,0.0,3.8949202714537723,-3.8949202714537723
7,8,0.3066572043908857,4.871655631152164,-4.564998426761278
8,8,1.4816840748014461,2.4864609423855892,-1.004776867584143
9,8,2.7301851980459273,2.6495108592906136,0.08067433875531371
10,8,3.71590158714332,2.547043687475676,1.168857899667644
11,8,4.389529542175204,2.7498559079497835,1.6396736342254203
12,8,4.737028966783718,1.0842624429223744,3.6527665238613443
13,8,4.7551281571115585,1.1427624429223746,3.612365714189184
14,8,4.45812302049876,2.693603425480036,1.7645195950187236
15,8,3.85006174239005,1.2237624429223743,2.626299299467676
16,8,2.9621567709280994,1.2417624429223744,1.720394328005725
17,8,1.865405296981965,1.3722624429223742,0.4931428540595908
18,8,0.6895729494770254,1.9471624429223744,-1.2575894934453489
19,8,0.005678390166610412,2.910862226260722,-2.905183836094112
20,8,0.0,3.130523169895452,-3.130523169895452
21,8,0.0,2.9981699800349926,-2.9981699800349926
22,8,0.0,0.9451624429223743,-0.9451624429223743
23,8,0.0,0.8731624429223745,-0.8731624429223745
0,8,0.0,2.7571630233409623,-2.7571630233409623
1,8,0.0,0.6367624429223743,-0.6367624429223743
2,8,0.0,0.5647624429223744,-0.5647624429223744
3,8,0.0,0.5152624429223743,-0.5152624429223743
4,8,0.0,0.4882624429223744,-0.4882624429223744
5,8,0.0,0.6277624429223744,-0.6277624429223744
6,8,0.0,0.6187624429223744,-0.6187624429223744
7,8,0.30952262335548125,2.3733004614430433,-2.063777838087562
8,8,1.5079292170896728,4.559093440308491,-3.051164223218818
9,8,2.7277480664492746,1.0192624429223742,1.7084856235269004
10,8,3.7101126875617925,1.2012624429223744,2.508850244639418
11,8,4.3813796062725,2.843836837456684,1.5375427688158156
12,8,4.722458098409056,2.553209758650729,2.1692483397583264
13,8,4.749041418217542,2.8954381663186983,1.8536032518988441
14,8,4.417212051444166,1.2037624429223743,3.213449608521792
15,8,3.834922292953506,2.9011600633567447,0.9337622295967614
16,8,2.943186111973968,2.497009284556947,0.446176827417021
17,8,1.8753591578959732,2.7438942225675307,-0.8685350646715575
18,8,0.6949240016394855,1.2826624429223743,-0.5877384412828888
19,8,0.0057573139224246905,3.3763862934253472,-3.3706289795029227
20,8,0.0,1.2286624429223743,-1.2286624429223743
21,8,0.0,2.834669673368337,-2.834669673368337
22,8,0.0,0.9001624429223742,-0.9001624429223742
23,8,0.0,1.0711624429223745,-1.0711624429223745
0,8,0.0,0.7402624429223745,-0.7402624429223745
1,8,0.0,0.8617624429223744,-0.8617624429223744
2,8,0.0,0.8122624429223744,-0.8122624429223744
3,8,0.0,0.7852624429223745,-0.7852624429223745
4,8,0.0,0.7672624429223744,-0.7672624429223744
5,8,0.0,0.5917624429223743,-0.5917624429223743
6,8,0.0,0.5512624429223744,-0.5512624429223744
7,8,0.30648889523390754,0.5962624429223744,-0.28977354768846686
8,8,1.5168909647873055,0.9112624429223745,0.605628521864931
9,8,2.7399582243320797,1.0597624429223744,1.6801957814097053
10,8,3.7154831838430775,1.2462624429223743,2.4692207409207034
11,8,4.378887581475452,1.3362624429223744,3.042625138553078
12,8,4.723449779456641,3.711948632006682,1.011501147449959
13,8,4.698607044485383,1.1992624429223744,3.499344601563009
14,8,4.362158248620917,1.4577624429223746,2.904395805698542
15,8,3.527513581041717,1.2912624429223745,2.2362511381193424
16,8,2.7451142723159934,1.2912624429223745,1.453851829393619
17,8,1.7364399609306989,3.2556193975725423,-1.5191794366418434
18,8,0.7030749911943751,3.8085911705861255,-3.1055161793917505
19,8,0.005181350375305288,3.002711977184255,-2.99753062680895
20,8,0.0,1.1926624429223742,-1.1926624429223742
21,8,0.0,1.0441624429223744,-1.0441624429223744
22,8,0.0,1.1656624429223745,-1.1656624429223745
23,8,0.0,1.1071624429223743,-1.1071624429223743
0,8,0.0,0.7942624429223742,-0.7942624429223742
1,8,0.0,0.9202624429223746,-0.9202624429223746
2,8,0.0,0.8842624429223743,-0.8842624429223743
3,8,0.0,0.8437624429223745,-0.8437624429223745
4,8,0.0,0.8077624429223744,-0.8077624429223744
5,8,0.0,0.6187624429223744,-0.6187624429223744
6,8,0.0,3.1218090865048995,-3.1218090865048995
7,8,0.2467905849598274,0.8437624429223745,-0.596971857962547
8,8,1.2642753138529013,6.081044591030387,-4.816769277177485
9,8,2.117261717120949,7.214746204982751,-5.097484487861802
10,8,3.4364762504864763,3.149792590140604,0.2866836603458722
11,8,4.253779013539287,3.613872323262586,0.639906690276701
12,8,4.66110736008088,1.0372624429223742,3.6238449171585057
13,8,4.734399036598047,2.124163692548735,2.610235344049312
14,8,4.467557508245839,1.7177577617562292,2.74979974648961
15,8,3.838620572397706,1.966855718072148,1.8717648543255578
16,8,2.8502041189237617,3.3381852962533047,-0.48798117732954305
17,8,1.8328656506317542,1.6375254337255836,0.19534021690617065
18,8,0.6646898899602756,3.6192753678580907,-2.9545854778978153
19,8,0.004638253341869259,2.9411513598476082,-2.936513106505739
20,8,0.0,3.9678595584389598,-3.9678595584389598
21,8,0.0,3.316626169478646,-3.316626169478646
22,8,0.0,2.592091745622678,-2.592091745622678
23,8,0.0,3.3801714216655703,-3.3801714216655703
0,8,0.0,3.037366401965486,-3.037366401965486
1,8,0.0,2.651288036373196,-2.651288036373196
2,8,0.0,0.6907624429223744,-0.6907624429223744
3,8,0.0,0.6457624429223745,-0.6457624429223745
4,8,0.0,0.6097624429223745,-0.6097624429223745
5,8,0.0,0.5827624429223743,-0.5827624429223743
6,8,0.0,0.5602624429223744,-0.5602624429223744
7,8,0.20211445418528282,2.923859844571165,-2.7217453903858826
8,8,0.9065357166696095,1.853401448843741,-0.9468657321741314
9,8,1.9283133238172538,1.8187525927213095,0.10956073109594433
10,8,2.2667933660796744,1.0572624429223743,1.2095309231573002
11,8,3.8265649071673526,1.1562624429223742,2.6703024642449784
12,8,4.329687115451745,1.6356002796799014,2.6940868357718433
13,8,4.427408210050523,1.7836124718049495,2.643795738245574
14,8,4.305862708762041,1.1652624429223746,3.140600265839667
15,8,3.451271550905739,1.3677624429223745,2.0835091079833647
16,8,2.5127299841229465,1.1092624429223743,1.4034675412005722
17,8,1.4898093917777353,1.1227624429223746,0.3670469488553607
18,8,0.6670717544004183,3.410856907506448,-2.74378515310603
19,8,0.0044134663352270054,1.3141624429223744,-1.3097489765871473
20,8,0.0,2.8385062636866287,-2.8385062636866287
21,8,0.0,3.400914905109884,-3.400914905109884
22,8,0.0,2.9477596642724704,-2.9477596642724704
23,8,0.0,3.5126020642248363,-3.5126020642248363
0,8,0.0,0.9697624429223742,-0.9697624429223742
1,8,0.0,0.9472624429223743,-0.9472624429223743
2,8,0.0,0.7222624429223744,-0.7222624429223744
3,8,0.0,0.8752624429223744,-0.8752624429223744
4,8,0.0,2.800464441731004,-2.800464441731004
5,8,0.0,3.9594037168444896,-3.9594037168444896
6,8,0.0,4.1749406237311515,-4.1749406237311515
7,8,0.17146417331735103,2.2808246630566265,-2.1093604897392755
8,8,0.5554116572851131,2.622791476202339,-2.0673798189172263
9,8,0.7736133550117139,0.9852624429223745,-0.21164908791066062
10,8,1.3969555673074892,2.5243712164009127,-1.1274156490934235
11,8,2.499803355399971,2.679653448551129,-0.1798500931511584
12,8,3.3635748061865485,2.533124880954471,0.8304499252320774
13,8,2.190582150320132,3.3044986889216323,-1.1139165386015004
14,8,2.156035322193342,2.80137822495767,-0.645342902764328
15,8,3.6915450143947606,1.2082624429223745,2.483282571472386
16,8,2.8318042589868617,1.2172624429223742,1.6145418160644875
17,8,1.830770880512525,1.2732624429223744,0.5575084375901505
18,8,0.5711704620085764,1.8796624429223745,-1.3084919809137983
19,8,0.0037169322543836756,3.112737997574679,-3.109021065320295
20,8,0.0,3.938169658068176,-3.938169658068176
21,8,0.0,0.9901624429223743,-0.9901624429223743
22,8,0.0,0.9676624429223742,-0.9676624429223742
23,8,0.0,2.42294588876113,-2.42294588876113
0,8,0.0,2.7191293462474104,-2.7191293462474104
1,8,0.0,3.1172915163195687,-3.1172915163195687
2,8,0.0,2.6927087569671464,-2.6927087569671464
3,8,0.0,2.5440474114223606,-2.5440474114223606
4,8,0.0,0.6502624429223743,-0.6502624429223743
5,8,0.0,0.6097624429223745,-0.6097624429223745
6,8,0.0,0.7222624429223745,-0.7222624429223745
7,8,0.167506612279454,1.4812624429223744,-1.3137558306429205
8,8,1.0452866232901403,2.587053051400342,-1.5417664281102015
9,8,2.035126487022073,0.6412624429223743,1.3938640440996986
10,8,1.7702634445135306,0.7017624429223743,1.0685010015911562
11,8,3.199448448783358,1.247370858288193,1.9520775904951648
12,8,3.3055770953212495,1.2262913660899302,2.0792857292313194
13,8,3.818400741996775,3.940788292761959,-0.12238755076518393
14,8,3.3808140580204378,3.487618491339439,-0.10680443331900102
15,8,2.261476201300736,3.637318107433189,-1.375841906132453
16,8,1.870319800387302,3.0785094582247887,-1.2081896578374867
17,8,0.8279637390225207,0.6522624429223745,0.1757012961001463
18,8,0.09873593018016759,1.172911979866785,-1.0741760496866175
19,8,0.02205761100536009,3.0433937295171103,-3.02133611851175
20,8,0.0,2.6132319017459062,-2.6132319017459062
21,8,0.0,0.5536624429223744,-0.5536624429223744
22,8,0.0,0.7066624429223743,-0.7066624429223743
23,8,0.0,0.5041624429223744,-0.5041624429223744
0,9,0.0,2.5412264697832154,-2.5412264697832154
1,9,0.0,3.551463169877574,-3.551463169877574
2,9,0.0,2.4311002606438343,-2.4311002606438343
3,9,0.0,0.5557624429223744,-0.5557624429223744
4,9,0.0,0.3802624429223744,-0.3802624429223744
5,9,0.0,0.5557624429223744,-0.5557624429223744
6,9,0.0,0.5467624429223743,-0.5467624429223743
7,9,0.18743729683159416,3.956583596684318,-3.769146299852724
8,9,1.0097608049950966,3.5246043059574674,-2.514843500962371
9,9,2.1927898694935486,3.102957355545123,-0.9101674860515745
10,9,2.62541629636807,2.302681597371909,0.32273469899616103
11,9,4.194001396405598,2.483838832158263,1.710162564247335
12,9,4.322893331201858,2.2069760896497863,2.1159172415520713
13,9,4.380803119897741,2.4367123052856576,1.9440908146120832
14,9,4.224017393913487,2.7719374846261498,1.4520799092873369
15,9,2.925861966775314,0.9222624429223744,2.0035995238529396
16,9,2.169879350010476,0.7107624429223744,1.4591169070881016
17,9,1.66627776447366,0.9762624429223744,0.6900153215512855
18,9,0.6274024956967073,2.5413157578115246,-1.9139132621148174
19,9,0.0027928500086665704,3.1725691074941094,-3.169776257485443
20,9,0.0,2.4686310974690793,-2.4686310974690793
21,9,0.0,0.5806624429223743,-0.5806624429223743
22,9,0.0,2.049574063384126,-2.049574063384126
23,9,0.0,2.022007848056882,-2.022007848056882
0,9,0.0,2.469785221543849,-2.469785221543849
1,9,0.0,0.6232624429223745,-0.6232624429223745
2,9,0.0,0.6142624429223744,-0.6142624429223744
3,9,0.0,0.42076244292237447,-0.42076244292237447
4,9,0.0,0.4117624429223743,-0.4117624429223743
5,9,0.0,1.7856454046592907,-1.7856454046592907
6,9,0.0,2.2339085575099737,-2.2339085575099737
7,9,0.1419797205638325,2.5369036572905546,-2.394923936726722
8,9,0.6248574829158129,0.5872624429223745,0.037595039993438384
9,9,1.6299887355547749,1.2267624429223742,0.4032262926324006
10,9,1.629162396592867,0.4902624429223744,1.1388999536704927
11,9,2.561204826491361,0.4792624429223743,2.081942383568987
12,9,4.248433459521767,0.8007624429223744,3.4476710165993922
13,9,4.4736893644085995,0.6612624429223743,3.8124269214862254
14,9,4.21709550793108,0.6882624429223745,3.5288330650087056
15,9,3.634655903272563,0.8997624429223744,2.7348934603501887
16,9,2.8308293654572396,0.7287624429223745,2.102066922534865
17,9,1.7381223457717305,1.012262442922374,0.7258599028493564
18,9,0.6046891981198995,3.160300727496281,-2.5556115293763813
19,9,0.0035031773432626324,2.686857882909373,-2.6833547055661104
20,9,0.0,4.321647023268437,-4.321647023268437
21,9,0.0,4.576044212325767,-4.576044212325767
22,9,0.0,2.692910157225467,-2.692910157225467
23,9,0.0,0.6076624429223745,-0.6076624429223745
0,9,0.0,2.3586082936567454,-2.3586082936567454
1,9,0.0,2.3921550064795927,-2.3921550064795927
2,9,0.0,2.244788084494622,-2.244788084494622
3,9,0.0,1.9112233915304575,-1.9112233915304575
4,9,0.0,4.287624150605648,-4.287624150605648
5,9,0.0,2.1017650541573616,-2.1017650541573616
6,9,0.0,1.605177536045091,-1.605177536045091
7,9,0.2722721914190105,0.4297624429223744,-0.15749025150336393
8,9,1.5088063309966897,0.5017624429223744,1.0070438880743153
9,9,2.770593276720693,0.8547624429223744,1.9158308337983185
10,9,3.8015494249054367,0.7602624429223744,3.0412869819830624
11,9,4.521333997202169,1.459442742689933,3.0618912545122363
12,9,4.858790302216171,3.4897564352738284,1.3690338669423427
13,9,4.681918100811205,1.1022624429223742,3.579655657888831
14,9,4.182751635129794,1.495256613731884,2.68749502139791
15,9,3.314574621867208,1.837886445644226,1.4766881762229818
16,9,2.6413242442058977,1.4225957107369642,1.2187285334689335
17,9,1.6769852030324512,3.0980068769400617,-1.4210216739076105
18,9,0.5927610295763492,4.0427150894619395,-3.4499540598855902
19,9,0.003253204527031497,2.853014553960935,-2.849761349433903
20,9,0.0,3.94182548267358,-3.94182548267358
21,9,0.0,3.888109196539303,-3.888109196539303
22,9,0.0,3.121437278147241,-3.121437278147241
23,9,0.0,2.7168954150417917,-2.7168954150417917
0,9,0.0,2.5538557356274185,-2.5538557356274185
1,9,0.0,0.6637624429223744,-0.6637624429223744
2,9,0.0,0.43876244292237443,-0.43876244292237443
3,9,0.0,0.4117624429223743,-0.4117624429223743
4,9,0.0,0.39826244292237445,-0.39826244292237445
5,9,0.0,0.47476244292237446,-0.47476244292237446
6,9,0.0,0.6052624429223744,-0.6052624429223744
7,9,0.16884754785763145,1.4092624429223743,-1.240414895064743
8,9,0.7953198787635669,1.2922624429223744,-0.49694256415880744
9,9,2.5879799965229147,0.9312624429223744,1.6567175536005403
10,9,3.435727407956036,0.8682624429223744,2.5674649650336616
11,9,3.9370845584158656,0.9312624429223744,3.0058221154934914
12,9,4.7330216870551425,4.47963068116558,0.2533910058895623
13,9,4.7571453928194165,3.334686634792063,1.4224587580273536
14,9,4.439316419017851,3.618596651489565,0.8207197675282862
15,9,3.8125660139457573,2.2875715826896696,1.5249944312560877
16,9,2.9561672464653785,5.139058122278503,-2.1828908758131247
17,9,1.8040773459066473,4.522221740568359,-2.7181443946617114
18,9,0.5289873625515541,4.508370902290462,-3.979383539738908
19,9,0.002574759884117625,2.3860781288395154,-2.383503368955398
20,9,0.0,1.0486624429223745,-1.0486624429223745
21,9,0.0,0.9901624429223743,-0.9901624429223743
22,9,0.0,2.4902473038381956,-2.4902473038381956
23,9,0.0,1.8863945169246181,-1.8863945169246181
0,9,0.0,1.7505366083110747,-1.7505366083110747
1,9,0.0,1.7274798802629032,-1.7274798802629032
2,9,0.0,1.9932576070478025,-1.9932576070478025
3,9,0.0,1.795590505919105,-1.795590505919105
4,9,0.0,1.6635500810100363,-1.6635500810100363
5,9,0.0,0.5377624429223744,-0.5377624429223744
6,9,0.0,0.5287624429223744,-0.5287624429223744
7,9,0.24428962272430946,2.2791944613137503,-2.0349048385894406
8,9,1.2845075498590957,1.9919042066385888,-0.7073966567794931
9,9,2.274115685212516,1.8426881161887807,0.43142756902373547
10,9,3.2546566897989186,2.2678880035454716,0.986768686253447
11,9,3.9193166721715267,2.0970169092340853,1.8222997629374413
12,9,4.165522713978583,1.1812624429223744,2.9842602710562085
13,9,4.532901899254009,1.3092624429223743,3.2236394563316346
14,9,4.371476692122655,1.3632624429223745,3.00821424920028
15,9,3.8234772692090746,1.3902624429223744,2.4332148262867
16,9,2.8933079503494628,1.3902624429223744,1.5030455074270883
17,9,1.64055896174448,1.1877624429223745,0.4527965188221055
18,9,0.5634698233715496,1.2241624429223745,-0.6606926195508249
19,9,0.0028654809915067262,2.0956624429223742,-2.0927969619308677
20,9,0.0,1.1206624429223746,-1.1206624429223746
21,9,0.0,3.105435728078566,-3.105435728078566
22,9,0.0,3.1151504328635493,-3.1151504328635493
23,9,0.0,2.6693589597246916,-2.6693589597246916
0,9,0.0,5.97293272137214,-5.97293272137214
1,9,0.0,2.7730670377288593,-2.7730670377288593
2,9,0.0,2.9259379547971314,-2.9259379547971314
3,9,0.0,3.082038658643757,-3.082038658643757
4,9,0.0,0.6097624429223745,-0.6097624429223745
5,9,0.0,3.2836049367878277,-3.2836049367878277
6,9,0.0,1.855441168780456,-1.855441168780456
7,9,0.2731850995140196,3.3729805896615823,-3.099795490147563
8,9,1.5527455661091623,1.8674293080885431,-0.31468374197938087
9,9,2.8279789381105234,0.7647624429223745,2.063216495188149
10,9,3.846087429415802,0.7852624429223745,3.0608249864934276
11,9,4.533579579494352,2.400433967608399,2.1331456118859524
12,9,4.873665443261911,3.2146197966919337,1.659045646569977
13,9,4.877123355011647,2.4068910087965945,2.4702323462150524
14,9,4.549038438221188,1.5835393364279589,2.965499101793229
15,9,3.8620960997851066,1.6484945429386633,2.2136015568464433
16,9,2.8437521623935416,1.1427624429223746,1.700989719471167
17,9,1.7334990257320915,2.895590108430879,-1.1620910826987874
18,9,0.6056666128955192,5.3412232402558715,-4.735556627360352
19,9,0.002883710465442396,4.974896315797868,-4.972012605332425
20,9,0.0,3.4094854106827075,-3.4094854106827075
21,9,0.0,3.086294717084745,-3.086294717084745
22,9,0.0,0.9451624429223743,-0.9451624429223743
23,9,0.0,0.9046624429223743,-0.9046624429223743
0,9,0.0,0.9562624429223744,-0.9562624429223744
1,9,0.0,0.9247624429223743,-0.9247624429223743
2,9,0.0,0.8752624429223744,-0.8752624429223744
3,9,0.0,0.6547624429223744,-0.6547624429223744
4,9,0.0,0.8077624429223744,-0.8077624429223744
5,9,0.0,0.6052624429223744,-0.6052624429223744
6,9,0.0,0.5917624429223743,-0.5917624429223743
7,9,0.26729210372324574,0.6142624429223743,-0.34697033919912856
8,9,1.5344520489310458,5.706250672843015,-4.171798623911969
9,9,2.815660237893439,0.8322624429223743,1.9833977949710646
10,9,3.825657679276857,1.1022624429223742,2.7233952363544827
11,9,4.498111757774549,2.8859362798499038,1.6121754779246449
12,9,4.835112353399596,1.0887624429223743,3.746349910477222
13,9,4.835045797255993,1.327262442922374,3.5077833543336188
14,9,4.518358614366807,3.3480604149822617,1.1702981993845456
15,9,3.892461798205239,3.965229071866387,-0.07276727366114777
16,9,2.9426472972201845,1.1722624429223742,1.7703848542978102
17,9,1.7761739939872838,1.1427624429223746,0.6334115510649092
18,9,0.610117397006592,3.8597470652582793,-3.2496296682516874
19,9,0.002773696060405841,5.35402326170416,-5.351249565643754
20,9,0.0,1.0801624429223744,-1.0801624429223744
21,9,0.0,1.0261624429223746,-1.0261624429223746
22,9,0.0,0.9676624429223742,-0.9676624429223742
23,9,0.0,3.0193036032855787,-3.0193036032855787
0,9,0.0,0.7582624429223744,-0.7582624429223744
1,9,0.0,0.8752624429223744,-0.8752624429223744
2,9,0.0,0.8212624429223744,-0.8212624429223744
3,9,0.0,0.5917624429223743,-0.5917624429223743
4,9,0.0,0.7312624429223744,-0.7312624429223744
5,9,0.0,0.5872624429223744,-0.5872624429223744
6,9,0.0,3.950370386844183,-3.950370386844183
7,9,0.2557989021212729,1.8078330908479276,-1.5520341887266547
8,9,1.522187481118287,1.4587624429223744,0.0634250381959125
9,9,2.8003242700544995,2.0009078348782245,0.7994164351762749
10,9,3.8092531005101056,1.8472238215854797,1.9620292789246259
11,9,4.48961271848851,0.9402624429223745,3.5493502755661352
12,9,4.832268668011,3.6128795762499832,1.219389091761017
13,9,4.842701757149343,3.1925499222606724,1.6501518348886708
14,9,4.529009617645205,3.500871788117045,1.0281378295281596
15,9,3.8267642727419924,3.9790246172542876,-0.1522603445122952
16,9,2.408397384204504,3.78612978201225,-1.3777323978077458
17,9,1.2223613475812727,4.566104117529049,-3.3437427699477764
18,9,0.38734707791786094,4.449653557526853,-4.062306479608992
19,9,0.001544892724701545,5.735396985751382,-5.73385209302668
20,9,0.0,3.207615229520763,-3.207615229520763
21,9,0.0,2.7290460564846715,-2.7290460564846715
22,9,0.0,3.255675309394679,-3.255675309394679
23,9,0.0,1.9235589312662311,-1.9235589312662311
0,9,0.0,2.2055950351109304,-2.2055950351109304
1,9,0.0,0.7672624429223742,-0.7672624429223742
2,9,0.0,0.7357624429223745,-0.7357624429223745
3,9,0.0,0.8167624429223743,-0.8167624429223743
4,9,0.0,0.5917624429223743,-0.5917624429223743
5,9,0.0,0.7852624429223745,-0.7852624429223745
6,9,0.0,0.5917624429223743,-0.5917624429223743
7,9,0.26223457099831604,0.6232624429223744,-0.3610278719240584
8,9,1.5608854804719834,2.075008790975164,-0.5141233105031806
9,9,2.842370876985603,2.3122426474251894,0.5301282295604137
10,9,3.844884246629156,1.0572624429223743,2.7876218037067817
11,9,4.513959166644343,3.6645231653325596,0.849436001311783
12,9,4.74654236072689,4.646531495196026,0.10001086553086402
13,9,3.9717158913547648,5.3394369006261115,-1.3677210092713468
14,9,4.040449673850748,1.9565157540594362,2.083933919791312
15,9,3.644869942480125,1.8203282435752428,1.8245416989048822
16,9,2.828557707188457,1.8181968715367887,1.0103608356516685
17,9,1.7469276494957755,1.9521086898730677,-0.20518104037729223
18,9,0.5919405320456744,1.4311624429223744,-0.8392219108767
19,9,0.002358807569797131,1.1431624429223746,-1.1408036353525774
20,9,0.0,1.0621624429223744,-1.0621624429223744
21,9,0.0,4.07247014251152,-4.07247014251152
22,9,0.0,2.985378030025359,-2.985378030025359
23,9,0.0,3.0633925470493324,-3.0633925470493324
0,9,0.0,3.3227724580232216,-3.3227724580232216
1,9,0.0,2.5963171676420838,-2.5963171676420838
2,9,0.0,2.8366352744805496,-2.8366352744805496
3,9,0.0,2.601533278680482,-2.601533278680482
4,9,0.0,2.073167848341564,-2.073167848341564
5,9,0.0,0.7627624429223744,-0.7627624429223744
6,9,0.0,0.7537624429223744,-0.7537624429223744
7,9,0.2607577663488418,0.6322624429223744,-0.37150467657353264
8,9,1.5790039115473653,0.9202624429223746,0.6587414686249907
9,9,2.866151605872274,0.9087624429223744,1.9573891629498996
10,9,3.8849197582827784,0.9247624429223742,2.960157315360404
11,9,4.52497666135926,1.0797624429223742,3.4452142184368864
12,9,4.72824661572524,1.0867624429223743,3.6414841728028655
13,9,3.74595720652863,1.1002624429223746,2.6456947636062553
14,9,3.5095485471423036,3.098046903800943,0.4115016433413605
15,9,3.284205605462154,3.430214623362869,-0.1460090179007154
16,9,2.650541780753714,1.9284354954787437,0.7221062852749704
17,9,1.5926091510607836,1.2892624429223742,0.30334670813840936
18,9,0.4820698194845597,1.2061624429223745,-0.7240926234378149
19,9,0.0014321809244173089,1.9201624429223743,-1.918730261997957
20,9,0.0,1.1341624429223744,-1.1341624429223744
21,9,0.0,1.2646624429223743,-1.2646624429223743
22,9,0.0,1.0486624429223745,-1.0486624429223745
23,9,0.0,1.1341624429223742,-1.1341624429223742
0,9,0.0,0.9427624429223745,-0.9427624429223745
1,9,0.0,0.7177624429223743,-0.7177624429223743
2,9,0.0,0.6772624429223744,-0.6772624429223744
3,9,0.0,3.065339122939527,-3.065339122939527
4,9,0.0,2.849752131768888,-2.849752131768888
5,9,0.0,3.157634933838203,-3.157634933838203
6,9,0.0,3.0069425448264915,-3.0069425448264915
7,9,0.20480512315054775,1.5532624429223745,-1.3484573197718268
8,9,1.2680762848895908,4.513423729265801,-3.2453474443762103
9,9,2.5562650193936043,2.6303184188392876,-0.07405339944568334
10,9,3.617726923366281,0.9132624429223745,2.7044644804439066
11,9,4.342862283563061,1.1652624429223746,3.1775998406406867
12,9,4.780622188382204,1.2327624429223745,3.5478597454598297
13,9,4.7841739393446305,1.1202624429223746,3.663911496422256
14,9,4.3969413060035665,4.037788049917829,0.35915325608573756
15,9,3.2896144758567587,1.3117624429223742,1.9778520329343845
16,9,2.6016415361616625,1.2012624429223744,1.400379093239288
17,9,1.5332618367695976,1.1607624429223744,0.3724993938472232
18,9,0.5597280251932764,3.0013163485033747,-2.441588323310098
19,9,0.0019527221421547212,3.4841855420155783,-3.4822328198734236
20,9,0.0,3.6891794561058657,-3.6891794561058657
21,9,0.0,3.6001624429223744,-3.6001624429223744
22,9,0.0,2.731023175720698,-2.731023175720698
23,9,0.0,2.837270449290583,-2.837270449290583
0,9,0.0,2.6215581076242285,-2.6215581076242285
1,9,0.0,3.093301406624539,-3.093301406624539
2,9,0.0,3.1559594580256647,-3.1559594580256647
3,9,0.0,0.6232624429223744,-0.6232624429223744
4,9,0.0,0.8392624429223743,-0.8392624429223743
5,9,0.0,0.5242624429223743,-0.5242624429223743
6,9,0.0,0.6817624429223743,-0.6817624429223743
7,9,0.26264248141967206,3.251247191564592,-2.98860471014492
8,9,1.61646974748805,2.6915204773299646,-1.0750507298419145
9,9,2.920854042435175,0.8817624429223744,2.0390915995128007
10,9,3.933228673103952,1.1787624429223742,2.7544662301815777
11,9,4.605864757318863,1.0842624429223744,3.521602314396489
12,9,4.9373653951699445,1.1472624429223743,3.79010295224757
13,9,4.934549838817656,1.1272624429223743,3.8072873958952815
14,9,4.597730717727734,1.2237624429223743,3.3739682748053594
15,9,3.944036384355948,1.4217624429223743,2.522273941433574
16,9,2.9925981692994283,1.2507624429223745,1.7418357263770539
17,9,1.8158700719929015,1.1362624429223744,0.6796076290705271
18,9,0.5787499888338399,3.7261758879236195,-3.1474258990897797
19,9,0.0019420014753401727,3.8147980821438776,-3.8128560806685377
20,9,0.0,3.193198413011812,-3.193198413011812
21,9,0.0,1.0126624429223743,-1.0126624429223743
22,9,0.0,3.1326442639331424,-3.1326442639331424
23,9,0.0,1.1296624429223743,-1.1296624429223743
0,9,0.0,0.9337624429223744,-0.9337624429223744
1,9,0.0,0.8527624429223744,-0.8527624429223744
2,9,0.0,2.7126549485817897,-2.7126549485817897
3,9,0.0,2.8379032750690096,-2.8379032750690096
4,9,0.0,0.5377624429223744,-0.5377624429223744
5,9,0.0,0.7132624429223744,-0.7132624429223744
6,9,0.0,0.4792624429223743,-0.4792624429223743
7,9,0.25067199947973784,1.581831846166776,-1.3311598466870382
8,9,1.6004100297293227,1.9048542629740277,-0.30444423324470504
9,9,2.906633573615553,2.1048444858083863,0.8017890878071667
10,9,3.8963250514442604,2.122932716224878,1.7733923352193823
11,9,4.5531127322593195,1.5560691367371886,2.997043595522131
12,9,4.901413564037566,1.6863801764569266,3.215033387580639
13,9,4.886671353681139,3.4893730317123444,1.3972983219687949
14,9,4.546209522371358,3.2948241882514107,1.2513853341199472
15,9,3.873093934413272,3.0481087753871496,0.8249851590261223
16,9,2.954267580921008,1.7644127729899348,1.1898548079310731
17,9,1.786181441751557,1.716743476692351,0.06943796505920585
18,9,0.558506392867968,1.2286624429223745,-0.6701560500544065
19,9,0.0017405400460725187,1.1611624429223744,-1.1594219028763018
20,9,0.0,1.0891624429223743,-1.0891624429223743
21,9,0.0,1.0081624429223746,-1.0081624429223746
22,9,0.0,0.9586624429223745,-0.9586624429223745
23,9,0.0,1.0801624429223742,-1.0801624429223742
0,9,0.0,0.8302624429223745,-0.8302624429223745
1,9,0.0,0.8032624429223744,-0.8032624429223744
2,9,0.0,0.9382624429223745,-0.9382624429223745
3,9,0.0,2.0276207971728755,-2.0276207971728755
4,9,0.0,0.6682624429223745,-0.6682624429223745
5,9,0.0,0.6097624429223745,-0.6097624429223745
6,9,0.0,0.5962624429223744,-0.5962624429223744
7,9,0.23031165287146232,0.5602624429223744,-0.32995079005091205
8,9,1.4173488864432606,3.761316255835058,-2.3439673693917973
9,9,2.526286869182152,0.8457624429223745,1.6805244262597774
10,9,3.559405712997698,1.0977624429223745,2.4616432700753235
11,9,4.575547570069392,0.9942624429223743,3.5812851271470176
12,9,4.933467306636843,1.0147624429223743,3.918704863714469
13,9,4.889977369682239,5.388877243173684,-0.49889987349144516
14,9,4.2655145395976435,5.369976701480214,-1.1044621618825703
15,9,3.6388477513311326,5.49573712295286,-1.8568893716217278
16,9,2.663546814022607,7.798243706876494,-5.134696892853887
17,9,1.630069083139885,2.754411586332606,-1.1243425031927212
18,9,0.5409714963916644,1.9201624429223743,-1.3791909465307097
19,9,0.0015429395667798662,1.2916624429223744,-1.2901195033555946
20,9,0.0,3.1151703916952,-3.1151703916952
21,9,0.0,1.0081624429223746,-1.0081624429223746
22,9,0.0,2.4600941764407267,-2.4600941764407267
23,9,0.0,0.9406624429223746,-0.9406624429223746
0,9,0.0,0.7762624429223743,-0.7762624429223743
1,9,0.0,0.8752624429223744,-0.8752624429223744
2,9,0.0,2.9277815666100433,-2.9277815666100433
3,9,0.0,2.5777283917878204,-2.5777283917878204
4,9,0.0,2.413544687975877,-2.413544687975877
5,9,0.0,2.4359221656128516,-2.4359221656128516
6,9,0.0,2.03835175248152,-2.03835175248152
7,9,0.24381295567352906,3.029982615458155,-2.786169659784626
8,9,1.5881934237282223,5.914254646722552,-4.32606122299433
9,9,2.9005141261768213,4.668196862378444,-1.767682736201623
10,9,3.9874613974960362,2.955641668521603,1.0318197289744333
11,9,4.659428856670102,3.20218134684314,1.4572475098269622
12,9,4.962215351261002,3.158248405354689,1.8039669459063132
13,9,4.943687728715861,3.53791442493117,1.4057733037846907
14,9,4.612308298066202,2.4810747848859807,2.131233513180221
15,9,3.9604909669290147,1.3767624429223742,2.5837285240066405
16,9,3.0140408069712064,3.18147890372408,-0.16743809675287347
17,9,1.8176315608815843,1.2397624429223741,0.5778691179592101
18,9,0.5610594456074189,1.1296624429223745,-0.5686029973149556
19,9,0.0014479798018282226,1.2331624429223744,-1.231714463120546
20,9,0.0,2.3816335756008202,-2.3816335756008202
21,9,0.0,2.5335636232053957,-2.5335636232053957
22,9,0.0,2.3508676971980518,-2.3508676971980518
23,9,0.0,1.9614708213669305,-1.9614708213669305
0,9,0.0,2.0309433860496897,-2.0309433860496897
1,9,0.0,2.0572892728890615,-2.0572892728890615
2,9,0.0,1.9372365848100572,-1.9372365848100572
3,9,0.0,1.7493434981606568,-1.7493434981606568
4,9,0.0,2.0007916786784543,-2.0007916786784543
5,9,0.0,1.8033505955895581,-1.8033505955895581
6,9,0.0,1.5950870091093143,-1.5950870091093143
7,9,0.2499085020214125,0.42526244292237436,-0.17535394090096187
8,9,1.6422587181126174,2.812205049020262,-1.1699463309076448
9,9,2.9612074165748448,0.7782624429223745,2.18294497365247
10,9,3.966466804284037,0.8997624429223743,3.066704361361663
11,9,4.60197594244744,1.7074079014392067,2.894568041008233
12,9,4.9478708077529205,2.7520288573409477,2.195841950411973
13,9,4.343852504503432,2.7540832938621014,1.5897692106413306
14,9,4.1135826910177204,1.5684870278191274,2.545095663198593
15,9,3.634713919935765,1.1652624429223746,2.4694514770133904
16,9,2.79413889212943,1.0957624429223745,1.6983764492070557
17,9,1.6756705437061705,1.1292624429223743,0.5464081007837962
18,9,0.504695016029794,2.8466650819083936,-2.3419700658785993
19,9,0.0011348418788345261,2.960283612166683,-2.9591487702878485
20,9,0.0,2.9379135590360796,-2.9379135590360796
21,9,0.0,2.965852003198056,-2.965852003198056
22,9,0.0,0.8866624429223744,-0.8866624429223744
23,9,0.0,0.8506624429223746,-0.8506624429223746
0,9,0.0,1.7979857092614233,-1.7979857092614233
1,9,0.0,0.9022624429223745,-0.9022624429223745
2,9,0.0,0.6817624429223743,-0.6817624429223743
3,9,0.0,0.6142624429223743,-0.6142624429223743
4,9,0.0,0.7537624429223744,-0.7537624429223744
5,9,0.0,0.7177624429223743,-0.7177624429223743
6,9,0.0,0.6862624429223745,-0.6862624429223745
7,9,0.2121313874689668,2.2174823831166233,-2.0053509956476563
8,9,1.521991853724716,2.5389470808210945,-1.0169552270963786
9,9,2.0499893940075737,0.7827624429223744,1.2672269510851994
10,9,2.022385623833972,0.8367624429223743,1.1856231809115976
11,9,3.454206560279,1.0887624429223743,2.365444117356626
12,9,4.179070343982814,3.4086920663730207,0.7703782776097934
13,9,4.3500119980149785,3.987183139530467,0.3628288584845114
14,9,4.346630931602743,1.0572624429223743,3.2893684886803687
15,9,3.260460196109429,1.2372624429223742,2.0231977531870546
16,9,2.3949173038417157,1.0797624429223742,1.3151548609193415
17,9,1.4009818187451903,1.6364567108118329,-0.23547489206664252
18,9,0.4840405993564691,1.4342205381144517,-0.9501799387579826
19,9,0.0009343708808464562,1.9426624429223742,-1.9417280720415278
20,9,0.0,3.6393585008345157,-3.6393585008345157
21,9,0.0,6.457104878003841,-6.457104878003841
22,9,0.0,4.394135961428549,-4.394135961428549
23,9,0.0,3.2013121588176627,-3.2013121588176627
0,9,0.0,0.8887624429223744,-0.8887624429223744
1,9,0.0,0.8662624429223744,-0.8662624429223744
2,9,0.0,0.6592624429223743,-0.6592624429223743
3,9,0.0,0.6322624429223744,-0.6322624429223744
4,9,0.0,0.5962624429223744,-0.5962624429223744
5,9,0.0,1.007014524976435,-1.007014524976435
6,9,0.0,0.5512624429223744,-0.5512624429223744
7,9,0.16949926303568244,3.0109497886207786,-2.841450525585096
8,9,1.2711396199904808,4.4664618621706005,-3.1953222421801195
9,9,2.069200983241574,3.270951560358629,-1.2017505771170551
10,9,2.6247255549494883,3.0420820237886392,-0.4173564688391509
11,9,3.575514833762498,0.8637624429223744,2.7117523908401235
12,9,3.896813555166416,1.0282624429223746,2.8685511122440412
13,9,4.0222964264564185,3.949698729393944,0.07259769706247443
14,9,3.5569395287757817,5.002036876825706,-1.445097348049924
15,9,3.3785203166243343,4.444821174929494,-1.0663008583051599
16,9,2.557771874279887,3.9331354437903525,-1.3753635695104656
17,9,1.19083637111166,3.7562388597776106,-2.5654024886659506
18,9,0.25016426161877897,3.4378406345564985,-3.1876763729377195
19,9,0.0005308187872311228,3.3658899822325816,-3.3653591634453504
20,9,0.0,5.452174613559678,-5.452174613559678
21,9,0.0,2.1716080650770113,-2.1716080650770113
22,9,0.0,1.9057682801389955,-1.9057682801389955
23,9,0.0,1.9030509598853083,-1.9030509598853083
0,9,0.0,0.7717624429223744,-0.7717624429223744
1,9,0.0,0.7627624429223744,-0.7627624429223744
2,9,0.0,0.5737624429223744,-0.5737624429223744
3,9,0.0,0.7402624429223743,-0.7402624429223743
4,9,0.0,0.5377624429223744,-0.5377624429223744
5,9,0.0,0.5152624429223743,-0.5152624429223743
6,9,0.0,0.47476244292237446,-0.47476244292237446
7,9,0.1533288340434705,4.9498599792729205,-4.79653114522945
8,9,1.0446918152043834,4.932879545545125,-3.888187730340742
9,9,2.2080198878771027,3.1339641150524153,-0.9259442271753127
10,9,3.48726256961097,1.9101325551301787,1.5771300144807912
11,9,4.353999039051697,2.000621986751284,2.353377052300413
12,9,4.44769965235007,0.8392624429223743,3.608437209427696
13,9,4.599866879020302,1.0642624429223744,3.5356044360979277
14,9,4.274586096839213,0.9942624429223743,3.280323653916839
15,9,3.7785960202523152,0.9697624429223742,2.808833577329941
16,9,2.932954741513483,1.0347624429223743,1.8981922985911088
17,9,1.7675479183346106,0.9987624429223744,0.7687854754122362
18,9,0.522094458078443,1.0126624429223743,-0.49056798484393127
19,9,0.0009410116177801645,4.205937785037526,-4.2049967734197455
20,9,0.0,2.8277171292310364,-2.8277171292310364
21,9,0.0,2.847565299726866,-2.847565299726866
22,9,0.0,2.5348148713206866,-2.5348148713206866
23,9,0.0,0.9136624429223744,-0.9136624429223744
0,9,0.0,0.5422624429223745,-0.5422624429223745
1,9,0.0,0.4972624429223744,-0.4972624429223744
2,9,0.0,0.46576244292237445,-0.46576244292237445
3,9,0.0,1.4556078484841657,-1.4556078484841657
4,9,0.0,1.810103685296567,-1.810103685296567
5,9,0.0,3.6541984270511074,-3.6541984270511074
6,9,0.0,3.2872664396241427,-3.2872664396241427
7,9,0.23740371416005376,2.3333869416481128,-2.095983227488059
8,9,1.701408416559578,1.3687624429223746,0.3326459736372034
9,9,3.081957424545229,1.3977624429223743,1.6841949816228545
10,9,4.140704204046202,0.7467624429223744,3.3939417611238274
11,9,4.831906256855201,0.8232624429223745,4.008643813932826
12,9,5.153366404481468,2.3693804067182977,2.7839859977631702
13,9,5.1240856935579036,1.1292624429223743,3.9948232506355295
14,9,4.75343952653916,1.1742624429223742,3.579177083616786
15,9,4.055040922871784,2.842922872551757,1.2121180503200275
16,9,3.0538425454463947,3.279469680078102,-0.22562713463170736
17,9,1.8080241313010046,2.6230344580814506,-0.815010326780446
18,9,0.5307813374522973,1.7446624429223743,-1.2138811054700769
19,9,0.000838540102168922,1.0891624429223743,-1.0883239028202054
20,9,0.0,1.0756624429223745,-1.0756624429223745
21,9,0.0,0.8911624429223745,-0.8911624429223745
22,9,0.0,2.060768621384866,-2.060768621384866
23,9,0.0,1.9265475134016694,-1.9265475134016694
0,9,0.0,0.5602624429223744,-0.5602624429223744
1,9,0.0,0.6592624429223743,-0.6592624429223743
2,9,0.0,0.42526244292237436,-0.42526244292237436
3,9,0.0,0.36676244292237437,-0.36676244292237437
4,9,0.0,0.35326244292237446,-0.35326244292237446
5,9,0.0,0.27226244292237445,-0.27226244292237445
6,9,0.0,2.0579242152160715,-2.0579242152160715
7,9,0.22430561444160307,2.838177632383013,-2.61387201794141
8,9,1.678737671178008,1.6387877139048528,0.0399499572731552
9,9,3.057209072487861,2.8504340336398144,0.2067750388480465
10,9,4.086812924970064,2.9292034939102676,1.1576094310597966
11,9,4.7598164744087805,2.8707493540389915,1.889067120369789
12,9,5.07857667468811,1.1787624429223742,3.8998142317657356
13,9,5.055295027970704,1.2147624429223742,3.84053258504833
14,9,4.69543610115674,1.0662624429223744,3.6291736582343654
15,9,4.009040715148473,1.0842624429223744,2.9247782722260984
16,9,3.0128696941266626,1.2642624429223743,1.7486072512042883
17,9,1.77985392069996,1.2327624429223745,0.5470914777775855
18,9,0.5205380033202845,1.0621624429223744,-0.5416244396020898
19,9,0.0007294707625435958,0.9721624429223743,-0.9714329721598307
20,9,0.0,0.9136624429223744,-0.9136624429223744
21,9,0.0,2.936132276574888,-2.936132276574888
22,9,0.0,0.7921624429223744,-0.7921624429223744
23,9,0.0,0.7246624429223744,-0.7246624429223744
0,9,0.0,0.7897624429223744,-0.7897624429223744
1,9,0.0,0.6232624429223744,-0.6232624429223744
2,9,0.0,0.5287624429223744,-0.5287624429223744
3,9,0.0,0.42526244292237436,-0.42526244292237436
4,9,0.0,0.42076244292237447,-0.42076244292237447
5,9,0.0,2.4130028074900327,-2.4130028074900327
6,9,0.0,0.38926244292237433,-0.38926244292237433
7,9,0.21504128621385085,0.6187624429223744,-0.4037211567085235
8,9,1.6562441901842933,1.9520947919266183,-0.295850601742325
9,9,2.999264646447435,3.897818679545714,-0.8985540330982791
10,9,4.019753114021169,2.4526076755105373,1.5671454385106318
11,9,4.6877898314997655,1.5473098615370402,3.1404799699627253
12,9,4.994394157191212,1.8331566056126984,3.1612375515785134
13,9,4.960944977605668,1.8037320208372174,3.1572129567684506
14,9,4.606217418579971,1.6066618663789984,2.999555552200972
15,9,3.927589086882146,1.3182624429223744,2.609326643959772
16,9,2.942706200005072,1.3137624429223744,1.6289437570826975
17,9,1.7329135579921366,2.991060865042183,-1.2581473070500462
18,9,0.5003187839326182,5.089475536138739,-4.5891567522061205
19,9,0.0006236995990406922,5.0595541440509235,-5.058930444451883
20,9,0.0,4.71815099229074,-4.71815099229074
21,9,0.0,4.144362514534654,-4.144362514534654
22,9,0.0,4.651873577281242,-4.651873577281242
23,9,0.0,2.573708058294365,-2.573708058294365
0,9,0.0,0.6727624429223743,-0.6727624429223743
1,9,0.0,1.3648687045868502,-1.3648687045868502
2,9,0.0,0.9894752286659014,-0.9894752286659014
3,9,0.0,0.9501105778583278,-0.9501105778583278
4,9,0.0,1.0149549829146483,-1.0149549829146483
5,9,0.0,1.1271456978653303,-1.1271456978653303
6,9,0.0,0.5332624429223745,-0.5332624429223745
7,9,0.1854947417373523,4.153806739977342,-3.9683119982399897
8,9,1.4783213607324504,2.8841463425139717,-1.4058249817815214
9,9,2.928529714545183,3.1191843673172017,-0.19065465277201854
10,9,3.2988608120170886,0.6907624429223744,2.608098369094714
11,9,3.932436836195373,3.4186949549760084,0.5137418812193646
12,9,4.739870990807868,4.92387233797243,-0.1840013471645623
13,9,4.722533375581391,5.675614482668301,-0.9530811070869101
14,9,4.217209033858477,5.190012828607226,-0.9728037947487485
15,9,2.928556318510082,1.2882875283032629,1.640268790206819
16,9,2.110031826034461,0.8077624429223745,1.3022693831120864
17,9,1.4417809700727517,0.8707624429223744,0.5710185271503774
18,9,0.4177376264636782,0.9316624429223744,-0.5139248164586963
19,9,0.00041962120387739637,3.9280259208856636,-3.927606299681786
20,9,0.0,3.0626881073437557,-3.0626881073437557
21,9,0.0,4.221094913636246,-4.221094913636246
22,9,0.0,3.8705326859348066,-3.8705326859348066
23,9,0.0,2.945319091442321,-2.945319091442321
0,9,0.0,0.5872624429223744,-0.5872624429223744
1,9,0.0,0.6997624429223744,-0.6997624429223744
2,9,0.0,0.5152624429223743,-0.5152624429223743
3,9,0.0,0.46576244292237445,-0.46576244292237445
4,9,0.0,2.467292828668922,-2.467292828668922
5,9,0.0,2.82161375270677,-2.82161375270677
6,9,0.0,2.642923146932412,-2.642923146932412
7,9,0.09644369331122542,3.3827866638554687,-3.286342970544243
8,9,0.6769154649048916,3.733246815145983,-3.0563313502410914
9,9,1.2845372210746928,0.5107624429223745,0.7737747781523183
10,9,1.9343976185808898,0.5782624429223745,1.3561351756585154
11,9,2.6447500662714427,1.343719506749968,1.3010305595214746
12,9,3.0250162038782307,6.7166090874812765,-3.691592883603046
13,9,3.1238805005266332,5.085735939222282,-1.9618554386956486
14,9,2.9379660422075746,5.7195479342371875,-2.781581892029613
15,9,3.6705005029199107,3.744764416176807,-0.07426391325689652
16,9,2.8654445665283976,1.0707624429223745,1.794682123606023
17,9,1.641097019513799,0.7827624429223744,0.8583345765914246
18,9,0.46743351452470266,1.5691624429223743,-1.1017289283976717
19,9,0.0004239615548144606,2.943014001743956,-2.9425900401891414
20,9,0.0,0.7426624429223745,-0.7426624429223745
21,9,0.0,1.598960421403495,-1.598960421403495
22,9,0.0,2.061496916180653,-2.061496916180653
23,9,0.0,1.758618870432867,-1.758618870432867
0,9,0.0,0.49276244292237437,-0.49276244292237437
1,9,0.0,0.45676244292237433,-0.45676244292237433
2,9,0.0,0.43426244292237437,-0.43426244292237437
3,9,0.0,0.41626244292237435,-0.41626244292237435
4,9,0.0,0.9122581554363657,-0.9122581554363657
5,9,0.0,0.9198664999666867,-0.9198664999666867
6,9,0.0,0.9434912504181405,-0.9434912504181405
7,9,0.06221946855483864,4.92733031074078,-4.865110842185942
8,9,0.5111497500841037,4.060153439436605,-3.549003689352501
9,9,0.7354285011106031,0.5172624429223744,0.21816605818822865
10,9,2.0476898442438918,0.7872624429223745,1.2604274013215173
11,9,3.4384373103528394,0.6882624429223745,2.7501748674304647
12,9,4.881057581333665,2.3961012740015972,2.4849563073320677
13,9,4.987342995837066,2.064682314068292,2.922660681768774
14,9,4.603791092696076,0.7762624429223743,3.8275286497737016
15,9,3.574737134982225,0.8592624429223743,2.7154746920598507
16,9,2.588812694413873,2.4308989612437077,0.15791373317016522
17,9,1.3289248969359106,2.8948160930935054,-1.5658911961575948
18,9,0.408441726979465,3.200964898928019,-2.792523171948554
19,9,0.000315888533545674,3.0003011890183173,-2.999985300484772
20,9,0.0,4.2398810679297885,-4.2398810679297885
21,9,0.0,2.9353771302271916,-2.9353771302271916
22,9,0.0,0.9721624429223743,-0.9721624429223743
23,9,0.0,0.9136624429223744,-0.9136624429223744
0,9,0.0,0.5377624429223744,-0.5377624429223744
1,9,0.0,0.6457624429223745,-0.6457624429223745
2,9,0.0,0.3937624429223744,-0.3937624429223744
3,9,0.0,0.3487624429223744,-0.3487624429223744
4,9,0.0,0.5107624429223745,-0.5107624429223745
5,9,0.0,0.34426244292237435,-0.34426244292237435
6,9,0.0,2.2130796529361465,-2.2130796529361465
7,9,0.03935091590968823,2.5184913300019582,-2.47914041409227
8,9,0.1679342791528552,3.9663121349220543,-3.798377855769199
9,9,0.26237206971930627,4.588335671352515,-4.325963601633209
10,9,0.4836150962955495,3.8974217032056484,-3.4138066069100987
11,9,0.9556367932149977,4.36832752010198,-3.412690726886982
12,9,0.9796706116527801,4.690770708386319,-3.711100096733539
13,9,1.0278415733369426,0.3777624429223744,0.6500791304145682
14,9,1.8284591623185682,0.35776244292237436,1.470696719396194
15,9,2.1023319809221688,0.6342624429223743,1.4680695379997943
16,9,1.7341407771056367,0.47226244292237446,1.2618783341832622
17,9,1.3171647168028675,0.32376244292237444,0.9934022738804931
18,9,0.17994352335220146,0.36916244292237443,-0.18921891957017298
19,9,0.005649922156924699,1.7599771526480992,-1.7543272304911746
20,9,0.0,3.731827310962882,-3.731827310962882
21,9,0.0,2.7257703302544978,-2.7257703302544978
22,9,0.0,2.7985242581605556,-2.7985242581605556
23,9,0.0,1.00888956337159,-1.00888956337159
0,9,0.0,0.6778244584435794,-0.6778244584435794
1,9,0.0,0.8834552813401284,-0.8834552813401284
2,9,0.0,0.22276244292237438,-0.22276244292237438
3,9,0.0,0.2137624429223744,-0.2137624429223744
4,9,0.0,0.20926244292237434,-0.20926244292237434
5,9,0.0,0.4162624429223744,-0.4162624429223744
6,9,0.0,0.43426244292237437,-0.43426244292237437
7,9,0.13791013854050807,1.762889560695279,-1.6249794221547709
8,9,1.2257859853054975,1.9190420673063326,-0.6932560820008351
9,9,1.917743606122125,3.3779456159771835,-1.4602020098550585
10,9,2.359584239016261,1.5227294408480745,0.8368547981681864
11,9,3.358558403738652,3.622279597045703,-0.2637211933070507
12,9,3.484221339700166,6.19797509814925,-2.713753758449084
13,9,3.6535366118703534,6.68223570872712,-3.0286990968567666
14,9,2.9213339662928464,5.576432658174233,-2.6550986918813866
15,9,3.3046647424178586,2.9305315049412632,0.3741332374765953
16,9,2.6925268966018434,2.551194635554405,0.14133226104743857
17,9,1.5629873444962517,0.7287624429223744,0.8342249015738773
18,9,0.3247173349081736,0.5446624429223743,-0.2199451080142007
19,9,0.011160517552284229,1.881850029698104,-1.8706895121458198
20,9,0.0,0.47716244292237436,-0.47716244292237436
21,9,0.0,0.4456624429223744,-0.4456624429223744
22,9,0.0,0.4141624429223744,-0.4141624429223744
23,9,0.0,0.5716624429223743,-0.5716624429223743
0,9,0.0,2.3176368237943894,-2.3176368237943894
1,9,0.0,4.398218858173283,-4.398218858173283
2,9,0.0,3.8965875627545916,-3.8965875627545916
3,9,0.0,2.3369987115152244,-2.3369987115152244
4,9,0.0,0.21826244292237446,-0.21826244292237446
5,9,0.0,0.24976244292237443,-0.24976244292237443
6,9,0.0,2.121108103554589,-2.121108103554589
7,9,0.16031461888323867,2.675909278023846,-2.5155946591406075
8,9,1.343400366543884,3.3369584266605714,-1.9935580601166873
9,9,2.69158705732139,2.356097748866448,0.33548930845494196
10,9,3.8233658971841074,1.8303139826567107,1.9930519145273966
11,9,4.533592590362396,0.5937624429223745,3.9398301474400217
12,9,4.6282558963020515,0.6297624429223745,3.9984934533796768
13,9,4.687786877347909,0.8457624429223745,3.8420244344255345
14,9,4.105434657845458,0.8032624429223745,3.3021722149230834
15,9,3.7133273982919923,0.7197624429223745,2.9935649553696178
16,9,2.642909785728194,0.7242624429223743,1.9186473428058197
17,9,1.4245068131070413,0.7242624429223743,0.700244370184667
18,9,0.3934320949995072,2.6477428512238084,-2.254310756224301
19,9,0.011067009341858497,2.436652832409002,-2.4255858230671437
20,9,0.0,1.4611624429223744,-1.4611624429223744
21,9,0.0,2.12508264875752,-2.12508264875752
22,9,0.0,1.7959093243707795,-1.7959093243707795
23,9,0.0,0.5266624429223744,-0.5266624429223744
0,9,0.0,0.3262624429223744,-0.3262624429223744
1,9,0.0,0.28576244292237446,-0.28576244292237446
2,9,0.0,0.23626244292237442,-0.23626244292237442
3,9,0.0,0.3712624429223744,-0.3712624429223744
4,9,0.0,0.20273744292237444,-0.20273744292237444
5,9,0.0,2.0173501806827785,-2.0173501806827785
6,9,0.0,4.409357967934657,-4.409357967934657
7,9,0.1636481460809301,4.035696643702943,-3.872048497622013
8,9,1.6187180654631614,4.693910001205061,-3.0751919357418993
9,9,3.039376166266311,1.9803332008478223,1.0590429654184885
10,9,3.993412377370733,2.4657462286162772,1.5276661487544558
11,9,4.793312396790945,2.7543312919938447,2.0389811047971005
12,9,4.962484931732417,0.6342624429223744,4.328222488810043
13,9,4.239302545990505,0.8277624429223743,3.4115401030681305
14,9,3.4183431011907577,0.6612624429223743,2.757080658268383
15,9,2.394781844340912,0.6387624429223744,1.7560194014185375
16,9,1.5737625137224704,0.6297624429223745,0.944000070800096
17,9,0.6822146162121062,0.8097624429223744,-0.1275478267102682
18,9,0.3982476637855664,0.5716624429223744,-0.17341477913680803
19,9,0.00557867780612414,2.7503593873986922,-2.7447807095925683
20,9,0.0,4.508309574317714,-4.508309574317714
21,9,0.0,3.8873827719482428,-3.8873827719482428
22,9,0.0,5.424291747164664,-5.424291747164664
23,9,0.0,3.806932851347386,-3.806932851347386
0,9,0.0,0.19508744292237445,-0.19508744292237445
1,9,0.0,0.39038744292237443,-0.39038744292237443
2,9,0.0,1.831130942650042,-1.831130942650042
3,9,0.0,2.009598631135308,-2.009598631135308
4,9,0.0,0.24098744292237442,-0.24098744292237442
5,9,0.0,1.5889036526774054,-1.5889036526774054
6,9,0.0,1.4808171705635123,-1.4808171705635123
7,9,0.1532293624600419,0.20656244292237436,-0.053333080462332455
8,9,1.4199244279316015,6.253393069694625,-4.833468641763024
9,9,2.4457946739830154,3.4407489805641394,-0.9949543065811239
10,9,3.636317544982992,2.1446454419210843,1.4916721030619078
11,9,4.605548687692705,2.4415437016891968,2.1640049860035084
12,9,5.111474126806422,1.1664375658890531,3.9450365609173685
13,9,4.4464908415766775,2.158107208489282,2.2883836330873955
14,9,3.748881711486638,2.360314590971858,1.38856712051478
15,9,3.1753499595661987,1.1263185124330797,2.0490314471331192
16,9,2.2542995649895534,1.1419894001750435,1.11231016481451
17,9,1.4953491029743278,1.285195271904732,0.21015383106959584
18,9,0.3971156765776957,2.698154340201802,-2.3010386636241065
19,9,0.005540829244761344,0.7561624429223744,-0.7506216136776132
20,9,0.0,2.1834698552941205,-2.1834698552941205
21,9,0.0,0.4591624429223744,-0.4591624429223744
22,9,0.0,0.5986624429223745,-0.5986624429223745
23,9,0.0,0.3781624429223744,-0.3781624429223744
0,10,0.0,0.23176244292237433,-0.23176244292237433
1,10,0.0,0.19576244292237446,-0.19576244292237446
2,10,0.0,0.38656244292237435,-0.38656244292237435
3,10,0.0,0.22568744292237436,-0.22568744292237436
4,10,0.0,0.4362874429223744,-0.4362874429223744
5,10,0.0,0.2754124429223744,-0.2754124429223744
6,10,0.0,2.062614243950737,-2.062614243950737
7,10,0.16452540091358905,2.9157819474635795,-2.7512565465499903
8,10,1.6513211016527012,3.5471129167981146,-1.8957918151454134
9,10,3.1140123193988134,3.8657898870769047,-0.7517775676780913
10,10,4.205300862910803,2.1788297109551813,2.0264711519556213
11,10,4.9050650265313624,1.893169979138294,3.011895047393068
12,10,5.228903176479479,1.208269326884313,4.020633849595166
13,10,5.192086105386925,1.2330624020042185,3.959023703382706
14,10,4.803524419370422,1.2706672532892642,3.532857166081158
15,10,4.073714798864345,3.715533044298619,0.358181754565726
16,10,3.0182516461661666,0.9492624429223743,2.068989203243792
17,10,1.7244517129481156,0.7467624429223744,0.9776892700257412
18,10,0.4733092676701403,0.7291624429223744,-0.2558531752522341
19,10,0.005471811279923304,1.4656624429223744,-1.460190631642451
20,10,0.0,3.0354602692445662,-3.0354602692445662
21,10,0.0,0.6841624429223745,-0.6841624429223745
22,10,0.0,0.6616624429223744,-0.6616624429223744
23,10,0.0,0.6301624429223744,-0.6301624429223744
0,10,0.0,0.43426244292237437,-0.43426244292237437
1,10,0.0,0.2137624429223744,-0.2137624429223744
2,10,0.0,0.3712624429223744,-0.3712624429223744
3,10,0.0,0.2103874429223744,-0.2103874429223744
4,10,0.0,0.40186244292237444,-0.40186244292237444
5,10,0.0,1.4280657471268279,-1.4280657471268279
6,10,0.0,1.305908087829406,-1.305908087829406
7,10,0.16718912283856827,2.9403422462151583,-2.77315312337659
8,10,1.676252738957692,2.801459180699047,-1.1252064417413552
9,10,3.112274731652819,1.8323202970195647,1.2799544346332543
10,10,4.1773545170752655,0.8052624429223743,3.3720920741528913
11,10,4.8655159772129695,0.8952624429223743,3.9702535342905954
12,10,4.977279952436334,3.199012793591743,1.7782671588445904
13,10,4.951830631549202,4.417800776189034,0.5340298553601688
14,10,4.721335569238149,4.367936057955672,0.35339951128247726
15,10,4.006449081546734,2.801313685815648,1.2051353957310855
16,10,2.9564531988058977,3.280332300922592,-0.32387910211669446
17,10,1.6793988618456617,0.8142624429223744,0.8651364189232873
18,10,0.462878634027165,0.9856624429223744,-0.5227838088952094
19,10,0.005467358507998269,2.326842368006036,-2.3213750094980377
20,10,0.0,3.615215237551281,-3.615215237551281
21,10,0.0,1.8565540142990526,-1.8565540142990526
22,10,0.0,0.5491624429223745,-0.5491624429223745
23,10,0.0,0.4816624429223744,-0.4816624429223744
0,10,0.0,0.33076244292237444,-0.33076244292237444
1,10,0.0,0.47926244292237435,-0.47926244292237435
2,10,0.0,0.46576244292237445,-0.46576244292237445
3,10,0.0,2.1820978752110616,-2.1820978752110616
4,10,0.0,0.22276244292237438,-0.22276244292237438
5,10,0.0,0.24076244292237448,-0.24076244292237448
6,10,0.0,0.2542624429223743,-0.2542624429223743
7,10,0.13955551473688582,1.5775724537265374,-1.4380169389896515
8,10,0.9856290614184002,1.3160036225538838,-0.3303745611354836
9,10,2.2683750552833843,0.5622624429223744,1.70611261236101
10,10,3.8373592576657582,0.7152624429223744,3.122096814743384
11,10,4.511247119148999,0.8007624429223745,3.7104846762266246
12,10,5.070459358102426,2.386642976104919,2.6838163819975076
13,10,5.017171264359931,4.725580501462994,0.291590762896937
14,10,4.533611075003198,1.1112624429223743,3.4223486320808236
15,10,3.8309777831085787,0.8752624429223744,2.955715340186204
16,10,2.459926264908239,1.1112624429223743,1.3486638219858649
17,10,1.4134849066844315,0.8997624429223743,0.5137224637620572
18,10,0.44134074823753755,1.0801624429223742,-0.6388216946848366
19,10,0.0,0.8236624429223744,-0.8236624429223744
20,10,0.0,0.7786624429223745,-0.7786624429223745
21,10,0.0,0.9181624429223743,-0.9181624429223743
22,10,0.0,0.6886624429223744,-0.6886624429223744
23,10,0.0,0.6436624429223745,-0.6436624429223745
0,10,0.0,0.4882624429223744,-0.4882624429223744
1,10,0.0,0.43426244292237437,-0.43426244292237437
2,10,0.0,0.38476244292237444,-0.38476244292237444
3,10,0.0,1.7260425558134056,-1.7260425558134056
4,10,0.0,0.35326244292237446,-0.35326244292237446
5,10,0.0,0.34426244292237435,-0.34426244292237435
6,10,0.0,0.4612624429223744,-0.4612624429223744
7,10,0.13182447403070346,0.29926244292237436,-0.1674379688916709
8,10,0.8975847446889964,1.5907632093103312,-0.6931784646213348
9,10,1.7542557408908221,2.2272482275978773,-0.4729924867070552
10,10,2.6083978713506717,2.6301809394914555,-0.02178306814078379
11,10,3.6313497099266887,2.9327631247241976,0.6985865852024911
12,10,3.2233900707989585,1.3552103489510032,1.8681797218479552
13,10,4.893438840203976,3.9736322444738423,0.919806595730134
14,10,4.46302578077764,2.566689673513594,1.896336107264046
15,10,3.588604679473679,0.9942624429223743,2.5943422365513045
16,10,2.4624505001944286,1.1742624429223742,1.2881880572720543
17,10,1.2956832063445405,0.8952624429223746,0.4004207634221659
18,10,0.3687051426336108,0.9946624429223743,-0.6259573002887635
19,10,0.0,5.092267493684822,-5.092267493684822
20,10,0.0,3.5114655898433407,-3.5114655898433407
21,10,0.0,1.6804967173652228,-1.6804967173652228
22,10,0.0,2.113064583418481,-2.113064583418481
23,10,0.0,1.8646322439880445,-1.8646322439880445
0,10,0.0,1.658039953609709,-1.658039953609709
1,10,0.0,1.9930385971648312,-1.9930385971648312
2,10,0.0,0.41626244292237435,-0.41626244292237435
3,10,0.0,0.4297624429223744,-0.4297624429223744
4,10,0.0,2.4898618488357616,-2.4898618488357616
5,10,0.0,0.35326244292237446,-0.35326244292237446
6,10,0.0,0.31726244292237443,-0.31726244292237443
7,10,0.07978380912497168,0.3127624429223744,-0.2329786337974027
8,10,0.7627212536846483,0.5737624429223744,0.18895881076227383
9,10,1.3888443610008336,2.546014621942427,-1.1571702609415933
10,10,2.9670828981900614,2.4860122207815203,0.48107067740854115
11,10,3.9545213909789925,2.5318373578151636,1.4226840331638289
12,10,3.3016493999383365,6.033658909090006,-2.7320095091516694
13,10,3.9199903977005826,3.5315687327434677,0.38842166495711483
14,10,4.146301404259992,2.700427755289886,1.4458736489701058
15,10,3.170741056011866,2.4164186506438714,0.7543224053679944
16,10,1.4403952334918395,2.5881023747841816,-1.147707141292342
17,10,0.9838794725650847,3.2132453592915406,-2.229365886726456
18,10,0.40740875127277587,3.3362791621211025,-2.9288704108483268
19,10,0.0,3.7374547634109505,-3.7374547634109505
20,10,0.0,5.622189818445241,-5.622189818445241
21,10,0.0,5.700920018771599,-5.700920018771599
22,10,0.0,7.033789713966781,-7.033789713966781
23,10,0.0,3.914778370944271,-3.914778370944271
0,10,0.0,1.5110945034140177,-1.5110945034140177
1,10,0.0,3.1860426981990098,-3.1860426981990098
2,10,0.0,1.3496494230134417,-1.3496494230134417
3,10,0.0,0.22726244292237444,-0.22726244292237444
4,10,0.0,0.3712624429223744,-0.3712624429223744
5,10,0.0,0.40568744292237435,-0.40568744292237435
6,10,0.0,2.447949939483877,-2.447949939483877
7,10,0.13584152052625956,0.20656244292237436,-0.0707209223961148
8,10,1.6069396753578684,2.0748766192872616,-0.4679369439293932
9,10,3.049764581772505,2.896161265872755,0.15360331589974985
10,10,4.1482135371161295,0.5217624429223744,3.6264510941937553
11,10,4.8640243410638915,0.5937624429223745,4.270261898141517
12,10,5.17937971824865,0.6747624429223744,4.504617275326275
13,10,5.114498990581566,0.7332624429223744,4.381236547659192
14,10,4.758219040617698,0.7602624429223744,3.9979565976953237
15,10,3.998698771915781,0.7087624429223743,3.2899363289934067
16,10,2.9188112044929144,0.7042624429223743,2.21454876157054
17,10,1.628172139512537,0.7332624429223744,0.8949096965901626
18,10,0.47395013482605985,0.7606624429223744,-0.28671230809631454
19,10,0.0,2.7539712585081917,-2.7539712585081917
20,10,0.0,3.529054942774094,-3.529054942774094
21,10,0.0,0.7201624429223744,-0.7201624429223744
22,10,0.0,0.6436624429223744,-0.6436624429223744
23,10,0.0,0.6841624429223744,-0.6841624429223744
0,10,0.0,0.5467624429223743,-0.5467624429223743
1,10,0.0,0.5017624429223744,-0.5017624429223744
2,10,0.0,0.29026244292237435,-0.29026244292237435
3,10,0.0,0.4162624429223744,-0.4162624429223744
4,10,0.0,0.24526244292237437,-0.24526244292237437
5,10,0.0,0.4162624429223744,-0.4162624429223744
6,10,0.0,0.3750874429223745,-0.3750874429223745
7,10,0.08410568148826157,0.19508744292237445,-0.11098176143411288
8,10,1.6220258873711033,1.2067624429223744,0.41526344444872887
9,10,3.1238341061225685,0.4632624429223745,2.660571663200194
10,10,3.968265102255306,1.8432292221673205,2.1250358800879856
11,10,4.827474071285415,0.6792624429223744,4.1482116283630415
12,10,4.838279050041171,0.9312624429223744,3.9070166071187966
13,10,4.37882493099578,0.9807624429223745,3.398062488073405
14,10,3.685184833975945,1.0077624429223744,2.677422391053571
15,10,2.9659716416194155,0.7717624429223743,2.1942091986970413
16,10,1.6998299414017992,2.4964612640067587,-0.7966313226049595
17,10,1.0411746256160967,0.7087624429223743,0.3324121826937224
18,10,1.502504784678013,0.9451624429223744,0.5573423417556387
19,10,0.0,2.5301648250128874,-2.5301648250128874
20,10,0.0,2.477959535824102,-2.477959535824102
21,10,0.0,4.389545562157167,-4.389545562157167
22,10,0.0,0.5311624429223745,-0.5311624429223745
23,10,0.0,0.6931624429223744,-0.6931624429223744
0,10,0.0,0.39826244292237445,-0.39826244292237445
1,10,0.0,0.34426244292237435,-0.34426244292237435
2,10,0.0,0.4837624429223744,-0.4837624429223744
3,10,0.0,0.46576244292237445,-0.46576244292237445
4,10,0.0,1.2156305304380879,-1.2156305304380879
5,10,0.0,3.4273972978818863,-3.4273972978818863
6,10,0.0,3.3286994202701923,-3.3286994202701923
7,10,0.06787278905592589,2.9076337559445813,-2.8397609668886554
8,10,0.972734202750293,5.39909955028924,-4.426365347538947
9,10,2.4242119798830357,2.2727946086257744,0.1514173712572613
10,10,3.8284699452882287,0.5757624429223744,3.2527075023658543
11,10,4.422904081978318,0.6837624429223744,3.7391416390559438
12,10,4.907379164673583,0.9447624429223744,3.9626167217512087
13,10,4.742637906172735,0.8142624429223744,3.9283754632503607
14,10,4.303047174833834,1.0257624429223744,3.2772847319114593
15,10,2.9184663608425145,2.9965633262500027,-0.07809696540748812
16,10,2.2130383693558273,2.581402557367418,-0.3683641880115909
17,10,1.2982223283985979,0.9202624429223746,0.3779598854762233
18,10,0.00540934901002927,0.9586624429223745,-0.9532530939123451
19,10,0.0,1.4656624429223744,-1.4656624429223744
20,10,0.0,0.6751624429223744,-0.6751624429223744
21,10,0.0,2.6006091108632994,-2.6006091108632994
22,10,0.0,0.6031624429223743,-0.6031624429223743
23,10,0.0,0.7471624429223742,-0.7471624429223742
0,10,0.0,0.5962624429223744,-0.5962624429223744
1,10,0.0,2.4597666308756043,-2.4597666308756043
2,10,0.0,2.211277616447955,-2.211277616447955
3,10,0.0,0.45226244292237444,-0.45226244292237444
4,10,0.0,0.24076244292237448,-0.24076244292237448
5,10,0.0,0.23626244292237442,-0.23626244292237442
6,10,0.0,0.24526244292237437,-0.24526244292237437
7,10,0.08552807613293321,0.42076244292237447,-0.33523436678944124
8,10,1.2173846903368037,1.4528737407174672,-0.23548905038066348
9,10,2.746820909926317,1.5594755376738882,1.1873453722524288
10,10,3.7662772535294953,1.4831360526169326,2.2831412009125627
11,10,3.3094588420365456,1.6794766108646946,1.629982231171851
12,10,3.687590712730501,3.2835227116338395,0.4040680010966615
13,10,4.154930224797052,3.166758710109085,0.9881715146879673
14,10,4.061116159654222,5.730066382468422,-1.6689502228142006
15,10,3.7491598898934404,4.739126065785717,-0.9899661758922766
16,10,2.876109284710762,7.317874333974768,-4.4417650492640055
17,10,1.6417715530575003,4.8503929748016095,-3.208621421744109
18,10,0.007108947172556219,5.604867624493759,-5.597758677321203
19,10,0.0,3.317735515048638,-3.317735515048638
20,10,0.0,4.061173289189413,-4.061173289189413
21,10,0.0,5.322071057083424,-5.322071057083424
22,10,0.0,3.916351335115002,-3.916351335115002
23,10,0.0,4.178051351036883,-4.178051351036883
0,10,0.0,3.3866248874940106,-3.3866248874940106
1,10,0.0,3.304888806780356,-3.304888806780356
2,10,0.0,0.42481244292237436,-0.42481244292237436
3,10,0.0,0.27158744292237447,-0.27158744292237447
4,10,0.0,0.2983624429223744,-0.2983624429223744
5,10,0.0,0.5051374429223744,-0.5051374429223744
6,10,0.0,0.37486244292237436,-0.37486244292237436
7,10,0.1249570344188623,0.5357374429223745,-0.41078040850351216
8,10,1.7286785292726259,0.28306244292237437,1.4456160863502516
9,10,3.2652065955553455,0.19508744292237445,3.070119152632971
10,10,4.38715902624609,0.3687624429223744,4.018396583323716
11,10,5.092427800158561,0.45876244292237445,4.633665357236186
12,10,5.402196315363388,1.2505130054317157,4.151683309931672
13,10,5.350511253618273,1.0976631686355005,4.252848084982773
14,10,4.919109787515989,1.1829423792307927,3.7361674082851963
15,10,4.134507488209329,1.4240601173300784,2.7104473708792507
16,10,3.0248434338532753,1.270541101612983,1.7543023322402922
17,10,1.6775467197103409,1.112364483534726,0.5651822361756149
18,10,0.006675471704918554,2.9516781702156987,-2.94500269851078
19,10,0.0,0.5716624429223744,-0.5716624429223744
20,10,0.0,2.039595805557714,-2.039595805557714
21,10,0.0,1.7482625461300683,-1.7482625461300683
22,10,0.0,1.6302929733728335,-1.6302929733728335
23,10,0.0,0.32416244292237445,-0.32416244292237445
0,10,0.0,0.20656244292237436,-0.20656244292237436
1,10,0.0,0.43246244292237446,-0.43246244292237446
2,10,0.0,0.3021874429223743,-0.3021874429223743
3,10,0.0,0.3366124429223744,-0.3366124429223744
4,10,0.0,0.36721244292237437,-0.36721244292237437
5,10,0.0,0.3978124429223744,-0.3978124429223744
6,10,0.0,0.5969374429223744,-0.5969374429223744
7,10,0.12807024757258126,1.5375486010139954,-1.4094783534414141
8,10,1.7515119605158727,1.9394280417516698,-0.18791608123579717
9,10,3.2914091810202715,0.2607624429223745,3.030646738097897
10,10,4.401909473743305,0.40926244292237435,3.9926470308209305
11,10,5.0723670500648534,0.6457624429223745,4.426604607142479
12,10,5.357451360646997,0.5557624429223744,4.801688917724622
13,10,5.292883174262863,0.8322624429223744,4.460620731340488
14,10,4.852287738533527,0.7062624429223744,4.146025295611153
15,10,4.077249630424185,1.9714939155659963,2.105755714858189
16,10,2.989217896330924,0.7017624429223743,2.28745545340855
17,10,1.6306172184906278,0.8322624429223744,0.7983547755682534
18,10,0.0062322660017459204,2.7148170010400268,-2.708584735038281
19,10,0.0,4.2881002170024916,-4.2881002170024916
20,10,0.0,4.082492999125408,-4.082492999125408
21,10,0.0,3.8149780840520013,-3.8149780840520013
22,10,0.0,2.278263578584366,-2.278263578584366
23,10,0.0,1.9489327771811427,-1.9489327771811427
0,10,0.0,2.4402689268471045,-2.4402689268471045
1,10,0.0,2.763113130903492,-2.763113130903492
2,10,0.0,5.130642795174388,-5.130642795174388
3,10,0.0,3.1241636026543325,-3.1241636026543325
4,10,0.0,0.8566568402898691,-0.8566568402898691
5,10,0.0,1.176665441218725,-1.176665441218725
6,10,0.0,3.3428374429223746,-3.3428374429223746
7,10,0.09264106868495167,0.4360624429223744,-0.3434213742374227
8,10,1.633707782290313,4.064379366567184,-2.4306715842768716
9,10,3.170592441693257,4.006504467368547,-0.8359120256752899
10,10,4.329531922183289,0.5433624429223743,3.7861694792609146
11,10,5.243183029014838,0.25246244292237446,4.990720586092463
12,10,5.523081114538219,1.5635572248770955,3.959523889661124
13,10,5.462853893438972,1.5455596891540058,3.917294204284966
14,10,5.0220276042159755,0.4497624429223744,4.572265161293601
15,10,4.1999480199420365,0.26976244292237445,3.930185577019662
16,10,3.0303200850810788,0.44076244292237443,2.589557642158704
17,10,1.6445847801187072,0.4477374429223744,1.1968473371963328
18,10,0.005781725855057445,0.34756244292237437,-0.34178071706731694
19,10,0.0,2.206940095905237,-2.206940095905237
20,10,0.0,5.593600306811803,-5.593600306811803
21,10,0.0,5.549199174178429,-5.549199174178429
22,10,0.0,5.9979910154778215,-5.9979910154778215
23,10,0.0,1.5172036848830472,-1.5172036848830472
0,10,0.0,0.6045874429223744,-0.6045874429223744
1,10,0.0,0.6160624429223744,-0.6160624429223744
2,10,0.0,0.42841244292237435,-0.42841244292237435
3,10,0.0,0.6428374429223744,-0.6428374429223744
4,10,0.0,0.49343744292237435,-0.49343744292237435
5,10,0.0,0.7040374429223744,-0.7040374429223744
6,10,0.0,0.5163874429223744,-0.5163874429223744
7,10,0.08949873983386221,0.5775874429223743,-0.4880887030885121
8,10,1.5856255319893093,0.4972624429223744,1.088363089066935
9,10,3.157407142221418,0.4551624429223744,2.7022446992990434
10,10,4.32700777606865,0.5280624429223744,3.7989453331462757
11,10,5.066959193552887,2.8447158422555185,2.2222433512973687
12,10,5.405138563093035,2.3477932440956426,3.0573453189973927
13,10,5.336387333503704,1.802527925999521,3.533859407504183
14,10,4.8954265990530885,0.5622624429223744,4.333164156130714
15,10,4.0837772747857155,0.5892624429223743,3.4945148318633414
16,10,2.947662578477232,0.41826244292237447,2.529400135554858
17,10,1.5956939663465175,0.5577624429223743,1.037931523424143
18,10,0.0053780173317289235,0.39616244292237446,-0.3907844255906455
19,10,0.0,0.5311624429223745,-0.5311624429223745
20,10,0.0,2.6936215235727223,-2.6936215235727223
21,10,0.0,2.433307426605808,-2.433307426605808
22,10,0.0,2.031790180603611,-2.031790180603611
23,10,0.0,0.42023744292237447,-0.42023744292237447
0,10,0.0,0.5204374429223744,-0.5204374429223744
1,10,0.0,0.2868874429223744,-0.2868874429223744
2,10,0.0,0.3939874429223744,-0.3939874429223744
3,10,0.0,0.46666244292237435,-0.46666244292237435
4,10,0.0,0.5087374429223744,-0.5087374429223744
5,10,0.0,0.7193374429223744,-0.7193374429223744
6,10,0.0,2.62795726572529,-2.62795726572529
7,10,0.07674024137201114,2.677802069093495,-2.601061827721484
8,10,1.5782956799554055,2.070891995533072,-0.4925963155776665
9,10,3.134467185216974,0.42073744292237447,2.7137297422946
10,10,4.283133273920091,0.23333744292237446,4.0497958309977165
11,10,5.011343107487801,0.8886303531592189,4.122712754328582
12,10,5.328875447319589,0.8393438561488777,4.489531591170712
13,10,5.263778360955782,0.8704904643369602,4.393287896618822
14,10,4.8262035417578995,2.1133377855932975,2.712865756164602
15,10,4.027070126900316,0.5262624429223745,3.500807683977942
16,10,2.897744141059284,2.2002027969236044,0.6975413441356797
17,10,1.5563044547101321,0.4947624429223745,1.0615420117877576
18,10,0.005012846709413814,0.6571624429223744,-0.6521495962129605
19,10,0.0,2.3032969302633095,-2.3032969302633095
20,10,0.0,0.3601624429223745,-0.3601624429223745
21,10,0.0,1.549118384207615,-1.549118384207615
22,10,0.0,3.8040260637704444,-3.8040260637704444
23,10,0.0,3.6493149016288706,-3.6493149016288706
0,10,0.0,3.145209292250167,-3.145209292250167
1,10,0.0,0.36338744292237435,-0.36338744292237435
2,10,0.0,0.37868744292237444,-0.37868744292237444
3,10,0.0,0.3366124429223744,-0.3366124429223744
4,10,0.0,0.3442624429223744,-0.3442624429223744
5,10,0.0,0.4054624429223744,-0.4054624429223744
6,10,0.0,0.5739874429223745,-0.5739874429223745
7,10,0.07106481061324939,3.1574941029209556,-3.0864292923077064
8,10,1.545551492478652,4.1312284282812275,-2.5856769358025753
9,10,3.1010729424940813,3.5076962483219147,-0.40662330582783346
10,10,4.269620027134046,1.7023666093883318,2.567253417745714
11,10,4.993623623265893,0.3937624429223744,4.5998611803435185
12,10,5.312113553771753,0.7242624429223743,4.587851110849378
13,10,5.2508017812292715,1.1377136165330826,4.1130881646961885
14,10,4.820783262352888,1.2913129015849245,3.529470360767964
15,10,4.019615634435007,0.6612624429223743,3.3583531915126326
16,10,2.8867796080226364,0.8502624429223744,2.0365171651002623
17,10,1.5513475345355594,0.8052624429223743,0.7460850916131851
18,10,0.0048687259766273675,2.0184065578397403,-2.013537831863113
19,10,0.0,2.654111833689477,-2.654111833689477
20,10,0.0,1.9548857215008248,-1.9548857215008248
21,10,0.0,2.8515316263563126,-2.8515316263563126
22,10,0.0,2.3957881857601704,-2.3957881857601704
23,10,0.0,0.5131624429223743,-0.5131624429223743
0,10,0.0,0.20926244292237434,-0.20926244292237434
1,10,0.0,0.20476244292237444,-0.20476244292237444
2,10,0.0,0.19891244292237437,-0.19891244292237437
3,10,0.0,0.22186244292237442,-0.22186244292237442
4,10,0.0,0.42098744292237444,-0.42098744292237444
5,10,0.0,0.2983624429223744,-0.2983624429223744
6,10,0.0,0.5089624429223745,-0.5089624429223745
7,10,0.07125381527729956,1.0598374429223745,-0.9885836276450749
8,10,1.532391725777512,2.7535960545731966,-1.2212043287956846
9,10,3.061715401359767,2.366079474728732,0.6956359266310352
10,10,4.1781096562471935,2.603061633049127,1.5750480231980664
11,10,4.868142041368087,3.7456507522796025,1.1224912890884848
12,10,5.139179567494272,1.701801050864174,3.4373785166300985
13,10,5.053426259587235,0.8232624429223745,4.230163816664861
14,10,4.623404240155358,3.042857149519963,1.580547090635395
15,10,3.8488205814717773,0.8637624429223744,2.985058138549403
16,10,2.75670682656598,2.233348239310531,0.5233585872554491
17,10,1.4597138331923403,1.9279870091849187,-0.46827317599257845
18,10,0.0042566237272755455,0.7426624429223745,-0.738405819195099
19,10,0.0,2.5143711186828996,-2.5143711186828996
20,10,0.0,2.9277090541684703,-2.9277090541684703
21,10,0.0,4.21444723046218,-4.21444723046218
22,10,0.0,1.6934015865430596,-1.6934015865430596
23,10,0.0,2.592675157867461,-2.592675157867461
0,10,0.0,2.229239089005111,-2.229239089005111
1,10,0.0,1.7937596721164173,-1.7937596721164173
2,10,0.0,2.375228929748914,-2.375228929748914
3,10,0.0,1.3974684395868628,-1.3974684395868628
4,10,0.0,1.5168747539931529,-1.5168747539931529
5,10,0.0,0.2295124429223744,-0.2295124429223744
6,10,0.0,2.5566452227596628,-2.5566452227596628
7,10,0.05049917675254611,3.227609425994652,-3.177110249242106
8,10,1.296525002653887,4.116823195275701,-2.820298192621814
9,10,2.425062768666783,3.020650566366104,-0.5955877976993209
10,10,3.7925576403841195,2.7573444755434604,1.035213164840659
11,10,4.515449118335684,2.4722849073897835,2.0431642109459003
12,10,4.950986772302017,1.8261051390414584,3.124881633260559
13,10,4.467626627313249,1.7811607478951197,2.6864658794181295
14,10,4.564203633005179,1.9029823220530449,2.661221310952134
15,10,3.2895079162693754,0.7737624429223744,2.515745473347001
16,10,2.2118639449767783,0.9852624429223745,1.2266015020544039
17,10,0.6746322401675273,0.7197624429223745,-0.04513020275484714
18,10,0.0035318236594472563,0.6796624429223743,-0.6761306192629271
19,10,0.0,3.110722615864102,-3.110722615864102
20,10,0.0,0.5716624429223744,-0.5716624429223744
21,10,0.0,2.438184909082218,-2.438184909082218
22,10,0.0,0.6571624429223744,-0.6571624429223744
23,10,0.0,0.4141624429223744,-0.4141624429223744
0,10,0.0,0.2542624429223743,-0.2542624429223743
1,10,0.0,0.3892624429223744,-0.3892624429223744
2,10,0.0,0.22568744292237436,-0.22568744292237436
3,10,0.0,0.45923744292237445,-0.45923744292237445
4,10,0.0,0.3251374429223744,-0.3251374429223744
5,10,0.0,2.398226224421876,-2.398226224421876
6,10,0.0,1.95016476172658,-1.95016476172658
7,10,0.05159532334941972,2.460282837715278,-2.4086875143658584
8,10,1.4290625022575532,3.8981889216635333,-2.4691264194059803
9,10,2.9066950769401783,0.4947624429223744,2.411932634017804
10,10,4.021719035711446,0.4362624429223744,3.585456592789072
11,10,4.741781432111682,0.8863151182925467,3.8554663138191354
12,10,4.992170576108866,1.0912469391782533,3.900923636930613
13,10,4.912828401415287,1.0310709270067093,3.8817574744085777
14,10,4.3700932024973245,2.5680769996618986,1.8020162028354259
15,10,3.748826726859327,2.403011066760709,1.345815660098618
16,10,2.66833519752688,2.0828709612860674,0.5854642362408127
17,10,1.4176206701129184,3.1767267039279945,-1.7591060338150761
18,10,0.0037883918467437458,5.645560274478962,-5.641771882632218
19,10,0.0,3.0990702274109787,-3.0990702274109787
20,10,0.0,2.8804988174804738,-2.8804988174804738
21,10,0.0,2.928104245262148,-2.928104245262148
22,10,0.0,2.685612198817632,-2.685612198817632
23,10,0.0,2.1924036115621717,-2.1924036115621717
0,10,0.0,0.42863744292237443,-0.42863744292237443
1,10,0.0,0.28306244292237437,-0.28306244292237437
2,10,0.0,0.48983744292237447,-0.48983744292237447
3,10,0.0,0.5280874429223744,-0.5280874429223744
4,10,0.0,0.3289624429223744,-0.3289624429223744
5,10,0.0,0.36721244292237437,-0.36721244292237437
6,10,0.0,4.284906049932008,-4.284906049932008
7,10,0.04665870955870061,0.40163744292237435,-0.35497873336367375
8,10,1.407434762605974,2.300315183545943,-0.8928804209399692
9,10,2.944722765789119,0.3021624429223744,2.6425603228667445
10,10,4.097521268673338,2.3103335894351495,1.7871876792381887
11,10,4.836654976592577,5.103940386071195,-0.26728540947861834
12,10,5.172929893993005,3.443011749419234,1.7299181445737708
13,10,5.116395695567317,3.123307387038395,1.9930883085289222
14,10,4.680605135272587,0.6882624429223745,3.9923426923502126
15,10,3.882832848060897,0.7017624429223743,3.181070405138523
16,10,2.7679156168678727,0.5172624429223744,2.2506531739454982
17,10,1.4522510767320453,0.6657624429223744,0.7864886338096709
18,10,0.0035862516601980416,0.5086624429223745,-0.5050761912621765
19,10,0.0,4.000543432931955,-4.000543432931955
20,10,0.0,1.9513641010611225,-1.9513641010611225
21,10,0.0,1.6876318061578526,-1.6876318061578526
22,10,0.0,0.3331624429223744,-0.3331624429223744
23,10,0.0,0.3054874429223745,-0.3054874429223745
0,10,0.0,0.42863744292237443,-0.42863744292237443
1,10,0.0,0.2868874429223744,-0.2868874429223744
2,10,0.0,0.2868874429223744,-0.2868874429223744
3,10,0.0,0.2983624429223744,-0.2983624429223744
4,10,0.0,1.8625418628352928,-1.8625418628352928
5,10,0.0,1.6017904726246688,-1.6017904726246688
6,10,0.0,1.8942997089580427,-1.8942997089580427
7,10,0.0474483817713122,2.492960274551203,-2.445511892779891
8,10,1.3343420380736715,3.7401605665618116,-2.4058185284881404
9,10,2.887237268722533,2.939649770870586,-0.052412502148053264
10,10,4.011666206481842,2.569893929381103,1.441772277100739
11,10,4.662286461023714,1.0041023795931319,3.6581840814305826
12,10,5.0646202733689805,2.1923934254581647,2.8722268479108157
13,10,5.018773678608664,2.449358665867382,2.569415012741282
14,10,4.615004486471955,1.886643477695634,2.728361008776321
15,10,3.851914296456573,4.251739189419752,-0.3998248929631787
16,10,2.755144913536589,3.367704590530184,-0.612559676993595
17,10,1.4389662170019328,3.0027815703906153,-1.5638153533886825
18,10,0.0034484180586036367,0.6031624429223743,-0.5997140248637707
19,10,0.0,2.2541546082165125,-2.2541546082165125
20,10,0.0,1.2136624429223746,-1.2136624429223746
21,10,0.0,0.4006624429223744,-0.4006624429223744
22,10,0.0,0.3511624429223745,-0.3511624429223745
23,10,0.0,0.32416244292237445,-0.32416244292237445
0,10,0.0,1.5328791889182283,-1.5328791889182283
1,10,0.0,0.39376244292237444,-0.39376244292237444
2,10,0.0,2.9160921162272153,-2.9160921162272153
3,10,0.0,3.062731120639456,-3.062731120639456
4,10,0.0,3.1051723135331617,-3.1051723135331617
5,10,0.0,0.5625124429223745,-0.5625124429223745
6,10,0.0,2.213225247851813,-2.213225247851813
7,10,0.04223608219183168,2.7127460680558593,-2.6705099858640278
8,10,1.440668579763806,0.3174874429223744,1.1231811368414315
9,10,2.9724085160189273,0.2639124429223744,2.708496073096553
10,10,4.106077298607832,0.40476244292237445,3.701314855685457
11,10,4.80214828169029,0.5307624429223745,4.271385838767915
12,10,5.088366116281608,3.90694417567353,1.181421940608078
13,10,5.007096846774223,2.381834406731614,2.625262440042609
14,10,4.565247511355042,1.83932206333649,2.725925448018552
15,10,3.750493430158688,0.7782624429223745,2.9722309872363133
16,10,2.5938381630702763,2.8273735908085103,-0.233535427738234
17,10,1.359748982751192,2.226103339415072,-0.8663543566638803
18,10,0.0032094687525731505,3.1744041456235457,-3.1711946768709725
19,10,0.0,2.894793723186219,-2.894793723186219
20,10,0.0,2.6125394294411977,-2.6125394294411977
21,10,0.0,2.492034777330856,-2.492034777330856
22,10,0.0,2.8450503486922916,-2.8450503486922916
23,10,0.0,2.235917182552166,-2.235917182552166
0,10,0.0,2.367348279409281,-2.367348279409281
1,10,0.0,0.47476244292237446,-0.47476244292237446
2,10,0.0,0.42526244292237436,-0.42526244292237436
3,10,0.0,0.45158744292237446,-0.45158744292237446
4,10,0.0,0.3060124429223744,-0.3060124429223744
5,10,0.0,0.5127874429223744,-0.5127874429223744
6,10,0.0,2.504055610541393,-2.504055610541393
7,10,0.04265037441306838,3.470683360884763,-3.428032986471695
8,10,1.3939372697908206,2.2936414997832206,-0.8997042299924001
9,10,2.9401847235862144,0.4587624429223744,2.48142228066384
10,10,4.083584391412919,0.5937624429223743,3.489821948490545
11,10,4.554896228125468,0.45676244292237433,4.0981337852030935
12,10,4.546754287094912,0.6027624429223744,3.9439918441725377
13,10,4.393913240075451,1.1756793976859603,3.2182338423894903
14,10,4.323037145202744,1.2342819086638108,3.0887552365389332
15,10,3.590726337014154,1.4277487247784746,2.1629776122356796
16,10,2.355092513460365,1.3330699446542693,1.0220225688060955
17,10,1.132156478364063,0.7197624429223745,0.4123940354416885
18,10,0.003002809695155438,0.8371624429223743,-0.8341596332272189
19,10,0.0,2.4561055192951824,-2.4561055192951824
20,10,0.0,3.238145911720361,-3.238145911720361
21,10,0.0,0.6391624429223743,-0.6391624429223743
22,10,0.0,0.5806624429223743,-0.5806624429223743
23,10,0.0,2.55186653678875,-2.55186653678875
0,10,0.0,0.4882624429223745,-0.4882624429223745
1,10,0.0,0.21826244292237446,-0.21826244292237446
2,10,0.0,0.46688744292237444,-0.46688744292237444
3,10,0.0,0.3442624429223744,-0.3442624429223744
4,10,0.0,0.3939874429223744,-0.3939874429223744
5,10,0.0,0.5778124429223744,-0.5778124429223744
6,10,0.0,0.4054624429223744,-0.4054624429223744
7,10,0.017406755869347947,4.327366600341318,-4.30995984447197
8,10,1.416054003265448,4.006493858921963,-2.5904398556565145
9,10,2.96120983510273,0.20656244292237436,2.7546473921803556
10,10,4.08305156994908,0.5757624429223744,3.5072891270267057
11,10,4.464420338889579,0.7017624429223743,3.762657895967205
12,10,3.6691813316894497,0.7177624429223743,2.9514188887670754
13,10,2.640040310005078,2.366007448123921,0.27403286188115716
14,10,3.758244849288212,2.8127904274346496,0.9454544218535625
15,10,3.2885655780870993,2.8073450004028473,0.48122057768425197
16,10,2.496996369873359,0.8862624429223743,1.6107339269509846
17,10,1.3659958506317949,0.7672624429223744,0.5987334077094204
18,10,0.00268869409621556,1.3756624429223745,-1.3729737488261589
19,10,0.0,3.3242396430351953,-3.3242396430351953
20,10,0.0,5.0941493325084695,-5.0941493325084695
21,10,0.0,2.728215917578612,-2.728215917578612
22,10,0.0,2.773062072479212,-2.773062072479212
23,10,0.0,3.1499495180707653,-3.1499495180707653
0,10,0.0,0.38273744292237444,-0.38273744292237444
1,10,0.0,0.24976244292237443,-0.24976244292237443
2,10,0.0,0.3802624429223744,-0.3802624429223744
3,10,0.0,0.27158744292237447,-0.27158744292237447
4,10,0.0,0.3404374429223743,-0.3404374429223743
5,10,0.0,2.8559197343575287,-2.8559197343575287
6,10,0.0,0.5319124429223744,-0.5319124429223744
7,10,0.017319926816809765,0.3595624429223744,-0.3422425161055646
8,10,1.2504014323628816,3.9662625999443955,-2.715861167581514
9,10,2.7921150518976456,1.9257523857728152,0.8663626661248305
10,10,3.8892163039861254,4.364100538335313,-0.4748842343491875
11,10,4.562624867456033,5.188055233327708,-0.6254303658716749
12,10,4.987315074648041,3.344874727068492,1.6424403475795493
13,10,4.914377462608973,3.039988318912198,1.8743891436967752
14,10,4.4917906246813555,0.6792624429223744,3.812528181758981
15,10,3.623769338886899,0.6277624429223744,2.9960068959645243
16,10,2.4233610805390673,0.7107624429223744,1.7125986376166928
17,10,1.1183315301972603,0.8457624429223745,0.2725690872748858
18,10,0.0024676201677893304,3.524642865406103,-3.5221752452383135
19,10,0.0,2.58666520788589,-2.58666520788589
20,10,0.0,0.5446624429223743,-0.5446624429223743
21,10,0.0,2.474058696781611,-2.474058696781611
22,10,0.0,0.6931624429223744,-0.6931624429223744
23,10,0.0,0.6661624429223745,-0.6661624429223745
0,10,0.0,2.069516921419516,-2.069516921419516
1,10,0.0,0.22276244292237438,-0.22276244292237438
2,10,0.0,0.2542624429223743,-0.2542624429223743
3,10,0.0,0.26011244292237445,-0.26011244292237445
4,10,0.0,0.45923744292237445,-0.45923744292237445
5,10,0.0,0.2983624429223744,-0.2983624429223744
6,10,0.0,0.3251374429223744,-0.3251374429223744
7,10,0.01725313523793424,0.5013124429223743,-0.48405930768444005
8,10,1.2775340979095002,0.42863744292237443,0.8488966549871257
9,10,2.7811377354569533,2.408455141020954,0.37268259443599927
10,10,3.8950951522618484,2.530145663583468,1.3649494886783806
11,10,4.5395694593469536,0.5892624429223743,3.9503070164245795
12,10,4.8660789761326475,1.7511473947362712,3.1149315813963763
13,10,4.860686649797773,2.3033104813297562,2.557376168468017
14,10,4.3046103702952365,2.6823742822240453,1.6222360880711912
15,10,3.609181236453134,5.38827304704742,-1.7790918105942861
16,10,2.567154865720025,3.366500432385912,-0.7993455666658869
17,10,1.313638690598724,0.7422624429223744,0.5713762476763496
18,10,0.002243940066441878,0.6976624429223744,-0.6954185028559325
19,10,0.0,0.6436624429223745,-0.6436624429223745
20,10,0.0,0.5896624429223744,-0.5896624429223744
21,10,0.0,0.5311624429223745,-0.5311624429223745
22,10,0.0,0.6661624429223745,-0.6661624429223745
23,10,0.0,0.6076624429223744,-0.6076624429223744
0,10,0.0,0.2677624429223744,-0.2677624429223744
1,10,0.0,0.22726244292237444,-0.22726244292237444
2,10,0.0,0.20026244292237438,-0.20026244292237438
3,10,0.0,0.23333744292237446,-0.23333744292237446
4,10,0.0,0.42098744292237444,-0.42098744292237444
5,10,0.0,0.45923744292237445,-0.45923744292237445
6,10,0.0,0.5051374429223744,-0.5051374429223744
7,10,0.011556814253612335,2.4110256013236295,-2.3994687870700173
8,10,1.310124321298941,0.5357374429223745,0.7743868783765666
9,10,2.914188385919293,0.5395374429223744,2.3746509429969187
10,10,4.184678353551794,0.30598744292237445,3.8786909106294196
11,10,4.937189493398106,0.8361163955409774,4.101073097857129
12,10,5.26239776542526,0.5307624429223744,4.7316353225028855
13,10,5.192392005229402,0.4227624429223744,4.769629562307028
14,10,4.762159724713023,0.4362624429223744,4.325897281790649
15,10,3.9290576928850203,0.5782624429223745,3.350795249962646
16,10,2.7837414890983205,0.6297624429223744,2.1539790461759463
17,10,1.4340836894976943,0.5757624429223744,0.8583212465753198
18,10,0.002416675486057488,1.3171624429223743,-1.3147457674363168
19,10,0.0,0.3466624429223744,-0.3466624429223744
20,10,0.0,2.275224012475908,-2.275224012475908
21,10,0.0,0.5160874429223743,-0.5160874429223743
22,10,0.0,0.37433744292237436,-0.37433744292237436
23,10,0.0,0.5964124429223744,-0.5964124429223744
0,10,0.0,0.35191244292237434,-0.35191244292237434
1,10,0.0,0.40163744292237435,-0.40163744292237435
2,10,0.0,2.219761522614079,-2.219761522614079
3,10,0.0,2.5128272963648053,-2.5128272963648053
4,10,0.0,0.47813744292237437,-0.47813744292237437
5,10,0.0,0.7040374429223744,-0.7040374429223744
6,10,0.0,0.5163874429223744,-0.5163874429223744
7,10,0.011668133551738203,2.313571395942469,-2.3019032623907307
8,10,1.385648326174323,2.3844589332318207,-0.9988106070574976
9,10,2.977114072491571,0.6045624429223744,2.3725516295691964
10,10,4.164203556252565,0.31746244292237447,3.846741113330191
11,10,4.899651464486367,0.4027624429223744,4.496889021563993
12,10,5.221004944386445,0.3552624429223744,4.865742501464071
13,10,5.147338519685989,1.6444034895551303,3.5029350301308586
14,10,4.695959114676503,1.5540084796999625,3.1419506349765407
15,10,3.8762647195557003,2.1645987373516835,1.7116659822040168
16,10,2.731960372166851,1.762245314820728,0.9697150573461231
17,10,1.3909328964625078,0.4947624429223745,0.8961704535401334
18,10,0.002183098403394036,2.390964590938,-2.3887814925346063
19,10,0.0,3.129248859988318,-3.129248859988318
20,10,0.0,0.43666244292237444,-0.43666244292237444
21,10,0.0,0.5716624429223743,-0.5716624429223743
22,10,0.0,0.34756244292237437,-0.34756244292237437
23,10,0.0,0.5964124429223744,-0.5964124429223744
0,10,0.0,2.0532514254547802,-2.0532514254547802
1,10,0.0,0.3289624429223744,-0.3289624429223744
2,10,0.0,0.3863374429223744,-0.3863374429223744
3,10,0.0,0.6084124429223744,-0.6084124429223744
4,10,0.0,0.43988744292237436,-0.43988744292237436
5,10,0.0,0.47048744292237443,-0.47048744292237443
6,10,0.0,3.6346793120429934,-3.6346793120429934
7,10,0.011694850183288414,4.584168465439953,-4.572473615256665
8,10,1.347804296510483,5.420370948063161,-4.072566651552679
9,10,2.9238979427710547,3.7143283481362763,-0.7904304053652216
10,10,4.071221116565743,3.732011659025433,0.3392094575403104
11,10,4.782875061687301,2.2258503245311565,2.5570247371561448
12,10,5.084259791304627,2.681815024497053,2.4024447668075735
13,10,5.0004155282999925,2.5652462489558525,2.43516927934414
14,10,4.553800189032954,3.6677639280667704,0.8860362609661832
15,10,3.7506606084979324,3.1116713729400596,0.6389892355578728
16,10,2.6454574094502,3.1485379279363985,-0.5030805184861986
17,10,1.3535316265428794,0.8077624429223744,0.545769183620505
18,10,0.0020426108100613204,2.382069305140848,-2.3800266943307866
19,10,0.0,4.2910103559473685,-4.2910103559473685
20,10,0.0,4.148465613835617,-4.148465613835617
21,10,0.0,3.1816371404890793,-3.1816371404890793
22,10,0.0,4.6870534891017925,-4.6870534891017925
23,10,0.0,3.8724703924701935,-3.8724703924701935
0,10,0.0,3.6244883770838694,-3.6244883770838694
1,10,0.0,4.249959512699644,-4.249959512699644
2,10,0.0,0.25246244292237446,-0.25246244292237446
3,10,0.0,0.2639374429223743,-0.2639374429223743
4,10,0.0,0.2639374429223743,-0.2639374429223743
5,10,0.0,0.5089624429223745,-0.5089624429223745
6,10,0.0,0.3442624429223744,-0.3442624429223744
7,10,0.005763467841013088,5.579354497854003,-5.57359103001299
8,10,1.3176764079234353,4.629058759867178,-3.3113823519437426
9,10,2.869796237864139,0.35976244292237447,2.510033794941765
10,10,4.002998297099417,0.7287624429223744,3.2742358541770424
11,10,4.705805216067294,0.6567624429223744,4.049042773144919
12,10,5.014443581202599,4.107746094933603,0.906697486268996
13,10,4.944730572516544,0.9582624429223744,3.98646812959417
14,10,4.5049876872625765,0.9472624429223743,3.5577252443402023
15,10,3.7264503331547107,0.8637624429223744,2.8626878902323365
16,10,2.633095934202686,1.034762442922374,1.5983334912803118
17,10,1.3479132427344387,0.9762624429223744,0.3716507998120643
18,10,0.001906202656019699,1.691729171573868,-1.6898229689178483
19,10,0.0,6.115041386423307,-6.115041386423307
20,10,0.0,1.793692633786792,-1.793692633786792
21,10,0.0,3.7546349188498156,-3.7546349188498156
22,10,0.0,3.5386750357186822,-3.5386750357186822
23,10,0.0,0.6661624429223745,-0.6661624429223745
0,10,0.0,0.24076244292237448,-0.24076244292237448
1,10,0.0,0.46576244292237445,-0.46576244292237445
2,10,0.0,0.2677624429223744,-0.2677624429223744
3,10,0.0,0.3213124429223744,-0.3213124429223744
4,10,0.0,0.5357374429223745,-0.5357374429223745
5,10,0.0,0.5472124429223744,-0.5472124429223744
6,10,0.0,0.5663374429223744,-0.5663374429223744
7,10,0.005792410858525813,1.6332219719006988,-1.627429561042173
8,10,1.294205933657404,1.501581801400909,-0.20737586774350492
9,10,2.8841517894011868,0.4592124429223744,2.4249393464788125
10,10,4.051101828101613,0.35976244292237447,3.691339385179239
11,10,4.760211424644601,0.6747624429223744,4.085448981722227
12,10,5.043557707133501,0.5377624429223744,4.505795264211127
13,10,4.958164386599336,0.8592624429223743,4.098901943676961
14,10,4.523015426700361,3.08552022245235,1.4374952042480111
15,10,3.7400431948548283,2.9523434225244958,0.7876997723303325
16,10,2.633151180026873,0.7332624429223744,1.8998887371044988
17,10,1.3456866821207523,0.7017624429223743,0.6439242391983779
18,10,0.0018217046085956192,0.6661624429223745,-0.6643407383137788
19,10,0.0,4.463081048291518,-4.463081048291518
20,10,0.0,2.7533589871882476,-2.7533589871882476
21,10,0.0,0.4321624429223744,-0.4321624429223744
22,10,0.0,0.6931624429223744,-0.6931624429223744
23,10,0.0,0.6571624429223744,-0.6571624429223744
0,10,0.0,2.244846037675761,-2.244846037675761
1,10,0.0,2.4513197352000557,-2.4513197352000557
2,10,0.0,0.27158744292237447,-0.27158744292237447
3,10,0.0,0.2868874429223744,-0.2868874429223744
4,10,0.0,0.3136624429223744,-0.3136624429223744
5,10,0.0,0.3366124429223744,-0.3366124429223744
6,10,0.0,0.5548624429223744,-0.5548624429223744
7,10,0.005792410858525813,0.5701624429223744,-0.5643700320638486
8,10,1.2483388705546286,0.48983744292237447,0.7585014276322541
9,10,2.8269989523237937,1.1862624429223745,1.6407365094014192
10,10,3.984944220586367,0.8962735827918265,3.0886706377945403
11,10,4.70209197955365,0.9443951837956657,3.757696795757984
12,10,4.9973233017160785,1.1926970899353249,3.8046262117807537
13,10,4.924028788219712,2.215943025480803,2.7080857627389086
14,10,4.483148529202596,0.8212624429223744,3.661886086280222
15,10,3.7055436663471,0.7152624429223744,2.990281223424726
16,10,2.60067220664288,0.8817624429223743,1.7189097637205057
17,10,1.3141350234759757,0.6052624429223744,0.7088725805536013
18,10,0.0016126021993197466,0.6301624429223744,-0.6285498407230546
19,10,0.0,0.5761624429223745,-0.5761624429223745
20,10,0.0,0.6886624429223744,-0.6886624429223744
21,10,0.0,0.4321624429223744,-0.4321624429223744
22,10,0.0,1.8300632537290276,-1.8300632537290276
23,10,0.0,2.231283761392386,-2.231283761392386
0,11,0.0,2.467706978550862,-2.467706978550862
1,11,0.0,2.292077385254918,-2.292077385254918
2,11,0.0,1.9831484211634125,-1.9831484211634125
3,11,0.0,4.263841413875027,-4.263841413875027
4,11,0.0,3.112623043667316,-3.112623043667316
5,11,0.0,0.36721244292237437,-0.36721244292237437
6,11,0.0,0.37868744292237444,-0.37868744292237444
7,11,0.005790184472563297,2.501747984623875,-2.4959578001513116
8,11,1.1589792716402414,1.2398374429223746,-0.08085817128213324
9,11,2.7739981333753048,0.4515624429223743,2.3224356904529304
10,11,3.9507986755687248,0.5397624429223744,3.4110362326463504
11,11,4.665960518415951,2.672376730642562,1.9935837877733893
12,11,4.96531457784979,0.7467624429223743,4.218552134927416
13,11,4.913669808834138,0.6207624429223745,4.292907365911764
14,11,4.4863032963280345,0.7627624429223744,3.72354085340566
15,11,3.6914037499267853,0.6567624429223744,3.034641307004411
16,11,2.6107724420572196,2.8690189444155063,-0.2582465023582867
17,11,1.3046526552175584,0.6072624429223745,0.6973902122951838
18,11,0.0015154288553902002,2.4435376921426846,-2.4420222632872943
19,11,0.0,3.0121788462892196,-3.0121788462892196
20,11,0.0,2.2014959921959107,-2.2014959921959107
21,11,0.0,0.4996624429223744,-0.4996624429223744
22,11,0.0,1.6256602023880373,-1.6256602023880373
23,11,0.0,0.43666244292237444,-0.43666244292237444
0,11,0.0,0.20026244292237438,-0.20026244292237438
1,11,0.0,0.42863744292237443,-0.42863744292237443
2,11,0.0,0.46688744292237444,-0.46688744292237444
3,11,0.0,0.49748744292237446,-0.49748744292237446
4,11,0.0,0.3327874429223744,-0.3327874429223744
5,11,0.0,0.5510374429223743,-0.5510374429223743
6,11,0.0,0.5892874429223743,-0.5892874429223743
7,11,0.005812448332188472,3.462064518119826,-3.4562520697876375
8,11,1.1832815260637481,5.004376791169342,-3.821095265105594
9,11,2.798632048802845,2.0904663038330673,0.7081657449697776
10,11,3.9316196627410562,1.8512901949489404,2.080329467792116
11,11,4.636374395560218,3.4495205588935116,1.1868538366667067
12,11,4.612075407060631,2.6036341635464755,2.008441243514156
13,11,4.100907854703344,2.2811642210987317,1.8197436336046122
14,11,4.086619027805402,1.1899814035524083,2.896637624252994
15,11,3.752717949063716,1.2884959762411996,2.4642219728225165
16,11,2.617879786511079,1.2294455961626007,1.3884341903484785
17,11,1.3198819677184361,1.2573390286698163,0.06254293904861985
18,11,0.001403801652250484,2.2703712553433144,-2.268967453691064
19,11,0.0,3.816508446273818,-3.816508446273818
20,11,0.0,2.911972575612615,-2.911972575612615
21,11,0.0,0.9391851872958886,-0.9391851872958886
22,11,0.0,1.1463069955176444,-1.1463069955176444
23,11,0.0,0.9058555774404011,-0.9058555774404011
0,11,0.0,0.7109808937802947,-0.7109808937802947
1,11,0.0,0.8362122477780998,-0.8362122477780998
2,11,0.0,0.9616235682995192,-0.9616235682995192
3,11,0.0,2.9528533285865586,-2.9528533285865586
4,11,0.0,3.2673795193047854,-3.2673795193047854
5,11,0.0,1.4382786621370327,-1.4382786621370327
6,11,0.0,3.265137034075702,-3.265137034075702
7,11,0.005836938577776163,4.254611064570884,-4.248774125993108
8,11,1.159860115675484,2.245854099328479,-1.0859939836529948
9,11,2.795201980614424,2.652781298426819,0.14242068218760506
10,11,3.974314959252015,2.264290522365791,1.7100244368862239
11,11,4.68900973507896,0.4407624429223745,4.248247292156585
12,11,4.998972084631633,0.7152624429223744,4.283709641709258
13,11,4.930616920119629,0.5982624429223744,4.332354477197255
14,11,4.487364161332024,0.6522624429223745,3.835101718409649
15,11,3.6948075866800263,0.8592624429223743,2.8355451437576518
16,11,2.5869950037925515,0.6882624429223745,1.898732560870177
17,11,1.2957384148604596,0.6007624429223745,0.6949759719380851
18,11,0.0014021089153850288,2.468477680290894,-2.467075571375509
19,11,0.0,3.081053488218016,-3.081053488218016
20,11,0.0,2.57562621459558,-2.57562621459558
21,11,0.0,0.6031624429223743,-0.6031624429223743
22,11,0.0,1.4749481990280686,-1.4749481990280686
23,11,0.0,1.612406107845297,-1.612406107845297
0,11,0.0,3.4416214289091265,-3.4416214289091265
1,11,0.0,0.24481244292237436,-0.24481244292237436
2,11,0.0,0.2562874429223744,-0.2562874429223744
3,11,0.0,0.45541244292237437,-0.45541244292237437
4,11,0.0,0.3327874429223744,-0.3327874429223744
5,11,0.0,0.34808744292237437,-0.34808744292237437
6,11,0.0,1.4385358406373416,-1.4385358406373416
7,11,0.0,1.7321120881646261,-1.7321120881646261
8,11,1.1430675681511961,2.8236157209138373,-1.6805481527626411
9,11,2.7726180780095273,2.972902478575953,-0.2002844005664257
10,11,3.932528498265661,2.4008877334947525,1.5316407647709087
11,11,4.65742876887838,5.808938135846496,-1.1515093669681162
12,11,4.965592297431136,3.2736993517890567,1.691892945642079
13,11,4.89405689302524,0.7017624429223743,4.192294450102866
14,11,4.463875829057546,0.7377624429223744,3.7261133861351716
15,11,3.680851767509763,0.9357624429223744,2.7450893245873886
16,11,2.576590807643771,0.6862624429223744,1.8903283647213964
17,11,1.2966679898805211,0.6927624429223744,0.6039055469581467
18,11,0.001292173958521021,2.4926077331815018,-2.4913155592229805
19,11,0.0,2.5230084190786526,-2.5230084190786526
20,11,0.0,0.6436624429223744,-0.6436624429223744
21,11,0.0,2.1709856991968817,-2.1709856991968817
22,11,0.0,0.38716244292237434,-0.38716244292237434
23,11,0.0,2.232582739757869,-2.232582739757869
0,11,0.0,2.335816215535102,-2.335816215535102
1,11,0.0,0.2587624429223744,-0.2587624429223744
2,11,0.0,0.28306244292237437,-0.28306244292237437
3,11,0.0,2.4396500319867713,-2.4396500319867713
4,11,0.0,0.5127874429223744,-0.5127874429223744
5,11,0.0,0.5586874429223745,-0.5586874429223745
6,11,0.0,2.1934162468322125,-2.1934162468322125
7,11,0.0,1.817487619378926,-1.817487619378926
8,11,1.1345538553839687,3.200590014523652,-2.066036159139683
9,11,2.782495973168184,2.1003816140825404,0.6821143590856438
10,11,3.959459089881854,2.1066748798049266,1.8527842100769272
11,11,4.67445528711262,4.120475044663158,0.5539802424494615
12,11,4.98302386445478,2.467589217283976,2.515434647170804
13,11,4.904699576793586,4.064393741439924,0.8403058353536625
14,11,4.465700601045132,3.740887130306933,0.7248134707381988
15,11,3.6252444442151646,5.063730812474177,-1.4384863682590128
16,11,2.2256775040329315,5.073199916874779,-2.847522412841847
17,11,0.9491190081997777,2.3079493107502884,-1.3588303025505106
18,11,0.001063795485187121,2.818647132349511,-2.8175833368643235
19,11,0.0,2.289859892310048,-2.289859892310048
20,11,0.0,2.6721550379034547,-2.6721550379034547
21,11,0.0,2.9094949397087424,-2.9094949397087424
22,11,0.0,2.6915709281440297,-2.6915709281440297
23,11,0.0,2.4398416611065388,-2.4398416611065388
0,11,0.0,2.0560424373125232,-2.0560424373125232
1,11,0.0,2.0841090033913607,-2.0841090033913607
2,11,0.0,0.44393744292237436,-0.44393744292237436
3,11,0.0,0.29071244292237447,-0.29071244292237447
4,11,0.0,0.3060124429223744,-0.3060124429223744
5,11,0.0,2.509769258781145,-2.509769258781145
6,11,0.0,0.37486244292237436,-0.37486244292237436
7,11,0.0,2.536889615118059,-2.536889615118059
8,11,1.0990905457880347,5.0642237917798205,-3.965133245991786
9,11,2.7818617982643534,4.598116497330601,-1.8162546990662474
10,11,3.9709090649368672,2.1301808573912906,1.8407282075455766
11,11,4.689072791256567,2.540607855940061,2.148464935316506
12,11,4.981571982608767,0.6117624429223744,4.369809539686393
13,11,4.892353749563172,0.8167624429223743,4.075591306640798
14,11,4.4466223698229665,5.172389192968443,-0.7257668231454764
15,11,3.6638548578315695,5.226705082203685,-1.5628502243721152
16,11,2.5636486771853537,2.9890311945120476,-0.42538251732669385
17,11,1.2842817880422408,0.7512624429223744,0.5330193451198664
18,11,0.0010694379414053045,1.4386624429223744,-1.437593004980969
19,11,0.0,3.4781040289620884,-3.4781040289620884
20,11,0.0,1.9846012178968033,-1.9846012178968033
21,11,0.0,1.7011926958599157,-1.7011926958599157
22,11,0.0,1.6516923843032707,-1.6516923843032707
23,11,0.0,0.4591624429223744,-0.4591624429223744
0,11,0.0,0.47476244292237446,-0.47476244292237446
1,11,0.0,0.38273744292237444,-0.38273744292237444
2,11,0.0,0.46688744292237444,-0.46688744292237444
3,11,0.0,0.3251374429223744,-0.3251374429223744
4,11,0.0,0.5433874429223744,-0.5433874429223744
5,11,0.0,0.5816374429223744,-0.5816374429223744
6,11,0.0,0.6275374429223743,-0.6275374429223743
7,11,0.0,3.327663667496685,-3.327663667496685
8,11,1.0683620365806008,5.191158577062698,-4.122796540482097
9,11,2.7566814031439257,1.0521624429223744,1.7045189602215514
10,11,2.9936543784557825,0.27676244292237434,2.716891935533408
11,11,3.629225931238179,0.6522624429223745,2.9769634883158043
12,11,4.122090498861718,2.073100871381291,2.0489896274804273
13,11,4.115383830172351,1.9001574835951323,2.215226346577219
14,11,3.241292175814761,3.549775663793942,-0.3084834879791809
15,11,2.5283164310788786,6.724775966727716,-4.196459535648837
16,11,1.9275740259238938,1.8903536915580377,0.037220334365856145
17,11,0.8140794473865743,1.8815306641291958,-1.0674512167426213
18,11,0.033198896358681555,0.5851624429223745,-0.551963546563693
19,11,0.0,4.774320447058329,-4.774320447058329
20,11,0.0,2.6468587024394967,-2.6468587024394967
21,11,0.0,2.516145218380698,-2.516145218380698
22,11,0.0,1.9850218085781899,-1.9850218085781899
23,11,0.0,2.5627703874405907,-2.5627703874405907
0,11,0.0,2.501809994030814,-2.501809994030814
1,11,0.0,1.8914281059721647,-1.8914281059721647
2,11,0.0,0.3136624429223744,-0.3136624429223744
3,11,0.0,0.5204374429223744,-0.5204374429223744
4,11,0.0,0.37486244292237436,-0.37486244292237436
5,11,0.0,0.4131124429223744,-0.4131124429223744
6,11,0.0,2.589797112771892,-2.589797112771892
7,11,0.0,0.6160624429223744,-0.6160624429223744
8,11,1.0447460732354308,0.3710374429223744,0.6737086303130564
9,11,2.7252361490377903,0.4859874429223744,2.239248706115416
10,11,3.9257405028512355,0.5217624429223743,3.4039780599288614
11,11,4.658785380805399,2.03887689080209,2.6199084900033087
12,11,4.970073596740648,2.8585604259660866,2.1115131707745616
13,11,4.897680618866049,0.6477624429223744,4.249918175943675
14,11,4.455066186715618,0.6367624429223743,3.818303743793243
15,11,3.6821791681482443,0.7107624429223744,2.97141672522587
16,11,2.566745623680595,0.8727624429223744,1.6939831807582204
17,11,1.2775419512181037,0.5827624429223743,0.6947795082957293
18,11,0.000971480881358355,0.7651624429223745,-0.7641909620410161
19,11,0.0,2.2700162450985495,-2.2700162450985495
20,11,0.0,3.242633353362279,-3.242633353362279
21,11,0.0,2.552273527734743,-2.552273527734743
22,11,0.0,0.32416244292237445,-0.32416244292237445
23,11,0.0,0.33226244292237445,-0.33226244292237445
0,11,0.0,0.23333744292237446,-0.23333744292237446
1,11,0.0,0.4162624429223744,-0.4162624429223744
2,11,0.0,0.27158744292237447,-0.27158744292237447
3,11,0.0,3.06220741476604,-3.06220741476604
4,11,0.0,2.5145874013179013,-2.5145874013179013
5,11,0.0,5.509557611870939,-5.509557611870939
6,11,0.0,0.6313624429223744,-0.6313624429223744
7,11,0.0,0.6351874429223745,-0.6351874429223745
8,11,0.4127135982344727,4.379938023316195,-3.9672244250817226
9,11,1.1867115304685434,2.7767490595232056,-1.5900375290546622
10,11,1.402005311000219,2.5538051028767157,-1.1517997918764966
11,11,3.0632021649082266,4.867913019410075,-1.8047108545018484
12,11,4.298744524972684,1.7326808671242238,2.5660636578484604
13,11,4.925603857270976,0.6457624429223745,4.279841414348601
14,11,4.471765566760366,1.294565340223948,3.177200226536418
15,11,3.6635540863163154,0.7177624429223743,2.945791643393941
16,11,2.526152492143016,0.7132624429223744,1.8128900492206415
17,11,1.2662489599252456,0.5352624429223745,0.7309865170028711
18,11,0.0008708323131406798,0.6706624429223743,-0.6697916106092336
19,11,0.0,2.6043672979676638,-2.6043672979676638
20,11,0.0,0.38716244292237434,-0.38716244292237434
21,11,0.0,2.459164055745058,-2.459164055745058
22,11,0.0,0.3054874429223745,-0.3054874429223745
23,11,0.0,0.5352124429223744,-0.5352124429223744
0,11,0.0,0.2792374429223744,-0.2792374429223744
1,11,0.0,0.22186244292237442,-0.22186244292237442
2,11,0.0,0.3289624429223744,-0.3289624429223744
3,11,0.0,0.3863374429223744,-0.3863374429223744
4,11,0.0,0.3366124429223744,-0.3366124429223744
5,11,0.0,0.4207624429223744,-0.4207624429223744
6,11,0.0,0.5739874429223745,-0.5739874429223745
7,11,0.0,2.470844910705288,-2.470844910705288
8,11,0.9734098150974385,3.604184674343463,-2.6307748592460243
9,11,2.6831728892802875,2.312248936411928,0.37092395286835966
10,11,3.915554668964731,0.4553874429223744,3.4601672260423566
11,11,4.663451647777395,0.36426244292237436,4.29918920485502
12,11,4.992657362916866,0.9398887825052544,4.052768580411612
13,11,4.915945144729673,0.7152624429223744,4.200682701807299
14,11,4.466365052569829,0.7222624429223745,3.7441026096474546
15,11,3.6621866936850065,0.6252624429223743,3.036924250762632
16,11,2.5400892650850144,0.7917624429223743,1.7483268221626402
17,11,1.2650752214839769,0.5622624429223744,0.7028127785616025
18,11,0.0008697906289157843,0.6841624429223744,-0.6832926522934586
19,11,0.0,0.6166624429223744,-0.6166624429223744
20,11,0.0,1.1326624429223744,-1.1326624429223744
21,11,0.0,1.8363121820546073,-1.8363121820546073
22,11,0.0,1.4748946746597282,-1.4748946746597282
23,11,0.0,1.462590654224674,-1.462590654224674
0,11,0.0,0.49748744292237446,-0.49748744292237446
1,11,0.0,1.8097635126495226,-1.8097635126495226
2,11,0.0,1.9549293973793043,-1.9549293973793043
3,11,0.0,1.7116495522345099,-1.7116495522345099
4,11,0.0,1.6162305606156278,-1.6162305606156278
5,11,0.0,1.244599666982392,-1.244599666982392
6,11,0.0,1.969688895702462,-1.969688895702462
7,11,0.0,1.8304965699443496,-1.8304965699443496
8,11,0.9731477468333167,2.0610253901917917,-1.087877643358475
9,11,2.6985239088184776,2.5096284787646623,0.18889543005381526
10,11,3.912948192502633,2.3475222510724065,1.5654259414302265
11,11,4.674637510911699,2.327678449237543,2.3469590616741565
12,11,5.009985457615445,1.9795074736595748,3.03047798395587
13,11,4.955992310364856,2.338132978364939,2.6178593319999166
14,11,4.524808459409514,0.6162624429223744,3.90854601648714
15,11,3.727199657917479,0.8097624429223744,2.9174372149951044
16,11,2.599960954662874,0.6297624429223745,1.9701985117404994
17,11,1.3123669633600827,0.7042624429223743,0.6081045204377085
18,11,0.0007589417454062618,2.740869382369727,-2.7401104406243206
19,11,0.0,2.054124375655348,-2.054124375655348
20,11,0.0,2.1433638711525598,-2.1433638711525598
21,11,0.0,2.1096680305675495,-2.1096680305675495
22,11,0.0,0.3106624429223744,-0.3106624429223744
23,11,0.0,0.4969624429223743,-0.4969624429223743
0,11,0.0,0.2754124429223744,-0.2754124429223744
1,11,0.0,0.28306244292237437,-0.28306244292237437
2,11,0.0,0.23333744292237446,-0.23333744292237446
3,11,0.0,0.24098744292237442,-0.24098744292237442
4,11,0.0,0.5127874429223744,-0.5127874429223744
5,11,0.0,0.5166124429223744,-0.5166124429223744
6,11,0.0,0.5548624429223744,-0.5548624429223744
7,11,0.0,2.3288436387216556,-2.3288436387216556
8,11,0.9567801650896481,0.3978124429223744,0.5589677221672738
9,11,2.7007147540202627,0.27921244292237446,2.421502311097888
10,11,3.893079781817869,2.845909659098697,1.0471701227191716
11,11,4.6380763176269975,0.5262624429223745,4.111813874704623
12,11,4.95838946030911,2.030445520407957,2.9279439399011533
13,11,4.8857425087903295,0.6882624429223745,4.197480065867955
14,11,4.45227955047084,0.7242624429223743,3.728017107548466
15,11,3.6701572552899657,2.0761088547713484,1.5940484005186173
16,11,2.5614797112735834,1.950937533164525,0.6105421781090585
17,11,1.2975204655484616,0.7357624429223745,0.5617580226260871
18,11,0.0007571187980126948,2.325570765416661,-2.324813646618648
19,11,0.0,3.38126822075102,-3.38126822075102
20,11,0.0,2.0984514603070203,-2.0984514603070203
21,11,0.0,1.8733045933481252,-1.8733045933481252
22,11,0.0,3.9143629121790653,-3.9143629121790653
23,11,0.0,0.31516244292237444,-0.31516244292237444
0,11,0.0,0.3750874429223745,-0.3750874429223745
1,11,0.0,0.23716244292237437,-0.23716244292237437
2,11,0.0,0.3060124429223744,-0.3060124429223744
3,11,0.0,0.48218744292237437,-0.48218744292237437
4,11,0.0,0.37486244292237436,-0.37486244292237436
5,11,0.0,0.3978124429223744,-0.3978124429223744
6,11,0.0,0.4245874429223744,-0.4245874429223744
7,11,0.0,2.9633348810117077,-2.9633348810117077
8,11,0.932679718866735,2.4493314901665446,-1.5166517712998098
9,11,2.704077171243696,1.8045315680480511,0.8995456031956448
10,11,3.917272818813694,1.7279569378589943,2.1893158809546995
11,11,4.651402637432564,2.0679761050312404,2.5834265324013233
12,11,4.975473788285092,2.5759721482179554,2.399501640067137
13,11,4.905278005711982,2.5976636524100813,2.3076143533019007
14,11,4.471370872973638,5.036298094601516,-0.5649272216278787
15,11,3.6879643418616297,6.41420029631982,-2.7262359544581907
16,11,2.5700613227061835,5.956585637617878,-3.3865243149116946
17,11,1.3111365658208844,1.1110612507528659,0.20007531506801857
18,11,0.0007571187980126948,1.132563185442517,-1.1318060666445044
19,11,0.0,0.46366244292237446,-0.46366244292237446
20,11,0.0,0.4411624429223745,-0.4411624429223745
21,11,0.0,2.6453050501427304,-2.6453050501427304
22,11,0.0,0.36916244292237443,-0.36916244292237443
23,11,0.0,0.42316244292237437,-0.42316244292237437
0,11,0.0,0.4027624429223744,-0.4027624429223744
1,11,0.0,0.3136624429223744,-0.3136624429223744
2,11,0.0,0.9512831064214848,-0.9512831064214848
3,11,0.0,0.8331937882653946,-0.8331937882653946
4,11,0.0,0.8278440844007267,-0.8278440844007267
5,11,0.0,0.5778124429223744,-0.5778124429223744
6,11,0.0,0.39016244292237434,-0.39016244292237434
7,11,0.0,2.7009495237483376,-2.7009495237483376
8,11,0.888238684736719,2.625213403188083,-1.736974718451364
9,11,2.676214708575133,1.0483374429223744,1.6278772656527587
10,11,3.908989141404532,1.7993941896146797,2.1095949517898527
11,11,4.662452383292035,1.6664843161863252,2.9959680671057094
12,11,4.995247743790519,1.8827819547900821,3.112465789000437
13,11,4.930243655593722,3.1182118133863943,1.812031842207328
14,11,4.492253968962356,2.989966025277557,1.5022879436847996
15,11,3.701342729457792,3.006598785729982,0.69474394372781
16,11,2.58827741062758,3.2624071413227793,-0.6741297306951992
17,11,1.3083766811828266,0.5737624429223744,0.7346142382604521
18,11,0.0006492208625506297,0.5581624429223744,-0.5575132220598238
19,11,0.0,0.4456624429223744,-0.4456624429223744
20,11,0.0,2.490199554671694,-2.490199554671694
21,11,0.0,3.4024681157810046,-3.4024681157810046
22,11,0.0,1.8367185289563714,-1.8367185289563714
23,11,0.0,0.5446624429223743,-0.5446624429223743
0,11,0.0,2.4360801797457574,-2.4360801797457574
1,11,0.0,0.44011244292237445,-0.44011244292237445
2,11,0.0,2.523186597305563,-2.523186597305563
3,11,0.0,2.5216428054377253,-2.5216428054377253
4,11,0.0,2.5624222250218747,-2.5624222250218747
5,11,0.0,2.9778467361750214,-2.9778467361750214
6,11,0.0,2.469418118547494,-2.469418118547494
7,11,0.0,0.6925624429223745,-0.6925624429223745
8,11,0.8825736978341502,2.2906705786559547,-1.4080968808218044
9,11,2.715836619928575,0.3939624429223745,2.3218741770062006
10,11,3.958184208069711,0.2652624429223744,3.6929217651473367
11,11,4.704543272943992,0.36676244292237437,4.337780830021618
12,11,5.01961995607181,2.002025112080098,3.017594843991712
13,11,4.953593320399726,2.00340387743669,2.950189442963036
14,11,4.521442689578355,0.6657624429223745,3.8556802466559805
15,11,3.730328438488864,0.8637624429223744,2.8665659955664897
16,11,2.6030159699430633,0.6882624429223745,1.9147535270206888
17,11,1.316349386133614,0.6657624429223745,0.6505869432112394
18,11,0.0006453145467072719,0.6256624429223744,-0.6250171283756671
19,11,0.0,2.9619497408935325,-2.9619497408935325
20,11,0.0,1.864906126933716,-1.864906126933716
21,11,0.0,0.4456624429223744,-0.4456624429223744
22,11,0.0,0.40516244292237447,-0.40516244292237447
23,11,0.0,2.864347931303961,-2.864347931303961
0,11,0.0,0.45541244292237437,-0.45541244292237437
1,11,0.0,0.3710374429223744,-0.3710374429223744
2,11,0.0,0.5931124429223744,-0.5931124429223744
3,11,0.0,1.2104789638065547,-1.2104789638065547
4,11,0.0,1.1790951693548661,-1.1790951693548661
5,11,0.0,0.9610435029603317,-0.9610435029603317
6,11,0.0,1.1110617704320709,-1.1110617704320709
7,11,0.0,1.9598494144833256,-1.9598494144833256
8,11,0.6911200830462898,1.7711060356762915,-1.0799859526300017
9,11,2.0274057652623307,2.870430852767478,-0.843025087505147
10,11,3.6333815758499437,2.350144679050564,1.2832368967993797
11,11,4.673106124771928,2.4212964178725853,2.2518097068993423
12,11,4.966262555843325,2.8547428127719017,2.111519743071423
13,11,4.698619350142742,3.173103884746917,1.5255154653958254
14,11,4.083874361782702,3.0366482302720095,1.0472261315106928
15,11,2.2123332066051433,6.534207223493659,-4.321874016888515
16,11,1.3444966785253432,7.101142720850376,-5.756646042325033
17,11,0.5214338296948271,2.3996857729996455,-1.8782519433048184
18,11,0.022449454934763153,3.009022111656783,-2.9865726567220197
19,11,0.0,3.0387305155402196,-3.0387305155402196
20,11,0.0,0.5311624429223745,-0.5311624429223745
21,11,0.0,0.36916244292237443,-0.36916244292237443
22,11,0.0,0.5266624429223744,-0.5266624429223744
23,11,0.0,0.32416244292237445,-0.32416244292237445
0,11,0.0,0.21421244292237446,-0.21421244292237446
1,11,0.0,0.5663374429223744,-0.5663374429223744
2,11,0.0,0.6313624429223744,-0.6313624429223744
3,11,0.0,0.48196244292237445,-0.48196244292237445
4,11,0.0,1.8540792870112885,-1.8540792870112885
5,11,0.0,1.7979885876673696,-1.7979885876673696
6,11,0.0,1.889393252120947,-1.889393252120947
7,11,0.0,3.6469894027203797,-3.6469894027203797
8,11,0.4106199866854935,1.4914694535072837,-1.0808494668217903
9,11,1.7974985951536122,4.018406641752806,-2.220908046599194
10,11,2.5559917549785625,2.7732595372792774,-0.21726778230071497
11,11,3.8068979679211115,2.801019623412885,1.0058783445082264
12,11,4.308069058649682,2.707680822782546,1.6003882358671362
13,11,4.581206486812158,3.06916121753292,1.5120452692792377
14,11,4.28972177165226,0.45676244292237433,3.832959328729886
15,11,3.6932066494579496,0.47476244292237446,3.218444206535575
16,11,2.6091983237287493,0.5307624429223745,2.0784358808063748
17,11,1.3076939450457208,0.4227624429223744,0.8849315021233464
18,11,0.0005477461558856732,3.45208241290849,-3.4515346667526043
19,11,0.0,1.974545054648081,-1.974545054648081
20,11,0.0,1.6969868442431508,-1.6969868442431508
21,11,0.0,2.8461884557285413,-2.8461884557285413
22,11,0.0,0.5122624429223744,-0.5122624429223744
23,11,0.0,0.5887624429223743,-0.5887624429223743
0,11,0.0,0.3174874429223744,-0.3174874429223744
1,11,0.0,1.6921587378778638,-1.6921587378778638
2,11,0.0,0.6466624429223744,-0.6466624429223744
3,11,0.0,0.4628374429223744,-0.4628374429223744
4,11,0.0,0.48196244292237445,-0.48196244292237445
5,11,0.0,0.6963874429223744,-0.6963874429223744
6,11,0.0,2.2596426769746243,-2.2596426769746243
7,11,0.0,4.2626225155477355,-4.2626225155477355
8,11,0.7974635457594269,4.724634669730921,-3.9271711239714944
9,11,2.6408601683228627,3.074052640056541,-0.43319247173367836
10,11,3.9048144377751557,1.7436740225485916,2.161140415226564
11,11,4.655047296610943,1.8250207187655794,2.8300265778453633
12,11,4.991339835491334,1.9802814189837816,3.0110584165075522
13,11,4.9255151091165725,0.7377624429223744,4.187752666194198
14,11,4.481559644313968,0.7917624429223743,3.689797201391594
15,11,3.6919914047529665,0.6162624429223744,3.075728961830592
16,11,2.570038946510027,0.6027624429223744,1.9672765035876527
17,11,1.2909108421437898,0.7512624429223744,0.5396483992214154
18,11,0.0005460100155108475,0.6346624429223743,-0.6341164329068635
19,11,0.0,2.022492368188414,-2.022492368188414
20,11,0.0,0.5266624429223744,-0.5266624429223744
21,11,0.0,0.48166244292237437,-0.48166244292237437
22,11,0.0,0.3284374429223744,-0.3284374429223744
23,11,0.0,0.35521244292237436,-0.35521244292237436
0,11,0.0,2.918785708532653,-2.918785708532653
1,11,0.0,2.8961080459512423,-2.8961080459512423
2,11,0.0,4.509772177981238,-4.509772177981238
3,11,0.0,2.1017675794022304,-2.1017675794022304
4,11,0.0,0.34808744292237437,-0.34808744292237437
5,11,0.0,0.3939874429223744,-0.3939874429223744
6,11,0.0,0.4054624429223744,-0.4054624429223744
7,11,0.0,4.66220361914257,-4.66220361914257
8,11,0.4971669137023644,1.6490133613205054,-1.151846447618141
9,11,2.1452713276305477,0.3404124429223744,1.8048588847081732
10,11,3.799158013816716,0.4722624429223744,3.3268955708943415
11,11,4.53701297232079,2.2718818799131704,2.2651310924076196
12,11,4.8688669152433715,3.5095713072159644,1.359295608027407
13,11,4.834916650438983,1.7186754713048917,3.1162411791340916
14,11,4.26948842509876,4.448441045426797,-0.1789526203280376
15,11,3.3519408539766316,2.8372889884332717,0.5146518655433598
16,11,1.5757975146373586,2.885141613141693,-1.3093440985043343
17,11,0.5237936168391869,2.4408586723659713,-1.9170650555267845
18,11,0.022396021671662738,2.9786284725143974,-2.9562324508427347
19,11,0.0,4.6778446157560385,-4.6778446157560385
20,11,0.0,4.786766594136207,-4.786766594136207
21,11,0.0,4.829437457773869,-4.829437457773869
22,11,0.0,4.1040628453682135,-4.1040628453682135
23,11,0.0,2.626503462908852,-2.626503462908852
0,11,0.0,3.3470249702344104,-3.3470249702344104
1,11,0.0,0.40928744292237434,-0.40928744292237434
2,11,0.0,0.6237124429223744,-0.6237124429223744
3,11,0.0,0.4743124429223744,-0.4743124429223744
4,11,0.0,0.4896124429223744,-0.4896124429223744
5,11,0.0,2.385120352311218,-2.385120352311218
6,11,0.0,0.5546374429223744,-0.5546374429223744
7,11,0.0,1.3237624429223744,-1.3237624429223744
8,11,0.5872315092849281,0.5125624429223744,0.07466906636255366
9,11,2.4394044991416317,0.6466374429223744,1.7927670562192572
10,11,3.7602667595026964,0.8156968441640313,2.944569915338665
11,11,4.5895395143995685,0.4027624429223744,4.186777071477194
12,11,4.950313664792031,2.3542096406196777,2.596104024172353
13,11,4.8794728764161635,4.3037370461192745,0.5757358302968889
14,11,4.232845030956811,3.34930049414582,0.8835445368109904
15,11,3.26696119565198,3.085992528097046,0.18096866755493402
16,11,1.6943092948196437,3.012258697382065,-1.3179494025624214
17,11,0.4216760134232847,3.235923612371457,-2.8142475989481723
18,11,0.01676555671214293,0.47716244292237436,-0.46039688621023145
19,11,0.0,0.4141624429223744,-0.4141624429223744
20,11,0.0,2.229631141349196,-2.229631141349196
21,11,0.0,2.2446625425554165,-2.2446625425554165
22,11,0.0,0.3284374429223744,-0.3284374429223744
23,11,0.0,0.34373744292237446,-0.34373744292237446
0,11,0.0,0.1912624429223744,-0.1912624429223744
1,11,0.0,0.20656244292237436,-0.20656244292237436
2,11,0.0,0.2945374429223744,-0.2945374429223744
3,11,0.0,0.3251374429223744,-0.3251374429223744
4,11,0.0,0.3404374429223743,-0.3404374429223743
5,11,0.0,0.5166124429223744,-0.5166124429223744
6,11,0.0,0.5089624429223745,-0.5089624429223745
7,11,0.0,4.138954821847448,-4.138954821847448
8,11,0.18311739347608003,4.74843832507083,-4.56532093159475
9,11,1.2296506137308207,1.3745535484183606,-0.1449029346875399
10,11,3.449295645848351,1.4788145127972518,1.9704811330510992
11,11,4.419615682026656,0.6252624429223743,3.7943532391042814
12,11,4.141371179464743,0.7062624429223744,3.4351087365423685
13,11,4.0456072642641665,2.0811406836088784,1.9644665806552881
14,11,4.089697927089729,3.520664519814084,0.5690334072756449
15,11,3.5828680424653947,2.5529601827108035,1.0299078597545912
16,11,2.502084382670918,2.5303675970532042,-0.028283214382286204
17,11,1.308554425441243,2.2922049256805135,-0.9836505002392706
18,11,0.00043663537955068797,1.7027979234567145,-1.702361288077164
19,11,0.0,1.7878014340309512,-1.7878014340309512
20,11,0.0,0.36916244292237443,-0.36916244292237443
21,11,0.0,2.477034135171233,-2.477034135171233
22,11,0.0,1.544522821980315,-1.544522821980315
23,11,0.0,1.7147638216141072,-1.7147638216141072
0,11,0.0,1.461132818888548,-1.461132818888548
1,11,0.0,1.4017668944066357,-1.4017668944066357
2,11,0.0,1.7689773558525008,-1.7689773558525008
3,11,0.0,1.4813152133189866,-1.4813152133189866
4,11,0.0,1.8776177607294864,-1.8776177607294864
5,11,0.0,1.7743347527969213,-1.7743347527969213
6,11,0.0,3.0960059299387153,-3.0960059299387153
7,11,0.0,0.4054624429223744,-0.4054624429223744
8,11,0.3766710409669535,0.48983744292237447,-0.11316640195542099
9,11,2.2825180291087297,0.19576244292237446,2.086755586186355
10,11,3.7023184443288786,0.3732624429223745,3.3290560014065043
11,11,4.370411055611084,2.8884957372346385,1.481915318376445
12,11,4.794552916979337,3.047629780156658,1.7469231368226792
13,11,4.644678591734334,0.7872624429223745,3.85741614881196
14,11,4.211426037514891,0.6522624429223745,3.5591635945925164
15,11,3.341647624620407,0.6567624429223744,2.6848851816980326
16,11,2.2083639950213683,0.8232624429223745,1.3851015520989938
17,11,0.8675665368967842,0.4477624429223743,0.4198040939744099
18,11,0.016732160922705165,0.4996624429223744,-0.4829302819996692
19,11,0.0,2.665096627582238,-2.665096627582238
20,11,0.0,2.1848587199108565,-2.1848587199108565
21,11,0.0,3.2702408876886495,-3.2702408876886495
22,11,0.0,2.1710405248002274,-2.1710405248002274
23,11,0.0,0.9619702796987248,-0.9619702796987248
0,11,0.0,0.5684860378770279,-0.5684860378770279
1,11,0.0,0.9528145759794856,-0.9528145759794856
2,11,0.0,0.6562961814791738,-0.6562961814791738
3,11,0.0,0.24098744292237442,-0.24098744292237442
4,11,0.0,1.5059518142322466,-1.5059518142322466
5,11,0.0,1.610143629076103,-1.610143629076103
6,11,0.0,1.3157033168160248,-1.3157033168160248
7,11,0.0,2.7130588302237673,-2.7130588302237673
8,11,0.11395543349932682,1.8562433932906164,-1.7422879597912895
9,11,1.3220926373165882,2.1104322760181744,-0.7883396387015862
10,11,2.5669239739568157,0.8751777623404479,1.6917462116163677
11,11,2.3666991077121824,2.846310814076352,-0.4796117063641696
12,11,3.660424683215706,0.9939035359149799,2.666521147300726
13,11,2.2158132373685535,0.5172624429223744,1.698550794446179
14,11,1.7302054373285198,1.7156780913142,0.01452734601431982
15,11,1.2159775417054173,1.6133283523833117,-0.39735081067789446
16,11,0.4106124710074997,1.708925619626402,-1.2983131486189023
17,11,0.3752716240723976,0.3957624429223745,-0.02049081884997689
18,11,0.01694589397510684,0.35566244292237437,-0.33871654894726755
19,11,0.0,2.3966488652586873,-2.3966488652586873
20,11,0.0,3.8617872751853772,-3.8617872751853772
21,11,0.0,5.445101817552696,-5.445101817552696
22,11,0.0,5.8329609661147295,-5.8329609661147295
23,11,0.0,2.391315832977492,-2.391315832977492
0,11,0.0,3.7759449046305193,-3.7759449046305193
1,11,0.0,0.3366124429223744,-0.3366124429223744
2,11,0.0,0.3174874429223744,-0.3174874429223744
3,11,0.0,0.3327874429223744,-0.3327874429223744
4,11,0.0,0.37486244292237436,-0.37486244292237436
5,11,0.0,0.5127874429223744,-0.5127874429223744
6,11,0.0,0.5701624429223744,-0.5701624429223744
7,11,0.0,2.0331124429223744,-2.0331124429223744
8,11,0.5650095851589091,4.910767450092767,-4.345757864933859
9,11,2.064188136404119,6.041333972829911,-3.977145836425792
10,11,3.5561177798968595,2.7104928094553746,0.8456249704414849
11,11,4.511085672392754,3.051427253092935,1.4596584192998194
12,11,4.676457798262508,0.36426244292237436,4.312195355340133
13,11,3.8684109633730386,0.3352624429223744,3.533148520450664
14,11,2.826438472940078,0.41826244292237447,2.408176030017704
15,11,2.038979252019903,0.9245290516214186,1.1144502003984844
16,11,1.4980548340817452,0.8707125111396348,0.6273423229421105
17,11,0.8327207078200355,0.9546055610289794,-0.12188485320894393
18,11,0.016999327238207258,2.3244074665893133,-2.307408139351106
19,11,0.0,2.0170922138158454,-2.0170922138158454
20,11,0.0,2.235115744078091,-2.235115744078091
21,11,0.0,5.5289427601829395,-5.5289427601829395
22,11,0.0,5.379231152487585,-5.379231152487585
23,11,0.0,4.051687696709316,-4.051687696709316
0,11,0.0,1.7234546148851078,-1.7234546148851078
1,11,0.0,1.867950548337398,-1.867950548337398
2,11,0.0,0.5395624429223744,-0.5395624429223744
3,11,0.0,0.5510374429223743,-0.5510374429223743
4,11,0.0,0.3939874429223744,-0.3939874429223744
5,11,0.0,0.6007624429223744,-0.6007624429223744
6,11,0.0,2.5629902423701196,-2.5629902423701196
7,11,0.0,0.6275374429223743,-0.6275374429223743
8,11,0.5752407193063657,1.6003819779260335,-1.025141258619668
9,11,2.476363111370199,0.42073744292237447,2.0556256684478242
10,11,3.788345558831728,0.3404124429223744,3.4479331159093536
11,11,4.602160634645814,0.25626244292237443,4.345898191723439
12,11,4.90556989773856,0.35976244292237447,4.5458074548161855
13,11,4.822765860016349,0.5422624429223745,4.280503417093975
14,11,4.393874187425376,0.44976244292237444,3.9441117445030014
15,11,3.5716478666286338,2.874247831181862,0.6974000354467718
16,11,2.4800348798652183,0.6252624429223743,1.854772436942844
17,11,1.2555595934711181,0.3732624429223745,0.8822971505487436
18,11,0.0003307325337504336,0.3466624429223744,-0.346331710388624
19,11,0.0,1.0561624429223746,-1.0561624429223746
20,11,0.0,2.706409310407159,-2.706409310407159
21,11,0.0,0.39346244292237437,-0.39346244292237437
22,11,0.0,0.4355374429223744,-0.4355374429223744
23,11,0.0,0.4584874429223744,-0.4584874429223744
0,11,0.0,0.36721244292237437,-0.36721244292237437
1,11,0.0,0.3863374429223744,-0.3863374429223744
2,11,0.0,0.4054624429223744,-0.4054624429223744
3,11,0.0,0.6160624429223744,-0.6160624429223744
4,11,0.0,0.6237124429223744,-0.6237124429223744
5,11,0.0,0.4245874429223744,-0.4245874429223744
6,11,0.0,0.6275374429223743,-0.6275374429223743
7,11,0.0,4.084014347748083,-4.084014347748083
8,11,0.5379517751926582,4.31741568225962,-3.779463907066962
9,11,2.346167949506725,0.5701374429223743,1.776030506584351
10,11,3.654070583038014,0.2830374429223744,3.3710331401156393
11,11,4.472334167001014,0.31026244292237437,4.16207172407864
12,11,4.832789579121772,0.5757624429223744,4.257027136199397
13,11,4.79781590354295,1.850527884814006,2.9472880187289436
14,11,4.382525527936998,4.101126040497786,0.28139948743921206
15,11,3.598905465608899,2.123914110329242,1.474991355279657
16,11,2.4892325003705063,0.4902624429223744,1.998970057448132
17,11,1.2623668600336586,0.5712624429223744,0.6911044171112842
18,11,0.00032995127058176206,1.3036624429223744,-1.3033324916517928
19,11,0.0,0.3196624429223744,-0.3196624429223744
20,11,0.0,0.33991244292237444,-0.33991244292237444
21,11,0.0,0.5734624429223742,-0.5734624429223742
22,11,0.0,0.6117124429223744,-0.6117124429223744
23,11,0.0,0.42023744292237447,-0.42023744292237447
0,11,0.0,0.5472124429223744,-0.5472124429223744
1,11,0.0,0.5586874429223745,-0.5586874429223745
2,11,0.0,0.35191244292237434,-0.35191244292237434
3,11,0.0,0.4590124429223744,-0.4590124429223744
4,11,0.0,0.5010874429223744,-0.5010874429223744
5,11,0.0,2.2349319413489575,-2.2349319413489575
6,11,0.0,0.5661124429223744,-0.5661124429223744
7,11,0.0,3.4904529213523476,-3.4904529213523476
8,11,0.5207393365830306,2.8238242719551057,-2.303084935372075
9,11,2.3966940141924757,0.5316624429223744,1.8650315712701013
10,11,3.725506318271512,0.4283874429223744,3.2971188753491374
11,11,4.5419186289507545,0.32511244292237446,4.21680618602838
12,11,4.906966756674391,0.19576244292237446,4.711204313752017
13,11,4.87210964767369,3.7543406206082537,1.1177690270654361
14,11,4.448526300493892,0.3687624429223744,4.079763857571518
15,11,3.6624769998399636,0.40476244292237445,3.257714556917589
16,11,2.5396264568176603,0.5982624429223744,1.941364013895286
17,11,1.2993895325396323,0.36426244292237436,0.9351270896172579
18,11,0.0003312533758628813,0.3286624429223745,-0.32833118954651164
19,11,0.0,0.34373744292237446,-0.34373744292237446
20,11,0.0,0.38963744292237446,-0.38963744292237446
21,11,0.0,0.6040624429223743,-0.6040624429223743
22,11,0.0,0.37433744292237436,-0.37433744292237436
23,11,0.0,0.37816244292237444,-0.37816244292237444
0,11,0.0,0.2983624429223744,-0.2983624429223744
1,11,0.0,0.5204374429223744,-0.5204374429223744
2,11,0.0,1.8898004814708385,-1.8898004814708385
3,11,0.0,2.3632911594321566,-2.3632911594321566
4,11,0.0,0.5546374429223744,-0.5546374429223744
5,11,0.0,0.5928874429223744,-0.5928874429223744
6,11,0.0,2.4038858583696743,-2.4038858583696743
7,11,0.0,2.5013345490919527,-2.5013345490919527
8,11,0.5205382826476267,4.6320822442826355,-4.111543961635009
9,11,2.4101292062678557,2.726827256640428,-0.3166980503725725
10,11,3.7370991655230754,2.5418856547012143,1.1952135108218611
11,11,4.520069973082686,0.8882202159110786,3.631849757171607
12,11,4.8650005223229,0.8536044733021692,4.011396049020731
13,11,4.820419679978566,0.9994841086230207,3.8209355713555455
14,11,4.405303759966396,1.525638157655599,2.8796656023107965
15,11,3.628278810206558,1.7602666971749936,1.8680121130315646
16,11,2.526606306163634,1.6647377733557036,0.8618685328079305
17,11,1.3070847675056607,0.6072624429223744,0.6998223245832863
18,11,0.0003295606389974262,0.5671624429223743,-0.5668328822833768
19,11,0.0,0.31516244292237444,-0.31516244292237444
20,11,0.0,0.3284374429223744,-0.3284374429223744
21,11,0.0,2.5054955213854546,-2.5054955213854546
22,11,0.0,2.635474743375566,-2.635474743375566
23,11,0.0,2.5857254107212033,-2.5857254107212033
0,11,0.0,1.995208775436144,-1.995208775436144
1,11,0.0,0.5510374429223743,-0.5510374429223743
2,11,0.0,0.39016244292237434,-0.39016244292237434
3,11,0.0,0.6198874429223744,-0.6198874429223744
4,11,0.0,0.6504874429223744,-0.6504874429223744
5,11,0.0,0.47048744292237443,-0.47048744292237443
6,11,0.0,0.5202124429223743,-0.5202124429223743
7,11,0.0,0.7040374429223744,-0.7040374429223744
8,11,0.4909927631814438,2.2637177990315602,-1.7727250358501165
9,11,2.3828480505475924,3.4864079194593307,-1.1035598689117383
10,11,3.7086504957628526,2.2852989025365615,1.423351593226291
11,11,4.521180047494065,5.013481185079472,-0.4923011375854074
12,11,4.8942139744400945,4.652350518941746,0.24186345549834876
13,11,4.85107313592031,3.1006729182951704,1.7504002176251396
14,11,4.4304364810892425,3.4073457155558904,1.023090765533352
15,11,3.6482864457484077,0.5937624429223745,3.0545240028260334
16,11,2.5442119510338994,0.5937624429223745,1.950449508111525
17,11,1.3310110591593856,0.6387624429223744,0.6922486162370112
18,11,0.0003290397968849785,0.40516244292237447,-0.4048334031254895
19,11,0.0,2.3132196224078436,-2.3132196224078436
20,11,0.0,1.2586624429223745,-1.2586624429223745
21,11,0.0,0.5536624429223744,-0.5536624429223744
22,11,0.0,0.3286624429223745,-0.3286624429223745
23,11,0.0,0.31696244292237435,-0.31696244292237435
0,11,0.0,2.2402528075229533,-2.2402528075229533
1,11,0.0,0.5931124429223744,-0.5931124429223744
2,11,0.0,0.6428374429223744,-0.6428374429223744
3,11,0.0,0.6466624429223744,-0.6466624429223744
4,11,0.0,0.47813744292237437,-0.47813744292237437
5,11,0.0,1.8568408008736617,-1.8568408008736617
6,11,0.0,0.5508124429223744,-0.5508124429223744
7,11,0.0,3.8246725670838444,-3.8246725670838444
8,11,0.49218514495266247,5.171363552665754,-4.679178407713092
9,11,2.3841388689457523,4.2106835191729335,-1.8265446502271812
10,11,3.724071432997839,2.609875875566635,1.114195557431204
11,11,4.518660773225249,0.735343498742711,3.783317274482538
12,11,4.847381419895037,1.0721083559566822,3.7752730639383554
13,11,4.815445499110219,1.2223173698883583,3.593128129221861
14,11,4.411040333099275,1.0019048473253114,3.4091354857739637
15,11,3.6348099781782364,0.6862624429223745,2.948547535255862
16,11,2.5262886027737266,0.7557624429223744,1.7705261598513522
17,11,1.320402140634279,1.8457093798177984,-0.5253072391835194
18,11,0.0003294304284693143,0.5716624429223743,-0.571333012493905
19,11,0.0,2.6654092466014427,-2.6654092466014427
20,11,0.0,0.4906624429223743,-0.4906624429223743
21,11,0.0,1.7780954841027876,-1.7780954841027876
22,11,0.0,1.7279016588935785,-1.7279016588935785
23,11,0.0,0.4623124429223744,-0.4623124429223744
0,12,0.0,0.3863374429223744,-0.3863374429223744
1,12,0.0,0.5739874429223745,-0.5739874429223745
2,12,0.0,1.8286688173440662,-1.8286688173440662
3,12,0.0,0.6275374429223743,-0.6275374429223743
4,12,0.0,0.6198874429223744,-0.6198874429223744
5,12,0.0,0.49343744292237435,-0.49343744292237435
6,12,0.0,0.7002124429223744,-0.7002124429223744
7,12,0.0,0.5469874429223744,-0.5469874429223744
8,12,0.4572501684223671,0.6504874429223744,-0.19323727450000727
9,12,2.3125224216913316,0.5777874429223744,1.7347349787689572
10,12,3.6433029026581605,0.27156244292237436,3.3717404597357863
11,12,4.441180449322281,0.34426244292237435,4.096918006399907
12,12,4.664605697017949,0.7107624429223744,3.953843254095575
13,12,4.319052615658292,0.7782624429223743,3.5407901727359175
14,12,3.797403502752201,0.8142624429223744,2.9831410598298262
15,12,3.3208354069995023,0.8232624429223745,2.497572964077128
16,12,2.2726160245170868,0.5737624429223744,1.6988535815947123
17,12,0.9601280786133393,0.7017624429223743,0.25836563569096493
18,12,0.016645331870166983,0.7381624429223743,-0.7215171110522073
19,12,0.0,4.546088736054577,-4.546088736054577
20,12,0.0,0.3466624429223744,-0.3466624429223744
21,12,0.0,1.2079689243297174,-1.2079689243297174
22,12,0.0,0.8210368092613862,-0.8210368092613862
23,12,0.0,1.0116359241533615,-1.0116359241533615
0,12,0.0,0.9406467182856366,-0.9406467182856366
1,12,0.0,0.3174874429223744,-0.3174874429223744
2,12,0.0,0.5433874429223744,-0.5433874429223744
3,12,0.0,0.3825124429223744,-0.3825124429223744
4,12,0.0,0.40928744292237434,-0.40928744292237434
5,12,0.0,0.43988744292237436,-0.43988744292237436
6,12,0.0,0.47048744292237443,-0.47048744292237443
7,12,0.0,5.845102549472878,-5.845102549472878
8,12,0.3721258573726707,2.504031831443077,-2.1319059740704063
9,12,2.247835799402548,0.3327874429223744,1.9150483564801735
10,12,3.4561196138846886,0.46303744292237436,2.9930821709623143
11,12,4.294176653611052,0.5577624429223743,3.7364142106886775
12,12,4.6316907924683655,0.6657624429223744,3.965928349545991
13,12,4.66044111349624,3.3877278443932526,1.272713269102987
14,12,4.286654751424866,3.630485687464255,0.6561690639606108
15,12,3.5401356443892946,0.7827624429223743,2.7573732014669203
16,12,2.4579122618093816,0.7222624429223745,1.735649818887007
17,12,1.2378678188469288,0.7602624429223743,0.47760537592455443
18,12,0.0003239615862886134,0.5806624429223743,-0.5803384813360857
19,12,0.0,2.713523833132423,-2.713523833132423
20,12,0.0,0.5266624429223744,-0.5266624429223744
21,12,0.0,3.0022631358242573,-3.0022631358242573
22,12,0.0,3.9186393694337673,-3.9186393694337673
23,12,0.0,4.479313253485956,-4.479313253485956
0,12,0.0,1.9821349436382556,-1.9821349436382556
1,12,0.0,1.9797355317252554,-1.9797355317252554
2,12,0.0,3.1718973059548494,-3.1718973059548494
3,12,0.0,1.6037831698501266,-1.6037831698501266
4,12,0.0,1.6974711915911687,-1.6974711915911687
5,12,0.0,1.6397286974210958,-1.6397286974210958
6,12,0.0,1.8304264322603627,-1.8304264322603627
7,12,0.0,4.530212546749927,-4.530212546749927
8,12,0.3993435738286677,2.20900439903876,-1.8096608252100923
9,12,2.2507707954934895,2.3917809169994317,-0.14101012150594228
10,12,3.5848461009453705,2.668713224180369,0.9161328767650017
11,12,4.409416114204444,0.39421244292237445,4.01520367128207
12,12,4.779479793233554,4.464045598837561,0.3154341943959924
13,12,4.754929250521944,0.5982624429223744,4.15666680759957
14,12,4.343389187642569,0.6567624429223743,3.686626744720195
15,12,3.5793050549642316,0.5127624429223744,3.0665426120418573
16,12,2.485528707066026,0.7062624429223744,1.7792662641436516
17,12,1.2647384160933528,1.0210693195063307,0.24366909658702207
18,12,0.00032578453368218034,2.073972954582766,-2.073647170049084
19,12,0.0,2.7918606857810673,-2.7918606857810673
20,12,0.0,2.330054293371448,-2.330054293371448
21,12,0.0,2.3533504615051424,-2.3533504615051424
22,12,0.0,1.8473122042150165,-1.8473122042150165
23,12,0.0,1.5720089451828323,-1.5720089451828323
0,12,0.0,3.1320863929976017,-3.1320863929976017
1,12,0.0,0.29071244292237447,-0.29071244292237447
2,12,0.0,0.4131124429223744,-0.4131124429223744
3,12,0.0,0.47813744292237437,-0.47813744292237437
4,12,0.0,0.6657874429223744,-0.6657874429223744
5,12,0.0,0.7231624429223744,-0.7231624429223744
6,12,0.0,0.5775874429223743,-0.5775874429223743
7,12,0.0,0.7728874429223744,-0.7728874429223744
8,12,0.37194842044093684,4.188805768569672,-3.8168573481287353
9,12,2.2599780190377263,2.401459719507325,-0.14148170046959851
10,12,3.6266733347426907,2.5794469305425043,1.0472264042001864
11,12,4.462150330994781,0.4706874429223743,3.991462888072407
12,12,4.844177986537751,0.2542624429223743,4.589915543615377
13,12,4.830402170927199,0.5712624429223744,4.259139728004825
14,12,4.429270411281941,3.1984376024699075,1.2308328088120333
15,12,3.664151619641747,3.5855526445647037,0.0785989750770435
16,12,2.567376422439604,4.0779022955270365,-1.5105258730874325
17,12,1.3215683413342347,0.6072624429223744,0.7143058984118603
18,12,0.000328258533716307,0.6121624429223743,-0.611834184388658
19,12,0.0,2.579181902716737,-2.579181902716737
20,12,0.0,2.873415383208667,-2.873415383208667
21,12,0.0,2.3086328818179203,-2.3086328818179203
22,12,0.0,0.33608744292237436,-0.33608744292237436
23,12,0.0,0.6040624429223743,-0.6040624429223743
0,12,0.0,2.1028508004323623,-2.1028508004323623
1,12,0.0,0.6504874429223744,-0.6504874429223744
2,12,0.0,0.6619624429223745,-0.6619624429223745
3,12,0.0,0.6543124429223743,-0.6543124429223743
4,12,0.0,1.1686442381715005,-1.1686442381715005
5,12,0.0,1.360090493427288,-1.360090493427288
6,12,0.0,3.0160115005830903,-3.0160115005830903
7,12,0.0,2.6423538975034235,-2.6423538975034235
8,12,0.3794168048432608,4.2297473452610586,-3.8503305404177977
9,12,2.2962607254007983,1.3454608627806306,0.9507998626201677
10,12,3.6728677633436817,0.4360624429223744,3.236805320421307
11,12,4.512173875687944,0.5548374429223744,3.95733643276557
12,12,4.888718822796365,0.27156244292237436,4.6171563798739905
13,12,4.863335391663226,1.7180732320760943,3.1452621595871313
14,12,4.450516996891988,0.5107624429223745,3.9397545539696135
15,12,3.6729461066973266,0.6162624429223744,3.056683663774952
16,12,2.5681170609935213,0.6162624429223744,1.951854618071147
17,12,1.31550397323894,0.35976244292237447,0.9557415303165655
18,12,0.0003311231653347693,2.840248655018867,-2.839917531853532
19,12,0.0,2.3412880303612633,-2.3412880303612633
20,12,0.0,5.007369411606899,-5.007369411606899
21,12,0.0,2.507082849457036,-2.507082849457036
22,12,0.0,2.5213847161833547,-2.5213847161833547
23,12,0.0,2.4132966875750093,-2.4132966875750093
0,12,0.0,0.45518744292237445,-0.45518744292237445
1,12,0.0,0.5049124429223744,-0.5049124429223744
2,12,0.0,0.5355124429223743,-0.5355124429223743
3,12,0.0,0.5393374429223744,-0.5393374429223744
4,12,0.0,0.7384624429223744,-0.7384624429223744
5,12,0.0,0.7920124429223744,-0.7920124429223744
6,12,0.0,0.8149624429223744,-0.8149624429223744
7,12,0.0,2.72522571009629,-2.72522571009629
8,12,0.34893703851397423,4.185207947120649,-3.8362709086066746
9,12,2.2728435077590765,4.596632513994263,-2.3237890062351862
10,12,3.637884158210461,5.930981200483638,-2.293097042273177
11,12,4.468890756942048,5.085159895700311,-0.6162691387582635
12,12,4.834491159707922,2.5831593760322393,2.251331783675683
13,12,4.820887178053676,0.9284166857907847,3.892470492262891
14,12,4.420034714482107,2.338822008840474,2.0812127056416325
15,12,3.6526423583422174,1.3998151085025636,2.2528272498396538
16,12,2.553715174545666,2.2202598702294996,0.3334553043161663
17,12,1.2868256903919533,2.59526791337683,-1.3084422229848767
18,12,0.0003283887442444189,4.101042260296214,-4.10071387155197
19,12,0.0,0.5851624429223744,-0.5851624429223744
20,12,0.0,2.9646617028033817,-2.9646617028033817
21,12,0.0,0.3196624429223744,-0.3196624429223744
22,12,0.0,1.1432891939415741,-1.1432891939415741
23,12,0.0,0.9741916463916049,-0.9741916463916049
0,12,0.0,0.9952642955890941,-0.9952642955890941
1,12,0.0,0.47813744292237437,-0.47813744292237437
2,12,0.0,0.7078624429223744,-0.7078624429223744
3,12,0.0,0.5431624429223744,-0.5431624429223744
4,12,0.0,0.7499374429223744,-0.7499374429223744
5,12,0.0,1.748245928496408,-1.748245928496408
6,12,0.0,1.8970848582338,-1.8970848582338
7,12,0.0,3.8055922909586957,-3.8055922909586957
8,12,0.11782266672004708,6.15238316376769,-6.034560497047642
9,12,1.6973284033307492,1.8466900707127203,-0.1493616673819711
10,12,2.5439444828888353,1.9909034156529994,0.5530410672358359
11,12,3.7937765831929693,2.347148344310425,1.4466282388825444
12,12,4.00496639931712,2.4478198796977275,1.5571465196193928
13,12,3.357790837348609,3.933774436928312,-0.5759835995797027
14,12,2.8513085377921716,3.8942939505862983,-1.0429854127941267
15,12,2.2965256831642393,2.1181406676327024,0.17838501553153696
16,12,1.1946260889602995,0.8927891369605245,0.301836951999775
17,12,0.5374069443215751,0.35076244292237446,0.18664450139920064
18,12,0.011347533973135693,0.3061624429223745,-0.2948149089492388
19,12,0.0,2.6661444091633877,-2.6661444091633877
20,12,0.0,0.5313874429223744,-0.5313874429223744
21,12,0.0,0.5849374429223744,-0.5849374429223744
22,12,0.0,1.5811261721323464,-1.5811261721323464
23,12,0.0,0.6461374429223744,-0.6461374429223744
0,12,0.0,0.3595624429223744,-0.3595624429223744
1,12,0.0,2.4961856867773498,-2.4961856867773498
2,12,0.0,0.6045874429223744,-0.6045874429223744
3,12,0.0,0.6275374429223743,-0.6275374429223743
4,12,0.0,2.536255688662905,-2.536255688662905
5,12,0.0,0.6390124429223745,-0.6390124429223745
6,12,0.0,0.5087374429223744,-0.5087374429223744
7,12,0.0,0.6887374429223745,-0.6887374429223745
8,12,0.14717519698074338,1.6625725039610124,-1.515397306980269
9,12,0.9139130278726211,1.9765366942763989,-1.0626236664037778
10,12,1.5897682859628033,2.4783769532611943,-0.888608667298391
11,12,2.093117908796658,2.2598714569098175,-0.16675354811315968
12,12,4.132267677414818,2.7103686052961558,1.4218990721186624
13,12,4.693689889809688,0.43426244292237437,4.2594274468873135
14,12,4.399831343803926,0.35976244292237447,4.040068900881551
15,12,3.628119673322429,2.7063913059230837,0.921728367399345
16,12,2.5178577628415004,0.4702624429223744,2.047595319919126
17,12,1.2508955011793725,0.29676244292237436,0.9541330582569982
18,12,0.01707279797497033,0.3284374429223744,-0.31136464494740407
19,12,0.0,0.32078744292237443,-0.32078744292237443
20,12,0.0,0.3284374429223744,-0.3284374429223744
21,12,0.0,1.9759573248194675,-1.9759573248194675
22,12,0.0,1.4516001655284492,-1.4516001655284492
23,12,0.0,3.763635156714279,-3.763635156714279
0,12,0.0,1.583658466752153,-1.583658466752153
1,12,0.0,0.45518744292237445,-0.45518744292237445
2,12,0.0,0.5049124429223744,-0.5049124429223744
3,12,0.0,0.5355124429223743,-0.5355124429223743
4,12,0.0,2.2693325933080954,-2.2693325933080954
5,12,0.0,0.5546374429223744,-0.5546374429223744
6,12,0.0,0.7346374429223743,-0.7346374429223743
7,12,0.0,4.0986083784703755,-4.0986083784703755
8,12,0.23728002891711195,4.335060108541608,-4.0977800796244965
9,12,1.9797669247132281,1.7662447560336665,0.21352216867956164
10,12,3.0223343015822937,1.9227834691748051,1.0995508324074885
11,12,3.6305470471418455,2.6626249046526986,0.9679221424891469
12,12,4.2504547173963125,2.2365392421804855,2.013915475215827
13,12,4.643209854613179,0.8254230343517437,3.8177868202614356
14,12,4.079738073106946,0.7393232066967623,3.3404148664101836
15,12,2.6113923336702607,0.23176244292237433,2.3796298907478866
16,12,2.010605668783592,0.26976244292237445,1.7408432258612176
17,12,1.1882227970617132,0.4947624429223744,0.6934603541393387
18,12,0.011343081201210659,2.5227197567117794,-2.5113766755105686
19,12,0.0,2.7017210978135107,-2.7017210978135107
20,12,0.0,2.808810528860443,-2.808810528860443
21,12,0.0,0.46613744292237447,-0.46613744292237447
22,12,0.0,0.5043874429223745,-0.5043874429223745
23,12,0.0,0.5082124429223744,-0.5082124429223744
0,12,0.0,2.648180705482135,-2.648180705482135
1,12,0.0,0.43988744292237436,-0.43988744292237436
2,12,0.0,0.6351874429223745,-0.6351874429223745
3,12,0.0,0.6466624429223744,-0.6466624429223744
4,12,0.0,0.4628374429223744,-0.4628374429223744
5,12,0.0,0.48196244292237445,-0.48196244292237445
6,12,0.0,1.8194414463755875,-1.8194414463755875
7,12,0.0,0.5393374429223744,-0.5393374429223744
8,12,0.23975258301124044,1.7624878374930444,-1.522735254481804
9,12,2.0791812366116464,2.2512995566917384,-0.17211832008009198
10,12,3.5471504418913415,0.5010624429223745,3.046087998968967
11,12,4.117012660622074,0.3939874429223744,3.7230252176997
12,12,4.318912692908352,0.42456244292237444,3.894350249985978
13,12,4.119854987692276,1.5802452200656059,2.53960976762667
14,12,4.228527812319911,2.670188358583921,1.5583394537359898
15,12,3.4429684890988783,0.5586624429223743,2.884306046176504
16,12,2.126520313905213,0.3213124429223744,1.8052078709828387
17,12,0.5496794631596661,0.6045624429223744,-0.054882979762708284
18,12,0.011583530885162542,0.6805624429223743,-0.6689789120372118
19,12,0.0,0.5235124429223744,-0.5235124429223744
20,12,0.0,0.5464624429223744,-0.5464624429223744
21,12,0.0,3.9293468628769146,-3.9293468628769146
22,12,0.0,4.174165011675711,-4.174165011675711
23,12,0.0,3.958947385373941,-3.958947385373941
0,12,0.0,0.6734374429223744,-0.6734374429223744
1,12,0.0,0.5278624429223744,-0.5278624429223744
2,12,0.0,0.8073124429223744,-0.8073124429223744
3,12,0.0,0.6387874429223743,-0.6387874429223743
4,12,0.0,2.8743171625855464,-2.8743171625855464
5,12,0.0,3.463613239594256,-3.463613239594256
6,12,0.0,5.534791894729982,-5.534791894729982
7,12,0.0,3.6663312548391698,-3.6663312548391698
8,12,0.28298985265318327,2.8216495291354686,-2.5386596764822853
9,12,2.2175131295048476,3.2047592929642703,-0.9872461634594227
10,12,3.694446970549421,4.23778770288319,-0.5433407323337689
11,12,4.59585184719049,2.2646543914721784,2.3311974557183115
12,12,5.038226313324319,1.5646294621135681,3.4735968512107513
13,12,5.062553067056536,1.6250673802952436,3.437485686761292
14,12,4.677537316054327,1.7550559789837974,2.922481337070529
15,12,3.89764351112691,1.6847586367147234,2.212884874412187
16,12,2.7625144518659277,1.503244159923026,1.2592702919429017
17,12,1.4510229863582274,0.4398624429223744,1.011160543435853
18,12,0.0003402379023026041,1.2926374429223744,-1.2922972050200718
19,12,0.0,3.1433705678016066,-3.1433705678016066
20,12,0.0,2.4156457531794224,-2.4156457531794224
21,12,0.0,0.6841624429223745,-0.6841624429223745
22,12,0.0,0.7032874429223743,-0.7032874429223743
23,12,0.0,0.6956374429223744,-0.6956374429223744
0,12,0.0,0.6043624429223744,-0.6043624429223744
1,12,0.0,0.8685124429223743,-0.8685124429223743
2,12,0.0,0.6846874429223744,-0.6846874429223744
3,12,0.0,0.6961624429223743,-0.6961624429223743
4,12,0.0,0.7152874429223743,-0.7152874429223743
5,12,0.0,0.9105874429223744,-0.9105874429223744
6,12,0.0,0.7458874429223743,-0.7458874429223743
7,12,0.0,2.585250552971497,-2.585250552971497
8,12,0.24894406079062265,2.8364278449547005,-2.587483784164078
9,12,2.167490950682248,0.6311374429223744,1.5363535077598736
10,12,3.650972767111158,0.7422624429223743,2.9087103241887835
11,12,4.49866153550797,0.9694227987048134,3.5292387368031566
12,12,4.958072941447271,2.634337860841752,2.323735080605519
13,12,4.9583225852797215,2.822496541791677,2.1358260434880445
14,12,4.568494895842107,0.31026244292237437,4.258232452919733
15,12,3.79762046182913,0.3192624429223744,3.4783580189067553
16,12,2.6729981788059476,0.4297624429223745,2.243235735883573
17,12,1.3891482113480798,0.22568744292237436,1.1634607684257054
18,12,0.00033581074434679863,0.41258744292237437,-0.41225163217802757
19,12,0.0,1.2314374429223744,-1.2314374429223744
20,12,0.0,0.7111624429223744,-0.7111624429223744
21,12,0.0,3.0014262402900593,-3.0014262402900593
22,12,0.0,0.7035124429223744,-0.7035124429223744
23,12,0.0,2.1455014637999223,-2.1455014637999223
0,12,0.0,0.5737624429223744,-0.5737624429223744
1,12,0.0,0.7996624429223744,-0.7996624429223744
2,12,0.0,3.0569191568154106,-3.0569191568154106
3,12,0.0,4.837032362941188,-4.837032362941188
4,12,0.0,2.5016164709307933,-2.5016164709307933
5,12,0.0,0.6999874429223744,-0.6999874429223744
6,12,0.0,0.8799874429223744,-0.8799874429223744
7,12,0.0,5.12383797531192,-5.12383797531192
8,12,0.20552143268191428,2.8716444262310485,-2.666122993549134
9,12,1.72460602954736,4.094456853085105,-2.369850823537745
10,12,3.0336520293028757,2.944716226086812,0.08893580321606365
11,12,4.285268444057542,0.6122124429223743,3.673056001135168
12,12,4.529190029341784,0.34423744292237446,4.18495258641941
13,12,4.473991843875022,6.291631061622207,-1.8176392177471845
14,12,4.034793972304376,2.260833232677375,1.7739607396270012
15,12,2.962980020663831,2.2784974385883285,0.6844825820755025
16,12,1.8390268725719316,0.4857624429223744,1.3532644296495573
17,12,0.5580923715280807,0.25626244292237443,0.30182992860570623
18,12,0.017099514606520542,3.487427105284236,-3.4703275906777153
19,12,0.0,4.353071101034782,-4.353071101034782
20,12,0.0,3.569673489286149,-3.569673489286149
21,12,0.0,2.2202300324495168,-2.2202300324495168
22,12,0.0,0.6614374429223744,-0.6614374429223744
23,12,0.0,0.47761244292237437,-0.47761244292237437
0,12,0.0,1.4449504614382374,-1.4449504614382374
1,12,0.0,4.1624795604707625,-4.1624795604707625
2,12,0.0,2.171299579401907,-2.171299579401907
3,12,0.0,0.3939874429223744,-0.3939874429223744
4,12,0.0,0.5739874429223745,-0.5739874429223745
5,12,0.0,0.5969374429223744,-0.5969374429223744
6,12,0.0,0.5739874429223745,-0.5739874429223745
7,12,0.0,2.2839041504732966,-2.2839041504732966
8,12,0.08388430006989683,2.768164306955119,-2.6842800068852224
9,12,0.8849310522328022,2.3962418660326184,-1.5113108137998161
10,12,0.4582451746505414,2.50609913118668,-2.0478539565361387
11,12,3.2012777388297344,2.1068689717764504,1.094408767053284
12,12,4.312341648950077,1.762036601377007,2.5503050475730697
13,12,4.658975073509315,1.628820642224978,3.0301544312843367
14,12,4.039957813689326,2.1958517350168925,1.8441060786724335
15,12,3.0623601254801573,0.8108400418393409,2.2515200836408162
16,12,2.280524543155305,1.0765430949414816,1.2039814482138234
17,12,1.3373224445018537,0.7178840520336859,0.6194383924681678
18,12,0.00033372737589700783,1.0462166305460963,-1.0458829031701993
19,12,0.0,3.7006058514989277,-3.7006058514989277
20,12,0.0,5.876028959077101,-5.876028959077101
21,12,0.0,4.155848615630856,-4.155848615630856
22,12,0.0,4.2067689078263895,-4.2067689078263895
23,12,0.0,2.2071051908491364,-2.2071051908491364
0,12,0.0,1.7698938726983284,-1.7698938726983284
1,12,0.0,2.1126925642933614,-2.1126925642933614
2,12,0.0,3.9889406978559023,-3.9889406978559023
3,12,0.0,6.098699400363622,-6.098699400363622
4,12,0.0,1.6071426250364336,-1.6071426250364336
5,12,0.0,2.1648946002967544,-2.1648946002967544
6,12,0.0,1.8783836309810313,-1.8783836309810313
7,12,0.0,1.6567624429223744,-1.6567624429223744
8,12,0.24115650248702203,2.0669280034507604,-1.8257715009637385
9,12,2.159944312455862,1.6452624429223746,0.5146818695334874
10,12,3.63531442739023,2.055040916257122,1.5802735111331079
11,12,4.5878155825138265,0.7116874429223744,3.876128139591452
12,12,5.07033036274388,1.7346437265211336,3.335686636222746
13,12,5.095374937632165,0.7269624429223744,4.368412494709791
14,12,4.6961224328919355,0.6390124429223745,4.057109989969561
15,12,3.904124180317184,0.5048874429223744,3.3992367373948094
16,12,2.6182782298186136,0.6848874429223744,1.9333907868962392
17,12,1.404525253540617,1.8558957966416658,-0.45137054310104885
18,12,0.00045712183597363103,1.3691374429223744,-1.3686803210864007
19,12,0.0,2.550761459709553,-2.550761459709553
20,12,0.0,1.4532874429223743,-1.4532874429223743
21,12,0.0,0.9253624429223744,-0.9253624429223744
22,12,0.0,0.9636124429223742,-0.9636124429223742
23,12,0.0,0.9942124429223744,-0.9942124429223744
0,12,0.0,0.9029374429223744,-0.9029374429223744
1,12,0.0,0.9067624429223744,-0.9067624429223744
2,12,0.0,2.6158074988750273,-2.6158074988750273
3,12,0.0,0.8952874429223744,-0.8952874429223744
4,12,0.0,0.9105874429223744,-0.9105874429223744
5,12,0.0,0.7726624429223744,-0.7726624429223744
6,12,0.0,2.61562983853342,-2.61562983853342
7,12,0.0,3.785357074561437,-3.785357074561437
8,12,0.24669243440342617,1.9744703471377099,-1.7277779127342836
9,12,2.240328086662568,2.059329724139197,0.1809983625233711
10,12,3.7658319883829505,1.936651378715848,1.8291806096671026
11,12,4.702815324633394,0.8302374429223744,3.8725778817110195
12,12,5.1230833626680035,0.5584374429223744,4.5646459197456295
13,12,5.117282635841823,0.4934124429223744,4.623870192919449
14,12,4.687438749523828,2.2814265489962904,2.4060122005275377
15,12,3.8906552663966134,3.523730317384869,0.36692494901174433
16,12,2.7686043716829807,3.3662499026289345,-0.5976455309459539
17,12,1.492270823265715,1.847344655608412,-0.3550738323426972
18,12,0.00045521208156132283,2.0363856482145684,-2.035930436133007
19,12,0.0,3.053835389341346,-3.053835389341346
20,12,0.0,0.6650374429223744,-0.6650374429223744
21,12,0.0,0.7071124429223744,-0.7071124429223744
22,12,0.0,0.7338874429223745,-0.7338874429223745
23,12,0.0,0.7606624429223744,-0.7606624429223744
0,12,0.0,0.8723374429223744,-0.8723374429223744
1,12,0.0,0.6961624429223743,-0.6961624429223743
2,12,0.0,0.6464374429223744,-0.6464374429223744
3,12,0.0,0.6770374429223743,-0.6770374429223743
4,12,0.0,0.7650124429223744,-0.7650124429223744
5,12,0.0,0.9832624429223744,-0.9832624429223744
6,12,0.0,0.8529874429223744,-0.8529874429223744
7,12,0.0,3.640427706503036,-3.640427706503036
8,12,0.20882618547875512,3.6321458601826677,-3.4233196747039125
9,12,2.1105324243836514,0.8414874429223744,1.269044981461277
10,12,3.5762889000249842,0.9182124429223744,2.65807645710261
11,12,4.559699334408515,2.176772414532702,2.382926919875813
12,12,5.027252212972788,1.7569817143921471,3.270270498580641
13,12,5.063464927673418,1.9389191341720728,3.124545793501345
14,12,4.687354877427903,3.5551400559056043,1.1322148215222985
15,12,3.9215146705638637,1.1551725601760474,2.766342110387816
16,12,2.7863385668436536,3.270186771914494,-0.48384820507084036
17,12,1.4925176282017725,0.8730195247168366,0.6194981034849358
18,12,0.0004541703973364273,2.9733496968155966,-2.97289552641826
19,12,0.0,2.4878521891630445,-2.4878521891630445
20,12,0.0,2.1365540044139535,-2.1365540044139535
21,12,0.0,0.7147624429223745,-0.7147624429223745
22,12,0.0,0.8794624429223743,-0.8794624429223743
23,12,0.0,0.7989124429223744,-0.7989124429223744
0,12,0.0,0.7191124429223744,-0.7191124429223744
1,12,0.0,0.7229374429223744,-0.7229374429223744
2,12,0.0,0.9144124429223743,-0.9144124429223743
3,12,0.0,0.9067624429223744,-0.9067624429223744
4,12,0.0,0.7535374429223743,-0.7535374429223743
5,12,0.0,1.0138624429223744,-1.0138624429223744
6,12,0.0,0.9756124429223744,-0.9756124429223744
7,12,0.0,0.9641374429223744,-0.9641374429223744
8,12,0.20897186256869307,2.761594334186761,-2.552622471618068
9,12,2.232387800422623,2.562415721447547,-0.3300279210249242
10,12,3.7514569028982088,0.6119874429223744,3.1394694599758344
11,12,4.695636606036464,1.1104620031116834,3.5851746029247806
12,12,5.146905634993979,0.8601924511820781,4.286713183811901
13,12,5.143954868323095,2.44529256748695,2.698662300836145
14,12,4.7470636513873155,0.8468185375015062,3.900245113885809
15,12,3.9684065906893946,0.8680508736910753,3.1003557169983194
16,12,2.8462605013306304,0.8453727130062257,2.0008877883244045
17,12,1.5635658388241545,0.7705081837913317,0.7930576550328228
18,12,0.0004501772744743283,3.1221700134716652,-3.1217198361971907
19,12,0.0,2.8121385140314192,-2.8121385140314192
20,12,0.0,2.6532244710490387,-2.6532244710490387
21,12,0.0,0.7838374429223743,-0.7838374429223743
22,12,0.0,0.8220874429223743,-0.8220874429223743
23,12,0.0,0.6688624429223744,-0.6688624429223744
0,12,0.0,0.7499374429223744,-0.7499374429223744
1,12,0.0,0.5890624429223744,-0.5890624429223744
2,12,0.0,0.6579124429223744,-0.6579124429223744
3,12,0.0,0.6732124429223744,-0.6732124429223744
4,12,0.0,0.6655624429223743,-0.6655624429223743
5,12,0.0,0.8608624429223745,-0.8608624429223745
6,12,0.0,0.8608624429223745,-0.8608624429223745
7,12,0.0,0.8876374429223743,-0.8876374429223743
8,12,0.20246856489699258,2.51592873945789,-2.313460174560898
9,12,2.061725382159146,2.280989663283272,-0.21926428112412566
10,12,3.5301802438588483,0.48196244292237445,3.0482178009364738
11,12,4.443230554309354,0.40926244292237446,4.033968111386979
12,12,4.895636617039448,0.32893744292237437,4.5666991741170735
13,12,4.933300462550022,2.9679660825603316,1.9653343799896907
14,12,4.5649417004111985,1.6356291579473412,2.9293125424638573
15,12,3.818830816540342,0.25626244292237443,3.562568373617968
16,12,2.7312598529567444,0.44008744292237445,2.29117241003437
17,12,1.464170786582524,0.29833744292237446,1.1658333436601496
18,12,0.0004493092042869155,2.9900186429990447,-2.989569333794758
19,12,0.0,4.45355131711381,-4.45355131711381
20,12,0.0,4.5843111321275245,-4.5843111321275245
21,12,0.0,4.532504610245101,-4.532504610245101
22,12,0.0,2.563281682879136,-2.563281682879136
23,12,0.0,0.5617624429223744,-0.5617624429223744
0,12,0.0,0.5431624429223744,-0.5431624429223744
1,12,0.0,0.6426124429223744,-0.6426124429223744
2,12,0.0,0.6770374429223743,-0.6770374429223743
3,12,0.0,0.6999874429223744,-0.6999874429223744
4,12,0.0,0.8876374429223743,-0.8876374429223743
5,12,0.0,0.7229374429223744,-0.7229374429223744
6,12,0.0,0.7420624429223743,-0.7420624429223743
7,12,0.0,0.7497124429223744,-0.7497124429223744
8,12,0.16385756668349705,2.001643824150714,-1.8377862574672168
9,12,2.0332994693240605,1.6979441392307388,0.33535533009332164
10,12,3.518454780063691,1.9198003638925916,1.5986544161710996
11,12,4.446773132252281,4.4765124286585944,-0.02973929640631301
12,12,4.903368637027478,3.618862293920944,1.2845063431065342
13,12,4.945646201584451,2.6406046837819623,2.305041517802489
14,12,4.584602876958016,0.27538744292237444,4.309215434035641
15,12,3.845474354883106,0.3712624429223744,3.4742119119607313
16,12,2.75741959169267,0.25626244292237443,2.5011571487702957
17,12,1.4995150348923032,0.46303744292237436,1.0364775919699287
18,12,0.0005598991385094529,1.3464124429223743,-1.3458525437838649
19,12,0.0,2.383566187706503,-2.383566187706503
20,12,0.0,2.662083871900254,-2.662083871900254
21,12,0.0,4.4459360287994825,-4.4459360287994825
22,12,0.0,3.7489374789854177,-3.7489374789854177
23,12,0.0,2.828682936970218,-2.828682936970218
0,12,0.0,0.49343744292237435,-0.49343744292237435
1,12,0.0,0.6925624429223745,-0.6925624429223745
2,12,0.0,0.5546374429223744,-0.5546374429223744
3,12,0.0,0.7537624429223744,-0.7537624429223744
4,12,0.0,0.7652374429223745,-0.7652374429223745
5,12,0.0,0.7614124429223744,-0.7614124429223744
6,12,0.0,0.5967124429223744,-0.5967124429223744
7,12,0.0,0.6043624429223744,-0.6043624429223744
8,12,0.029583665973055673,2.5866680327890235,-2.557084366815968
9,12,0.5496339554478983,1.3008124429223744,-0.7511784874744761
10,12,1.1301024497337169,0.5393124429223743,0.5907900068113425
11,12,2.442231922317065,2.6110807605681896,-0.16884883825112462
12,12,2.383127832466197,1.0262376543604055,1.3568901781057914
13,12,1.8754391607645953,0.33658744292237447,1.5388517178422207
14,12,2.710611887096565,0.2830374429223744,2.4275744441741907
15,12,1.5367488006824372,0.26773744292237445,1.2690113577600628
16,12,0.7714204606995613,0.26773744292237445,0.5036830177771868
17,12,0.17710101473524767,0.35188744292237445,-0.17478642818712678
18,12,0.01148111713088674,0.41258744292237437,-0.40110632579148764
19,12,0.0,4.451912176793159,-4.451912176793159
20,12,0.0,5.134746134609605,-5.134746134609605
21,12,0.0,0.6614374429223744,-0.6614374429223744
22,12,0.0,0.7494124429223743,-0.7494124429223743
23,12,0.0,0.8067874429223744,-0.8067874429223744
0,12,0.0,2.73391152599599,-2.73391152599599
1,12,0.0,2.47735651065094,-2.47735651065094
2,12,0.0,0.5814124429223744,-0.5814124429223744
3,12,0.0,0.6081874429223744,-0.6081874429223744
4,12,0.0,1.4453563291908709,-1.4453563291908709
5,12,0.0,3.0483138223668433,-3.0483138223668433
6,12,0.0,0.6999874429223744,-0.6999874429223744
7,12,0.0,0.7267624429223744,-0.7267624429223744
8,12,0.1591373480822585,3.3924246413815697,-3.2332872932993113
9,12,1.7036143945100781,0.6273124429223743,1.0763019515877037
10,12,2.3888277706634335,0.5813874429223744,1.8074403277410591
11,12,4.038293285475366,2.7273946599502077,1.3108986255251587
12,12,4.767086138935529,2.745680554289705,2.021405584645824
13,12,4.768864264525003,2.061509904156546,2.7073543603684564
14,12,4.325365621929695,3.567885737267179,0.7574798846625161
15,12,2.817207624617052,0.8065747913723931,2.0106328332446592
16,12,2.2853987488036718,0.4767624429223743,1.8086363058812975
17,12,0.9186599670356514,0.29226244292237447,0.626397524113277
18,12,0.02262756581176455,0.5176624429223744,-0.49503487711060984
19,12,0.0,2.8182179374914527,-2.8182179374914527
20,12,0.0,0.5084374429223744,-0.5084374429223744
21,12,0.0,1.4015089936714693,-1.4015089936714693
22,12,0.0,1.6460940585650137,-1.6460940585650137
23,12,0.0,1.7376293230850228,-1.7376293230850228
0,12,0.0,0.3939874429223744,-0.3939874429223744
1,12,0.0,0.4131124429223744,-0.4131124429223744
2,12,0.0,0.42841244292237435,-0.42841244292237435
3,12,0.0,0.4322374429223744,-0.4322374429223744
4,12,0.0,0.44371244292237433,-0.44371244292237433
5,12,0.0,0.6390124429223745,-0.6390124429223745
6,12,0.0,0.48196244292237445,-0.48196244292237445
7,12,0.0,3.8245342455853732,-3.8245342455853732
8,12,0.023393442582870544,5.261148395029335,-5.237754952446465
9,12,0.7894458054093376,6.037526169521312,-5.248080364111974
10,12,0.7071740313658991,3.4433478298421742,-2.7361737984762753
11,12,1.3655443883566554,2.2272279471451344,-0.861683558788479
12,12,1.115851024040589,0.2792374429223744,0.8366135811182146
13,12,4.3273539101258915,0.45426244292237433,3.8730914672035173
14,12,4.343925785099954,0.3282624429223745,4.01566334217758
15,12,3.5256478765440766,0.3552624429223744,3.170385433621702
16,12,2.3546615971657725,0.35076244292237446,2.003899154243398
17,12,1.2733999793991977,0.5082624429223744,0.7651375364768233
18,12,0.0005514354541821777,1.2721624429223743,-1.2716110074681921
19,12,0.0,1.9858530981747724,-1.9858530981747724
20,12,0.0,2.1612795424542126,-2.1612795424542126
21,12,0.0,0.3093124429223744,-0.3093124429223744
22,12,0.0,0.5352124429223744,-0.5352124429223744
23,12,0.0,0.38963744292237446,-0.38963744292237446
0,12,0.0,0.48601244292237444,-0.48601244292237444
1,12,0.0,0.3174874429223744,-0.3174874429223744
2,12,0.0,0.3978124429223744,-0.3978124429223744
3,12,0.0,0.6045874429223744,-0.6045874429223744
4,12,0.0,0.5010874429223744,-0.5010874429223744
5,12,0.0,2.1984237761281245,-2.1984237761281245
6,12,0.0,2.77694514921541,-2.77694514921541
7,12,0.0,4.051599156446569,-4.051599156446569
8,12,0.005845844121626232,5.385718698152986,-5.37987285403136
9,12,0.040893801381712815,4.911523921610186,-4.870630120228474
10,12,0.1631957009514596,2.635700405820715,-2.4725047048692557
11,12,0.2612841250614178,1.5523495362014523,-1.2910654111400346
12,12,0.22633678189330406,1.8547015446371362,-1.6283647627438322
13,12,0.39849150520344717,0.5010624429223745,-0.10257093771892728
14,12,0.25472252161391784,0.6772374429223744,-0.4225149213084566
15,12,0.8610268620771876,2.4605130356420157,-1.599486173564828
16,12,0.7081545078939705,0.5739874429223745,0.13416706497159603
17,12,0.3934878722192925,0.6542874429223743,-0.2607995707030818
18,12,0.011628058604412891,1.4688124429223743,-1.4571843843179615
19,12,0.0,2.6588991849052395,-2.6588991849052395
20,12,0.0,0.5349874429223744,-0.5349874429223744
21,12,0.0,2.612411665800368,-2.612411665800368
22,12,0.0,2.7175908740868815,-2.7175908740868815
23,12,0.0,3.107985835121492,-3.107985835121492
0,12,0.0,2.5539491503462313,-2.5539491503462313
1,12,0.0,2.882167570954058,-2.882167570954058
2,12,0.0,2.2791167225429443,-2.2791167225429443
3,12,0.0,2.178804979686243,-2.178804979686243
4,12,0.0,2.190381827688753,-2.190381827688753
5,12,0.0,2.831231187421948,-2.831231187421948
6,12,0.0,4.207519465352659,-4.207519465352659
7,12,0.0,4.2786317437638095,-4.2786317437638095
8,12,0.04108081780256427,4.6356618087294965,-4.594580990926932
9,12,0.6379797985207122,2.837849500821635,-2.199869702300923
10,12,1.7612748056514194,3.8088621157033113,-2.0475873100518918
11,12,2.0209888159139187,2.223284527866668,-0.20229571195274954
12,12,1.9639223964236874,1.8674853388433323,0.09643705758035503
13,12,2.712919059101259,1.3428047698766268,1.370114289224632
14,12,2.3778934908361236,3.4710487052206123,-1.0931552143844887
15,12,1.6058149347485025,1.875797994109191,-0.26998305936068845
16,12,1.1343408803356942,0.3786624429223744,0.7556784374133199
17,12,0.3029535444491517,0.4054374429223744,-0.1024838984732227
18,12,0.023126276267368455,0.4852624429223744,-0.46213616665500595
19,12,0.0,0.49291244292237446,-0.49291244292237446
20,12,0.0,0.5005624429223744,-0.5005624429223744
21,12,0.0,0.5426374429223745,-0.5426374429223745
22,12,0.0,0.7341124429223743,-0.7341124429223743
23,12,0.0,0.7494124429223743,-0.7494124429223743
0,12,0.0,0.6581374429223744,-0.6581374429223744
1,12,0.0,1.0125729503073448,-1.0125729503073448
2,12,0.0,0.4972624429223744,-0.4972624429223744
3,12,0.0,0.9241702277052198,-0.9241702277052198
4,12,0.0,1.1134212372173748,-1.1134212372173748
5,12,0.0,0.9838203603725331,-0.9838203603725331
6,12,0.0,0.5163874429223744,-0.5163874429223744
7,12,0.0,1.8251137659124024,-1.8251137659124024
8,12,0.035296151935372985,3.704050369569121,-3.668754217633748
9,12,1.4098565747780492,4.056493979974023,-2.6466374051959742
10,12,3.1479393387247985,1.644783357145289,1.5031559815795095
11,12,4.190746819380745,1.555233333097862,2.6355134862828833
12,12,4.699505596113351,0.9387998312880933,3.7607057648252575
13,12,4.709246312323819,3.5660593149282054,1.1431869973956132
14,12,3.9089818783230403,3.6640121089092705,0.2449697694137698
15,12,3.4170763835220512,3.6839211631414073,-0.26684477961935604
16,12,2.4611358004425923,2.083786164576506,0.37734963586608616
17,12,1.2987295897743598,1.7228255814196998,-0.42409599164533995
18,12,0.0006794297050725964,1.7127767511614989,-1.7120973214564263
19,12,0.0,3.883052816933115,-3.883052816933115
20,12,0.0,3.0700337253761103,-3.0700337253761103
21,12,0.0,4.1502210135465285,-4.1502210135465285
22,12,0.0,3.3930175207851185,-3.3930175207851185
23,12,0.0,3.5649219141414563,-3.5649219141414563
0,12,0.0,0.6120124429223743,-0.6120124429223743
1,12,0.0,0.6120124429223743,-0.6120124429223743
2,12,0.0,0.5928874429223744,-0.5928874429223744
3,12,0.0,0.6043624429223744,-0.6043624429223744
4,12,0.0,0.6196624429223744,-0.6196624429223744
5,12,0.0,2.436613738462069,-2.436613738462069
6,12,0.0,0.6196624429223744,-0.6196624429223744
7,12,0.0,2.649498143235472,-2.649498143235472
8,12,0.02372294770532313,5.077888926289872,-5.054165978584549
9,12,0.34650553619558694,4.244919631165945,-3.8984140949703576
10,12,0.8367404750402636,2.2118089249417556,-1.375068449901492
11,12,1.2340636100697946,0.5699124429223743,0.6641511671474203
12,12,1.9247184764722565,0.5240124429223745,1.400706033549882
13,12,2.148548872568451,1.9124501782382803,0.23609869433017083
14,12,2.1332613987588944,0.6428124429223744,1.49044895583652
15,12,1.388110819844313,0.4551624429223744,0.9329483769219387
16,12,0.9051552698653462,0.3978124429223744,0.5073428269429718
17,12,0.5084434364331699,0.5240124429223745,-0.015569006489204562
18,12,0.029305367727740995,0.6229624429223743,-0.5936570751946334
19,12,0.0,0.6382624429223744,-0.6382624429223744
20,12,0.0,0.6535624429223743,-0.6535624429223743
21,12,0.0,0.6918124429223744,-0.6918124429223744
22,12,0.0,0.9024124429223743,-0.9024124429223743
23,12,0.0,0.7644874429223745,-0.7644874429223745
0,12,0.0,0.8838124429223745,-0.8838124429223745
1,12,0.0,0.6885124429223743,-0.6885124429223743
2,12,0.0,0.6999874429223744,-0.6999874429223744
3,12,0.0,2.9234917166419856,-2.9234917166419856
4,12,0.0,2.9879810973070247,-2.9879810973070247
5,12,0.0,0.8761624429223743,-0.8761624429223743
6,12,0.0,0.8761624429223743,-0.8761624429223743
7,12,0.0,3.4165952446726298,-3.4165952446726298
8,12,0.07228303059226956,0.7076374429223743,-0.6353544123301047
9,12,0.7724026222748568,0.7305624429223744,0.04184017935248241
10,12,1.8614241485499896,0.7843624429223743,1.0770617056276153
11,12,2.9556553473226215,0.6081624429223744,2.347492904400247
12,12,4.040070119170468,0.5622624429223744,3.477807676248094
13,12,4.259771571985113,3.232512368491109,1.0272592034940042
14,12,2.67759270877799,0.43988744292237436,2.2377052658556154
15,12,1.8277613701093072,0.7116624429223743,1.1160989271869328
16,12,0.5301134832766418,0.5890374429223744,-0.058923959645732604
17,12,0.10518799669954311,0.5622624429223744,-0.4570744462228313
18,12,0.011752736218313865,0.6459124429223744,-0.6341597067040605
19,12,0.0,2.52987071259212,-2.52987071259212
20,12,0.0,2.2729812577685617,-2.2729812577685617
21,12,0.0,2.0278519904617864,-2.0278519904617864
22,12,0.0,1.8916336386780124,-1.8916336386780124
23,12,0.0,2.0536833467664577,-2.0536833467664577
0,12,0.0,0.6426124429223744,-0.6426124429223744
1,12,0.0,0.6923374429223743,-0.6923374429223743
2,12,0.0,0.6579124429223744,-0.6579124429223744
3,12,0.0,0.6732124429223744,-0.6732124429223744
4,12,0.0,0.8532124429223744,-0.8532124429223744
5,12,0.0,0.8302624429223744,-0.8302624429223744
6,12,0.0,0.7152874429223743,-0.7152874429223743
7,12,0.0,2.1178505904055935,-2.1178505904055935
8,12,0.07827589335221247,3.1235465583839854,-3.045270665031773
9,12,0.4379169691553016,0.8111374429223744,-0.37322047376707285
10,12,1.528772733303169,1.150193077524111,0.37857965577905817
11,12,4.358272451527771,1.0902714772753404,3.2680009742524305
12,12,4.808437949307245,1.2347169157924245,3.57372103351482
13,12,4.9232614855624535,0.9047544749081737,4.01850701065428
14,12,3.25686193793396,2.061361403171421,1.1955005347625391
15,12,1.9783755383355526,2.012467225560803,-0.034091687225250356
16,12,1.5878296620088521,0.4704624429223744,1.1173672190864776
17,12,0.28371655492285675,0.6810624429223744,-0.39734588799951764
18,12,0.017513622395548784,0.5808874429223745,-0.5633738205268257
19,12,0.0,0.6000124429223744,-0.6000124429223744
20,12,0.0,2.815748910850577,-2.815748910850577
21,12,0.0,2.847646019690492,-2.847646019690492
22,12,0.0,0.8450374429223744,-0.8450374429223744
23,12,0.0,0.8947624429223744,-0.8947624429223744
0,12,0.0,0.6387874429223743,-0.6387874429223743
1,12,0.0,0.6464374429223744,-0.6464374429223744
2,12,0.0,0.8340874429223744,-0.8340874429223744
3,12,0.0,0.6732124429223744,-0.6732124429223744
4,12,0.0,0.6961624429223743,-0.6961624429223743
5,12,0.0,0.7114624429223743,-0.7114624429223743
6,12,0.0,2.639368405571681,-2.639368405571681
7,12,0.0,3.971977392595246,-3.971977392595246
8,12,0.03584384288215227,3.0347029521275948,-2.9988591092454424
9,12,0.6279442186102103,3.014606433651773,-2.3866622150415626
10,12,1.4806312230559573,2.4861181243613117,-1.0054869013053545
11,12,2.5154662103643997,2.6784482270117103,-0.1629820166473106
12,12,2.644936000856226,2.317992279211359,0.32694372164486696
13,12,3.582583146104977,0.40928744292237434,3.173295703182603
14,12,3.955834998964931,0.6198624429223744,3.335972556042557
15,12,3.1072408168983277,0.6083874429223743,2.4988533739759533
16,12,1.8708709944950095,0.6122124429223743,1.2586585515726352
17,12,1.0367413574427042,0.6236874429223744,0.4130539145203298
18,12,0.0007950968687120065,0.7379374429223744,-0.7371423460536624
19,12,0.0,0.6191374429223744,-0.6191374429223744
20,12,0.0,1.9192300149158064,-1.9192300149158064
21,12,0.0,0.6803374429223745,-0.6803374429223745
22,12,0.0,2.643612096090329,-2.643612096090329
23,12,0.0,0.9024124429223743,-0.9024124429223743
0,12,0.0,0.8149624429223744,-0.8149624429223744
1,12,0.0,0.6158374429223743,-0.6158374429223743
2,12,0.0,0.6005374429223743,-0.6005374429223743
3,12,0.0,0.7652374429223745,-0.7652374429223745
4,12,0.0,0.5661124429223744,-0.5661124429223744
5,12,0.0,0.7308124429223744,-0.7308124429223744
6,12,0.0,2.017986857854129,-2.017986857854129
7,12,0.0,0.7155124429223744,-0.7155124429223744
8,12,0.023518120196771523,2.2847366100134483,-2.261218489816677
9,12,0.5556015411786909,2.5623843061753364,-2.0067827649966454
10,12,0.3488666243271429,0.7384374429223743,-0.38957081859523146
11,12,1.0263314716068193,0.9574723415106895,0.06885913009612976
12,12,0.8043511432351155,2.309433652287763,-1.5050825090526478
13,12,0.4831611552853635,5.007123812265509,-4.523962656980146
14,12,0.3817344043635041,3.8451840719758,-3.463449667612296
15,12,1.0043950686894194,0.42841244292237435,0.5759826257670451
16,12,0.27818266073136133,0.6925374429223743,-0.41435478219101296
